SET DEFINE OFF;
INSERT INTO APP_TABLE	 VALUES( 32770, 'Joint_Operations:_Combined_Arms_Gold', 'The most ferocious online conflict of the 21st century is now available in its most definitive form: introducing Joint Operations: Combined Arms Gold, the largest multiplayer FPS collection ever. With the award-winning Joint Operations: Typhoon Rising and the bestselling Joint Operations: Escalation together in one convenient package,...', SYSDATE ,21000, '' );
	INSERT INTO MAP_APP_CATEGORY VALUES( 32770, 3 );
	INSERT INTO MAP_APP_CATEGORY VALUES( 32770, 1 );
	INSERT INTO MAP_APP_CATEGORY VALUES( 32770, 16 );

	INSERT INTO MAP_APP_DEVELOPER VALUES( 32770, 281 );

	INSERT INTO MAP_APP_GENRE VALUES( 32770, 1 );

	INSERT INTO MAP_APP_LANG VALUES ( 32770, 2,  'Y', 'N', 'N' );

	INSERT INTO MAP_APP_PUBLISHER VALUES( 32770, 281 );
	INSERT INTO MAP_APP_PUBLISHER VALUES( 32770, 72 );

	INSERT INTO MAP_APP_TAG VALUES( 32770, 19 );
	INSERT INTO MAP_APP_TAG VALUES( 32770, 3859 );
	INSERT INTO MAP_APP_TAG VALUES( 32770, 1774 );
	INSERT INTO MAP_APP_TAG VALUES( 32770, 1663 );

INSERT INTO APP_TABLE	 VALUES( 10, 'Counter-Strike', 'Play the world''s number 1 online action game. Engage in an incredibly realistic brand of terrorist warfare in this wildly popular team-based game. Ally with teammates to complete strategic missions. Take out enemy sites. Rescue hostages. Your role affects your team''s success. Your team''s success affects your role.', SYSDATE ,10500, '' );
	INSERT INTO MAP_APP_CATEGORY VALUES( 10, 1 );
	INSERT INTO MAP_APP_CATEGORY VALUES( 10, 2 );

	INSERT INTO MAP_APP_DEVELOPER VALUES( 10, 1 );

	INSERT INTO MAP_APP_GENRE VALUES( 10, 1 );

	INSERT INTO MAP_APP_LANG VALUES ( 10, 1,  'Y', 'N', 'N' );
	INSERT INTO MAP_APP_LANG VALUES ( 10, 2,  'Y', 'N', 'N' );
	INSERT INTO MAP_APP_LANG VALUES ( 10, 3,  'Y', 'N', 'N' );
	INSERT INTO MAP_APP_LANG VALUES ( 10, 4,  'Y', 'N', 'N' );
	INSERT INTO MAP_APP_LANG VALUES ( 10, 5,  'Y', 'N', 'N' );
	INSERT INTO MAP_APP_LANG VALUES ( 10, 6,  'Y', 'N', 'N' );
	INSERT INTO MAP_APP_LANG VALUES ( 10, 7,  'Y', 'N', 'N' );
	INSERT INTO MAP_APP_LANG VALUES ( 10, 8,  'Y', 'N', 'N' );

	INSERT INTO MAP_APP_PUBLISHER VALUES( 10, 1 );

	INSERT INTO MAP_APP_TAG VALUES( 10, 19 );
	INSERT INTO MAP_APP_TAG VALUES( 10, 1663 );
	INSERT INTO MAP_APP_TAG VALUES( 10, 3859 );
	INSERT INTO MAP_APP_TAG VALUES( 10, 1774 );
	INSERT INTO MAP_APP_TAG VALUES( 10, 1693 );
	INSERT INTO MAP_APP_TAG VALUES( 10, 5711 );
	INSERT INTO MAP_APP_TAG VALUES( 10, 3878 );
	INSERT INTO MAP_APP_TAG VALUES( 10, 3839 );
	INSERT INTO MAP_APP_TAG VALUES( 10, 1708 );
	INSERT INTO MAP_APP_TAG VALUES( 10, 6691 );
	INSERT INTO MAP_APP_TAG VALUES( 10, 5055 );
	INSERT INTO MAP_APP_TAG VALUES( 10, 1775 );
	INSERT INTO MAP_APP_TAG VALUES( 10, 4168 );
	INSERT INTO MAP_APP_TAG VALUES( 10, 9 );
	INSERT INTO MAP_APP_TAG VALUES( 10, 5154 );
	INSERT INTO MAP_APP_TAG VALUES( 10, 1662 );
	INSERT INTO MAP_APP_TAG VALUES( 10, 4376 );
	INSERT INTO MAP_APP_TAG VALUES( 10, 7743 );
	INSERT INTO MAP_APP_TAG VALUES( 10, 1688 );
	INSERT INTO MAP_APP_TAG VALUES( 10, 1645 );

INSERT INTO APP_TABLE	 VALUES( 20, 'Team_Fortress_Classic', 'One of the most popular online action games of all time, Team Fortress Classic features over nine character classes -- from Medic to Spy to Demolition Man -- enlisted in a unique style of online team warfare. Each character class possesses unique weapons, items, and abilities, as teams compete online in a variety of game play modes.', SYSDATE ,5500, '' );
	INSERT INTO MAP_APP_CATEGORY VALUES( 20, 1 );
	INSERT INTO MAP_APP_CATEGORY VALUES( 20, 2 );

	INSERT INTO MAP_APP_DEVELOPER VALUES( 20, 1 );

	INSERT INTO MAP_APP_GENRE VALUES( 20, 1 );

	INSERT INTO MAP_APP_LANG VALUES ( 20, 2,  'Y', 'N', 'N' );
	INSERT INTO MAP_APP_LANG VALUES ( 20, 3,  'Y', 'N', 'N' );
	INSERT INTO MAP_APP_LANG VALUES ( 20, 4,  'Y', 'N', 'N' );
	INSERT INTO MAP_APP_LANG VALUES ( 20, 6,  'Y', 'N', 'N' );
	INSERT INTO MAP_APP_LANG VALUES ( 20, 7,  'Y', 'N', 'N' );

	INSERT INTO MAP_APP_PUBLISHER VALUES( 20, 1 );

	INSERT INTO MAP_APP_TAG VALUES( 20, 19 );
	INSERT INTO MAP_APP_TAG VALUES( 20, 1663 );
	INSERT INTO MAP_APP_TAG VALUES( 20, 3859 );
	INSERT INTO MAP_APP_TAG VALUES( 20, 1693 );
	INSERT INTO MAP_APP_TAG VALUES( 20, 1774 );
	INSERT INTO MAP_APP_TAG VALUES( 20, 4155 );
	INSERT INTO MAP_APP_TAG VALUES( 20, 5711 );
	INSERT INTO MAP_APP_TAG VALUES( 20, 3839 );
	INSERT INTO MAP_APP_TAG VALUES( 20, 6691 );
	INSERT INTO MAP_APP_TAG VALUES( 20, 1685 );
	INSERT INTO MAP_APP_TAG VALUES( 20, 3878 );
	INSERT INTO MAP_APP_TAG VALUES( 20, 1734 );
	INSERT INTO MAP_APP_TAG VALUES( 20, 3843 );
	INSERT INTO MAP_APP_TAG VALUES( 20, 4004 );
	INSERT INTO MAP_APP_TAG VALUES( 20, 5708 );
	INSERT INTO MAP_APP_TAG VALUES( 20, 5348 );
	INSERT INTO MAP_APP_TAG VALUES( 20, 4136 );
	INSERT INTO MAP_APP_TAG VALUES( 20, 21 );
	INSERT INTO MAP_APP_TAG VALUES( 20, 1742 );
	INSERT INTO MAP_APP_TAG VALUES( 20, 597 );

INSERT INTO APP_TABLE	 VALUES( 30, 'Day_of_Defeat', 'Enlist in an intense brand of Axis vs. Allied teamplay set in the WWII European Theatre of Operations. Players assume the role of light/assault/heavy infantry, sniper or machine-gunner class, each with a unique arsenal of historical weaponry at their disposal. Missions are based on key historical operations.', SYSDATE ,5500, '' );
	INSERT INTO MAP_APP_CATEGORY VALUES( 30, 1 );
	INSERT INTO MAP_APP_CATEGORY VALUES( 30, 2 );

	INSERT INTO MAP_APP_DEVELOPER VALUES( 30, 1 );

	INSERT INTO MAP_APP_GENRE VALUES( 30, 1 );

	INSERT INTO MAP_APP_LANG VALUES ( 30, 2,  'Y', 'N', 'N' );
	INSERT INTO MAP_APP_LANG VALUES ( 30, 3,  'Y', 'N', 'N' );
	INSERT INTO MAP_APP_LANG VALUES ( 30, 4,  'Y', 'N', 'N' );
	INSERT INTO MAP_APP_LANG VALUES ( 30, 6,  'Y', 'N', 'N' );
	INSERT INTO MAP_APP_LANG VALUES ( 30, 7,  'Y', 'N', 'N' );

	INSERT INTO MAP_APP_PUBLISHER VALUES( 30, 1 );

	INSERT INTO MAP_APP_TAG VALUES( 30, 1663 );
	INSERT INTO MAP_APP_TAG VALUES( 30, 4150 );
	INSERT INTO MAP_APP_TAG VALUES( 30, 3859 );
	INSERT INTO MAP_APP_TAG VALUES( 30, 19 );
	INSERT INTO MAP_APP_TAG VALUES( 30, 1774 );
	INSERT INTO MAP_APP_TAG VALUES( 30, 1678 );
	INSERT INTO MAP_APP_TAG VALUES( 30, 5711 );
	INSERT INTO MAP_APP_TAG VALUES( 30, 1693 );
	INSERT INTO MAP_APP_TAG VALUES( 30, 4155 );
	INSERT INTO MAP_APP_TAG VALUES( 30, 3839 );
	INSERT INTO MAP_APP_TAG VALUES( 30, 3987 );
	INSERT INTO MAP_APP_TAG VALUES( 30, 4168 );
	INSERT INTO MAP_APP_TAG VALUES( 30, 1685 );

INSERT INTO APP_TABLE	 VALUES( 32800, 'Lord_of_the_Rings:_War_in_the_North', 'Work together or die alone in this epic quest to turn the tides in the War of the Ring.', SYSDATE ,-1, '' );
	INSERT INTO MAP_APP_CATEGORY VALUES( 32800, 3 );
	INSERT INTO MAP_APP_CATEGORY VALUES( 32800, 1 );
	INSERT INTO MAP_APP_CATEGORY VALUES( 32800, 16 );
	INSERT INTO MAP_APP_CATEGORY VALUES( 32800, 4 );
	INSERT INTO MAP_APP_CATEGORY VALUES( 32800, 8 );

	INSERT INTO MAP_APP_DEVELOPER VALUES( 32800, 282 );

	INSERT INTO MAP_APP_GENRE VALUES( 32800, 1 );
	INSERT INTO MAP_APP_GENRE VALUES( 32800, 6 );

	INSERT INTO MAP_APP_LANG VALUES ( 32800, 2,  'Y', 'Y', 'N' );
	INSERT INTO MAP_APP_LANG VALUES ( 32800, 20,  'Y', 'N', 'N' );
	INSERT INTO MAP_APP_LANG VALUES ( 32800, 3,  'Y', 'Y', 'N' );
	INSERT INTO MAP_APP_LANG VALUES ( 32800, 4,  'Y', 'Y', 'N' );
	INSERT INTO MAP_APP_LANG VALUES ( 32800, 9,  'Y', 'N', 'N' );
	INSERT INTO MAP_APP_LANG VALUES ( 32800, 10,  'Y', 'N', 'N' );
	INSERT INTO MAP_APP_LANG VALUES ( 32800, 6,  'Y', 'Y', 'N' );
	INSERT INTO MAP_APP_LANG VALUES ( 32800, 7,  'Y', 'Y', 'N' );


	INSERT INTO MAP_APP_TAG VALUES( 32800, 122 );
	INSERT INTO MAP_APP_TAG VALUES( 32800, 19 );
	INSERT INTO MAP_APP_TAG VALUES( 32800, 1685 );
	INSERT INTO MAP_APP_TAG VALUES( 32800, 1684 );
	INSERT INTO MAP_APP_TAG VALUES( 32800, 1646 );
	INSERT INTO MAP_APP_TAG VALUES( 32800, 3843 );
	INSERT INTO MAP_APP_TAG VALUES( 32800, 1697 );
	INSERT INTO MAP_APP_TAG VALUES( 32800, 4231 );
	INSERT INTO MAP_APP_TAG VALUES( 32800, 21 );
	INSERT INTO MAP_APP_TAG VALUES( 32800, 4182 );
	INSERT INTO MAP_APP_TAG VALUES( 32800, 3859 );
	INSERT INTO MAP_APP_TAG VALUES( 32800, 7481 );
	INSERT INTO MAP_APP_TAG VALUES( 32800, 4345 );
	INSERT INTO MAP_APP_TAG VALUES( 32800, 1695 );
	INSERT INTO MAP_APP_TAG VALUES( 32800, 4166 );
	INSERT INTO MAP_APP_TAG VALUES( 32800, 4172 );
	INSERT INTO MAP_APP_TAG VALUES( 32800, 29363 );
	INSERT INTO MAP_APP_TAG VALUES( 32800, 7208 );
	INSERT INTO MAP_APP_TAG VALUES( 32800, 7250 );
	INSERT INTO MAP_APP_TAG VALUES( 32800, 9 );

INSERT INTO APP_TABLE	 VALUES( 40, 'Deathmatch_Classic', 'Enjoy fast-paced multiplayer gaming with Deathmatch Classic (a.k.a. DMC). Valve''s tribute to the work of id software, DMC invites players to grab their rocket launchers and put their reflexes to the test in a collection of futuristic settings.', SYSDATE ,5500, '' );
	INSERT INTO MAP_APP_CATEGORY VALUES( 40, 1 );
	INSERT INTO MAP_APP_CATEGORY VALUES( 40, 2 );

	INSERT INTO MAP_APP_DEVELOPER VALUES( 40, 1 );

	INSERT INTO MAP_APP_GENRE VALUES( 40, 1 );

	INSERT INTO MAP_APP_LANG VALUES ( 40, 2,  'Y', 'N', 'N' );
	INSERT INTO MAP_APP_LANG VALUES ( 40, 3,  'Y', 'N', 'N' );
	INSERT INTO MAP_APP_LANG VALUES ( 40, 4,  'Y', 'N', 'N' );
	INSERT INTO MAP_APP_LANG VALUES ( 40, 6,  'Y', 'N', 'N' );
	INSERT INTO MAP_APP_LANG VALUES ( 40, 7,  'Y', 'N', 'N' );

	INSERT INTO MAP_APP_PUBLISHER VALUES( 40, 1 );

	INSERT INTO MAP_APP_TAG VALUES( 40, 19 );
	INSERT INTO MAP_APP_TAG VALUES( 40, 1663 );
	INSERT INTO MAP_APP_TAG VALUES( 40, 3859 );
	INSERT INTO MAP_APP_TAG VALUES( 40, 1693 );
	INSERT INTO MAP_APP_TAG VALUES( 40, 1774 );
	INSERT INTO MAP_APP_TAG VALUES( 40, 3839 );
	INSERT INTO MAP_APP_TAG VALUES( 40, 5547 );
	INSERT INTO MAP_APP_TAG VALUES( 40, 3942 );

INSERT INTO APP_TABLE	 VALUES( 50, 'Half-Life:_Opposing_Force', 'Return to the Black Mesa Research Facility as one of the military specialists assigned to eliminate Gordon Freeman. Experience an entirely new episode of single player action. Meet fierce alien opponents, and experiment with new weaponry. Named ''Game of the Year'' by the Academy of Interactive Arts and Sciences.', SYSDATE ,5500, '' );
	INSERT INTO MAP_APP_CATEGORY VALUES( 50, 3 );
	INSERT INTO MAP_APP_CATEGORY VALUES( 50, 1 );
	INSERT INTO MAP_APP_CATEGORY VALUES( 50, 2 );

	INSERT INTO MAP_APP_DEVELOPER VALUES( 50, 2 );

	INSERT INTO MAP_APP_GENRE VALUES( 50, 1 );

	INSERT INTO MAP_APP_LANG VALUES ( 50, 2,  'Y', 'N', 'N' );
	INSERT INTO MAP_APP_LANG VALUES ( 50, 4,  'Y', 'N', 'N' );
	INSERT INTO MAP_APP_LANG VALUES ( 50, 5,  'Y', 'N', 'N' );
	INSERT INTO MAP_APP_LANG VALUES ( 50, 6,  'Y', 'N', 'N' );

	INSERT INTO MAP_APP_PUBLISHER VALUES( 50, 1 );

	INSERT INTO MAP_APP_TAG VALUES( 50, 1663 );
	INSERT INTO MAP_APP_TAG VALUES( 50, 19 );
	INSERT INTO MAP_APP_TAG VALUES( 50, 3942 );
	INSERT INTO MAP_APP_TAG VALUES( 50, 4182 );
	INSERT INTO MAP_APP_TAG VALUES( 50, 1693 );
	INSERT INTO MAP_APP_TAG VALUES( 50, 1774 );
	INSERT INTO MAP_APP_TAG VALUES( 50, 3839 );
	INSERT INTO MAP_APP_TAG VALUES( 50, 1673 );
	INSERT INTO MAP_APP_TAG VALUES( 50, 21 );
	INSERT INTO MAP_APP_TAG VALUES( 50, 6691 );
	INSERT INTO MAP_APP_TAG VALUES( 50, 4166 );
	INSERT INTO MAP_APP_TAG VALUES( 50, 4168 );
	INSERT INTO MAP_APP_TAG VALUES( 50, 1742 );
	INSERT INTO MAP_APP_TAG VALUES( 50, 1685 );
	INSERT INTO MAP_APP_TAG VALUES( 50, 15954 );
	INSERT INTO MAP_APP_TAG VALUES( 50, 1756 );
	INSERT INTO MAP_APP_TAG VALUES( 50, 1664 );
	INSERT INTO MAP_APP_TAG VALUES( 50, 113 );

INSERT INTO APP_TABLE	 VALUES( 60, 'Ricochet', 'A futuristic action game that challenges your agility as well as your aim, Ricochet features one-on-one and team matches played in a variety of futuristic battle arenas.', SYSDATE ,5500, '' );
	INSERT INTO MAP_APP_CATEGORY VALUES( 60, 1 );
	INSERT INTO MAP_APP_CATEGORY VALUES( 60, 2 );

	INSERT INTO MAP_APP_DEVELOPER VALUES( 60, 1 );

	INSERT INTO MAP_APP_GENRE VALUES( 60, 1 );

	INSERT INTO MAP_APP_LANG VALUES ( 60, 2,  'Y', 'N', 'N' );
	INSERT INTO MAP_APP_LANG VALUES ( 60, 3,  'Y', 'N', 'N' );
	INSERT INTO MAP_APP_LANG VALUES ( 60, 4,  'Y', 'N', 'N' );
	INSERT INTO MAP_APP_LANG VALUES ( 60, 6,  'Y', 'N', 'N' );
	INSERT INTO MAP_APP_LANG VALUES ( 60, 7,  'Y', 'N', 'N' );

	INSERT INTO MAP_APP_PUBLISHER VALUES( 60, 1 );

	INSERT INTO MAP_APP_TAG VALUES( 60, 19 );
	INSERT INTO MAP_APP_TAG VALUES( 60, 1663 );
	INSERT INTO MAP_APP_TAG VALUES( 60, 3859 );
	INSERT INTO MAP_APP_TAG VALUES( 60, 3839 );
	INSERT INTO MAP_APP_TAG VALUES( 60, 4115 );
	INSERT INTO MAP_APP_TAG VALUES( 60, 1693 );
	INSERT INTO MAP_APP_TAG VALUES( 60, 1755 );
	INSERT INTO MAP_APP_TAG VALUES( 60, 3942 );
	INSERT INTO MAP_APP_TAG VALUES( 60, 5372 );
	INSERT INTO MAP_APP_TAG VALUES( 60, 1774 );
	INSERT INTO MAP_APP_TAG VALUES( 60, 10397 );
	INSERT INTO MAP_APP_TAG VALUES( 60, 1625 );
	INSERT INTO MAP_APP_TAG VALUES( 60, 1721 );

INSERT INTO APP_TABLE	 VALUES( 70, 'Half-Life', 'Named Game of the Year by over 50 publications, Valve''s debut title blends action and adventure with award-winning technology to create a frighteningly realistic world where players must think to survive. Also includes an exciting multiplayer mode that allows you to play against friends and enemies around the world.', SYSDATE ,10500, '' );
	INSERT INTO MAP_APP_CATEGORY VALUES( 70, 3 );
	INSERT INTO MAP_APP_CATEGORY VALUES( 70, 1 );
	INSERT INTO MAP_APP_CATEGORY VALUES( 70, 2 );

	INSERT INTO MAP_APP_DEVELOPER VALUES( 70, 1 );

	INSERT INTO MAP_APP_GENRE VALUES( 70, 1 );

	INSERT INTO MAP_APP_LANG VALUES ( 70, 1,  'Y', 'N', 'N' );
	INSERT INTO MAP_APP_LANG VALUES ( 70, 2,  'Y', 'N', 'N' );
	INSERT INTO MAP_APP_LANG VALUES ( 70, 3,  'Y', 'N', 'N' );
	INSERT INTO MAP_APP_LANG VALUES ( 70, 4,  'Y', 'N', 'N' );
	INSERT INTO MAP_APP_LANG VALUES ( 70, 5,  'Y', 'N', 'N' );
	INSERT INTO MAP_APP_LANG VALUES ( 70, 6,  'Y', 'N', 'N' );
	INSERT INTO MAP_APP_LANG VALUES ( 70, 7,  'Y', 'N', 'N' );
	INSERT INTO MAP_APP_LANG VALUES ( 70, 8,  'Y', 'N', 'N' );

	INSERT INTO MAP_APP_PUBLISHER VALUES( 70, 1 );

	INSERT INTO MAP_APP_TAG VALUES( 70, 1663 );
	INSERT INTO MAP_APP_TAG VALUES( 70, 1693 );
	INSERT INTO MAP_APP_TAG VALUES( 70, 19 );
	INSERT INTO MAP_APP_TAG VALUES( 70, 3942 );
	INSERT INTO MAP_APP_TAG VALUES( 70, 4182 );
	INSERT INTO MAP_APP_TAG VALUES( 70, 1774 );
	INSERT INTO MAP_APP_TAG VALUES( 70, 1673 );
	INSERT INTO MAP_APP_TAG VALUES( 70, 3839 );
	INSERT INTO MAP_APP_TAG VALUES( 70, 3859 );
	INSERT INTO MAP_APP_TAG VALUES( 70, 6691 );
	INSERT INTO MAP_APP_TAG VALUES( 70, 1742 );
	INSERT INTO MAP_APP_TAG VALUES( 70, 21 );
	INSERT INTO MAP_APP_TAG VALUES( 70, 4166 );
	INSERT INTO MAP_APP_TAG VALUES( 70, 15954 );
	INSERT INTO MAP_APP_TAG VALUES( 70, 1756 );
	INSERT INTO MAP_APP_TAG VALUES( 70, 1669 );
	INSERT INTO MAP_APP_TAG VALUES( 70, 7250 );
	INSERT INTO MAP_APP_TAG VALUES( 70, 4004 );
	INSERT INTO MAP_APP_TAG VALUES( 70, 4026 );
	INSERT INTO MAP_APP_TAG VALUES( 70, 4136 );

INSERT INTO APP_TABLE	 VALUES( 80, 'Counter-Strike:_Condition_Zero', 'With its extensive Tour of Duty campaign, a near-limitless number of skirmish modes, updates and new content for Counter-Strike''s award-winning multiplayer game play, plus over 12 bonus single player missions, Counter-Strike: Condition Zero is a tremendous offering of single and multiplayer content.', SYSDATE ,10500, '' );
	INSERT INTO MAP_APP_CATEGORY VALUES( 80, 3 );
	INSERT INTO MAP_APP_CATEGORY VALUES( 80, 1 );
	INSERT INTO MAP_APP_CATEGORY VALUES( 80, 2 );

	INSERT INTO MAP_APP_DEVELOPER VALUES( 80, 1 );

	INSERT INTO MAP_APP_GENRE VALUES( 80, 1 );

	INSERT INTO MAP_APP_LANG VALUES ( 80, 1,  'Y', 'N', 'N' );
	INSERT INTO MAP_APP_LANG VALUES ( 80, 2,  'Y', 'N', 'N' );
	INSERT INTO MAP_APP_LANG VALUES ( 80, 3,  'Y', 'N', 'N' );
	INSERT INTO MAP_APP_LANG VALUES ( 80, 4,  'Y', 'N', 'N' );
	INSERT INTO MAP_APP_LANG VALUES ( 80, 5,  'Y', 'N', 'N' );
	INSERT INTO MAP_APP_LANG VALUES ( 80, 6,  'Y', 'N', 'N' );
	INSERT INTO MAP_APP_LANG VALUES ( 80, 7,  'Y', 'N', 'N' );
	INSERT INTO MAP_APP_LANG VALUES ( 80, 8,  'Y', 'N', 'N' );

	INSERT INTO MAP_APP_PUBLISHER VALUES( 80, 1 );

	INSERT INTO MAP_APP_TAG VALUES( 80, 19 );
	INSERT INTO MAP_APP_TAG VALUES( 80, 1663 );
	INSERT INTO MAP_APP_TAG VALUES( 80, 1774 );
	INSERT INTO MAP_APP_TAG VALUES( 80, 3859 );
	INSERT INTO MAP_APP_TAG VALUES( 80, 4182 );
	INSERT INTO MAP_APP_TAG VALUES( 80, 1708 );
	INSERT INTO MAP_APP_TAG VALUES( 80, 3878 );
	INSERT INTO MAP_APP_TAG VALUES( 80, 3839 );
	INSERT INTO MAP_APP_TAG VALUES( 80, 5711 );
	INSERT INTO MAP_APP_TAG VALUES( 80, 1693 );
	INSERT INTO MAP_APP_TAG VALUES( 80, 9 );
	INSERT INTO MAP_APP_TAG VALUES( 80, 4168 );
	INSERT INTO MAP_APP_TAG VALUES( 80, 3843 );
	INSERT INTO MAP_APP_TAG VALUES( 80, 21 );
	INSERT INTO MAP_APP_TAG VALUES( 80, 1695 );
	INSERT INTO MAP_APP_TAG VALUES( 80, 1662 );
	INSERT INTO MAP_APP_TAG VALUES( 80, 4166 );
	INSERT INTO MAP_APP_TAG VALUES( 80, 4342 );
	INSERT INTO MAP_APP_TAG VALUES( 80, 1667 );
	INSERT INTO MAP_APP_TAG VALUES( 80, 599 );

INSERT INTO APP_TABLE	 VALUES( 130, 'Half-Life:_Blue_Shift', 'Made by Gearbox Software and originally released in 2001 as an add-on to Half-Life, Blue Shift is a return to the Black Mesa Research Facility in which you play as Barney Calhoun, the security guard sidekick who helped Gordon out of so many sticky situations.', SYSDATE ,5500, '' );
	INSERT INTO MAP_APP_CATEGORY VALUES( 130, 3 );

	INSERT INTO MAP_APP_DEVELOPER VALUES( 130, 2 );

	INSERT INTO MAP_APP_GENRE VALUES( 130, 1 );

	INSERT INTO MAP_APP_LANG VALUES ( 130, 2,  'Y', 'N', 'N' );
	INSERT INTO MAP_APP_LANG VALUES ( 130, 4,  'Y', 'N', 'N' );
	INSERT INTO MAP_APP_LANG VALUES ( 130, 6,  'Y', 'N', 'N' );

	INSERT INTO MAP_APP_PUBLISHER VALUES( 130, 1 );

	INSERT INTO MAP_APP_TAG VALUES( 130, 1663 );
	INSERT INTO MAP_APP_TAG VALUES( 130, 19 );
	INSERT INTO MAP_APP_TAG VALUES( 130, 3942 );
	INSERT INTO MAP_APP_TAG VALUES( 130, 4182 );
	INSERT INTO MAP_APP_TAG VALUES( 130, 1774 );
	INSERT INTO MAP_APP_TAG VALUES( 130, 1673 );
	INSERT INTO MAP_APP_TAG VALUES( 130, 3839 );
	INSERT INTO MAP_APP_TAG VALUES( 130, 1693 );
	INSERT INTO MAP_APP_TAG VALUES( 130, 21 );
	INSERT INTO MAP_APP_TAG VALUES( 130, 1659 );
	INSERT INTO MAP_APP_TAG VALUES( 130, 4234 );
	INSERT INTO MAP_APP_TAG VALUES( 130, 6691 );
	INSERT INTO MAP_APP_TAG VALUES( 130, 4166 );
	INSERT INTO MAP_APP_TAG VALUES( 130, 15954 );
	INSERT INTO MAP_APP_TAG VALUES( 130, 1742 );
	INSERT INTO MAP_APP_TAG VALUES( 130, 1664 );

INSERT INTO APP_TABLE	 VALUES( 32900, 'Restaurant_Empire_II', 'The sequel to the widely popular Restaurant Empire game takes you further into the depths and delights of the culinary universe than ever before. Take part in an exciting world where the customers are fickle and the bounty in your cash register changes as quickly as their tastes.', SYSDATE ,19000, '' );
	INSERT INTO MAP_APP_CATEGORY VALUES( 32900, 3 );

	INSERT INTO MAP_APP_DEVELOPER VALUES( 32900, 283 );

	INSERT INTO MAP_APP_GENRE VALUES( 32900, 7 );
	INSERT INTO MAP_APP_GENRE VALUES( 32900, 4 );
	INSERT INTO MAP_APP_GENRE VALUES( 32900, 8 );
	INSERT INTO MAP_APP_GENRE VALUES( 32900, 5 );

	INSERT INTO MAP_APP_LANG VALUES ( 32900, 2,  'Y', 'N', 'N' );
	INSERT INTO MAP_APP_LANG VALUES ( 32900, 4,  'Y', 'N', 'N' );

	INSERT INTO MAP_APP_PUBLISHER VALUES( 32900, 283 );

	INSERT INTO MAP_APP_TAG VALUES( 32900, 599 );
	INSERT INTO MAP_APP_TAG VALUES( 32900, 12472 );
	INSERT INTO MAP_APP_TAG VALUES( 32900, 597 );
	INSERT INTO MAP_APP_TAG VALUES( 32900, 9 );
	INSERT INTO MAP_APP_TAG VALUES( 32900, 492 );
	INSERT INTO MAP_APP_TAG VALUES( 32900, 4695 );

INSERT INTO APP_TABLE	 VALUES( 220, 'Half-Life_2', '1998. HALF-LIFE sends a shock through the game industry with its combination of pounding action and continuous, immersive storytelling. Valve''s debut title wins more than 50 game-of-the-year awards on its way to being named "Best PC Game Ever" by PC Gamer, and launches a franchise with more than eight million retail units sold worldwide.', SYSDATE ,10500, '' );
	INSERT INTO MAP_APP_CATEGORY VALUES( 220, 3 );
	INSERT INTO MAP_APP_CATEGORY VALUES( 220, 4 );
	INSERT INTO MAP_APP_CATEGORY VALUES( 220, 5 );
	INSERT INTO MAP_APP_CATEGORY VALUES( 220, 6 );
	INSERT INTO MAP_APP_CATEGORY VALUES( 220, 7 );
	INSERT INTO MAP_APP_CATEGORY VALUES( 220, 8 );
	INSERT INTO MAP_APP_CATEGORY VALUES( 220, 9 );

	INSERT INTO MAP_APP_DEVELOPER VALUES( 220, 1 );

	INSERT INTO MAP_APP_GENRE VALUES( 220, 1 );

	INSERT INTO MAP_APP_LANG VALUES ( 220, 1,  'Y', 'N', 'N' );
	INSERT INTO MAP_APP_LANG VALUES ( 220, 3,  'Y', 'Y', 'N' );
	INSERT INTO MAP_APP_LANG VALUES ( 220, 9,  'Y', 'Y', 'N' );
	INSERT INTO MAP_APP_LANG VALUES ( 220, 10,  'Y', 'N', 'N' );
	INSERT INTO MAP_APP_LANG VALUES ( 220, 5,  'Y', 'Y', 'N' );
	INSERT INTO MAP_APP_LANG VALUES ( 220, 6,  'Y', 'Y', 'N' );
	INSERT INTO MAP_APP_LANG VALUES ( 220, 11,  'Y', 'N', 'N' );
	INSERT INTO MAP_APP_LANG VALUES ( 220, 12,  'Y', 'N', 'N' );
	INSERT INTO MAP_APP_LANG VALUES ( 220, 2,  'Y', 'Y', 'N' );
	INSERT INTO MAP_APP_LANG VALUES ( 220, 4,  'Y', 'Y', 'N' );
	INSERT INTO MAP_APP_LANG VALUES ( 220, 13,  'Y', 'N', 'N' );
	INSERT INTO MAP_APP_LANG VALUES ( 220, 14,  'Y', 'N', 'N' );
	INSERT INTO MAP_APP_LANG VALUES ( 220, 15,  'Y', 'N', 'N' );
	INSERT INTO MAP_APP_LANG VALUES ( 220, 7,  'Y', 'Y', 'N' );
	INSERT INTO MAP_APP_LANG VALUES ( 220, 16,  'Y', 'N', 'N' );
	INSERT INTO MAP_APP_LANG VALUES ( 220, 17,  'Y', 'N', 'N' );
	INSERT INTO MAP_APP_LANG VALUES ( 220, 18,  'Y', 'N', 'N' );
	INSERT INTO MAP_APP_LANG VALUES ( 220, 8,  'Y', 'N', 'N' );

	INSERT INTO MAP_APP_PUBLISHER VALUES( 220, 1 );

	INSERT INTO MAP_APP_TAG VALUES( 220, 1663 );
	INSERT INTO MAP_APP_TAG VALUES( 220, 19 );
	INSERT INTO MAP_APP_TAG VALUES( 220, 3942 );
	INSERT INTO MAP_APP_TAG VALUES( 220, 4182 );
	INSERT INTO MAP_APP_TAG VALUES( 220, 1693 );
	INSERT INTO MAP_APP_TAG VALUES( 220, 1742 );
	INSERT INTO MAP_APP_TAG VALUES( 220, 1774 );
	INSERT INTO MAP_APP_TAG VALUES( 220, 21 );
	INSERT INTO MAP_APP_TAG VALUES( 220, 3839 );
	INSERT INTO MAP_APP_TAG VALUES( 220, 4166 );
	INSERT INTO MAP_APP_TAG VALUES( 220, 1659 );
	INSERT INTO MAP_APP_TAG VALUES( 220, 1673 );
	INSERT INTO MAP_APP_TAG VALUES( 220, 1756 );
	INSERT INTO MAP_APP_TAG VALUES( 220, 15954 );
	INSERT INTO MAP_APP_TAG VALUES( 220, 3968 );
	INSERT INTO MAP_APP_TAG VALUES( 220, 3859 );
	INSERT INTO MAP_APP_TAG VALUES( 220, 1667 );
	INSERT INTO MAP_APP_TAG VALUES( 220, 1669 );
	INSERT INTO MAP_APP_TAG VALUES( 220, 1664 );

INSERT INTO APP_TABLE	 VALUES( 240, 'Counter-Strike:_Source', 'Just updated to include player stats, achievements, new scoreboards and more!', SYSDATE ,212500, '' );
	INSERT INTO MAP_APP_CATEGORY VALUES( 240, 1 );
	INSERT INTO MAP_APP_CATEGORY VALUES( 240, 10 );
	INSERT INTO MAP_APP_CATEGORY VALUES( 240, 4 );
	INSERT INTO MAP_APP_CATEGORY VALUES( 240, 8 );
	INSERT INTO MAP_APP_CATEGORY VALUES( 240, 2 );
	INSERT INTO MAP_APP_CATEGORY VALUES( 240, 11 );
	INSERT INTO MAP_APP_CATEGORY VALUES( 240, 9 );

	INSERT INTO MAP_APP_DEVELOPER VALUES( 240, 1 );

	INSERT INTO MAP_APP_GENRE VALUES( 240, 1 );

	INSERT INTO MAP_APP_LANG VALUES ( 240, 1,  'Y', 'N', 'N' );
	INSERT INTO MAP_APP_LANG VALUES ( 240, 3,  'Y', 'N', 'N' );
	INSERT INTO MAP_APP_LANG VALUES ( 240, 9,  'Y', 'N', 'N' );
	INSERT INTO MAP_APP_LANG VALUES ( 240, 5,  'Y', 'N', 'N' );
	INSERT INTO MAP_APP_LANG VALUES ( 240, 6,  'Y', 'N', 'N' );
	INSERT INTO MAP_APP_LANG VALUES ( 240, 11,  'Y', 'N', 'N' );
	INSERT INTO MAP_APP_LANG VALUES ( 240, 19,  'Y', 'N', 'N' );
	INSERT INTO MAP_APP_LANG VALUES ( 240, 2,  'Y', 'N', 'N' );
	INSERT INTO MAP_APP_LANG VALUES ( 240, 4,  'Y', 'N', 'N' );
	INSERT INTO MAP_APP_LANG VALUES ( 240, 7,  'Y', 'N', 'N' );
	INSERT INTO MAP_APP_LANG VALUES ( 240, 16,  'Y', 'N', 'N' );
	INSERT INTO MAP_APP_LANG VALUES ( 240, 8,  'Y', 'N', 'N' );

	INSERT INTO MAP_APP_PUBLISHER VALUES( 240, 1 );

	INSERT INTO MAP_APP_TAG VALUES( 240, 19 );
	INSERT INTO MAP_APP_TAG VALUES( 240, 1663 );
	INSERT INTO MAP_APP_TAG VALUES( 240, 3859 );
	INSERT INTO MAP_APP_TAG VALUES( 240, 1774 );
	INSERT INTO MAP_APP_TAG VALUES( 240, 5711 );
	INSERT INTO MAP_APP_TAG VALUES( 240, 1708 );
	INSERT INTO MAP_APP_TAG VALUES( 240, 3839 );
	INSERT INTO MAP_APP_TAG VALUES( 240, 3878 );
	INSERT INTO MAP_APP_TAG VALUES( 240, 1775 );
	INSERT INTO MAP_APP_TAG VALUES( 240, 4168 );
	INSERT INTO MAP_APP_TAG VALUES( 240, 1678 );
	INSERT INTO MAP_APP_TAG VALUES( 240, 5055 );
	INSERT INTO MAP_APP_TAG VALUES( 240, 1669 );
	INSERT INTO MAP_APP_TAG VALUES( 240, 9 );
	INSERT INTO MAP_APP_TAG VALUES( 240, 4026 );
	INSERT INTO MAP_APP_TAG VALUES( 240, 4182 );
	INSERT INTO MAP_APP_TAG VALUES( 240, 1662 );
	INSERT INTO MAP_APP_TAG VALUES( 240, 599 );
	INSERT INTO MAP_APP_TAG VALUES( 240, 4166 );
	INSERT INTO MAP_APP_TAG VALUES( 240, 3810 );

INSERT INTO APP_TABLE	 VALUES( 280, 'Half-Life:_Source', 'Winner of over 50 Game of the Year awards, Half-Life set new standards for action games when it was released in 1998. Half-Life: Source is a digitally remastered version of the critically acclaimed and best selling PC game, enhanced via Source technology to include physics simulation, enhanced effects, and more.', SYSDATE ,10500, '' );
	INSERT INTO MAP_APP_CATEGORY VALUES( 280, 3 );

	INSERT INTO MAP_APP_DEVELOPER VALUES( 280, 1 );

	INSERT INTO MAP_APP_GENRE VALUES( 280, 1 );

	INSERT INTO MAP_APP_LANG VALUES ( 280, 1,  'Y', 'N', 'N' );
	INSERT INTO MAP_APP_LANG VALUES ( 280, 2,  'Y', 'N', 'N' );
	INSERT INTO MAP_APP_LANG VALUES ( 280, 3,  'Y', 'N', 'N' );
	INSERT INTO MAP_APP_LANG VALUES ( 280, 4,  'Y', 'N', 'N' );
	INSERT INTO MAP_APP_LANG VALUES ( 280, 9,  'Y', 'N', 'N' );
	INSERT INTO MAP_APP_LANG VALUES ( 280, 5,  'Y', 'N', 'N' );
	INSERT INTO MAP_APP_LANG VALUES ( 280, 6,  'Y', 'N', 'N' );
	INSERT INTO MAP_APP_LANG VALUES ( 280, 7,  'Y', 'N', 'N' );
	INSERT INTO MAP_APP_LANG VALUES ( 280, 16,  'Y', 'N', 'N' );
	INSERT INTO MAP_APP_LANG VALUES ( 280, 11,  'Y', 'N', 'N' );
	INSERT INTO MAP_APP_LANG VALUES ( 280, 8,  'Y', 'N', 'N' );

	INSERT INTO MAP_APP_PUBLISHER VALUES( 280, 1 );

	INSERT INTO MAP_APP_TAG VALUES( 280, 1663 );
	INSERT INTO MAP_APP_TAG VALUES( 280, 19 );
	INSERT INTO MAP_APP_TAG VALUES( 280, 3942 );
	INSERT INTO MAP_APP_TAG VALUES( 280, 1693 );
	INSERT INTO MAP_APP_TAG VALUES( 280, 4182 );
	INSERT INTO MAP_APP_TAG VALUES( 280, 1774 );
	INSERT INTO MAP_APP_TAG VALUES( 280, 3839 );
	INSERT INTO MAP_APP_TAG VALUES( 280, 1673 );
	INSERT INTO MAP_APP_TAG VALUES( 280, 1659 );
	INSERT INTO MAP_APP_TAG VALUES( 280, 1742 );
	INSERT INTO MAP_APP_TAG VALUES( 280, 21 );
	INSERT INTO MAP_APP_TAG VALUES( 280, 6691 );
	INSERT INTO MAP_APP_TAG VALUES( 280, 5708 );
	INSERT INTO MAP_APP_TAG VALUES( 280, 4166 );
	INSERT INTO MAP_APP_TAG VALUES( 280, 3859 );
	INSERT INTO MAP_APP_TAG VALUES( 280, 1667 );
	INSERT INTO MAP_APP_TAG VALUES( 280, 1669 );
	INSERT INTO MAP_APP_TAG VALUES( 280, 1756 );
	INSERT INTO MAP_APP_TAG VALUES( 280, 15954 );
	INSERT INTO MAP_APP_TAG VALUES( 280, 1685 );

INSERT INTO APP_TABLE	 VALUES( 300, 'Day_of_Defeat:_Source', 'Valve''s WWII Multiplayer Classic - Now available for Mac.', SYSDATE ,10500, '' );
	INSERT INTO MAP_APP_CATEGORY VALUES( 300, 1 );
	INSERT INTO MAP_APP_CATEGORY VALUES( 300, 10 );
	INSERT INTO MAP_APP_CATEGORY VALUES( 300, 4 );
	INSERT INTO MAP_APP_CATEGORY VALUES( 300, 5 );
	INSERT INTO MAP_APP_CATEGORY VALUES( 300, 2 );
	INSERT INTO MAP_APP_CATEGORY VALUES( 300, 11 );
	INSERT INTO MAP_APP_CATEGORY VALUES( 300, 9 );

	INSERT INTO MAP_APP_DEVELOPER VALUES( 300, 1 );

	INSERT INTO MAP_APP_GENRE VALUES( 300, 1 );

	INSERT INTO MAP_APP_LANG VALUES ( 300, 2,  'Y', 'N', 'N' );

	INSERT INTO MAP_APP_PUBLISHER VALUES( 300, 1 );

	INSERT INTO MAP_APP_TAG VALUES( 300, 1663 );
	INSERT INTO MAP_APP_TAG VALUES( 300, 4150 );
	INSERT INTO MAP_APP_TAG VALUES( 300, 3859 );
	INSERT INTO MAP_APP_TAG VALUES( 300, 19 );
	INSERT INTO MAP_APP_TAG VALUES( 300, 1774 );
	INSERT INTO MAP_APP_TAG VALUES( 300, 5711 );
	INSERT INTO MAP_APP_TAG VALUES( 300, 4168 );
	INSERT INTO MAP_APP_TAG VALUES( 300, 1678 );
	INSERT INTO MAP_APP_TAG VALUES( 300, 4155 );
	INSERT INTO MAP_APP_TAG VALUES( 300, 3839 );
	INSERT INTO MAP_APP_TAG VALUES( 300, 3987 );
	INSERT INTO MAP_APP_TAG VALUES( 300, 1708 );
	INSERT INTO MAP_APP_TAG VALUES( 300, 1693 );
	INSERT INTO MAP_APP_TAG VALUES( 300, 4175 );
	INSERT INTO MAP_APP_TAG VALUES( 300, 9 );
	INSERT INTO MAP_APP_TAG VALUES( 300, 4345 );
	INSERT INTO MAP_APP_TAG VALUES( 300, 128 );
	INSERT INTO MAP_APP_TAG VALUES( 300, 3843 );
	INSERT INTO MAP_APP_TAG VALUES( 300, 599 );
	INSERT INTO MAP_APP_TAG VALUES( 300, 1719 );

INSERT INTO APP_TABLE	 VALUES( 320, 'Half-Life_2:_Deathmatch', 'Fast multiplayer action set in the Half-Life 2 universe! HL2''s physics adds a new dimension to deathmatch play. Play straight deathmatch or try Combine vs. Resistance teamplay. Toss a toilet at your friend today!', SYSDATE ,5500, '' );
	INSERT INTO MAP_APP_CATEGORY VALUES( 320, 1 );
	INSERT INTO MAP_APP_CATEGORY VALUES( 320, 2 );
	INSERT INTO MAP_APP_CATEGORY VALUES( 320, 9 );

	INSERT INTO MAP_APP_DEVELOPER VALUES( 320, 1 );

	INSERT INTO MAP_APP_GENRE VALUES( 320, 1 );

	INSERT INTO MAP_APP_LANG VALUES ( 320, 2,  'Y', 'N', 'N' );

	INSERT INTO MAP_APP_PUBLISHER VALUES( 320, 1 );

	INSERT INTO MAP_APP_TAG VALUES( 320, 19 );
	INSERT INTO MAP_APP_TAG VALUES( 320, 1663 );
	INSERT INTO MAP_APP_TAG VALUES( 320, 3859 );
	INSERT INTO MAP_APP_TAG VALUES( 320, 1774 );
	INSERT INTO MAP_APP_TAG VALUES( 320, 3942 );
	INSERT INTO MAP_APP_TAG VALUES( 320, 3839 );
	INSERT INTO MAP_APP_TAG VALUES( 320, 3968 );
	INSERT INTO MAP_APP_TAG VALUES( 320, 3878 );
	INSERT INTO MAP_APP_TAG VALUES( 320, 4136 );
	INSERT INTO MAP_APP_TAG VALUES( 320, 1685 );
	INSERT INTO MAP_APP_TAG VALUES( 320, 21 );
	INSERT INTO MAP_APP_TAG VALUES( 320, 4166 );

INSERT INTO APP_TABLE	 VALUES( 33100, 'Alien_Shooter', 'The endless darkness and the somber, long passages of a military complex have become the abode of evil, as thousands of blood-thirsty creatures fill its offices, storehouses and mysterious laboratories. Your mission is simple: clear the base at all costs.', SYSDATE ,5500, '' );
	INSERT INTO MAP_APP_CATEGORY VALUES( 33100, 3 );

	INSERT INTO MAP_APP_DEVELOPER VALUES( 33100, 284 );

	INSERT INTO MAP_APP_GENRE VALUES( 33100, 1 );
	INSERT INTO MAP_APP_GENRE VALUES( 33100, 4 );
	INSERT INTO MAP_APP_GENRE VALUES( 33100, 6 );

	INSERT INTO MAP_APP_LANG VALUES ( 33100, 2,  'Y', 'Y', 'Y' );
	INSERT INTO MAP_APP_LANG VALUES ( 33100, 9,  'Y', 'Y', 'Y' );

	INSERT INTO MAP_APP_PUBLISHER VALUES( 33100, 284 );

	INSERT INTO MAP_APP_TAG VALUES( 33100, 19 );
	INSERT INTO MAP_APP_TAG VALUES( 33100, 1774 );
	INSERT INTO MAP_APP_TAG VALUES( 33100, 492 );
	INSERT INTO MAP_APP_TAG VALUES( 33100, 122 );
	INSERT INTO MAP_APP_TAG VALUES( 33100, 4791 );
	INSERT INTO MAP_APP_TAG VALUES( 33100, 5851 );
	INSERT INTO MAP_APP_TAG VALUES( 33100, 4182 );
	INSERT INTO MAP_APP_TAG VALUES( 33100, 4637 );
	INSERT INTO MAP_APP_TAG VALUES( 33100, 1673 );
	INSERT INTO MAP_APP_TAG VALUES( 33100, 4345 );
	INSERT INTO MAP_APP_TAG VALUES( 33100, 1693 );
	INSERT INTO MAP_APP_TAG VALUES( 33100, 4166 );
	INSERT INTO MAP_APP_TAG VALUES( 33100, 3942 );

INSERT INTO APP_TABLE	 VALUES( 33110, 'Alien_Shooter:_Revisited', 'Crowds of blood-thirsty monsters, crawling from every corner of the secret research base. Gloomy basements and modern labs, darkness changing into blazing bulbs. The only usual thing is: you''re in a bad place alone, and there''s no one to help you!', SYSDATE ,5500, '' );
	INSERT INTO MAP_APP_CATEGORY VALUES( 33110, 3 );

	INSERT INTO MAP_APP_DEVELOPER VALUES( 33110, 284 );

	INSERT INTO MAP_APP_GENRE VALUES( 33110, 1 );
	INSERT INTO MAP_APP_GENRE VALUES( 33110, 4 );
	INSERT INTO MAP_APP_GENRE VALUES( 33110, 6 );

	INSERT INTO MAP_APP_LANG VALUES ( 33110, 2,  'Y', 'Y', 'Y' );
	INSERT INTO MAP_APP_LANG VALUES ( 33110, 9,  'Y', 'Y', 'Y' );

	INSERT INTO MAP_APP_PUBLISHER VALUES( 33110, 284 );

	INSERT INTO MAP_APP_TAG VALUES( 33110, 19 );
	INSERT INTO MAP_APP_TAG VALUES( 33110, 122 );
	INSERT INTO MAP_APP_TAG VALUES( 33110, 492 );
	INSERT INTO MAP_APP_TAG VALUES( 33110, 1774 );
	INSERT INTO MAP_APP_TAG VALUES( 33110, 5851 );

INSERT INTO APP_TABLE	 VALUES( 33120, 'Alien_Shooter_2:_Reloaded', 'Alien Shooter 2 -Reloaded is a large-scale sequel to the first part of Alien Shooter. This is the unique alloy of arcade action and RPG elements which combines well-established world of classical games and unmatched dynamics of the first part. Alien Shooter 2 - Reloaded is a modified version of the Alien Shooter 2 game.', SYSDATE ,5500, '' );
	INSERT INTO MAP_APP_CATEGORY VALUES( 33120, 3 );

	INSERT INTO MAP_APP_DEVELOPER VALUES( 33120, 284 );

	INSERT INTO MAP_APP_GENRE VALUES( 33120, 1 );
	INSERT INTO MAP_APP_GENRE VALUES( 33120, 4 );
	INSERT INTO MAP_APP_GENRE VALUES( 33120, 6 );

	INSERT INTO MAP_APP_LANG VALUES ( 33120, 2,  'Y', 'Y', 'Y' );

	INSERT INTO MAP_APP_PUBLISHER VALUES( 33120, 284 );

	INSERT INTO MAP_APP_TAG VALUES( 33120, 19 );
	INSERT INTO MAP_APP_TAG VALUES( 33120, 492 );
	INSERT INTO MAP_APP_TAG VALUES( 33120, 122 );
	INSERT INTO MAP_APP_TAG VALUES( 33120, 1774 );
	INSERT INTO MAP_APP_TAG VALUES( 33120, 4637 );
	INSERT INTO MAP_APP_TAG VALUES( 33120, 4791 );
	INSERT INTO MAP_APP_TAG VALUES( 33120, 4182 );
	INSERT INTO MAP_APP_TAG VALUES( 33120, 1673 );
	INSERT INTO MAP_APP_TAG VALUES( 33120, 5851 );
	INSERT INTO MAP_APP_TAG VALUES( 33120, 4345 );
	INSERT INTO MAP_APP_TAG VALUES( 33120, 3859 );

INSERT INTO APP_TABLE	 VALUES( 360, 'Half-Life_Deathmatch:_Source', 'Half-Life Deathmatch: Source is a recreation of the first multiplayer game set in the Half-Life universe. Features all the classic weapons and most-played maps, now running on the Source engine.', SYSDATE ,10500, '' );
	INSERT INTO MAP_APP_CATEGORY VALUES( 360, 1 );
	INSERT INTO MAP_APP_CATEGORY VALUES( 360, 2 );

	INSERT INTO MAP_APP_DEVELOPER VALUES( 360, 1 );

	INSERT INTO MAP_APP_GENRE VALUES( 360, 1 );

	INSERT INTO MAP_APP_LANG VALUES ( 360, 2,  'Y', 'N', 'N' );

	INSERT INTO MAP_APP_PUBLISHER VALUES( 360, 1 );

	INSERT INTO MAP_APP_TAG VALUES( 360, 19 );
	INSERT INTO MAP_APP_TAG VALUES( 360, 1663 );
	INSERT INTO MAP_APP_TAG VALUES( 360, 3859 );
	INSERT INTO MAP_APP_TAG VALUES( 360, 3942 );
	INSERT INTO MAP_APP_TAG VALUES( 360, 1774 );
	INSERT INTO MAP_APP_TAG VALUES( 360, 3839 );
	INSERT INTO MAP_APP_TAG VALUES( 360, 1693 );

INSERT INTO APP_TABLE	 VALUES( 33130, 'Zombie_Shooter', 'Where is the line between life and death? How far can human science go trying to understand this? Take part in the great battle to rescue humanity and find out what''s happening! The human race is in danger again. This time scientists could not cope the imminent threat and became monsters themselves.', SYSDATE ,5500, '' );
	INSERT INTO MAP_APP_CATEGORY VALUES( 33130, 3 );

	INSERT INTO MAP_APP_DEVELOPER VALUES( 33130, 284 );

	INSERT INTO MAP_APP_GENRE VALUES( 33130, 1 );
	INSERT INTO MAP_APP_GENRE VALUES( 33130, 4 );
	INSERT INTO MAP_APP_GENRE VALUES( 33130, 6 );

	INSERT INTO MAP_APP_LANG VALUES ( 33130, 2,  'Y', 'Y', 'Y' );
	INSERT INTO MAP_APP_LANG VALUES ( 33130, 9,  'Y', 'Y', 'Y' );

	INSERT INTO MAP_APP_PUBLISHER VALUES( 33130, 284 );

	INSERT INTO MAP_APP_TAG VALUES( 33130, 19 );
	INSERT INTO MAP_APP_TAG VALUES( 33130, 1659 );
	INSERT INTO MAP_APP_TAG VALUES( 33130, 492 );
	INSERT INTO MAP_APP_TAG VALUES( 33130, 122 );
	INSERT INTO MAP_APP_TAG VALUES( 33130, 1774 );
	INSERT INTO MAP_APP_TAG VALUES( 33130, 5851 );
	INSERT INTO MAP_APP_TAG VALUES( 33130, 4791 );
	INSERT INTO MAP_APP_TAG VALUES( 33130, 4182 );
	INSERT INTO MAP_APP_TAG VALUES( 33130, 1667 );

INSERT INTO APP_TABLE	 VALUES( 380, 'Half-Life_2:_Episode_One', 'Half-Life 2 has sold over 4 million copies worldwide, and earned over 35 Game of the Year Awards. Episode One is the first in a series of games that reveal the aftermath of Half-Life 2 and launch a journey beyond City 17. Also features two multiplayer games. Half-Life 2 not required.', SYSDATE ,8500, '' );
	INSERT INTO MAP_APP_CATEGORY VALUES( 380, 3 );
	INSERT INTO MAP_APP_CATEGORY VALUES( 380, 4 );
	INSERT INTO MAP_APP_CATEGORY VALUES( 380, 6 );
	INSERT INTO MAP_APP_CATEGORY VALUES( 380, 7 );
	INSERT INTO MAP_APP_CATEGORY VALUES( 380, 8 );
	INSERT INTO MAP_APP_CATEGORY VALUES( 380, 11 );
	INSERT INTO MAP_APP_CATEGORY VALUES( 380, 9 );
	INSERT INTO MAP_APP_CATEGORY VALUES( 380, 12 );

	INSERT INTO MAP_APP_DEVELOPER VALUES( 380, 1 );

	INSERT INTO MAP_APP_GENRE VALUES( 380, 1 );

	INSERT INTO MAP_APP_LANG VALUES ( 380, 1,  'Y', 'Y', 'N' );
	INSERT INTO MAP_APP_LANG VALUES ( 380, 3,  'Y', 'Y', 'N' );
	INSERT INTO MAP_APP_LANG VALUES ( 380, 9,  'Y', 'Y', 'N' );
	INSERT INTO MAP_APP_LANG VALUES ( 380, 10,  'Y', 'N', 'N' );
	INSERT INTO MAP_APP_LANG VALUES ( 380, 5,  'Y', 'Y', 'N' );
	INSERT INTO MAP_APP_LANG VALUES ( 380, 6,  'Y', 'Y', 'N' );
	INSERT INTO MAP_APP_LANG VALUES ( 380, 11,  'Y', 'N', 'N' );
	INSERT INTO MAP_APP_LANG VALUES ( 380, 12,  'Y', 'N', 'N' );
	INSERT INTO MAP_APP_LANG VALUES ( 380, 2,  'Y', 'Y', 'N' );
	INSERT INTO MAP_APP_LANG VALUES ( 380, 4,  'Y', 'Y', 'N' );
	INSERT INTO MAP_APP_LANG VALUES ( 380, 13,  'Y', 'N', 'N' );
	INSERT INTO MAP_APP_LANG VALUES ( 380, 14,  'Y', 'N', 'N' );
	INSERT INTO MAP_APP_LANG VALUES ( 380, 15,  'Y', 'N', 'N' );
	INSERT INTO MAP_APP_LANG VALUES ( 380, 7,  'Y', 'Y', 'N' );
	INSERT INTO MAP_APP_LANG VALUES ( 380, 16,  'Y', 'Y', 'N' );
	INSERT INTO MAP_APP_LANG VALUES ( 380, 17,  'Y', 'N', 'N' );
	INSERT INTO MAP_APP_LANG VALUES ( 380, 18,  'Y', 'N', 'N' );
	INSERT INTO MAP_APP_LANG VALUES ( 380, 8,  'Y', 'Y', 'N' );

	INSERT INTO MAP_APP_PUBLISHER VALUES( 380, 1 );

	INSERT INTO MAP_APP_TAG VALUES( 380, 1663 );
	INSERT INTO MAP_APP_TAG VALUES( 380, 19 );
	INSERT INTO MAP_APP_TAG VALUES( 380, 3942 );
	INSERT INTO MAP_APP_TAG VALUES( 380, 4182 );
	INSERT INTO MAP_APP_TAG VALUES( 380, 3839 );
	INSERT INTO MAP_APP_TAG VALUES( 380, 1742 );
	INSERT INTO MAP_APP_TAG VALUES( 380, 1774 );
	INSERT INTO MAP_APP_TAG VALUES( 380, 1693 );
	INSERT INTO MAP_APP_TAG VALUES( 380, 21 );
	INSERT INTO MAP_APP_TAG VALUES( 380, 1673 );
	INSERT INTO MAP_APP_TAG VALUES( 380, 1659 );
	INSERT INTO MAP_APP_TAG VALUES( 380, 4242 );
	INSERT INTO MAP_APP_TAG VALUES( 380, 4166 );
	INSERT INTO MAP_APP_TAG VALUES( 380, 4234 );
	INSERT INTO MAP_APP_TAG VALUES( 380, 1756 );
	INSERT INTO MAP_APP_TAG VALUES( 380, 15954 );
	INSERT INTO MAP_APP_TAG VALUES( 380, 4145 );
	INSERT INTO MAP_APP_TAG VALUES( 380, 1664 );
	INSERT INTO MAP_APP_TAG VALUES( 380, 1669 );

INSERT INTO APP_TABLE	 VALUES( 400, 'Portal', 'Portal¢â is a new single player game from Valve. Set in the mysterious Aperture Science Laboratories, Portal has been called one of the most innovative new games on the horizon and will offer gamers hours of unique gameplay.', SYSDATE ,10500, '' );
	INSERT INTO MAP_APP_CATEGORY VALUES( 400, 3 );
	INSERT INTO MAP_APP_CATEGORY VALUES( 400, 4 );
	INSERT INTO MAP_APP_CATEGORY VALUES( 400, 6 );
	INSERT INTO MAP_APP_CATEGORY VALUES( 400, 7 );
	INSERT INTO MAP_APP_CATEGORY VALUES( 400, 13 );
	INSERT INTO MAP_APP_CATEGORY VALUES( 400, 9 );
	INSERT INTO MAP_APP_CATEGORY VALUES( 400, 12 );

	INSERT INTO MAP_APP_DEVELOPER VALUES( 400, 1 );

	INSERT INTO MAP_APP_GENRE VALUES( 400, 1 );

	INSERT INTO MAP_APP_LANG VALUES ( 400, 1,  'Y', 'N', 'N' );
	INSERT INTO MAP_APP_LANG VALUES ( 400, 3,  'Y', 'N', 'N' );
	INSERT INTO MAP_APP_LANG VALUES ( 400, 9,  'Y', 'Y', 'N' );
	INSERT INTO MAP_APP_LANG VALUES ( 400, 10,  'Y', 'N', 'N' );
	INSERT INTO MAP_APP_LANG VALUES ( 400, 5,  'Y', 'N', 'N' );
	INSERT INTO MAP_APP_LANG VALUES ( 400, 6,  'Y', 'Y', 'N' );
	INSERT INTO MAP_APP_LANG VALUES ( 400, 11,  'Y', 'N', 'N' );
	INSERT INTO MAP_APP_LANG VALUES ( 400, 12,  'Y', 'N', 'N' );
	INSERT INTO MAP_APP_LANG VALUES ( 400, 2,  'Y', 'Y', 'N' );
	INSERT INTO MAP_APP_LANG VALUES ( 400, 4,  'Y', 'Y', 'N' );
	INSERT INTO MAP_APP_LANG VALUES ( 400, 13,  'Y', 'N', 'N' );
	INSERT INTO MAP_APP_LANG VALUES ( 400, 14,  'Y', 'N', 'N' );
	INSERT INTO MAP_APP_LANG VALUES ( 400, 15,  'Y', 'N', 'N' );
	INSERT INTO MAP_APP_LANG VALUES ( 400, 7,  'Y', 'Y', 'N' );
	INSERT INTO MAP_APP_LANG VALUES ( 400, 17,  'Y', 'N', 'N' );
	INSERT INTO MAP_APP_LANG VALUES ( 400, 18,  'Y', 'N', 'N' );
	INSERT INTO MAP_APP_LANG VALUES ( 400, 8,  'Y', 'Y', 'N' );

	INSERT INTO MAP_APP_PUBLISHER VALUES( 400, 1 );

	INSERT INTO MAP_APP_TAG VALUES( 400, 1664 );
	INSERT INTO MAP_APP_TAG VALUES( 400, 3839 );
	INSERT INTO MAP_APP_TAG VALUES( 400, 4182 );
	INSERT INTO MAP_APP_TAG VALUES( 400, 3942 );
	INSERT INTO MAP_APP_TAG VALUES( 400, 1719 );
	INSERT INTO MAP_APP_TAG VALUES( 400, 7208 );
	INSERT INTO MAP_APP_TAG VALUES( 400, 19 );
	INSERT INTO MAP_APP_TAG VALUES( 400, 4136 );
	INSERT INTO MAP_APP_TAG VALUES( 400, 1625 );
	INSERT INTO MAP_APP_TAG VALUES( 400, 1742 );
	INSERT INTO MAP_APP_TAG VALUES( 400, 1663 );
	INSERT INTO MAP_APP_TAG VALUES( 400, 4234 );
	INSERT INTO MAP_APP_TAG VALUES( 400, 3968 );
	INSERT INTO MAP_APP_TAG VALUES( 400, 1693 );
	INSERT INTO MAP_APP_TAG VALUES( 400, 5794 );
	INSERT INTO MAP_APP_TAG VALUES( 400, 21 );
	INSERT INTO MAP_APP_TAG VALUES( 400, 4166 );
	INSERT INTO MAP_APP_TAG VALUES( 400, 5923 );
	INSERT INTO MAP_APP_TAG VALUES( 400, 1756 );
	INSERT INTO MAP_APP_TAG VALUES( 400, 9 );

INSERT INTO APP_TABLE	 VALUES( 33180, 'Zombie_Shooter_2', 'Zombie Shooter 2 is a unique blend of two game genres - Action and RPG. Every player can choose a character to the liking, get experience to develop skills, earn money and spend it at weapons, medications and useful devices. All of this will be used against thousands of enemies.', SYSDATE ,10500, '' );
	INSERT INTO MAP_APP_CATEGORY VALUES( 33180, 3 );

	INSERT INTO MAP_APP_DEVELOPER VALUES( 33180, 284 );

	INSERT INTO MAP_APP_GENRE VALUES( 33180, 1 );
	INSERT INTO MAP_APP_GENRE VALUES( 33180, 4 );
	INSERT INTO MAP_APP_GENRE VALUES( 33180, 6 );

	INSERT INTO MAP_APP_LANG VALUES ( 33180, 2,  'Y', 'Y', 'Y' );
	INSERT INTO MAP_APP_LANG VALUES ( 33180, 9,  'Y', 'Y', 'Y' );

	INSERT INTO MAP_APP_PUBLISHER VALUES( 33180, 284 );

	INSERT INTO MAP_APP_TAG VALUES( 33180, 19 );
	INSERT INTO MAP_APP_TAG VALUES( 33180, 1659 );
	INSERT INTO MAP_APP_TAG VALUES( 33180, 122 );
	INSERT INTO MAP_APP_TAG VALUES( 33180, 492 );
	INSERT INTO MAP_APP_TAG VALUES( 33180, 1774 );
	INSERT INTO MAP_APP_TAG VALUES( 33180, 4637 );
	INSERT INTO MAP_APP_TAG VALUES( 33180, 5851 );

INSERT INTO APP_TABLE	 VALUES( 420, 'Half-Life_2:_Episode_Two', 'Half-Life¢ç 2: Episode Two is the second in a trilogy of new games created by Valve that extends the award-winning and best-selling Half-Life¢ç adventure. As Dr. Gordon Freeman, you were last seen exiting City 17 with Alyx Vance as the Citadel erupted amidst a storm of unknown proportions.', SYSDATE ,8500, '' );
	INSERT INTO MAP_APP_CATEGORY VALUES( 420, 3 );
	INSERT INTO MAP_APP_CATEGORY VALUES( 420, 4 );
	INSERT INTO MAP_APP_CATEGORY VALUES( 420, 6 );
	INSERT INTO MAP_APP_CATEGORY VALUES( 420, 7 );
	INSERT INTO MAP_APP_CATEGORY VALUES( 420, 8 );
	INSERT INTO MAP_APP_CATEGORY VALUES( 420, 11 );
	INSERT INTO MAP_APP_CATEGORY VALUES( 420, 9 );
	INSERT INTO MAP_APP_CATEGORY VALUES( 420, 12 );

	INSERT INTO MAP_APP_DEVELOPER VALUES( 420, 1 );

	INSERT INTO MAP_APP_GENRE VALUES( 420, 1 );

	INSERT INTO MAP_APP_LANG VALUES ( 420, 1,  'Y', 'N', 'N' );
	INSERT INTO MAP_APP_LANG VALUES ( 420, 3,  'Y', 'N', 'N' );
	INSERT INTO MAP_APP_LANG VALUES ( 420, 9,  'Y', 'Y', 'N' );
	INSERT INTO MAP_APP_LANG VALUES ( 420, 10,  'Y', 'N', 'N' );
	INSERT INTO MAP_APP_LANG VALUES ( 420, 5,  'Y', 'N', 'N' );
	INSERT INTO MAP_APP_LANG VALUES ( 420, 6,  'Y', 'Y', 'N' );
	INSERT INTO MAP_APP_LANG VALUES ( 420, 11,  'Y', 'N', 'N' );
	INSERT INTO MAP_APP_LANG VALUES ( 420, 12,  'Y', 'N', 'N' );
	INSERT INTO MAP_APP_LANG VALUES ( 420, 2,  'Y', 'Y', 'N' );
	INSERT INTO MAP_APP_LANG VALUES ( 420, 4,  'Y', 'Y', 'N' );
	INSERT INTO MAP_APP_LANG VALUES ( 420, 13,  'Y', 'N', 'N' );
	INSERT INTO MAP_APP_LANG VALUES ( 420, 14,  'Y', 'N', 'N' );
	INSERT INTO MAP_APP_LANG VALUES ( 420, 15,  'Y', 'N', 'N' );
	INSERT INTO MAP_APP_LANG VALUES ( 420, 7,  'Y', 'Y', 'N' );
	INSERT INTO MAP_APP_LANG VALUES ( 420, 17,  'Y', 'N', 'N' );
	INSERT INTO MAP_APP_LANG VALUES ( 420, 18,  'Y', 'N', 'N' );
	INSERT INTO MAP_APP_LANG VALUES ( 420, 8,  'Y', 'N', 'N' );

	INSERT INTO MAP_APP_PUBLISHER VALUES( 420, 1 );

	INSERT INTO MAP_APP_TAG VALUES( 420, 1663 );
	INSERT INTO MAP_APP_TAG VALUES( 420, 19 );
	INSERT INTO MAP_APP_TAG VALUES( 420, 3942 );
	INSERT INTO MAP_APP_TAG VALUES( 420, 4182 );
	INSERT INTO MAP_APP_TAG VALUES( 420, 1774 );
	INSERT INTO MAP_APP_TAG VALUES( 420, 3839 );
	INSERT INTO MAP_APP_TAG VALUES( 420, 1742 );
	INSERT INTO MAP_APP_TAG VALUES( 420, 1693 );
	INSERT INTO MAP_APP_TAG VALUES( 420, 21 );
	INSERT INTO MAP_APP_TAG VALUES( 420, 1673 );
	INSERT INTO MAP_APP_TAG VALUES( 420, 4166 );
	INSERT INTO MAP_APP_TAG VALUES( 420, 1659 );
	INSERT INTO MAP_APP_TAG VALUES( 420, 1756 );
	INSERT INTO MAP_APP_TAG VALUES( 420, 15954 );
	INSERT INTO MAP_APP_TAG VALUES( 420, 3835 );
	INSERT INTO MAP_APP_TAG VALUES( 420, 1664 );
	INSERT INTO MAP_APP_TAG VALUES( 420, 4242 );
	INSERT INTO MAP_APP_TAG VALUES( 420, 1667 );
	INSERT INTO MAP_APP_TAG VALUES( 420, 3859 );

INSERT INTO APP_TABLE	 VALUES( 440, 'Team_Fortress_2', 'Nine distinct classes provide a broad range of tactical abilities and personalities. Constantly updated with new game modes, maps, equipment and, most importantly, hats!', SYSDATE ,21000, '' );
	INSERT INTO MAP_APP_CATEGORY VALUES( 440, 1 );
	INSERT INTO MAP_APP_CATEGORY VALUES( 440, 10 );
	INSERT INTO MAP_APP_CATEGORY VALUES( 440, 4 );
	INSERT INTO MAP_APP_CATEGORY VALUES( 440, 5 );
	INSERT INTO MAP_APP_CATEGORY VALUES( 440, 6 );
	INSERT INTO MAP_APP_CATEGORY VALUES( 440, 14 );
	INSERT INTO MAP_APP_CATEGORY VALUES( 440, 15 );
	INSERT INTO MAP_APP_CATEGORY VALUES( 440, 7 );
	INSERT INTO MAP_APP_CATEGORY VALUES( 440, 2 );
	INSERT INTO MAP_APP_CATEGORY VALUES( 440, 11 );
	INSERT INTO MAP_APP_CATEGORY VALUES( 440, 13 );
	INSERT INTO MAP_APP_CATEGORY VALUES( 440, 12 );

	INSERT INTO MAP_APP_DEVELOPER VALUES( 440, 1 );

	INSERT INTO MAP_APP_GENRE VALUES( 440, 1 );
	INSERT INTO MAP_APP_GENRE VALUES( 440, 2 );

	INSERT INTO MAP_APP_LANG VALUES ( 440, 20,  'Y', 'N', 'N' );
	INSERT INTO MAP_APP_LANG VALUES ( 440, 3,  'Y', 'N', 'N' );
	INSERT INTO MAP_APP_LANG VALUES ( 440, 9,  'Y', 'N', 'N' );
	INSERT INTO MAP_APP_LANG VALUES ( 440, 6,  'Y', 'N', 'N' );
	INSERT INTO MAP_APP_LANG VALUES ( 440, 12,  'Y', 'N', 'N' );
	INSERT INTO MAP_APP_LANG VALUES ( 440, 19,  'Y', 'N', 'N' );
	INSERT INTO MAP_APP_LANG VALUES ( 440, 21,  'Y', 'N', 'N' );
	INSERT INTO MAP_APP_LANG VALUES ( 440, 4,  'Y', 'N', 'N' );
	INSERT INTO MAP_APP_LANG VALUES ( 440, 13,  'Y', 'N', 'N' );
	INSERT INTO MAP_APP_LANG VALUES ( 440, 15,  'Y', 'N', 'N' );
	INSERT INTO MAP_APP_LANG VALUES ( 440, 7,  'Y', 'N', 'N' );
	INSERT INTO MAP_APP_LANG VALUES ( 440, 16,  'Y', 'N', 'N' );
	INSERT INTO MAP_APP_LANG VALUES ( 440, 18,  'Y', 'N', 'N' );
	INSERT INTO MAP_APP_LANG VALUES ( 440, 1,  'Y', 'N', 'N' );
	INSERT INTO MAP_APP_LANG VALUES ( 440, 10,  'Y', 'N', 'N' );
	INSERT INTO MAP_APP_LANG VALUES ( 440, 22,  'Y', 'N', 'N' );
	INSERT INTO MAP_APP_LANG VALUES ( 440, 5,  'Y', 'N', 'N' );
	INSERT INTO MAP_APP_LANG VALUES ( 440, 23,  'Y', 'N', 'N' );
	INSERT INTO MAP_APP_LANG VALUES ( 440, 11,  'Y', 'N', 'N' );
	INSERT INTO MAP_APP_LANG VALUES ( 440, 2,  'Y', 'Y', 'N' );
	INSERT INTO MAP_APP_LANG VALUES ( 440, 14,  'Y', 'N', 'N' );
	INSERT INTO MAP_APP_LANG VALUES ( 440, 24,  'Y', 'N', 'N' );
	INSERT INTO MAP_APP_LANG VALUES ( 440, 25,  'Y', 'N', 'N' );
	INSERT INTO MAP_APP_LANG VALUES ( 440, 17,  'Y', 'N', 'N' );
	INSERT INTO MAP_APP_LANG VALUES ( 440, 26,  'Y', 'N', 'N' );
	INSERT INTO MAP_APP_LANG VALUES ( 440, 8,  'Y', 'N', 'N' );

	INSERT INTO MAP_APP_PUBLISHER VALUES( 440, 1 );

	INSERT INTO MAP_APP_TAG VALUES( 440, 113 );
	INSERT INTO MAP_APP_TAG VALUES( 440, 3859 );
	INSERT INTO MAP_APP_TAG VALUES( 440, 1663 );
	INSERT INTO MAP_APP_TAG VALUES( 440, 19 );
	INSERT INTO MAP_APP_TAG VALUES( 440, 1774 );
	INSERT INTO MAP_APP_TAG VALUES( 440, 4155 );
	INSERT INTO MAP_APP_TAG VALUES( 440, 5711 );
	INSERT INTO MAP_APP_TAG VALUES( 440, 4136 );
	INSERT INTO MAP_APP_TAG VALUES( 440, 3839 );
	INSERT INTO MAP_APP_TAG VALUES( 440, 4202 );
	INSERT INTO MAP_APP_TAG VALUES( 440, 4195 );
	INSERT INTO MAP_APP_TAG VALUES( 440, 3878 );
	INSERT INTO MAP_APP_TAG VALUES( 440, 1685 );
	INSERT INTO MAP_APP_TAG VALUES( 440, 3843 );
	INSERT INTO MAP_APP_TAG VALUES( 440, 5752 );
	INSERT INTO MAP_APP_TAG VALUES( 440, 1719 );
	INSERT INTO MAP_APP_TAG VALUES( 440, 1708 );
	INSERT INTO MAP_APP_TAG VALUES( 440, 1702 );
	INSERT INTO MAP_APP_TAG VALUES( 440, 4562 );
	INSERT INTO MAP_APP_TAG VALUES( 440, 1669 );

INSERT INTO APP_TABLE	 VALUES( 33210, 'Dawn_of_Discovery¢â', 'A unique and award-winning combination of construction, economy, discovery, diplomacy, and combat. Create your own nation with a unique blend of simulation and real-time strategy as you journey across the globe to explore, trade, and learn technologies to expand your empire and to make your own history. Meet the Orient!', SYSDATE ,12500, '' );
	INSERT INTO MAP_APP_CATEGORY VALUES( 33210, 3 );

	INSERT INTO MAP_APP_DEVELOPER VALUES( 33210, 206 );
	INSERT INTO MAP_APP_DEVELOPER VALUES( 33210, 285 );

	INSERT INTO MAP_APP_GENRE VALUES( 33210, 8 );
	INSERT INTO MAP_APP_GENRE VALUES( 33210, 5 );

	INSERT INTO MAP_APP_LANG VALUES ( 33210, 2,  'Y', 'N', 'N' );
	INSERT INTO MAP_APP_LANG VALUES ( 33210, 4,  'Y', 'N', 'N' );
	INSERT INTO MAP_APP_LANG VALUES ( 33210, 7,  'Y', 'N', 'N' );

	INSERT INTO MAP_APP_PUBLISHER VALUES( 33210, 160 );

	INSERT INTO MAP_APP_TAG VALUES( 33210, 9 );
	INSERT INTO MAP_APP_TAG VALUES( 33210, 599 );
	INSERT INTO MAP_APP_TAG VALUES( 33210, 4328 );
	INSERT INTO MAP_APP_TAG VALUES( 33210, 1676 );

INSERT INTO APP_TABLE	 VALUES( 33220, 'Tom_Clancy''s_Splinter_Cell_Conviction¢â_Deluxe_Edition', 'An investigation into his daughter¡¯s death unwittingly leads former agent Sam Fisher to discover he¡¯s been betrayed by his prior agency, the Third Echelon. Now a renegade, Fisher finds himself in a race against time to thwart a deadly terrorist plot that threatens millions.', SYSDATE ,18500, '' );
	INSERT INTO MAP_APP_CATEGORY VALUES( 33220, 3 );
	INSERT INTO MAP_APP_CATEGORY VALUES( 33220, 1 );

	INSERT INTO MAP_APP_DEVELOPER VALUES( 33220, 162 );

	INSERT INTO MAP_APP_GENRE VALUES( 33220, 1 );

	INSERT INTO MAP_APP_LANG VALUES ( 33220, 2,  'Y', 'N', 'N' );
	INSERT INTO MAP_APP_LANG VALUES ( 33220, 3,  'Y', 'N', 'N' );
	INSERT INTO MAP_APP_LANG VALUES ( 33220, 4,  'Y', 'N', 'N' );
	INSERT INTO MAP_APP_LANG VALUES ( 33220, 6,  'Y', 'N', 'N' );
	INSERT INTO MAP_APP_LANG VALUES ( 33220, 7,  'Y', 'N', 'N' );

	INSERT INTO MAP_APP_PUBLISHER VALUES( 33220, 160 );

	INSERT INTO MAP_APP_TAG VALUES( 33220, 19 );

INSERT INTO APP_TABLE	 VALUES( 33230, 'Assassin''s_Creed_2_Deluxe_Edition', 'An epic story of family, vengeance and conspiracy set in the pristine, yet brutal, backdrop of a Renaissance Italy. New low price!', SYSDATE ,12500, '' );
	INSERT INTO MAP_APP_CATEGORY VALUES( 33230, 3 );

	INSERT INTO MAP_APP_DEVELOPER VALUES( 33230, 162 );

	INSERT INTO MAP_APP_GENRE VALUES( 33230, 1 );
	INSERT INTO MAP_APP_GENRE VALUES( 33230, 3 );

	INSERT INTO MAP_APP_LANG VALUES ( 33230, 1,  'Y', 'N', 'Y' );
	INSERT INTO MAP_APP_LANG VALUES ( 33230, 2,  'Y', 'Y', 'Y' );
	INSERT INTO MAP_APP_LANG VALUES ( 33230, 3,  'Y', 'Y', 'Y' );
	INSERT INTO MAP_APP_LANG VALUES ( 33230, 4,  'Y', 'Y', 'Y' );
	INSERT INTO MAP_APP_LANG VALUES ( 33230, 14,  'Y', 'N', 'Y' );
	INSERT INTO MAP_APP_LANG VALUES ( 33230, 5,  'Y', 'N', 'Y' );
	INSERT INTO MAP_APP_LANG VALUES ( 33230, 6,  'Y', 'Y', 'Y' );
	INSERT INTO MAP_APP_LANG VALUES ( 33230, 7,  'Y', 'Y', 'Y' );
	INSERT INTO MAP_APP_LANG VALUES ( 33230, 17,  'Y', 'N', 'Y' );
	INSERT INTO MAP_APP_LANG VALUES ( 33230, 8,  'Y', 'N', 'Y' );
	INSERT INTO MAP_APP_LANG VALUES ( 33230, 12,  'Y', 'N', 'Y' );

	INSERT INTO MAP_APP_PUBLISHER VALUES( 33230, 160 );

	INSERT INTO MAP_APP_TAG VALUES( 33230, 19 );
	INSERT INTO MAP_APP_TAG VALUES( 33230, 1695 );
	INSERT INTO MAP_APP_TAG VALUES( 33230, 21 );
	INSERT INTO MAP_APP_TAG VALUES( 33230, 4036 );
	INSERT INTO MAP_APP_TAG VALUES( 33230, 1687 );
	INSERT INTO MAP_APP_TAG VALUES( 33230, 4376 );
	INSERT INTO MAP_APP_TAG VALUES( 33230, 1697 );
	INSERT INTO MAP_APP_TAG VALUES( 33230, 3987 );
	INSERT INTO MAP_APP_TAG VALUES( 33230, 1742 );
	INSERT INTO MAP_APP_TAG VALUES( 33230, 4182 );
	INSERT INTO MAP_APP_TAG VALUES( 33230, 1756 );
	INSERT INTO MAP_APP_TAG VALUES( 33230, 4166 );
	INSERT INTO MAP_APP_TAG VALUES( 33230, 5372 );
	INSERT INTO MAP_APP_TAG VALUES( 33230, 4106 );
	INSERT INTO MAP_APP_TAG VALUES( 33230, 1693 );
	INSERT INTO MAP_APP_TAG VALUES( 33230, 3859 );
	INSERT INTO MAP_APP_TAG VALUES( 33230, 7481 );
	INSERT INTO MAP_APP_TAG VALUES( 33230, 4598 );
	INSERT INTO MAP_APP_TAG VALUES( 33230, 3810 );
	INSERT INTO MAP_APP_TAG VALUES( 33230, 3942 );

INSERT INTO APP_TABLE	 VALUES( 500, 'Left_4_Dead', 'From Valve (the creators of Counter-Strike, Half-Life and more) comes Left 4 Dead, a co-op action horror game for the PC and Xbox 360 that casts up to four players in an epic struggle for survival against swarming zombie hordes and terrifying mutant monsters.', SYSDATE ,21000, '' );
	INSERT INTO MAP_APP_CATEGORY VALUES( 500, 3 );
	INSERT INTO MAP_APP_CATEGORY VALUES( 500, 1 );
	INSERT INTO MAP_APP_CATEGORY VALUES( 500, 16 );
	INSERT INTO MAP_APP_CATEGORY VALUES( 500, 4 );
	INSERT INTO MAP_APP_CATEGORY VALUES( 500, 17 );
	INSERT INTO MAP_APP_CATEGORY VALUES( 500, 6 );
	INSERT INTO MAP_APP_CATEGORY VALUES( 500, 8 );
	INSERT INTO MAP_APP_CATEGORY VALUES( 500, 2 );
	INSERT INTO MAP_APP_CATEGORY VALUES( 500, 11 );
	INSERT INTO MAP_APP_CATEGORY VALUES( 500, 18 );
	INSERT INTO MAP_APP_CATEGORY VALUES( 500, 9 );
	INSERT INTO MAP_APP_CATEGORY VALUES( 500, 12 );

	INSERT INTO MAP_APP_DEVELOPER VALUES( 500, 1 );

	INSERT INTO MAP_APP_GENRE VALUES( 500, 1 );

	INSERT INTO MAP_APP_LANG VALUES ( 500, 1,  'Y', 'N', 'N' );
	INSERT INTO MAP_APP_LANG VALUES ( 500, 3,  'Y', 'N', 'N' );
	INSERT INTO MAP_APP_LANG VALUES ( 500, 9,  'Y', 'Y', 'N' );
	INSERT INTO MAP_APP_LANG VALUES ( 500, 10,  'Y', 'N', 'N' );
	INSERT INTO MAP_APP_LANG VALUES ( 500, 5,  'Y', 'N', 'N' );
	INSERT INTO MAP_APP_LANG VALUES ( 500, 6,  'Y', 'Y', 'N' );
	INSERT INTO MAP_APP_LANG VALUES ( 500, 11,  'Y', 'N', 'N' );
	INSERT INTO MAP_APP_LANG VALUES ( 500, 12,  'Y', 'N', 'N' );
	INSERT INTO MAP_APP_LANG VALUES ( 500, 2,  'Y', 'Y', 'N' );
	INSERT INTO MAP_APP_LANG VALUES ( 500, 4,  'Y', 'Y', 'N' );
	INSERT INTO MAP_APP_LANG VALUES ( 500, 13,  'Y', 'N', 'N' );
	INSERT INTO MAP_APP_LANG VALUES ( 500, 14,  'Y', 'N', 'N' );
	INSERT INTO MAP_APP_LANG VALUES ( 500, 15,  'Y', 'N', 'N' );
	INSERT INTO MAP_APP_LANG VALUES ( 500, 7,  'Y', 'Y', 'N' );
	INSERT INTO MAP_APP_LANG VALUES ( 500, 17,  'Y', 'N', 'N' );
	INSERT INTO MAP_APP_LANG VALUES ( 500, 18,  'Y', 'N', 'N' );
	INSERT INTO MAP_APP_LANG VALUES ( 500, 8,  'Y', 'N', 'N' );

	INSERT INTO MAP_APP_PUBLISHER VALUES( 500, 1 );

	INSERT INTO MAP_APP_TAG VALUES( 500, 1659 );
	INSERT INTO MAP_APP_TAG VALUES( 500, 1685 );
	INSERT INTO MAP_APP_TAG VALUES( 500, 1663 );
	INSERT INTO MAP_APP_TAG VALUES( 500, 19 );
	INSERT INTO MAP_APP_TAG VALUES( 500, 3859 );
	INSERT INTO MAP_APP_TAG VALUES( 500, 1774 );
	INSERT INTO MAP_APP_TAG VALUES( 500, 3843 );
	INSERT INTO MAP_APP_TAG VALUES( 500, 5711 );
	INSERT INTO MAP_APP_TAG VALUES( 500, 3839 );
	INSERT INTO MAP_APP_TAG VALUES( 500, 1667 );
	INSERT INTO MAP_APP_TAG VALUES( 500, 1662 );
	INSERT INTO MAP_APP_TAG VALUES( 500, 3835 );
	INSERT INTO MAP_APP_TAG VALUES( 500, 4182 );
	INSERT INTO MAP_APP_TAG VALUES( 500, 4166 );
	INSERT INTO MAP_APP_TAG VALUES( 500, 21 );
	INSERT INTO MAP_APP_TAG VALUES( 500, 1708 );
	INSERT INTO MAP_APP_TAG VALUES( 500, 3878 );
	INSERT INTO MAP_APP_TAG VALUES( 500, 1669 );
	INSERT INTO MAP_APP_TAG VALUES( 500, 7208 );
	INSERT INTO MAP_APP_TAG VALUES( 500, 4711 );

INSERT INTO APP_TABLE	 VALUES( 550, 'Left_4_Dead_2', 'Set in the zombie apocalypse, Left 4 Dead 2 (L4D2) is the highly anticipated sequel to the award-winning Left 4 Dead, the #1 co-op game of 2008. This co-operative action horror FPS takes you and your friends through the cities, swamps and cemeteries of the Deep South, from Savannah to New Orleans across five expansive campaigns.', SYSDATE ,21000, '' );
	INSERT INTO MAP_APP_CATEGORY VALUES( 550, 3 );
	INSERT INTO MAP_APP_CATEGORY VALUES( 550, 1 );
	INSERT INTO MAP_APP_CATEGORY VALUES( 550, 16 );
	INSERT INTO MAP_APP_CATEGORY VALUES( 550, 4 );
	INSERT INTO MAP_APP_CATEGORY VALUES( 550, 17 );
	INSERT INTO MAP_APP_CATEGORY VALUES( 550, 5 );
	INSERT INTO MAP_APP_CATEGORY VALUES( 550, 6 );
	INSERT INTO MAP_APP_CATEGORY VALUES( 550, 14 );
	INSERT INTO MAP_APP_CATEGORY VALUES( 550, 8 );
	INSERT INTO MAP_APP_CATEGORY VALUES( 550, 2 );
	INSERT INTO MAP_APP_CATEGORY VALUES( 550, 11 );
	INSERT INTO MAP_APP_CATEGORY VALUES( 550, 9 );
	INSERT INTO MAP_APP_CATEGORY VALUES( 550, 12 );

	INSERT INTO MAP_APP_DEVELOPER VALUES( 550, 1 );

	INSERT INTO MAP_APP_GENRE VALUES( 550, 1 );

	INSERT INTO MAP_APP_LANG VALUES ( 550, 1,  'Y', 'N', 'N' );
	INSERT INTO MAP_APP_LANG VALUES ( 550, 3,  'Y', 'N', 'N' );
	INSERT INTO MAP_APP_LANG VALUES ( 550, 10,  'Y', 'N', 'N' );
	INSERT INTO MAP_APP_LANG VALUES ( 550, 9,  'Y', 'Y', 'N' );
	INSERT INTO MAP_APP_LANG VALUES ( 550, 5,  'Y', 'N', 'N' );
	INSERT INTO MAP_APP_LANG VALUES ( 550, 6,  'Y', 'Y', 'N' );
	INSERT INTO MAP_APP_LANG VALUES ( 550, 11,  'Y', 'N', 'N' );
	INSERT INTO MAP_APP_LANG VALUES ( 550, 12,  'Y', 'N', 'N' );
	INSERT INTO MAP_APP_LANG VALUES ( 550, 19,  'Y', 'N', 'N' );
	INSERT INTO MAP_APP_LANG VALUES ( 550, 2,  'Y', 'Y', 'N' );
	INSERT INTO MAP_APP_LANG VALUES ( 550, 4,  'Y', 'Y', 'N' );
	INSERT INTO MAP_APP_LANG VALUES ( 550, 13,  'Y', 'N', 'N' );
	INSERT INTO MAP_APP_LANG VALUES ( 550, 14,  'Y', 'N', 'N' );
	INSERT INTO MAP_APP_LANG VALUES ( 550, 15,  'Y', 'N', 'N' );
	INSERT INTO MAP_APP_LANG VALUES ( 550, 7,  'Y', 'Y', 'N' );
	INSERT INTO MAP_APP_LANG VALUES ( 550, 25,  'Y', 'N', 'N' );
	INSERT INTO MAP_APP_LANG VALUES ( 550, 17,  'Y', 'N', 'N' );
	INSERT INTO MAP_APP_LANG VALUES ( 550, 18,  'Y', 'N', 'N' );
	INSERT INTO MAP_APP_LANG VALUES ( 550, 8,  'Y', 'N', 'N' );

	INSERT INTO MAP_APP_PUBLISHER VALUES( 550, 1 );

	INSERT INTO MAP_APP_TAG VALUES( 550, 1659 );
	INSERT INTO MAP_APP_TAG VALUES( 550, 1685 );
	INSERT INTO MAP_APP_TAG VALUES( 550, 1663 );
	INSERT INTO MAP_APP_TAG VALUES( 550, 3859 );
	INSERT INTO MAP_APP_TAG VALUES( 550, 19 );
	INSERT INTO MAP_APP_TAG VALUES( 550, 3843 );
	INSERT INTO MAP_APP_TAG VALUES( 550, 1774 );
	INSERT INTO MAP_APP_TAG VALUES( 550, 1662 );
	INSERT INTO MAP_APP_TAG VALUES( 550, 3839 );
	INSERT INTO MAP_APP_TAG VALUES( 550, 1667 );
	INSERT INTO MAP_APP_TAG VALUES( 550, 5711 );
	INSERT INTO MAP_APP_TAG VALUES( 550, 1669 );
	INSERT INTO MAP_APP_TAG VALUES( 550, 4345 );
	INSERT INTO MAP_APP_TAG VALUES( 550, 3978 );
	INSERT INTO MAP_APP_TAG VALUES( 550, 3835 );
	INSERT INTO MAP_APP_TAG VALUES( 550, 4182 );
	INSERT INTO MAP_APP_TAG VALUES( 550, 21 );
	INSERT INTO MAP_APP_TAG VALUES( 550, 3841 );
	INSERT INTO MAP_APP_TAG VALUES( 550, 1708 );
	INSERT INTO MAP_APP_TAG VALUES( 550, 4711 );

INSERT INTO APP_TABLE	 VALUES( 33320, 'Prince_of_Persia:_The_Forgotten_Sands¢â', 'Prince of Persia The Forgotten Sands is the next chapter in the fan-favorite Sands of Time universe. Visiting his brother''s kingdom following his adventure in Azad, the Prince finds the royal palace under siege from a mighty army bent on its destruction.', SYSDATE ,12500, '' );
	INSERT INTO MAP_APP_CATEGORY VALUES( 33320, 3 );

	INSERT INTO MAP_APP_DEVELOPER VALUES( 33320, 162 );

	INSERT INTO MAP_APP_GENRE VALUES( 33320, 1 );
	INSERT INTO MAP_APP_GENRE VALUES( 33320, 3 );

	INSERT INTO MAP_APP_LANG VALUES ( 33320, 2,  'Y', 'N', 'N' );
	INSERT INTO MAP_APP_LANG VALUES ( 33320, 3,  'Y', 'N', 'N' );
	INSERT INTO MAP_APP_LANG VALUES ( 33320, 4,  'Y', 'N', 'N' );
	INSERT INTO MAP_APP_LANG VALUES ( 33320, 6,  'Y', 'N', 'N' );
	INSERT INTO MAP_APP_LANG VALUES ( 33320, 7,  'Y', 'N', 'N' );

	INSERT INTO MAP_APP_PUBLISHER VALUES( 33320, 160 );

	INSERT INTO MAP_APP_TAG VALUES( 33320, 19 );
	INSERT INTO MAP_APP_TAG VALUES( 33320, 21 );
	INSERT INTO MAP_APP_TAG VALUES( 33320, 1625 );
	INSERT INTO MAP_APP_TAG VALUES( 33320, 4036 );
	INSERT INTO MAP_APP_TAG VALUES( 33320, 1697 );
	INSERT INTO MAP_APP_TAG VALUES( 33320, 4182 );
	INSERT INTO MAP_APP_TAG VALUES( 33320, 1684 );

INSERT INTO APP_TABLE	 VALUES( 620, 'Portal_2', 'The "Perpetual Testing Initiative" has been expanded to allow you to design co-op puzzles for you and your friends!', SYSDATE ,21000, '' );
	INSERT INTO MAP_APP_CATEGORY VALUES( 620, 3 );
	INSERT INTO MAP_APP_CATEGORY VALUES( 620, 16 );
	INSERT INTO MAP_APP_CATEGORY VALUES( 620, 4 );
	INSERT INTO MAP_APP_CATEGORY VALUES( 620, 17 );
	INSERT INTO MAP_APP_CATEGORY VALUES( 620, 5 );
	INSERT INTO MAP_APP_CATEGORY VALUES( 620, 6 );
	INSERT INTO MAP_APP_CATEGORY VALUES( 620, 14 );
	INSERT INTO MAP_APP_CATEGORY VALUES( 620, 8 );
	INSERT INTO MAP_APP_CATEGORY VALUES( 620, 11 );
	INSERT INTO MAP_APP_CATEGORY VALUES( 620, 13 );
	INSERT INTO MAP_APP_CATEGORY VALUES( 620, 12 );

	INSERT INTO MAP_APP_DEVELOPER VALUES( 620, 1 );

	INSERT INTO MAP_APP_GENRE VALUES( 620, 1 );
	INSERT INTO MAP_APP_GENRE VALUES( 620, 3 );

	INSERT INTO MAP_APP_LANG VALUES ( 620, 1,  'Y', 'N', 'N' );
	INSERT INTO MAP_APP_LANG VALUES ( 620, 3,  'Y', 'N', 'N' );
	INSERT INTO MAP_APP_LANG VALUES ( 620, 10,  'Y', 'N', 'N' );
	INSERT INTO MAP_APP_LANG VALUES ( 620, 9,  'Y', 'Y', 'N' );
	INSERT INTO MAP_APP_LANG VALUES ( 620, 22,  'Y', 'N', 'N' );
	INSERT INTO MAP_APP_LANG VALUES ( 620, 5,  'Y', 'N', 'N' );
	INSERT INTO MAP_APP_LANG VALUES ( 620, 6,  'Y', 'Y', 'N' );
	INSERT INTO MAP_APP_LANG VALUES ( 620, 11,  'Y', 'N', 'N' );
	INSERT INTO MAP_APP_LANG VALUES ( 620, 12,  'Y', 'N', 'N' );
	INSERT INTO MAP_APP_LANG VALUES ( 620, 19,  'Y', 'N', 'N' );
	INSERT INTO MAP_APP_LANG VALUES ( 620, 2,  'Y', 'Y', 'N' );
	INSERT INTO MAP_APP_LANG VALUES ( 620, 4,  'Y', 'Y', 'N' );
	INSERT INTO MAP_APP_LANG VALUES ( 620, 13,  'Y', 'N', 'N' );
	INSERT INTO MAP_APP_LANG VALUES ( 620, 14,  'Y', 'N', 'N' );
	INSERT INTO MAP_APP_LANG VALUES ( 620, 15,  'Y', 'N', 'N' );
	INSERT INTO MAP_APP_LANG VALUES ( 620, 7,  'Y', 'Y', 'N' );
	INSERT INTO MAP_APP_LANG VALUES ( 620, 24,  'Y', 'N', 'N' );
	INSERT INTO MAP_APP_LANG VALUES ( 620, 25,  'Y', 'N', 'N' );
	INSERT INTO MAP_APP_LANG VALUES ( 620, 16,  'Y', 'N', 'N' );
	INSERT INTO MAP_APP_LANG VALUES ( 620, 17,  'Y', 'N', 'N' );
	INSERT INTO MAP_APP_LANG VALUES ( 620, 18,  'Y', 'N', 'N' );
	INSERT INTO MAP_APP_LANG VALUES ( 620, 8,  'Y', 'N', 'N' );

	INSERT INTO MAP_APP_PUBLISHER VALUES( 620, 1 );

	INSERT INTO MAP_APP_TAG VALUES( 620, 1664 );
	INSERT INTO MAP_APP_TAG VALUES( 620, 1685 );
	INSERT INTO MAP_APP_TAG VALUES( 620, 3839 );
	INSERT INTO MAP_APP_TAG VALUES( 620, 3942 );
	INSERT INTO MAP_APP_TAG VALUES( 620, 1719 );
	INSERT INTO MAP_APP_TAG VALUES( 620, 4182 );
	INSERT INTO MAP_APP_TAG VALUES( 620, 21 );
	INSERT INTO MAP_APP_TAG VALUES( 620, 3843 );
	INSERT INTO MAP_APP_TAG VALUES( 620, 4136 );
	INSERT INTO MAP_APP_TAG VALUES( 620, 5794 );
	INSERT INTO MAP_APP_TAG VALUES( 620, 7208 );
	INSERT INTO MAP_APP_TAG VALUES( 620, 19 );
	INSERT INTO MAP_APP_TAG VALUES( 620, 1742 );
	INSERT INTO MAP_APP_TAG VALUES( 620, 3859 );
	INSERT INTO MAP_APP_TAG VALUES( 620, 4166 );
	INSERT INTO MAP_APP_TAG VALUES( 620, 1663 );
	INSERT INTO MAP_APP_TAG VALUES( 620, 3841 );
	INSERT INTO MAP_APP_TAG VALUES( 620, 9 );
	INSERT INTO MAP_APP_TAG VALUES( 620, 1755 );
	INSERT INTO MAP_APP_TAG VALUES( 620, 1625 );

INSERT INTO APP_TABLE	 VALUES( 33390, 'Zeit©÷', 'Zeit©÷ brings a new twist to the traditional side-scrolling, 2D, shoot-¡¯em-up game sporting a unique time travel feature never seen before in this genre.', SYSDATE ,12500, '' );
	INSERT INTO MAP_APP_CATEGORY VALUES( 33390, 3 );
	INSERT INTO MAP_APP_CATEGORY VALUES( 33390, 4 );
	INSERT INTO MAP_APP_CATEGORY VALUES( 33390, 7 );
	INSERT INTO MAP_APP_CATEGORY VALUES( 33390, 8 );
	INSERT INTO MAP_APP_CATEGORY VALUES( 33390, 11 );
	INSERT INTO MAP_APP_CATEGORY VALUES( 33390, 18 );

	INSERT INTO MAP_APP_DEVELOPER VALUES( 33390, 286 );

	INSERT INTO MAP_APP_GENRE VALUES( 33390, 1 );
	INSERT INTO MAP_APP_GENRE VALUES( 33390, 4 );

	INSERT INTO MAP_APP_LANG VALUES ( 33390, 2,  'Y', 'N', 'N' );
	INSERT INTO MAP_APP_LANG VALUES ( 33390, 3,  'Y', 'N', 'N' );
	INSERT INTO MAP_APP_LANG VALUES ( 33390, 4,  'Y', 'N', 'N' );
	INSERT INTO MAP_APP_LANG VALUES ( 33390, 6,  'Y', 'N', 'N' );
	INSERT INTO MAP_APP_LANG VALUES ( 33390, 7,  'Y', 'N', 'N' );

	INSERT INTO MAP_APP_PUBLISHER VALUES( 33390, 160 );

	INSERT INTO MAP_APP_TAG VALUES( 33390, 19 );
	INSERT INTO MAP_APP_TAG VALUES( 33390, 492 );
	INSERT INTO MAP_APP_TAG VALUES( 33390, 4255 );
	INSERT INTO MAP_APP_TAG VALUES( 33390, 3798 );

INSERT INTO APP_TABLE	 VALUES( 33420, 'Call_of_Juarez¢ç:_The_Cartel', 'Embark on a bloody road trip from Los Angeles to Juarez as the lawlessness of the Old West into is brought into present day. Welcome to the new Wild West.', SYSDATE ,12500, '' );
	INSERT INTO MAP_APP_CATEGORY VALUES( 33420, 3 );
	INSERT INTO MAP_APP_CATEGORY VALUES( 33420, 1 );
	INSERT INTO MAP_APP_CATEGORY VALUES( 33420, 16 );
	INSERT INTO MAP_APP_CATEGORY VALUES( 33420, 4 );
	INSERT INTO MAP_APP_CATEGORY VALUES( 33420, 7 );
	INSERT INTO MAP_APP_CATEGORY VALUES( 33420, 18 );


	INSERT INTO MAP_APP_GENRE VALUES( 33420, 1 );
	INSERT INTO MAP_APP_GENRE VALUES( 33420, 3 );

	INSERT INTO MAP_APP_LANG VALUES ( 33420, 2,  'Y', 'N', 'N' );
	INSERT INTO MAP_APP_LANG VALUES ( 33420, 3,  'Y', 'N', 'N' );
	INSERT INTO MAP_APP_LANG VALUES ( 33420, 4,  'Y', 'N', 'N' );
	INSERT INTO MAP_APP_LANG VALUES ( 33420, 10,  'Y', 'N', 'N' );
	INSERT INTO MAP_APP_LANG VALUES ( 33420, 9,  'Y', 'N', 'N' );
	INSERT INTO MAP_APP_LANG VALUES ( 33420, 24,  'Y', 'N', 'N' );
	INSERT INTO MAP_APP_LANG VALUES ( 33420, 6,  'Y', 'N', 'N' );
	INSERT INTO MAP_APP_LANG VALUES ( 33420, 7,  'Y', 'N', 'N' );
	INSERT INTO MAP_APP_LANG VALUES ( 33420, 17,  'Y', 'N', 'N' );

	INSERT INTO MAP_APP_PUBLISHER VALUES( 33420, 160 );

	INSERT INTO MAP_APP_TAG VALUES( 33420, 19 );
	INSERT INTO MAP_APP_TAG VALUES( 33420, 21 );
	INSERT INTO MAP_APP_TAG VALUES( 33420, 1663 );
	INSERT INTO MAP_APP_TAG VALUES( 33420, 1685 );
	INSERT INTO MAP_APP_TAG VALUES( 33420, 1647 );
	INSERT INTO MAP_APP_TAG VALUES( 33420, 1774 );
	INSERT INTO MAP_APP_TAG VALUES( 33420, 3839 );
	INSERT INTO MAP_APP_TAG VALUES( 33420, 4182 );
	INSERT INTO MAP_APP_TAG VALUES( 33420, 7208 );
	INSERT INTO MAP_APP_TAG VALUES( 33420, 3859 );
	INSERT INTO MAP_APP_TAG VALUES( 33420, 6650 );

INSERT INTO APP_TABLE	 VALUES( 33460, 'From_Dust', 'Immerse yourself in a world as exotically beautiful as it is dangerous in this modern God-Game where Nature is the Star!', SYSDATE ,12500, '' );
	INSERT INTO MAP_APP_CATEGORY VALUES( 33460, 3 );

	INSERT INTO MAP_APP_DEVELOPER VALUES( 33460, 166 );

	INSERT INTO MAP_APP_GENRE VALUES( 33460, 3 );
	INSERT INTO MAP_APP_GENRE VALUES( 33460, 8 );

	INSERT INTO MAP_APP_LANG VALUES ( 33460, 2,  'Y', 'N', 'N' );
	INSERT INTO MAP_APP_LANG VALUES ( 33460, 3,  'Y', 'N', 'N' );
	INSERT INTO MAP_APP_LANG VALUES ( 33460, 4,  'Y', 'N', 'N' );
	INSERT INTO MAP_APP_LANG VALUES ( 33460, 6,  'Y', 'N', 'N' );
	INSERT INTO MAP_APP_LANG VALUES ( 33460, 7,  'Y', 'N', 'N' );

	INSERT INTO MAP_APP_PUBLISHER VALUES( 33460, 160 );

	INSERT INTO MAP_APP_TAG VALUES( 33460, 5300 );
	INSERT INTO MAP_APP_TAG VALUES( 33460, 599 );
	INSERT INTO MAP_APP_TAG VALUES( 33460, 21 );
	INSERT INTO MAP_APP_TAG VALUES( 33460, 4182 );
	INSERT INTO MAP_APP_TAG VALUES( 33460, 3810 );
	INSERT INTO MAP_APP_TAG VALUES( 33460, 9 );
	INSERT INTO MAP_APP_TAG VALUES( 33460, 1664 );
	INSERT INTO MAP_APP_TAG VALUES( 33460, 4057 );
	INSERT INTO MAP_APP_TAG VALUES( 33460, 1643 );

INSERT INTO APP_TABLE	 VALUES( 730, 'Counter-Strike:_Global_Offensive', 'Counter-Strike: Global Offensive (CS: GO) will expand upon the team-based action gameplay that it pioneered when it was launched 14 years ago. CS: GO features new maps, characters, and weapons and delivers updated versions of the classic CS content (de_dust2, etc.).', SYSDATE ,16000, '' );
	INSERT INTO MAP_APP_CATEGORY VALUES( 730, 1 );
	INSERT INTO MAP_APP_CATEGORY VALUES( 730, 4 );
	INSERT INTO MAP_APP_CATEGORY VALUES( 730, 17 );
	INSERT INTO MAP_APP_CATEGORY VALUES( 730, 5 );
	INSERT INTO MAP_APP_CATEGORY VALUES( 730, 14 );
	INSERT INTO MAP_APP_CATEGORY VALUES( 730, 15 );
	INSERT INTO MAP_APP_CATEGORY VALUES( 730, 2 );
	INSERT INTO MAP_APP_CATEGORY VALUES( 730, 11 );

	INSERT INTO MAP_APP_DEVELOPER VALUES( 730, 1 );

	INSERT INTO MAP_APP_GENRE VALUES( 730, 1 );

	INSERT INTO MAP_APP_LANG VALUES ( 730, 20,  'Y', 'N', 'N' );
	INSERT INTO MAP_APP_LANG VALUES ( 730, 3,  'Y', 'N', 'N' );
	INSERT INTO MAP_APP_LANG VALUES ( 730, 9,  'Y', 'N', 'N' );
	INSERT INTO MAP_APP_LANG VALUES ( 730, 6,  'Y', 'N', 'N' );
	INSERT INTO MAP_APP_LANG VALUES ( 730, 12,  'Y', 'N', 'N' );
	INSERT INTO MAP_APP_LANG VALUES ( 730, 19,  'Y', 'N', 'N' );
	INSERT INTO MAP_APP_LANG VALUES ( 730, 21,  'Y', 'N', 'N' );
	INSERT INTO MAP_APP_LANG VALUES ( 730, 4,  'Y', 'N', 'N' );
	INSERT INTO MAP_APP_LANG VALUES ( 730, 13,  'Y', 'N', 'N' );
	INSERT INTO MAP_APP_LANG VALUES ( 730, 15,  'Y', 'N', 'N' );
	INSERT INTO MAP_APP_LANG VALUES ( 730, 7,  'Y', 'N', 'N' );
	INSERT INTO MAP_APP_LANG VALUES ( 730, 16,  'Y', 'N', 'N' );
	INSERT INTO MAP_APP_LANG VALUES ( 730, 18,  'Y', 'N', 'N' );
	INSERT INTO MAP_APP_LANG VALUES ( 730, 1,  'Y', 'N', 'N' );
	INSERT INTO MAP_APP_LANG VALUES ( 730, 10,  'Y', 'N', 'N' );
	INSERT INTO MAP_APP_LANG VALUES ( 730, 22,  'Y', 'N', 'N' );
	INSERT INTO MAP_APP_LANG VALUES ( 730, 5,  'Y', 'N', 'N' );
	INSERT INTO MAP_APP_LANG VALUES ( 730, 23,  'Y', 'N', 'N' );
	INSERT INTO MAP_APP_LANG VALUES ( 730, 11,  'Y', 'N', 'N' );
	INSERT INTO MAP_APP_LANG VALUES ( 730, 2,  'Y', 'Y', 'N' );
	INSERT INTO MAP_APP_LANG VALUES ( 730, 14,  'Y', 'N', 'N' );
	INSERT INTO MAP_APP_LANG VALUES ( 730, 24,  'Y', 'N', 'N' );
	INSERT INTO MAP_APP_LANG VALUES ( 730, 25,  'Y', 'N', 'N' );
	INSERT INTO MAP_APP_LANG VALUES ( 730, 17,  'Y', 'N', 'N' );
	INSERT INTO MAP_APP_LANG VALUES ( 730, 8,  'Y', 'N', 'N' );

	INSERT INTO MAP_APP_PUBLISHER VALUES( 730, 1 );

	INSERT INTO MAP_APP_TAG VALUES( 730, 1663 );
	INSERT INTO MAP_APP_TAG VALUES( 730, 3859 );
	INSERT INTO MAP_APP_TAG VALUES( 730, 1774 );
	INSERT INTO MAP_APP_TAG VALUES( 730, 19 );
	INSERT INTO MAP_APP_TAG VALUES( 730, 5711 );
	INSERT INTO MAP_APP_TAG VALUES( 730, 3878 );
	INSERT INTO MAP_APP_TAG VALUES( 730, 1708 );
	INSERT INTO MAP_APP_TAG VALUES( 730, 3839 );
	INSERT INTO MAP_APP_TAG VALUES( 730, 5055 );
	INSERT INTO MAP_APP_TAG VALUES( 730, 1775 );
	INSERT INTO MAP_APP_TAG VALUES( 730, 3843 );
	INSERT INTO MAP_APP_TAG VALUES( 730, 4168 );
	INSERT INTO MAP_APP_TAG VALUES( 730, 1685 );
	INSERT INTO MAP_APP_TAG VALUES( 730, 9 );
	INSERT INTO MAP_APP_TAG VALUES( 730, 1678 );
	INSERT INTO MAP_APP_TAG VALUES( 730, 4202 );
	INSERT INTO MAP_APP_TAG VALUES( 730, 4175 );
	INSERT INTO MAP_APP_TAG VALUES( 730, 4026 );
	INSERT INTO MAP_APP_TAG VALUES( 730, 1734 );
	INSERT INTO MAP_APP_TAG VALUES( 730, 1669 );

INSERT INTO APP_TABLE	 VALUES( 33520, 'Tropico_Reloaded', 'TROPICO RELOADED is the ultimate game compilation for hobby-dictators and those dreaming of their own Caribbean island. Tropico combines real-time strategy and simulation elements with a healthy dose of political intrigue and Caribbean flair to create a unique and critically acclaimed game experience.', SYSDATE ,7500, '' );
	INSERT INTO MAP_APP_CATEGORY VALUES( 33520, 3 );

	INSERT INTO MAP_APP_DEVELOPER VALUES( 33520, 287 );
	INSERT INTO MAP_APP_DEVELOPER VALUES( 33520, 288 );
	INSERT INTO MAP_APP_DEVELOPER VALUES( 33520, 289 );

	INSERT INTO MAP_APP_GENRE VALUES( 33520, 8 );
	INSERT INTO MAP_APP_GENRE VALUES( 33520, 5 );

	INSERT INTO MAP_APP_LANG VALUES ( 33520, 2,  'Y', 'N', 'N' );


	INSERT INTO MAP_APP_TAG VALUES( 33520, 599 );
	INSERT INTO MAP_APP_TAG VALUES( 33520, 4328 );
	INSERT INTO MAP_APP_TAG VALUES( 33520, 9 );
	INSERT INTO MAP_APP_TAG VALUES( 33520, 12472 );
	INSERT INTO MAP_APP_TAG VALUES( 33520, 1693 );
	INSERT INTO MAP_APP_TAG VALUES( 33520, 3810 );
	INSERT INTO MAP_APP_TAG VALUES( 33520, 4182 );
	INSERT INTO MAP_APP_TAG VALUES( 33520, 1719 );
	INSERT INTO MAP_APP_TAG VALUES( 33520, 1681 );
	INSERT INTO MAP_APP_TAG VALUES( 33520, 1756 );

INSERT INTO APP_TABLE	 VALUES( 33540, 'Dawn_of_Magic_2', 'The well-known Action-RPG Dawn of Magic will now be continued as the evil forces won''t leave the world without a desperate struggle after the death of the monstrous immortal Modo. Peace is ruined, the fragile balance of the forces that remained for 10 years has fallen into pieces.', SYSDATE ,3300, '' );
	INSERT INTO MAP_APP_CATEGORY VALUES( 33540, 3 );
	INSERT INTO MAP_APP_CATEGORY VALUES( 33540, 1 );

	INSERT INTO MAP_APP_DEVELOPER VALUES( 33540, 290 );
	INSERT INTO MAP_APP_DEVELOPER VALUES( 33540, 291 );

	INSERT INTO MAP_APP_GENRE VALUES( 33540, 1 );
	INSERT INTO MAP_APP_GENRE VALUES( 33540, 6 );

	INSERT INTO MAP_APP_LANG VALUES ( 33540, 2,  'Y', 'N', 'N' );
	INSERT INTO MAP_APP_LANG VALUES ( 33540, 4,  'Y', 'N', 'N' );
	INSERT INTO MAP_APP_LANG VALUES ( 33540, 6,  'Y', 'N', 'N' );

	INSERT INTO MAP_APP_PUBLISHER VALUES( 33540, 32 );

	INSERT INTO MAP_APP_TAG VALUES( 33540, 122 );
	INSERT INTO MAP_APP_TAG VALUES( 33540, 19 );
	INSERT INTO MAP_APP_TAG VALUES( 33540, 4231 );
	INSERT INTO MAP_APP_TAG VALUES( 33540, 1646 );

INSERT INTO APP_TABLE	 VALUES( 33570, 'Patrician_III', 'Patrician III - sequel to the award winning game Patrician II - features advanced in-game AI, which adjusts its difficulty based on experience and ability. In this economic sandbox game you can gain wealth and power in multiple ways - what you will do with it is up to you.', SYSDATE ,5500, '' );
	INSERT INTO MAP_APP_CATEGORY VALUES( 33570, 3 );

	INSERT INTO MAP_APP_DEVELOPER VALUES( 33570, 142 );

	INSERT INTO MAP_APP_GENRE VALUES( 33570, 6 );
	INSERT INTO MAP_APP_GENRE VALUES( 33570, 8 );
	INSERT INTO MAP_APP_GENRE VALUES( 33570, 5 );

	INSERT INTO MAP_APP_LANG VALUES ( 33570, 2,  'Y', 'N', 'N' );


	INSERT INTO MAP_APP_TAG VALUES( 33570, 9 );
	INSERT INTO MAP_APP_TAG VALUES( 33570, 599 );
	INSERT INTO MAP_APP_TAG VALUES( 33570, 4202 );
	INSERT INTO MAP_APP_TAG VALUES( 33570, 122 );
	INSERT INTO MAP_APP_TAG VALUES( 33570, 4695 );
	INSERT INTO MAP_APP_TAG VALUES( 33570, 3987 );
	INSERT INTO MAP_APP_TAG VALUES( 33570, 12472 );

INSERT INTO APP_TABLE	 VALUES( 33580, 'The_Great_Art_Race', 'The famous art collection of your family was stolen. By investing the profits of your coffee or tobacco plantations you might have the chance to save the heritage of your ancestors ? but only if you manage your colonial enterprise wisely.', SYSDATE ,5500, '' );
	INSERT INTO MAP_APP_CATEGORY VALUES( 33580, 3 );

	INSERT INTO MAP_APP_DEVELOPER VALUES( 33580, 142 );

	INSERT INTO MAP_APP_GENRE VALUES( 33580, 8 );
	INSERT INTO MAP_APP_GENRE VALUES( 33580, 5 );

	INSERT INTO MAP_APP_LANG VALUES ( 33580, 2,  'Y', 'N', 'N' );


	INSERT INTO MAP_APP_TAG VALUES( 33580, 9 );
	INSERT INTO MAP_APP_TAG VALUES( 33580, 599 );

INSERT INTO APP_TABLE	 VALUES( 33600, 'Broken_Sword_2_-_the_Smoking_Mirror:_Remastered', '¡®Broken Sword - The Smoking Mirror: Remastered¡¯ is a stunning update to the multi million-selling original. While investigating a ruthless drug gang, journalist Nico Collard unexpectedly comes across an ancient artifact.', SYSDATE ,6500, '' );
	INSERT INTO MAP_APP_CATEGORY VALUES( 33600, 3 );

	INSERT INTO MAP_APP_DEVELOPER VALUES( 33600, 292 );

	INSERT INTO MAP_APP_GENRE VALUES( 33600, 3 );

	INSERT INTO MAP_APP_LANG VALUES ( 33600, 2,  'Y', 'Y', 'Y' );
	INSERT INTO MAP_APP_LANG VALUES ( 33600, 3,  'Y', 'Y', 'Y' );
	INSERT INTO MAP_APP_LANG VALUES ( 33600, 4,  'Y', 'Y', 'Y' );
	INSERT INTO MAP_APP_LANG VALUES ( 33600, 6,  'Y', 'Y', 'Y' );
	INSERT INTO MAP_APP_LANG VALUES ( 33600, 7,  'Y', 'Y', 'Y' );

	INSERT INTO MAP_APP_PUBLISHER VALUES( 33600, 292 );

	INSERT INTO MAP_APP_TAG VALUES( 33600, 21 );
	INSERT INTO MAP_APP_TAG VALUES( 33600, 1698 );
	INSERT INTO MAP_APP_TAG VALUES( 33600, 1693 );
	INSERT INTO MAP_APP_TAG VALUES( 33600, 5716 );
	INSERT INTO MAP_APP_TAG VALUES( 33600, 4182 );
	INSERT INTO MAP_APP_TAG VALUES( 33600, 5372 );
	INSERT INTO MAP_APP_TAG VALUES( 33600, 1664 );
	INSERT INTO MAP_APP_TAG VALUES( 33600, 6691 );
	INSERT INTO MAP_APP_TAG VALUES( 33600, 1697 );

INSERT INTO APP_TABLE	 VALUES( 33610, 'Broken_Sword_3_-_the_Sleeping_Dragon', 'An ancient conspiracy. A broken code. An unsolved murder. Welcome to Broken Sword ? The Sleeping Dragon, the multi BAFTA-nominated adventure. Once more George and Nico must travel the world, wrestling danger, and piecing together the clues that will unravel the secrets of the Sleeping Dragon.', SYSDATE ,6500, '' );
	INSERT INTO MAP_APP_CATEGORY VALUES( 33610, 3 );
	INSERT INTO MAP_APP_CATEGORY VALUES( 33610, 7 );

	INSERT INTO MAP_APP_DEVELOPER VALUES( 33610, 292 );

	INSERT INTO MAP_APP_GENRE VALUES( 33610, 3 );

	INSERT INTO MAP_APP_LANG VALUES ( 33610, 2,  'Y', 'Y', 'Y' );

	INSERT INTO MAP_APP_PUBLISHER VALUES( 33610, 292 );

	INSERT INTO MAP_APP_TAG VALUES( 33610, 21 );
	INSERT INTO MAP_APP_TAG VALUES( 33610, 5716 );
	INSERT INTO MAP_APP_TAG VALUES( 33610, 1698 );
	INSERT INTO MAP_APP_TAG VALUES( 33610, 1664 );
	INSERT INTO MAP_APP_TAG VALUES( 33610, 4182 );
	INSERT INTO MAP_APP_TAG VALUES( 33610, 1693 );
	INSERT INTO MAP_APP_TAG VALUES( 33610, 1697 );

INSERT INTO APP_TABLE	 VALUES( 33620, 'Crash_Time_3', 'Like its predecessors, Crash Time 3, the new installment of the well-known action racing game series, offers varied gameplay in top quality. The German game forge Synetic has once more taken the graphics engine a significant step further.', SYSDATE ,6500, '' );
	INSERT INTO MAP_APP_CATEGORY VALUES( 33620, 3 );
	INSERT INTO MAP_APP_CATEGORY VALUES( 33620, 1 );

	INSERT INTO MAP_APP_DEVELOPER VALUES( 33620, 293 );

	INSERT INTO MAP_APP_GENRE VALUES( 33620, 1 );
	INSERT INTO MAP_APP_GENRE VALUES( 33620, 9 );

	INSERT INTO MAP_APP_LANG VALUES ( 33620, 2,  'Y', 'N', 'N' );
	INSERT INTO MAP_APP_LANG VALUES ( 33620, 4,  'Y', 'N', 'N' );
	INSERT INTO MAP_APP_LANG VALUES ( 33620, 6,  'Y', 'N', 'N' );


	INSERT INTO MAP_APP_TAG VALUES( 33620, 699 );
	INSERT INTO MAP_APP_TAG VALUES( 33620, 19 );
	INSERT INTO MAP_APP_TAG VALUES( 33620, 1695 );
	INSERT INTO MAP_APP_TAG VALUES( 33620, 599 );
	INSERT INTO MAP_APP_TAG VALUES( 33620, 3859 );

INSERT INTO APP_TABLE	 VALUES( 33670, 'Disciples_III_-_Renaissance_Steam_Special_Edition', 'This Steam Special Edition includes three exclusive maps and Steam Achievements.', SYSDATE ,16000, '' );
	INSERT INTO MAP_APP_CATEGORY VALUES( 33670, 3 );
	INSERT INTO MAP_APP_CATEGORY VALUES( 33670, 1 );
	INSERT INTO MAP_APP_CATEGORY VALUES( 33670, 4 );

	INSERT INTO MAP_APP_DEVELOPER VALUES( 33670, 121 );
	INSERT INTO MAP_APP_DEVELOPER VALUES( 33670, 294 );

	INSERT INTO MAP_APP_GENRE VALUES( 33670, 5 );
	INSERT INTO MAP_APP_GENRE VALUES( 33670, 6 );

	INSERT INTO MAP_APP_LANG VALUES ( 33670, 2,  'Y', 'N', 'N' );
	INSERT INTO MAP_APP_LANG VALUES ( 33670, 4,  'Y', 'N', 'N' );
	INSERT INTO MAP_APP_LANG VALUES ( 33670, 6,  'Y', 'N', 'N' );


	INSERT INTO MAP_APP_TAG VALUES( 33670, 9 );
	INSERT INTO MAP_APP_TAG VALUES( 33670, 122 );
	INSERT INTO MAP_APP_TAG VALUES( 33670, 1677 );
	INSERT INTO MAP_APP_TAG VALUES( 33670, 1741 );
	INSERT INTO MAP_APP_TAG VALUES( 33670, 1684 );

INSERT INTO APP_TABLE	 VALUES( 33680, 'eversion', 'The Princess of the Flower Kingdom has vanished! She was taken by the Ghulibas of the north, and it is up to brave Zee Tee to rescue her. On his quest, he - and you - will discover the hidden lands behind the peaceful kingdom, and come face to face with secrets that will set you on edge!', SYSDATE ,5500, '' );
	INSERT INTO MAP_APP_CATEGORY VALUES( 33680, 3 );
	INSERT INTO MAP_APP_CATEGORY VALUES( 33680, 4 );
	INSERT INTO MAP_APP_CATEGORY VALUES( 33680, 5 );
	INSERT INTO MAP_APP_CATEGORY VALUES( 33680, 7 );
	INSERT INTO MAP_APP_CATEGORY VALUES( 33680, 18 );

	INSERT INTO MAP_APP_DEVELOPER VALUES( 33680, 295 );

	INSERT INTO MAP_APP_GENRE VALUES( 33680, 4 );

	INSERT INTO MAP_APP_LANG VALUES ( 33680, 2,  'Y', 'N', 'N' );

	INSERT INTO MAP_APP_PUBLISHER VALUES( 33680, 295 );

	INSERT INTO MAP_APP_TAG VALUES( 33680, 1625 );
	INSERT INTO MAP_APP_TAG VALUES( 33680, 492 );
	INSERT INTO MAP_APP_TAG VALUES( 33680, 1667 );
	INSERT INTO MAP_APP_TAG VALUES( 33680, 4234 );
	INSERT INTO MAP_APP_TAG VALUES( 33680, 7432 );
	INSERT INTO MAP_APP_TAG VALUES( 33680, 3871 );
	INSERT INTO MAP_APP_TAG VALUES( 33680, 4182 );
	INSERT INTO MAP_APP_TAG VALUES( 33680, 3964 );
	INSERT INTO MAP_APP_TAG VALUES( 33680, 4342 );
	INSERT INTO MAP_APP_TAG VALUES( 33680, 4726 );
	INSERT INTO MAP_APP_TAG VALUES( 33680, 1664 );
	INSERT INTO MAP_APP_TAG VALUES( 33680, 4004 );
	INSERT INTO MAP_APP_TAG VALUES( 33680, 4026 );
	INSERT INTO MAP_APP_TAG VALUES( 33680, 3798 );
	INSERT INTO MAP_APP_TAG VALUES( 33680, 6971 );

INSERT INTO APP_TABLE	 VALUES( 33730, '18_Wheels_of_Steel:_Extreme_Trucker', 'You ¡®da Boss! Move it better and faster while staying alive. Build your reputation and your empire in the far corners of the world as you haul across the most extreme conditions and loads. Grab the wheel and hop in ? is your heart pounding yet? Haul extreme cargo - from diamonds to oil pipes - across 3 death-defying terrains.', SYSDATE ,-1, '' );
	INSERT INTO MAP_APP_CATEGORY VALUES( 33730, 3 );


	INSERT INTO MAP_APP_GENRE VALUES( 33730, 8 );

	INSERT INTO MAP_APP_LANG VALUES ( 33730, 2,  'Y', 'N', 'N' );


	INSERT INTO MAP_APP_TAG VALUES( 33730, 599 );
	INSERT INTO MAP_APP_TAG VALUES( 33730, 1644 );

INSERT INTO APP_TABLE	 VALUES( 33750, 'Prison_Tycoon_4:_SuperMax', 'Hard Time is Money Build a profitable privately run prison from the ground up. Every wall, every fence, every decision is yours. Start small and forge your reputation as a first rate warden. Grow your facility to SuperMax capabilities, housing the most dangerous and diabolical criminals on earth - all for the bottom line.', SYSDATE ,-1, '' );
	INSERT INTO MAP_APP_CATEGORY VALUES( 33750, 3 );


	INSERT INTO MAP_APP_GENRE VALUES( 33750, 8 );

	INSERT INTO MAP_APP_LANG VALUES ( 33750, 2,  'Y', 'N', 'N' );


	INSERT INTO MAP_APP_TAG VALUES( 33750, 599 );
	INSERT INTO MAP_APP_TAG VALUES( 33750, 12472 );

INSERT INTO APP_TABLE	 VALUES( 33760, 'The_Search_for_Amelia_Earhart', 'Follow Amelia Earhart¡¯s life through space and time to learn about her accomplishments and discover what could have really happened to her on her last flight. Only you can discover the truth of what really happened on that long flight so many years ago!Features:Uncover history as you search for actual memorabilia left behind by Amelia.', SYSDATE ,-1, '' );
	INSERT INTO MAP_APP_CATEGORY VALUES( 33760, 3 );

	INSERT INTO MAP_APP_DEVELOPER VALUES( 33760, 296 );

	INSERT INTO MAP_APP_GENRE VALUES( 33760, 7 );

	INSERT INTO MAP_APP_LANG VALUES ( 33760, 2,  'Y', 'N', 'N' );


	INSERT INTO MAP_APP_TAG VALUES( 33760, 597 );
	INSERT INTO MAP_APP_TAG VALUES( 33760, 1738 );

INSERT INTO APP_TABLE	 VALUES( 33770, 'Drakensang:_The_River_of_Time', 'The prequel to Radon Labs'' award-winning RPG, Drakensang: The River of Time introduces a brand new story within the Drakensang universe. The new story brings many innovations and new game elements for experienced as well for first time players, who will jump right into the fascinating medieval fantasy RPG scenario of Drakensang: The...', SYSDATE ,21000, '' );
	INSERT INTO MAP_APP_CATEGORY VALUES( 33770, 3 );

	INSERT INTO MAP_APP_DEVELOPER VALUES( 33770, 297 );

	INSERT INTO MAP_APP_GENRE VALUES( 33770, 6 );

	INSERT INTO MAP_APP_LANG VALUES ( 33770, 2,  'Y', 'N', 'N' );


	INSERT INTO MAP_APP_TAG VALUES( 33770, 122 );
	INSERT INTO MAP_APP_TAG VALUES( 33770, 1684 );
	INSERT INTO MAP_APP_TAG VALUES( 33770, 4182 );
	INSERT INTO MAP_APP_TAG VALUES( 33770, 21 );
	INSERT INTO MAP_APP_TAG VALUES( 33770, 7107 );
	INSERT INTO MAP_APP_TAG VALUES( 33770, 10695 );
	INSERT INTO MAP_APP_TAG VALUES( 33770, 4166 );
	INSERT INTO MAP_APP_TAG VALUES( 33770, 1677 );

INSERT INTO APP_TABLE	 VALUES( 1002, 'Rag_Doll_Kung_Fu', 'Featuring a wide collection of single and multiplayer games, either online or with multiple mice, Rag Doll Kung Fu provides players with one of the most creative and unique game experiences delivered in years.', SYSDATE ,-1, '' );
	INSERT INTO MAP_APP_CATEGORY VALUES( 1002, 3 );
	INSERT INTO MAP_APP_CATEGORY VALUES( 1002, 1 );

	INSERT INTO MAP_APP_DEVELOPER VALUES( 1002, 3 );

	INSERT INTO MAP_APP_GENRE VALUES( 1002, 4 );

	INSERT INTO MAP_APP_LANG VALUES ( 1002, 2,  'Y', 'N', 'N' );

	INSERT INTO MAP_APP_PUBLISHER VALUES( 1002, 3 );

	INSERT INTO MAP_APP_TAG VALUES( 1002, 492 );
	INSERT INTO MAP_APP_TAG VALUES( 1002, 1743 );
	INSERT INTO MAP_APP_TAG VALUES( 1002, 3859 );

INSERT INTO APP_TABLE	 VALUES( 33790, 'Elizabeth_Find_M.D._-_Diagnosis_Mystery_-_Season_2', 'Unravel the Medical Mysteries in this Dramatic Puzzle Adventure!', SYSDATE ,-1, '' );
	INSERT INTO MAP_APP_CATEGORY VALUES( 33790, 3 );

	INSERT INTO MAP_APP_DEVELOPER VALUES( 33790, 298 );

	INSERT INTO MAP_APP_GENRE VALUES( 33790, 7 );

	INSERT INTO MAP_APP_LANG VALUES ( 33790, 2,  'Y', 'N', 'N' );


	INSERT INTO MAP_APP_TAG VALUES( 33790, 597 );
	INSERT INTO MAP_APP_TAG VALUES( 33790, 1738 );

INSERT INTO APP_TABLE	 VALUES( 33900, 'Arma_2', 'Building on 10 years of constant engine development, ARMA II boasts the most realistic combat environment in the world. It models real world ballistics & round deflection, materials penetration, features a realtime day/night cycle and dynamic wind, weather and environmental effects.', SYSDATE ,12900, '' );
	INSERT INTO MAP_APP_CATEGORY VALUES( 33900, 3 );
	INSERT INTO MAP_APP_CATEGORY VALUES( 33900, 1 );
	INSERT INTO MAP_APP_CATEGORY VALUES( 33900, 16 );
	INSERT INTO MAP_APP_CATEGORY VALUES( 33900, 6 );
	INSERT INTO MAP_APP_CATEGORY VALUES( 33900, 7 );
	INSERT INTO MAP_APP_CATEGORY VALUES( 33900, 13 );

	INSERT INTO MAP_APP_DEVELOPER VALUES( 33900, 29 );

	INSERT INTO MAP_APP_GENRE VALUES( 33900, 1 );
	INSERT INTO MAP_APP_GENRE VALUES( 33900, 8 );
	INSERT INTO MAP_APP_GENRE VALUES( 33900, 5 );

	INSERT INTO MAP_APP_LANG VALUES ( 33900, 2,  'Y', 'N', 'N' );

	INSERT INTO MAP_APP_PUBLISHER VALUES( 33900, 29 );

	INSERT INTO MAP_APP_TAG VALUES( 33900, 599 );
	INSERT INTO MAP_APP_TAG VALUES( 33900, 4168 );
	INSERT INTO MAP_APP_TAG VALUES( 33900, 19 );
	INSERT INTO MAP_APP_TAG VALUES( 33900, 3859 );
	INSERT INTO MAP_APP_TAG VALUES( 33900, 1708 );
	INSERT INTO MAP_APP_TAG VALUES( 33900, 4175 );
	INSERT INTO MAP_APP_TAG VALUES( 33900, 1663 );
	INSERT INTO MAP_APP_TAG VALUES( 33900, 1695 );
	INSERT INTO MAP_APP_TAG VALUES( 33900, 9 );
	INSERT INTO MAP_APP_TAG VALUES( 33900, 1774 );
	INSERT INTO MAP_APP_TAG VALUES( 33900, 3839 );
	INSERT INTO MAP_APP_TAG VALUES( 33900, 1685 );
	INSERT INTO MAP_APP_TAG VALUES( 33900, 1669 );
	INSERT INTO MAP_APP_TAG VALUES( 33900, 1678 );
	INSERT INTO MAP_APP_TAG VALUES( 33900, 4182 );
	INSERT INTO MAP_APP_TAG VALUES( 33900, 1697 );
	INSERT INTO MAP_APP_TAG VALUES( 33900, 3810 );
	INSERT INTO MAP_APP_TAG VALUES( 33900, 1659 );
	INSERT INTO MAP_APP_TAG VALUES( 33900, 3814 );
	INSERT INTO MAP_APP_TAG VALUES( 33900, 8075 );

INSERT INTO APP_TABLE	 VALUES( 33930, 'Arma_2:_Operation_Arrowhead', 'Three years after the conflict in Chernarus, portrayed in the original Arma 2, a new flashpoint explodes in the Green Sea Region. Coalition forces led by the US Army are deployed to Takistan to quickly restore peace and prevent further civilian casualties.', SYSDATE ,19900, '' );
	INSERT INTO MAP_APP_CATEGORY VALUES( 33930, 3 );
	INSERT INTO MAP_APP_CATEGORY VALUES( 33930, 1 );
	INSERT INTO MAP_APP_CATEGORY VALUES( 33930, 16 );
	INSERT INTO MAP_APP_CATEGORY VALUES( 33930, 6 );
	INSERT INTO MAP_APP_CATEGORY VALUES( 33930, 7 );
	INSERT INTO MAP_APP_CATEGORY VALUES( 33930, 13 );

	INSERT INTO MAP_APP_DEVELOPER VALUES( 33930, 29 );

	INSERT INTO MAP_APP_GENRE VALUES( 33930, 1 );
	INSERT INTO MAP_APP_GENRE VALUES( 33930, 8 );
	INSERT INTO MAP_APP_GENRE VALUES( 33930, 5 );

	INSERT INTO MAP_APP_LANG VALUES ( 33930, 2,  'Y', 'Y', 'N' );
	INSERT INTO MAP_APP_LANG VALUES ( 33930, 3,  'Y', 'N', 'Y' );
	INSERT INTO MAP_APP_LANG VALUES ( 33930, 4,  'Y', 'N', 'Y' );
	INSERT INTO MAP_APP_LANG VALUES ( 33930, 10,  'Y', 'N', 'Y' );
	INSERT INTO MAP_APP_LANG VALUES ( 33930, 9,  'Y', 'N', 'Y' );
	INSERT INTO MAP_APP_LANG VALUES ( 33930, 24,  'Y', 'N', 'Y' );
	INSERT INTO MAP_APP_LANG VALUES ( 33930, 7,  'Y', 'N', 'Y' );
	INSERT INTO MAP_APP_LANG VALUES ( 33930, 6,  'Y', 'N', 'Y' );

	INSERT INTO MAP_APP_PUBLISHER VALUES( 33930, 29 );

	INSERT INTO MAP_APP_TAG VALUES( 33930, 599 );
	INSERT INTO MAP_APP_TAG VALUES( 33930, 19 );
	INSERT INTO MAP_APP_TAG VALUES( 33930, 4168 );
	INSERT INTO MAP_APP_TAG VALUES( 33930, 3859 );
	INSERT INTO MAP_APP_TAG VALUES( 33930, 9 );
	INSERT INTO MAP_APP_TAG VALUES( 33930, 1708 );
	INSERT INTO MAP_APP_TAG VALUES( 33930, 4175 );
	INSERT INTO MAP_APP_TAG VALUES( 33930, 1774 );
	INSERT INTO MAP_APP_TAG VALUES( 33930, 1663 );
	INSERT INTO MAP_APP_TAG VALUES( 33930, 1695 );
	INSERT INTO MAP_APP_TAG VALUES( 33930, 1669 );
	INSERT INTO MAP_APP_TAG VALUES( 33930, 1678 );
	INSERT INTO MAP_APP_TAG VALUES( 33930, 3839 );
	INSERT INTO MAP_APP_TAG VALUES( 33930, 5711 );
	INSERT INTO MAP_APP_TAG VALUES( 33930, 3810 );
	INSERT INTO MAP_APP_TAG VALUES( 33930, 1685 );
	INSERT INTO MAP_APP_TAG VALUES( 33930, 4182 );
	INSERT INTO MAP_APP_TAG VALUES( 33930, 5673 );
	INSERT INTO MAP_APP_TAG VALUES( 33930, 4026 );
	INSERT INTO MAP_APP_TAG VALUES( 33930, 1697 );

INSERT INTO APP_TABLE	 VALUES( 33950, 'Fish_Fillets_2', 'In this underwater puzzle game you control fish secret agents Max Flounder and Tina Guppy. Seemingly a common case turns into a tough fight with a mysterious enemy and the strings appear to lead pretty high. Fortunately, you are not alone.', SYSDATE ,5900, '' );
	INSERT INTO MAP_APP_CATEGORY VALUES( 33950, 3 );

	INSERT INTO MAP_APP_DEVELOPER VALUES( 33950, 299 );

	INSERT INTO MAP_APP_GENRE VALUES( 33950, 7 );
	INSERT INTO MAP_APP_GENRE VALUES( 33950, 4 );

	INSERT INTO MAP_APP_LANG VALUES ( 33950, 2,  'Y', 'Y', 'Y' );
	INSERT INTO MAP_APP_LANG VALUES ( 33950, 24,  'Y', 'Y', 'Y' );

	INSERT INTO MAP_APP_PUBLISHER VALUES( 33950, 29 );

	INSERT INTO MAP_APP_TAG VALUES( 33950, 597 );
	INSERT INTO MAP_APP_TAG VALUES( 33950, 492 );
	INSERT INTO MAP_APP_TAG VALUES( 33950, 1664 );
	INSERT INTO MAP_APP_TAG VALUES( 33950, 4026 );
	INSERT INTO MAP_APP_TAG VALUES( 33950, 4136 );
	INSERT INTO MAP_APP_TAG VALUES( 33950, 4182 );

INSERT INTO APP_TABLE	 VALUES( 1200, 'Red_Orchestra:_Ostfront_41-45', 'Fight in the theatre of war that changed the world forever. Battle alongside your compatriots on some of the most inhospitable environments of the Eastern Front in Red Orchestra: Ostfront 41-45. Red Orchestra places you in the most realistic WWII first-person multi-player combat to date on the PC, allowing the player to fight through...', SYSDATE ,10500, '' );
	INSERT INTO MAP_APP_CATEGORY VALUES( 1200, 1 );
	INSERT INTO MAP_APP_CATEGORY VALUES( 1200, 4 );
	INSERT INTO MAP_APP_CATEGORY VALUES( 1200, 2 );

	INSERT INTO MAP_APP_DEVELOPER VALUES( 1200, 4 );

	INSERT INTO MAP_APP_GENRE VALUES( 1200, 1 );

	INSERT INTO MAP_APP_LANG VALUES ( 1200, 2,  'Y', 'N', 'N' );
	INSERT INTO MAP_APP_LANG VALUES ( 1200, 4,  'Y', 'N', 'N' );
	INSERT INTO MAP_APP_LANG VALUES ( 1200, 9,  'Y', 'N', 'N' );

	INSERT INTO MAP_APP_PUBLISHER VALUES( 1200, 4 );

	INSERT INTO MAP_APP_TAG VALUES( 1200, 19 );
	INSERT INTO MAP_APP_TAG VALUES( 1200, 4150 );
	INSERT INTO MAP_APP_TAG VALUES( 1200, 1663 );
	INSERT INTO MAP_APP_TAG VALUES( 1200, 4175 );
	INSERT INTO MAP_APP_TAG VALUES( 1200, 3859 );
	INSERT INTO MAP_APP_TAG VALUES( 1200, 1774 );
	INSERT INTO MAP_APP_TAG VALUES( 1200, 1708 );
	INSERT INTO MAP_APP_TAG VALUES( 1200, 4182 );
	INSERT INTO MAP_APP_TAG VALUES( 1200, 4168 );
	INSERT INTO MAP_APP_TAG VALUES( 1200, 599 );
	INSERT INTO MAP_APP_TAG VALUES( 1200, 3987 );
	INSERT INTO MAP_APP_TAG VALUES( 1200, 1678 );
	INSERT INTO MAP_APP_TAG VALUES( 1200, 5711 );
	INSERT INTO MAP_APP_TAG VALUES( 1200, 1693 );
	INSERT INTO MAP_APP_TAG VALUES( 1200, 9 );
	INSERT INTO MAP_APP_TAG VALUES( 1200, 4166 );

INSERT INTO APP_TABLE	 VALUES( 33980, 'Pound_of_Ground', 'Pound of Ground, story driven crazy shoot ''em up with red car and LOTS of zombies. The game combines action elements - a wide range of advanced weapons, fights with various bosses and spectacular, endless battles with the crowds of the undead - with a gripping story full of unexpected disclosures and peculiar characters.', SYSDATE ,12900, '' );
	INSERT INTO MAP_APP_CATEGORY VALUES( 33980, 3 );
	INSERT INTO MAP_APP_CATEGORY VALUES( 33980, 4 );
	INSERT INTO MAP_APP_CATEGORY VALUES( 33980, 8 );
	INSERT INTO MAP_APP_CATEGORY VALUES( 33980, 11 );

	INSERT INTO MAP_APP_DEVELOPER VALUES( 33980, 300 );

	INSERT INTO MAP_APP_GENRE VALUES( 33980, 1 );

	INSERT INTO MAP_APP_LANG VALUES ( 33980, 2,  'Y', 'N', 'N' );

	INSERT INTO MAP_APP_PUBLISHER VALUES( 33980, 29 );

	INSERT INTO MAP_APP_TAG VALUES( 33980, 19 );
	INSERT INTO MAP_APP_TAG VALUES( 33980, 1659 );
	INSERT INTO MAP_APP_TAG VALUES( 33980, 1697 );
	INSERT INTO MAP_APP_TAG VALUES( 33980, 3814 );
	INSERT INTO MAP_APP_TAG VALUES( 33980, 4182 );

INSERT INTO APP_TABLE	 VALUES( 33990, 'Alternativa', 'Alternativa is a story that will take you to a world much different to what you''d expect in 2045. To a world destroyed by war and revolutions, a world led by an oppressive and cruel dictatorship. Classic point&click adventure game based on the original sci-fi/cyber-punk script which is composed of a number of shorter stories that...', SYSDATE ,12900, '' );
	INSERT INTO MAP_APP_CATEGORY VALUES( 33990, 3 );
	INSERT INTO MAP_APP_CATEGORY VALUES( 33990, 8 );

	INSERT INTO MAP_APP_DEVELOPER VALUES( 33990, 300 );

	INSERT INTO MAP_APP_GENRE VALUES( 33990, 3 );

	INSERT INTO MAP_APP_LANG VALUES ( 33990, 2,  'Y', 'N', 'N' );

	INSERT INTO MAP_APP_PUBLISHER VALUES( 33990, 29 );

	INSERT INTO MAP_APP_TAG VALUES( 33990, 21 );
	INSERT INTO MAP_APP_TAG VALUES( 33990, 1698 );
	INSERT INTO MAP_APP_TAG VALUES( 33990, 3942 );
	INSERT INTO MAP_APP_TAG VALUES( 33990, 4115 );
	INSERT INTO MAP_APP_TAG VALUES( 33990, 4182 );

INSERT INTO APP_TABLE	 VALUES( 34010, 'Alpha_Protocol¢â', 'Loyalty carries a price and no one knows this more than agent Michael Thorton. A talented young agent cast out by his government, Thorton is the only one with the information needed to stop an impending international catastrophe. To do so means he must cut himself off from the very people he is sworn to protect.', SYSDATE ,16000, '' );
	INSERT INTO MAP_APP_CATEGORY VALUES( 34010, 3 );

	INSERT INTO MAP_APP_DEVELOPER VALUES( 34010, 232 );

	INSERT INTO MAP_APP_GENRE VALUES( 34010, 1 );
	INSERT INTO MAP_APP_GENRE VALUES( 34010, 6 );

	INSERT INTO MAP_APP_LANG VALUES ( 34010, 2,  'Y', 'N', 'N' );
	INSERT INTO MAP_APP_LANG VALUES ( 34010, 3,  'Y', 'N', 'N' );
	INSERT INTO MAP_APP_LANG VALUES ( 34010, 4,  'Y', 'N', 'N' );
	INSERT INTO MAP_APP_LANG VALUES ( 34010, 6,  'Y', 'N', 'N' );
	INSERT INTO MAP_APP_LANG VALUES ( 34010, 7,  'Y', 'N', 'N' );

	INSERT INTO MAP_APP_PUBLISHER VALUES( 34010, 302 );

	INSERT INTO MAP_APP_TAG VALUES( 34010, 122 );
	INSERT INTO MAP_APP_TAG VALUES( 34010, 1687 );
	INSERT INTO MAP_APP_TAG VALUES( 34010, 19 );
	INSERT INTO MAP_APP_TAG VALUES( 34010, 6426 );
	INSERT INTO MAP_APP_TAG VALUES( 34010, 6971 );
	INSERT INTO MAP_APP_TAG VALUES( 34010, 1697 );
	INSERT INTO MAP_APP_TAG VALUES( 34010, 4747 );
	INSERT INTO MAP_APP_TAG VALUES( 34010, 1742 );
	INSERT INTO MAP_APP_TAG VALUES( 34010, 4182 );
	INSERT INTO MAP_APP_TAG VALUES( 34010, 5673 );
	INSERT INTO MAP_APP_TAG VALUES( 34010, 3814 );
	INSERT INTO MAP_APP_TAG VALUES( 34010, 4231 );
	INSERT INTO MAP_APP_TAG VALUES( 34010, 1774 );
	INSERT INTO MAP_APP_TAG VALUES( 34010, 21 );
	INSERT INTO MAP_APP_TAG VALUES( 34010, 7782 );
	INSERT INTO MAP_APP_TAG VALUES( 34010, 4947 );
	INSERT INTO MAP_APP_TAG VALUES( 34010, 4166 );

INSERT INTO APP_TABLE	 VALUES( 1250, 'Killing_Floor', '6-player co-op survival horror at its finest! Free updates, free special events and a ridiculous amount of fun!', SYSDATE ,21000, '' );
	INSERT INTO MAP_APP_CATEGORY VALUES( 1250, 3 );
	INSERT INTO MAP_APP_CATEGORY VALUES( 1250, 1 );
	INSERT INTO MAP_APP_CATEGORY VALUES( 1250, 16 );
	INSERT INTO MAP_APP_CATEGORY VALUES( 1250, 10 );
	INSERT INTO MAP_APP_CATEGORY VALUES( 1250, 4 );
	INSERT INTO MAP_APP_CATEGORY VALUES( 1250, 5 );
	INSERT INTO MAP_APP_CATEGORY VALUES( 1250, 14 );
	INSERT INTO MAP_APP_CATEGORY VALUES( 1250, 2 );
	INSERT INTO MAP_APP_CATEGORY VALUES( 1250, 11 );
	INSERT INTO MAP_APP_CATEGORY VALUES( 1250, 13 );

	INSERT INTO MAP_APP_DEVELOPER VALUES( 1250, 4 );

	INSERT INTO MAP_APP_GENRE VALUES( 1250, 1 );

	INSERT INTO MAP_APP_LANG VALUES ( 1250, 2,  'Y', 'Y', 'N' );
	INSERT INTO MAP_APP_LANG VALUES ( 1250, 3,  'Y', 'Y', 'N' );
	INSERT INTO MAP_APP_LANG VALUES ( 1250, 4,  'Y', 'Y', 'N' );
	INSERT INTO MAP_APP_LANG VALUES ( 1250, 10,  'Y', 'N', 'N' );
	INSERT INTO MAP_APP_LANG VALUES ( 1250, 9,  'Y', 'Y', 'N' );
	INSERT INTO MAP_APP_LANG VALUES ( 1250, 6,  'Y', 'Y', 'N' );
	INSERT INTO MAP_APP_LANG VALUES ( 1250, 7,  'Y', 'Y', 'N' );
	INSERT INTO MAP_APP_LANG VALUES ( 1250, 25,  'Y', 'N', 'N' );

	INSERT INTO MAP_APP_PUBLISHER VALUES( 1250, 4 );

	INSERT INTO MAP_APP_TAG VALUES( 1250, 1663 );
	INSERT INTO MAP_APP_TAG VALUES( 1250, 1659 );
	INSERT INTO MAP_APP_TAG VALUES( 1250, 1685 );
	INSERT INTO MAP_APP_TAG VALUES( 1250, 1662 );
	INSERT INTO MAP_APP_TAG VALUES( 1250, 19 );
	INSERT INTO MAP_APP_TAG VALUES( 1250, 3859 );
	INSERT INTO MAP_APP_TAG VALUES( 1250, 1667 );
	INSERT INTO MAP_APP_TAG VALUES( 1250, 3843 );
	INSERT INTO MAP_APP_TAG VALUES( 1250, 1774 );
	INSERT INTO MAP_APP_TAG VALUES( 1250, 4345 );
	INSERT INTO MAP_APP_TAG VALUES( 1250, 5711 );
	INSERT INTO MAP_APP_TAG VALUES( 1250, 3839 );
	INSERT INTO MAP_APP_TAG VALUES( 1250, 1669 );
	INSERT INTO MAP_APP_TAG VALUES( 1250, 3978 );
	INSERT INTO MAP_APP_TAG VALUES( 1250, 1756 );
	INSERT INTO MAP_APP_TAG VALUES( 1250, 4155 );
	INSERT INTO MAP_APP_TAG VALUES( 1250, 4182 );
	INSERT INTO MAP_APP_TAG VALUES( 1250, 4026 );
	INSERT INTO MAP_APP_TAG VALUES( 1250, 1719 );
	INSERT INTO MAP_APP_TAG VALUES( 1250, 21 );

INSERT INTO APP_TABLE	 VALUES( 34030, 'Napoleon:_Total_War¢â', 'History is as yet unwritten. Napoleon: Total War¢â is the new chapter in the critically acclaimed Total War¢â series and opens up a new narrative layer to the genre-defining franchise. From the early Italian campaign to the battle of Waterloo, Napoleon covers two decades of relentless battles, a backdrop of a world in flames against which...', SYSDATE ,21000, '' );
	INSERT INTO MAP_APP_CATEGORY VALUES( 34030, 3 );
	INSERT INTO MAP_APP_CATEGORY VALUES( 34030, 1 );
	INSERT INTO MAP_APP_CATEGORY VALUES( 34030, 4 );
	INSERT INTO MAP_APP_CATEGORY VALUES( 34030, 5 );
	INSERT INTO MAP_APP_CATEGORY VALUES( 34030, 11 );

	INSERT INTO MAP_APP_DEVELOPER VALUES( 34030, 55 );
	INSERT INTO MAP_APP_DEVELOPER VALUES( 34030, 56 );

	INSERT INTO MAP_APP_GENRE VALUES( 34030, 5 );

	INSERT INTO MAP_APP_LANG VALUES ( 34030, 2,  'Y', 'N', 'N' );
	INSERT INTO MAP_APP_LANG VALUES ( 34030, 3,  'Y', 'N', 'N' );
	INSERT INTO MAP_APP_LANG VALUES ( 34030, 4,  'Y', 'N', 'N' );
	INSERT INTO MAP_APP_LANG VALUES ( 34030, 10,  'Y', 'N', 'N' );
	INSERT INTO MAP_APP_LANG VALUES ( 34030, 9,  'Y', 'N', 'N' );
	INSERT INTO MAP_APP_LANG VALUES ( 34030, 24,  'Y', 'N', 'N' );
	INSERT INTO MAP_APP_LANG VALUES ( 34030, 6,  'Y', 'N', 'N' );
	INSERT INTO MAP_APP_LANG VALUES ( 34030, 7,  'Y', 'N', 'N' );

	INSERT INTO MAP_APP_PUBLISHER VALUES( 34030, 302 );
	INSERT INTO MAP_APP_PUBLISHER VALUES( 34030, 56 );

	INSERT INTO MAP_APP_TAG VALUES( 34030, 9 );
	INSERT INTO MAP_APP_TAG VALUES( 34030, 3987 );
	INSERT INTO MAP_APP_TAG VALUES( 34030, 4364 );
	INSERT INTO MAP_APP_TAG VALUES( 34030, 3859 );
	INSERT INTO MAP_APP_TAG VALUES( 34030, 1676 );
	INSERT INTO MAP_APP_TAG VALUES( 34030, 1678 );
	INSERT INTO MAP_APP_TAG VALUES( 34030, 1741 );
	INSERT INTO MAP_APP_TAG VALUES( 34030, 1708 );
	INSERT INTO MAP_APP_TAG VALUES( 34030, 4182 );
	INSERT INTO MAP_APP_TAG VALUES( 34030, 4168 );
	INSERT INTO MAP_APP_TAG VALUES( 34030, 1677 );
	INSERT INTO MAP_APP_TAG VALUES( 34030, 3813 );
	INSERT INTO MAP_APP_TAG VALUES( 34030, 19 );
	INSERT INTO MAP_APP_TAG VALUES( 34030, 14139 );
	INSERT INTO MAP_APP_TAG VALUES( 34030, 599 );
	INSERT INTO MAP_APP_TAG VALUES( 34030, 1685 );
	INSERT INTO MAP_APP_TAG VALUES( 34030, 1756 );
	INSERT INTO MAP_APP_TAG VALUES( 34030, 6910 );
	INSERT INTO MAP_APP_TAG VALUES( 34030, 1669 );

INSERT INTO APP_TABLE	 VALUES( 1300, 'SiN_Episodes:_Emergence', 'You are John Blade, commander of HardCorps, an elite security force dedicated to protecting the people of Freeport City. Four years have passed since your first battle with Elexis Sinclaire, a beautiful, brilliant, and ruthless scientist who is out to remake humanity according to her own twisted vision.', SYSDATE ,-1, '' );
	INSERT INTO MAP_APP_CATEGORY VALUES( 1300, 3 );
	INSERT INTO MAP_APP_CATEGORY VALUES( 1300, 11 );

	INSERT INTO MAP_APP_DEVELOPER VALUES( 1300, 5 );

	INSERT INTO MAP_APP_GENRE VALUES( 1300, 1 );

	INSERT INTO MAP_APP_LANG VALUES ( 1300, 2,  'Y', 'N', 'N' );
	INSERT INTO MAP_APP_LANG VALUES ( 1300, 9,  'Y', 'N', 'N' );
	INSERT INTO MAP_APP_LANG VALUES ( 1300, 4,  'Y', 'N', 'N' );

	INSERT INTO MAP_APP_PUBLISHER VALUES( 1300, 5 );

	INSERT INTO MAP_APP_TAG VALUES( 1300, 19 );
	INSERT INTO MAP_APP_TAG VALUES( 1300, 1663 );
	INSERT INTO MAP_APP_TAG VALUES( 1300, 4115 );
	INSERT INTO MAP_APP_TAG VALUES( 1300, 3942 );
	INSERT INTO MAP_APP_TAG VALUES( 1300, 1693 );
	INSERT INTO MAP_APP_TAG VALUES( 1300, 1774 );
	INSERT INTO MAP_APP_TAG VALUES( 1300, 4182 );
	INSERT INTO MAP_APP_TAG VALUES( 1300, 3839 );
	INSERT INTO MAP_APP_TAG VALUES( 1300, 4242 );
	INSERT INTO MAP_APP_TAG VALUES( 1300, 4234 );

INSERT INTO APP_TABLE	 VALUES( 34190, 'Sonic_&_SEGA_All-Stars_Racing', 'SONIC AND SEGA ALL-STARS RACE FOR VICTORY IN A HIGH SPEED HIGH SKILL RACETRACK SHOWDOWN! TAKE TO THE TRACK BY CAR, MONSTER TRUCK, BIKE AND EVEN AEROPLANE IN SONIC & SEGA ALL-STARS RACING. Explore stunning new circuits including Sonic Seaside Hill, Curien Mansion and Blizzard Castle as you zip around medieval castle ramparts, hurtle...', SYSDATE ,16000, '' );
	INSERT INTO MAP_APP_CATEGORY VALUES( 34190, 3 );

	INSERT INTO MAP_APP_DEVELOPER VALUES( 34190, 301 );

	INSERT INTO MAP_APP_GENRE VALUES( 34190, 9 );

	INSERT INTO MAP_APP_LANG VALUES ( 34190, 2,  'Y', 'N', 'N' );

	INSERT INTO MAP_APP_PUBLISHER VALUES( 34190, 302 );

	INSERT INTO MAP_APP_TAG VALUES( 34190, 699 );
	INSERT INTO MAP_APP_TAG VALUES( 34190, 7368 );
	INSERT INTO MAP_APP_TAG VALUES( 34190, 10816 );
	INSERT INTO MAP_APP_TAG VALUES( 34190, 1773 );
	INSERT INTO MAP_APP_TAG VALUES( 34190, 1756 );
	INSERT INTO MAP_APP_TAG VALUES( 34190, 19 );
	INSERT INTO MAP_APP_TAG VALUES( 34190, 5350 );
	INSERT INTO MAP_APP_TAG VALUES( 34190, 3859 );
	INSERT INTO MAP_APP_TAG VALUES( 34190, 7481 );
	INSERT INTO MAP_APP_TAG VALUES( 34190, 4182 );
	INSERT INTO MAP_APP_TAG VALUES( 34190, 1734 );

INSERT INTO APP_TABLE	 VALUES( 1500, 'Darwinia', 'Combining fast-paced action with strategic battle planning, Darwinia features a novel and intuitive control mechanism, a graphical style ripped from 80''s retro classics like Tron and Defender, and a story concerning a tribe of nomadic sprites trapped in a modern 3D world.', SYSDATE ,10500, '' );
	INSERT INTO MAP_APP_CATEGORY VALUES( 1500, 3 );

	INSERT INTO MAP_APP_DEVELOPER VALUES( 1500, 6 );

	INSERT INTO MAP_APP_GENRE VALUES( 1500, 4 );
	INSERT INTO MAP_APP_GENRE VALUES( 1500, 5 );

	INSERT INTO MAP_APP_LANG VALUES ( 1500, 2,  'Y', 'N', 'N' );
	INSERT INTO MAP_APP_LANG VALUES ( 1500, 6,  'Y', 'N', 'N' );

	INSERT INTO MAP_APP_PUBLISHER VALUES( 1500, 6 );

	INSERT INTO MAP_APP_TAG VALUES( 1500, 9 );
	INSERT INTO MAP_APP_TAG VALUES( 1500, 492 );
	INSERT INTO MAP_APP_TAG VALUES( 1500, 1676 );
	INSERT INTO MAP_APP_TAG VALUES( 1500, 4182 );
	INSERT INTO MAP_APP_TAG VALUES( 1500, 4004 );
	INSERT INTO MAP_APP_TAG VALUES( 1500, 1742 );
	INSERT INTO MAP_APP_TAG VALUES( 1500, 19 );
	INSERT INTO MAP_APP_TAG VALUES( 1500, 4791 );

INSERT INTO APP_TABLE	 VALUES( 34272, 'Comix_Zone¢â', 'Sketch Turner is in it up to his inkwell. Mortus is drawing horrendous creatures to battle Sketch in every panel of the strip. If Mortus destroys Sketch, that megalomaniac mutant will become real and Earth will be doomed to his rule! But there is hope. Now that he¡¯s a comic book superhero, Sketch can kick some serious butt.', SYSDATE ,3300, '' );
	INSERT INTO MAP_APP_CATEGORY VALUES( 34272, 3 );

	INSERT INTO MAP_APP_DEVELOPER VALUES( 34272, 302 );

	INSERT INTO MAP_APP_GENRE VALUES( 34272, 1 );

	INSERT INTO MAP_APP_LANG VALUES ( 34272, 2,  'Y', 'N', 'N' );

	INSERT INTO MAP_APP_PUBLISHER VALUES( 34272, 302 );

	INSERT INTO MAP_APP_TAG VALUES( 34272, 19 );
	INSERT INTO MAP_APP_TAG VALUES( 34272, 4158 );
	INSERT INTO MAP_APP_TAG VALUES( 34272, 1693 );
	INSERT INTO MAP_APP_TAG VALUES( 34272, 3871 );
	INSERT INTO MAP_APP_TAG VALUES( 34272, 4182 );
	INSERT INTO MAP_APP_TAG VALUES( 34272, 1751 );
	INSERT INTO MAP_APP_TAG VALUES( 34272, 3798 );
	INSERT INTO MAP_APP_TAG VALUES( 34272, 4026 );
	INSERT INTO MAP_APP_TAG VALUES( 34272, 4004 );
	INSERT INTO MAP_APP_TAG VALUES( 34272, 6691 );
	INSERT INTO MAP_APP_TAG VALUES( 34272, 1756 );

INSERT INTO APP_TABLE	 VALUES( 34273, 'Crack_Down¢â', 'Ben and Andy, the two top Special Service agents have accepted a very dangerous assignment ? the elimination of Mr.K and his Artificial Life System. Mr. K plans to rid the earth of human life forms using the killer robots he¡¯s created, and no one but Ben and Andy can stop him!', SYSDATE ,3300, '' );
	INSERT INTO MAP_APP_CATEGORY VALUES( 34273, 3 );
	INSERT INTO MAP_APP_CATEGORY VALUES( 34273, 21 );
	INSERT INTO MAP_APP_CATEGORY VALUES( 34273, 7 );

	INSERT INTO MAP_APP_DEVELOPER VALUES( 34273, 302 );

	INSERT INTO MAP_APP_GENRE VALUES( 34273, 1 );

	INSERT INTO MAP_APP_LANG VALUES ( 34273, 2,  'Y', 'N', 'N' );

	INSERT INTO MAP_APP_PUBLISHER VALUES( 34273, 302 );

	INSERT INTO MAP_APP_TAG VALUES( 34273, 19 );
	INSERT INTO MAP_APP_TAG VALUES( 34273, 4791 );
	INSERT INTO MAP_APP_TAG VALUES( 34273, 4004 );

INSERT INTO APP_TABLE	 VALUES( 34274, 'Ecco_the_Dolphin¢â', 'Life was an adventure for Ecco, the young dolphin. The ocean seemed endless with rolling breakers to race through! At high speed Ecco could burst through the waves leaping through the air ? almost flying! Until one day, all of that changed. A freak whirlpool of air and water tore the life from Ecco¡¯s home leaving Ecco all alone.', SYSDATE ,3300, '' );
	INSERT INTO MAP_APP_CATEGORY VALUES( 34274, 3 );
	INSERT INTO MAP_APP_CATEGORY VALUES( 34274, 7 );

	INSERT INTO MAP_APP_DEVELOPER VALUES( 34274, 302 );

	INSERT INTO MAP_APP_GENRE VALUES( 34274, 1 );

	INSERT INTO MAP_APP_LANG VALUES ( 34274, 2,  'Y', 'N', 'N' );

	INSERT INTO MAP_APP_PUBLISHER VALUES( 34274, 302 );

	INSERT INTO MAP_APP_TAG VALUES( 34274, 19 );
	INSERT INTO MAP_APP_TAG VALUES( 34274, 1693 );
	INSERT INTO MAP_APP_TAG VALUES( 34274, 9157 );
	INSERT INTO MAP_APP_TAG VALUES( 34274, 3871 );
	INSERT INTO MAP_APP_TAG VALUES( 34274, 21 );
	INSERT INTO MAP_APP_TAG VALUES( 34274, 6691 );
	INSERT INTO MAP_APP_TAG VALUES( 34274, 4166 );
	INSERT INTO MAP_APP_TAG VALUES( 34274, 4026 );
	INSERT INTO MAP_APP_TAG VALUES( 34274, 4182 );
	INSERT INTO MAP_APP_TAG VALUES( 34274, 4004 );
	INSERT INTO MAP_APP_TAG VALUES( 34274, 1667 );

INSERT INTO APP_TABLE	 VALUES( 34275, 'Gain_Ground¢â', 'The battle-simulation game has gone haywire! All contestants inside the system are trapped and frozen on the battlefields, and the androids are reprogrammed to become hi-tech killing machines! It''s up to three brave fighters to rescue hostages, and to destroy the central computer of the system, the Brain.', SYSDATE ,3300, '' );
	INSERT INTO MAP_APP_CATEGORY VALUES( 34275, 3 );
	INSERT INTO MAP_APP_CATEGORY VALUES( 34275, 21 );
	INSERT INTO MAP_APP_CATEGORY VALUES( 34275, 7 );

	INSERT INTO MAP_APP_DEVELOPER VALUES( 34275, 302 );

	INSERT INTO MAP_APP_GENRE VALUES( 34275, 5 );

	INSERT INTO MAP_APP_LANG VALUES ( 34275, 2,  'Y', 'N', 'N' );

	INSERT INTO MAP_APP_PUBLISHER VALUES( 34275, 302 );

	INSERT INTO MAP_APP_TAG VALUES( 34275, 9 );

INSERT INTO APP_TABLE	 VALUES( 34276, 'Golden_Axe¢â', 'The land of Yuria has been invaded and is now ruled by the iron fist of Death Adder, who secured his throne by seizing the Golden Axe¢â. Three brave warriors now rise to the challenge of defeating Death Adder and his soldiers and returning peace to the Kingdom.', SYSDATE ,3300, '' );
	INSERT INTO MAP_APP_CATEGORY VALUES( 34276, 3 );
	INSERT INTO MAP_APP_CATEGORY VALUES( 34276, 21 );
	INSERT INTO MAP_APP_CATEGORY VALUES( 34276, 7 );

	INSERT INTO MAP_APP_DEVELOPER VALUES( 34276, 302 );

	INSERT INTO MAP_APP_GENRE VALUES( 34276, 1 );

	INSERT INTO MAP_APP_LANG VALUES ( 34276, 2,  'Y', 'N', 'N' );

	INSERT INTO MAP_APP_PUBLISHER VALUES( 34276, 302 );

	INSERT INTO MAP_APP_TAG VALUES( 34276, 19 );
	INSERT INTO MAP_APP_TAG VALUES( 34276, 1693 );
	INSERT INTO MAP_APP_TAG VALUES( 34276, 4158 );
	INSERT INTO MAP_APP_TAG VALUES( 34276, 1773 );
	INSERT INTO MAP_APP_TAG VALUES( 34276, 3871 );
	INSERT INTO MAP_APP_TAG VALUES( 34276, 1684 );
	INSERT INTO MAP_APP_TAG VALUES( 34276, 4004 );
	INSERT INTO MAP_APP_TAG VALUES( 34276, 4182 );
	INSERT INTO MAP_APP_TAG VALUES( 34276, 3841 );
	INSERT INTO MAP_APP_TAG VALUES( 34276, 7208 );

INSERT INTO APP_TABLE	 VALUES( 34277, 'Shinobi¢â_III:_Return_of_the_Ninja_Master', 'Joe Musashi¡¯s sworn enemy, the Neo Zeed are secretly rebuilding an organization in Japan after the battle in Neo City. Joe (code name Shinobi) senses the evil power growing and starts to make his way back to fight the Neo Zeed once again.', SYSDATE ,3300, '' );
	INSERT INTO MAP_APP_CATEGORY VALUES( 34277, 3 );
	INSERT INTO MAP_APP_CATEGORY VALUES( 34277, 7 );

	INSERT INTO MAP_APP_DEVELOPER VALUES( 34277, 302 );

	INSERT INTO MAP_APP_GENRE VALUES( 34277, 1 );

	INSERT INTO MAP_APP_LANG VALUES ( 34277, 2,  'Y', 'N', 'N' );

	INSERT INTO MAP_APP_PUBLISHER VALUES( 34277, 302 );

	INSERT INTO MAP_APP_TAG VALUES( 34277, 19 );
	INSERT INTO MAP_APP_TAG VALUES( 34277, 1688 );
	INSERT INTO MAP_APP_TAG VALUES( 34277, 3871 );
	INSERT INTO MAP_APP_TAG VALUES( 34277, 1693 );
	INSERT INTO MAP_APP_TAG VALUES( 34277, 1625 );
	INSERT INTO MAP_APP_TAG VALUES( 34277, 4182 );

INSERT INTO APP_TABLE	 VALUES( 1510, 'Uplink', 'You play an Uplink Agent who makes a living by performing jobs for major corporations. Your tasks involve hacking into rival computer systems, stealing research data, sabotaging other companies, laundering money, erasing evidence, or framing innocent people.', SYSDATE ,10500, '' );
	INSERT INTO MAP_APP_CATEGORY VALUES( 1510, 3 );

	INSERT INTO MAP_APP_DEVELOPER VALUES( 1510, 6 );

	INSERT INTO MAP_APP_GENRE VALUES( 1510, 4 );
	INSERT INTO MAP_APP_GENRE VALUES( 1510, 5 );

	INSERT INTO MAP_APP_LANG VALUES ( 1510, 2,  'Y', 'N', 'N' );

	INSERT INTO MAP_APP_PUBLISHER VALUES( 1510, 6 );

	INSERT INTO MAP_APP_TAG VALUES( 1510, 5502 );
	INSERT INTO MAP_APP_TAG VALUES( 1510, 492 );
	INSERT INTO MAP_APP_TAG VALUES( 1510, 9 );
	INSERT INTO MAP_APP_TAG VALUES( 1510, 4182 );
	INSERT INTO MAP_APP_TAG VALUES( 1510, 4115 );
	INSERT INTO MAP_APP_TAG VALUES( 1510, 1756 );
	INSERT INTO MAP_APP_TAG VALUES( 1510, 1693 );
	INSERT INTO MAP_APP_TAG VALUES( 1510, 599 );
	INSERT INTO MAP_APP_TAG VALUES( 1510, 3942 );
	INSERT INTO MAP_APP_TAG VALUES( 1510, 3871 );
	INSERT INTO MAP_APP_TAG VALUES( 1510, 7107 );
	INSERT INTO MAP_APP_TAG VALUES( 1510, 13782 );
	INSERT INTO MAP_APP_TAG VALUES( 1510, 1742 );
	INSERT INTO MAP_APP_TAG VALUES( 1510, 4166 );

INSERT INTO APP_TABLE	 VALUES( 34278, 'Sonic_3D_Blast¢â', 'Dr. Eggman (AKA Dr. Robotnik) discovers unusual birds known as Flickies that can transport to anywhere using Dimension Rings. Successfully capturing the Flickies, Robotnik turns them all into robots to help him find the Chaos Emeralds.', SYSDATE ,5500, '' );
	INSERT INTO MAP_APP_CATEGORY VALUES( 34278, 3 );
	INSERT INTO MAP_APP_CATEGORY VALUES( 34278, 7 );

	INSERT INTO MAP_APP_DEVELOPER VALUES( 34278, 302 );


	INSERT INTO MAP_APP_LANG VALUES ( 34278, 2,  'Y', 'N', 'N' );

	INSERT INTO MAP_APP_PUBLISHER VALUES( 34278, 302 );

	INSERT INTO MAP_APP_TAG VALUES( 34278, 1625 );
	INSERT INTO MAP_APP_TAG VALUES( 34278, 4182 );
	INSERT INTO MAP_APP_TAG VALUES( 34278, 1756 );
	INSERT INTO MAP_APP_TAG VALUES( 34278, 5851 );
	INSERT INTO MAP_APP_TAG VALUES( 34278, 5395 );
	INSERT INTO MAP_APP_TAG VALUES( 34278, 1693 );
	INSERT INTO MAP_APP_TAG VALUES( 34278, 4004 );

INSERT INTO APP_TABLE	 VALUES( 34279, 'Space_Harrier¢â_II', 'A call for help comes from deep in the universe. Fantasyland has been taken over by destructive forces. Quick on the scene is Space Harrier¢â equipped with his laser, who must attempt to outwit and outmanoeuvre the hoards and prevent Fantasyland from being blown into oblivion!', SYSDATE ,3300, '' );
	INSERT INTO MAP_APP_CATEGORY VALUES( 34279, 3 );
	INSERT INTO MAP_APP_CATEGORY VALUES( 34279, 7 );

	INSERT INTO MAP_APP_DEVELOPER VALUES( 34279, 302 );

	INSERT INTO MAP_APP_GENRE VALUES( 34279, 1 );

	INSERT INTO MAP_APP_LANG VALUES ( 34279, 2,  'Y', 'N', 'N' );

	INSERT INTO MAP_APP_PUBLISHER VALUES( 34279, 302 );

	INSERT INTO MAP_APP_TAG VALUES( 34279, 19 );
	INSERT INTO MAP_APP_TAG VALUES( 34279, 1773 );
	INSERT INTO MAP_APP_TAG VALUES( 34279, 4004 );
	INSERT INTO MAP_APP_TAG VALUES( 34279, 1693 );

INSERT INTO APP_TABLE	 VALUES( 34280, 'VectorMan¢â', 'By the year 2049, Earth has been turned into a toxic waste dump. Humankind has fled into space leaving behind an army of mechanized ¡°Orbots¡± to clean up the mess. But when the Orbot leader ¡°WarHead¡± goes haywire and starts a global revolt against the humans, it falls on the shoulders of the last Orbot loyal to its human masters to save...', SYSDATE ,3300, '' );
	INSERT INTO MAP_APP_CATEGORY VALUES( 34280, 3 );
	INSERT INTO MAP_APP_CATEGORY VALUES( 34280, 7 );

	INSERT INTO MAP_APP_DEVELOPER VALUES( 34280, 302 );

	INSERT INTO MAP_APP_GENRE VALUES( 34280, 1 );

	INSERT INTO MAP_APP_LANG VALUES ( 34280, 2,  'Y', 'N', 'N' );

	INSERT INTO MAP_APP_PUBLISHER VALUES( 34280, 302 );

	INSERT INTO MAP_APP_TAG VALUES( 34280, 19 );
	INSERT INTO MAP_APP_TAG VALUES( 34280, 1625 );
	INSERT INTO MAP_APP_TAG VALUES( 34280, 1693 );
	INSERT INTO MAP_APP_TAG VALUES( 34280, 3871 );

INSERT INTO APP_TABLE	 VALUES( 34281, 'Altered_Beast¢â', 'Athena, the daughter of Zeus, has been captured by the wicked Neff, God of the Underworld, and is being held captive. Summoned from the dead by Zeus himself, it is up to you now to clear five rounds of underlings before taking on Neff, in what promises to be the most gruelling of challenges.', SYSDATE ,3300, '' );
	INSERT INTO MAP_APP_CATEGORY VALUES( 34281, 3 );
	INSERT INTO MAP_APP_CATEGORY VALUES( 34281, 21 );
	INSERT INTO MAP_APP_CATEGORY VALUES( 34281, 7 );

	INSERT INTO MAP_APP_DEVELOPER VALUES( 34281, 302 );

	INSERT INTO MAP_APP_GENRE VALUES( 34281, 1 );

	INSERT INTO MAP_APP_LANG VALUES ( 34281, 2,  'Y', 'N', 'N' );

	INSERT INTO MAP_APP_PUBLISHER VALUES( 34281, 302 );

	INSERT INTO MAP_APP_TAG VALUES( 34281, 19 );
	INSERT INTO MAP_APP_TAG VALUES( 34281, 4158 );
	INSERT INTO MAP_APP_TAG VALUES( 34281, 1773 );
	INSERT INTO MAP_APP_TAG VALUES( 34281, 4004 );
	INSERT INTO MAP_APP_TAG VALUES( 34281, 1693 );

INSERT INTO APP_TABLE	 VALUES( 34282, 'Shadow_Dancer¢â', 'New York City has fallen into the hands of a group of ninja warriors called Union Lizard, and they have taken people hostage. Kato, Joe Musashi¡¯s former martial arts student, has been mortally wounded while investigating Union Lizard, leaving his faithful dog Yamato. Joe Musashi swore to avenge Kato¡¯s death, and headed for New York.', SYSDATE ,3300, '' );
	INSERT INTO MAP_APP_CATEGORY VALUES( 34282, 3 );
	INSERT INTO MAP_APP_CATEGORY VALUES( 34282, 7 );

	INSERT INTO MAP_APP_DEVELOPER VALUES( 34282, 302 );

	INSERT INTO MAP_APP_GENRE VALUES( 34282, 1 );

	INSERT INTO MAP_APP_LANG VALUES ( 34282, 2,  'Y', 'N', 'N' );

	INSERT INTO MAP_APP_PUBLISHER VALUES( 34282, 302 );

	INSERT INTO MAP_APP_TAG VALUES( 34282, 19 );
	INSERT INTO MAP_APP_TAG VALUES( 34282, 1688 );
	INSERT INTO MAP_APP_TAG VALUES( 34282, 1625 );
	INSERT INTO MAP_APP_TAG VALUES( 34282, 3871 );
	INSERT INTO MAP_APP_TAG VALUES( 34282, 4182 );

INSERT INTO APP_TABLE	 VALUES( 34283, 'Alex_Kidd¢â_in_the_Enchanted_Castle', 'The whole Kidd family is upset! Alex¡¯s father, King Thor, is missing, and they suspect he has been kidnapped by Ashra, the mean ruler of the planet Paperock. Alex speeds to Paperock to investigate, but the creatures of Paperock decide to hinder his efforts and try to keep him away from Sky Castle, Ashra¡¯s hideaway.', SYSDATE ,3300, '' );
	INSERT INTO MAP_APP_CATEGORY VALUES( 34283, 3 );
	INSERT INTO MAP_APP_CATEGORY VALUES( 34283, 7 );

	INSERT INTO MAP_APP_DEVELOPER VALUES( 34283, 302 );


	INSERT INTO MAP_APP_LANG VALUES ( 34283, 2,  'Y', 'N', 'N' );

	INSERT INTO MAP_APP_PUBLISHER VALUES( 34283, 302 );

	INSERT INTO MAP_APP_TAG VALUES( 34283, 1625 );
	INSERT INTO MAP_APP_TAG VALUES( 34283, 4004 );
	INSERT INTO MAP_APP_TAG VALUES( 34283, 19 );
	INSERT INTO MAP_APP_TAG VALUES( 34283, 3871 );

INSERT INTO APP_TABLE	 VALUES( 34284, 'Bonanza_Bros.¢â', 'The Bonanza Bros., Mike and Spike, are two of the most famous investigators around. One day, they received a strange phone call. ¡°I can¡¯t give you my name. I¡¯ll just tell you that I¡¯m a businessman with a problem. Many of my properties have been targets for robbery recently.', SYSDATE ,3300, '' );
	INSERT INTO MAP_APP_CATEGORY VALUES( 34284, 3 );
	INSERT INTO MAP_APP_CATEGORY VALUES( 34284, 21 );
	INSERT INTO MAP_APP_CATEGORY VALUES( 34284, 7 );

	INSERT INTO MAP_APP_DEVELOPER VALUES( 34284, 302 );

	INSERT INTO MAP_APP_GENRE VALUES( 34284, 1 );

	INSERT INTO MAP_APP_LANG VALUES ( 34284, 2,  'Y', 'N', 'N' );

	INSERT INTO MAP_APP_PUBLISHER VALUES( 34284, 302 );

	INSERT INTO MAP_APP_TAG VALUES( 34284, 19 );
	INSERT INTO MAP_APP_TAG VALUES( 34284, 6691 );

INSERT INTO APP_TABLE	 VALUES( 34285, 'Columns¢â', 'Go back in time to a bygone civilization: the ancient world of Phoenicia. There you will play a simple and captivating game where sparkling, rainbow-coloured jewels drop one after another. According to the ancient merchants, by arranging three or more of the same jewels horizontally, vertically or diagonally, you shall perform miracles.', SYSDATE ,3300, '' );
	INSERT INTO MAP_APP_CATEGORY VALUES( 34285, 3 );
	INSERT INTO MAP_APP_CATEGORY VALUES( 34285, 21 );
	INSERT INTO MAP_APP_CATEGORY VALUES( 34285, 7 );

	INSERT INTO MAP_APP_DEVELOPER VALUES( 34285, 302 );

	INSERT INTO MAP_APP_GENRE VALUES( 34285, 7 );
	INSERT INTO MAP_APP_GENRE VALUES( 34285, 5 );

	INSERT INTO MAP_APP_LANG VALUES ( 34285, 2,  'Y', 'N', 'N' );

	INSERT INTO MAP_APP_PUBLISHER VALUES( 34285, 302 );

	INSERT INTO MAP_APP_TAG VALUES( 34285, 597 );
	INSERT INTO MAP_APP_TAG VALUES( 34285, 9 );
	INSERT INTO MAP_APP_TAG VALUES( 34285, 1664 );

INSERT INTO APP_TABLE	 VALUES( 34286, 'Dr._Robotnik¡¯s_Mean_Bean_Machine¢â', 'Dr. Robotnik is changing the jolly folk of Beanville into devious little robots that will help rid Planet Mobius of music and fun forever. Group the beans together to help them escape, and compete against Robotnik¡¯s wily henchbots!', SYSDATE ,5500, '' );
	INSERT INTO MAP_APP_CATEGORY VALUES( 34286, 3 );
	INSERT INTO MAP_APP_CATEGORY VALUES( 34286, 1 );
	INSERT INTO MAP_APP_CATEGORY VALUES( 34286, 7 );

	INSERT INTO MAP_APP_DEVELOPER VALUES( 34286, 302 );

	INSERT INTO MAP_APP_GENRE VALUES( 34286, 7 );
	INSERT INTO MAP_APP_GENRE VALUES( 34286, 5 );

	INSERT INTO MAP_APP_LANG VALUES ( 34286, 2,  'Y', 'N', 'N' );

	INSERT INTO MAP_APP_PUBLISHER VALUES( 34286, 302 );

	INSERT INTO MAP_APP_TAG VALUES( 34286, 9 );
	INSERT INTO MAP_APP_TAG VALUES( 34286, 1664 );
	INSERT INTO MAP_APP_TAG VALUES( 34286, 597 );
	INSERT INTO MAP_APP_TAG VALUES( 34286, 4004 );
	INSERT INTO MAP_APP_TAG VALUES( 34286, 1693 );

INSERT INTO APP_TABLE	 VALUES( 34287, 'Ecco¢â_Jr.', 'Somewhere there is a place called the Endless Sea. There lives a giant whale named Big Blue. To find Big Blue, you have to open the Crystal Doors called Glyphs. To open the Crystal Doors, you must satisfy their wish. Guide Ecco and his friends to swim through the ocean and find Big Blue.', SYSDATE ,3300, '' );
	INSERT INTO MAP_APP_CATEGORY VALUES( 34287, 3 );
	INSERT INTO MAP_APP_CATEGORY VALUES( 34287, 7 );

	INSERT INTO MAP_APP_DEVELOPER VALUES( 34287, 302 );

	INSERT INTO MAP_APP_GENRE VALUES( 34287, 3 );

	INSERT INTO MAP_APP_LANG VALUES ( 34287, 2,  'Y', 'N', 'N' );

	INSERT INTO MAP_APP_PUBLISHER VALUES( 34287, 302 );

	INSERT INTO MAP_APP_TAG VALUES( 34287, 21 );

INSERT INTO APP_TABLE	 VALUES( 1520, 'DEFCON', 'Inspired by the 1983 cult classic film, Wargames, DEFCON superbly evokes the tension, paranoia and suspicion of the Cold War era, playing on the fascinating aspects of psychological gameplay that occur during strategic nuclear warfare. You play a General hidden deep within an underground bunker.', SYSDATE ,10500, '' );
	INSERT INTO MAP_APP_CATEGORY VALUES( 1520, 3 );
	INSERT INTO MAP_APP_CATEGORY VALUES( 1520, 1 );

	INSERT INTO MAP_APP_DEVELOPER VALUES( 1520, 6 );

	INSERT INTO MAP_APP_GENRE VALUES( 1520, 4 );
	INSERT INTO MAP_APP_GENRE VALUES( 1520, 5 );

	INSERT INTO MAP_APP_LANG VALUES ( 1520, 2,  'Y', 'N', 'N' );
	INSERT INTO MAP_APP_LANG VALUES ( 1520, 3,  'Y', 'N', 'N' );
	INSERT INTO MAP_APP_LANG VALUES ( 1520, 4,  'Y', 'N', 'N' );
	INSERT INTO MAP_APP_LANG VALUES ( 1520, 6,  'Y', 'N', 'N' );
	INSERT INTO MAP_APP_LANG VALUES ( 1520, 7,  'Y', 'N', 'N' );

	INSERT INTO MAP_APP_PUBLISHER VALUES( 1520, 6 );

	INSERT INTO MAP_APP_TAG VALUES( 1520, 9 );
	INSERT INTO MAP_APP_TAG VALUES( 1520, 492 );
	INSERT INTO MAP_APP_TAG VALUES( 1520, 3859 );
	INSERT INTO MAP_APP_TAG VALUES( 1520, 4684 );
	INSERT INTO MAP_APP_TAG VALUES( 1520, 5179 );
	INSERT INTO MAP_APP_TAG VALUES( 1520, 7107 );
	INSERT INTO MAP_APP_TAG VALUES( 1520, 1676 );
	INSERT INTO MAP_APP_TAG VALUES( 1520, 599 );
	INSERT INTO MAP_APP_TAG VALUES( 1520, 4166 );
	INSERT INTO MAP_APP_TAG VALUES( 1520, 3871 );
	INSERT INTO MAP_APP_TAG VALUES( 1520, 6310 );
	INSERT INTO MAP_APP_TAG VALUES( 1520, 1678 );
	INSERT INTO MAP_APP_TAG VALUES( 1520, 1708 );
	INSERT INTO MAP_APP_TAG VALUES( 1520, 4182 );
	INSERT INTO MAP_APP_TAG VALUES( 1520, 1756 );
	INSERT INTO MAP_APP_TAG VALUES( 1520, 1721 );

INSERT INTO APP_TABLE	 VALUES( 34288, 'Eternal_Champions¢â', 'Unjust deaths were dealt upon nine of history¡¯s greatest and most influential warriors, and the future now stands at the brink of chaos. The Eternal Champion has summoned the souls of the nine and placed them in competition.', SYSDATE ,3300, '' );
	INSERT INTO MAP_APP_CATEGORY VALUES( 34288, 3 );
	INSERT INTO MAP_APP_CATEGORY VALUES( 34288, 21 );
	INSERT INTO MAP_APP_CATEGORY VALUES( 34288, 7 );

	INSERT INTO MAP_APP_DEVELOPER VALUES( 34288, 302 );

	INSERT INTO MAP_APP_GENRE VALUES( 34288, 1 );

	INSERT INTO MAP_APP_LANG VALUES ( 34288, 2,  'Y', 'N', 'N' );

	INSERT INTO MAP_APP_PUBLISHER VALUES( 34288, 302 );

	INSERT INTO MAP_APP_TAG VALUES( 34288, 19 );
	INSERT INTO MAP_APP_TAG VALUES( 34288, 1743 );
	INSERT INTO MAP_APP_TAG VALUES( 34288, 4736 );

INSERT INTO APP_TABLE	 VALUES( 34289, 'Fatal_Labyrinth¢â', 'Dragonia, the castle of doom, has been resurrected! But the ghouls from the castle have stolen the Holy Goblet, the source of light. Without it, the world will be trapped in darkness forever. Don your armour and pick up your weapon.', SYSDATE ,3300, '' );
	INSERT INTO MAP_APP_CATEGORY VALUES( 34289, 3 );
	INSERT INTO MAP_APP_CATEGORY VALUES( 34289, 7 );

	INSERT INTO MAP_APP_DEVELOPER VALUES( 34289, 302 );

	INSERT INTO MAP_APP_GENRE VALUES( 34289, 6 );

	INSERT INTO MAP_APP_LANG VALUES ( 34289, 2,  'Y', 'N', 'N' );

	INSERT INTO MAP_APP_PUBLISHER VALUES( 34289, 302 );

	INSERT INTO MAP_APP_TAG VALUES( 34289, 122 );
	INSERT INTO MAP_APP_TAG VALUES( 34289, 1716 );

INSERT INTO APP_TABLE	 VALUES( 1530, 'Multiwinia', '"Long ago a computer scientist called Dr Sepulveda created a beautiful digital world existing entirely within a computer network of his own invention. This world was called Darwinia and it was inhabited by a peaceful, law-abiding digital life-form called the Darwinians.', SYSDATE ,10500, '' );
	INSERT INTO MAP_APP_CATEGORY VALUES( 1530, 3 );
	INSERT INTO MAP_APP_CATEGORY VALUES( 1530, 1 );
	INSERT INTO MAP_APP_CATEGORY VALUES( 1530, 4 );

	INSERT INTO MAP_APP_DEVELOPER VALUES( 1530, 6 );

	INSERT INTO MAP_APP_GENRE VALUES( 1530, 4 );

	INSERT INTO MAP_APP_LANG VALUES ( 1530, 2,  'Y', 'N', 'N' );
	INSERT INTO MAP_APP_LANG VALUES ( 1530, 3,  'Y', 'N', 'N' );
	INSERT INTO MAP_APP_LANG VALUES ( 1530, 4,  'Y', 'N', 'N' );
	INSERT INTO MAP_APP_LANG VALUES ( 1530, 6,  'Y', 'N', 'N' );
	INSERT INTO MAP_APP_LANG VALUES ( 1530, 7,  'Y', 'N', 'N' );

	INSERT INTO MAP_APP_PUBLISHER VALUES( 1530, 6 );

	INSERT INTO MAP_APP_TAG VALUES( 1530, 492 );
	INSERT INTO MAP_APP_TAG VALUES( 1530, 9 );
	INSERT INTO MAP_APP_TAG VALUES( 1530, 1676 );
	INSERT INTO MAP_APP_TAG VALUES( 1530, 3859 );
	INSERT INTO MAP_APP_TAG VALUES( 1530, 4182 );
	INSERT INTO MAP_APP_TAG VALUES( 1530, 4004 );

INSERT INTO APP_TABLE	 VALUES( 34310, 'Galaxy_Force_II¢â', 'The peaceful and prosperous solar system Junos was located at the end of the Milky Way. Those who called its five planets home had no idea what was about to happen... Halcyon, ruler of the Fourth Empire, had Junos marked as its final target in the galactic massacre, and had sent the bulk of his attacking force in with a single purpose ?...', SYSDATE ,3300, '' );
	INSERT INTO MAP_APP_CATEGORY VALUES( 34310, 3 );
	INSERT INTO MAP_APP_CATEGORY VALUES( 34310, 7 );

	INSERT INTO MAP_APP_DEVELOPER VALUES( 34310, 302 );

	INSERT INTO MAP_APP_GENRE VALUES( 34310, 1 );

	INSERT INTO MAP_APP_LANG VALUES ( 34310, 2,  'Y', 'N', 'N' );

	INSERT INTO MAP_APP_PUBLISHER VALUES( 34310, 302 );

	INSERT INTO MAP_APP_TAG VALUES( 34310, 19 );

INSERT INTO APP_TABLE	 VALUES( 34311, 'Kid_Chameleon¢â', 'Heady Metal, the boss of the arcade game Wild Side, has escaped! He¡¯s capturing kids by defeating them at their own game. Take Kid Chameleon into Wild Side and give Heady metal and his gruesome underlings a taste of their own aspirin. Because Kid Chameleon is about to cause a few headaches of his own!', SYSDATE ,3300, '' );
	INSERT INTO MAP_APP_CATEGORY VALUES( 34311, 3 );
	INSERT INTO MAP_APP_CATEGORY VALUES( 34311, 21 );
	INSERT INTO MAP_APP_CATEGORY VALUES( 34311, 7 );

	INSERT INTO MAP_APP_DEVELOPER VALUES( 34311, 302 );


	INSERT INTO MAP_APP_LANG VALUES ( 34311, 2,  'Y', 'N', 'N' );

	INSERT INTO MAP_APP_PUBLISHER VALUES( 34311, 302 );

	INSERT INTO MAP_APP_TAG VALUES( 34311, 1625 );
	INSERT INTO MAP_APP_TAG VALUES( 34311, 4004 );

INSERT INTO APP_TABLE	 VALUES( 34312, 'Ristar¢â', 'The evil tyrant Greedy holds the galaxy of Valdi under a reign of terror, spreading misery and darkness. But from the depths of space comes Ristar, a shining shooting star who is destined for greatness. Only his special powers can restore happiness to the solar system once again.', SYSDATE ,3300, '' );
	INSERT INTO MAP_APP_CATEGORY VALUES( 34312, 3 );
	INSERT INTO MAP_APP_CATEGORY VALUES( 34312, 7 );

	INSERT INTO MAP_APP_DEVELOPER VALUES( 34312, 302 );


	INSERT INTO MAP_APP_LANG VALUES ( 34312, 2,  'Y', 'N', 'N' );

	INSERT INTO MAP_APP_PUBLISHER VALUES( 34312, 302 );

	INSERT INTO MAP_APP_TAG VALUES( 34312, 1625 );
	INSERT INTO MAP_APP_TAG VALUES( 34312, 1693 );
	INSERT INTO MAP_APP_TAG VALUES( 34312, 1756 );
	INSERT INTO MAP_APP_TAG VALUES( 34312, 4182 );
	INSERT INTO MAP_APP_TAG VALUES( 34312, 3871 );

INSERT INTO APP_TABLE	 VALUES( 34313, 'Sonic_Spinball¢â', 'Dr. Eggman (AKA Dr. Robotnik) is once again turning the animals of Mobius into robots using his monstrous contraption, the Veg-O-Fortress. Only Sonic can penetrate the Pinball Defense System to free the animals, retrieve the Chaos Emeralds, and put a stop to Dr. Eggman¡¯s fiendish plans!', SYSDATE ,5500, '' );
	INSERT INTO MAP_APP_CATEGORY VALUES( 34313, 3 );
	INSERT INTO MAP_APP_CATEGORY VALUES( 34313, 1 );
	INSERT INTO MAP_APP_CATEGORY VALUES( 34313, 7 );

	INSERT INTO MAP_APP_DEVELOPER VALUES( 34313, 302 );

	INSERT INTO MAP_APP_GENRE VALUES( 34313, 1 );

	INSERT INTO MAP_APP_LANG VALUES ( 34313, 2,  'Y', 'N', 'N' );

	INSERT INTO MAP_APP_PUBLISHER VALUES( 34313, 302 );

	INSERT INTO MAP_APP_TAG VALUES( 34313, 6621 );
	INSERT INTO MAP_APP_TAG VALUES( 34313, 19 );
	INSERT INTO MAP_APP_TAG VALUES( 34313, 3871 );
	INSERT INTO MAP_APP_TAG VALUES( 34313, 1693 );
	INSERT INTO MAP_APP_TAG VALUES( 34313, 4004 );
	INSERT INTO MAP_APP_TAG VALUES( 34313, 1756 );

INSERT INTO APP_TABLE	 VALUES( 34314, 'Super_Thunder_Blade¢â', 'A renegade army has focused its sights on domination of the free world, and has unleashed its deadly troops from a secret power base in the East. Use the state of the art defense system at your fingertips - the Super Thunder Blade armed with 20mm Vulcan Cannons and AATM missiles - to find the central enemy base and blow it sky high.', SYSDATE ,3300, '' );
	INSERT INTO MAP_APP_CATEGORY VALUES( 34314, 3 );
	INSERT INTO MAP_APP_CATEGORY VALUES( 34314, 7 );

	INSERT INTO MAP_APP_DEVELOPER VALUES( 34314, 302 );

	INSERT INTO MAP_APP_GENRE VALUES( 34314, 1 );
	INSERT INTO MAP_APP_GENRE VALUES( 34314, 8 );

	INSERT INTO MAP_APP_LANG VALUES ( 34314, 2,  'Y', 'N', 'N' );

	INSERT INTO MAP_APP_PUBLISHER VALUES( 34314, 302 );

	INSERT INTO MAP_APP_TAG VALUES( 34314, 19 );
	INSERT INTO MAP_APP_TAG VALUES( 34314, 599 );

INSERT INTO APP_TABLE	 VALUES( 34315, 'Alien_Storm', 'Vicious predators from the far ends of the universe are invading our planet! They¡¯re mean and wicked, creating havoc everywhere they go! Time for the aptly named ¡°Alien Busters¡± to take control, get nasty and kick some serious martian butt!', SYSDATE ,3300, '' );
	INSERT INTO MAP_APP_CATEGORY VALUES( 34315, 3 );
	INSERT INTO MAP_APP_CATEGORY VALUES( 34315, 21 );
	INSERT INTO MAP_APP_CATEGORY VALUES( 34315, 7 );

	INSERT INTO MAP_APP_DEVELOPER VALUES( 34315, 302 );

	INSERT INTO MAP_APP_GENRE VALUES( 34315, 1 );

	INSERT INTO MAP_APP_LANG VALUES ( 34315, 2,  'Y', 'N', 'N' );

	INSERT INTO MAP_APP_PUBLISHER VALUES( 34315, 302 );

	INSERT INTO MAP_APP_TAG VALUES( 34315, 19 );
	INSERT INTO MAP_APP_TAG VALUES( 34315, 1773 );
	INSERT INTO MAP_APP_TAG VALUES( 34315, 4158 );

INSERT INTO APP_TABLE	 VALUES( 34316, 'Bio-Hazard_Battle¢â', 'During the first global biowar, a powerful retrovirus filled the planet Avaron with new and deadly forms of life. Only a few survivors remain in O.P. Odysseus, an orbiting platform circling Avaron. Hundreds of years after the biowar, conditions on Avaron are still hostile but livable.', SYSDATE ,3300, '' );
	INSERT INTO MAP_APP_CATEGORY VALUES( 34316, 3 );
	INSERT INTO MAP_APP_CATEGORY VALUES( 34316, 21 );
	INSERT INTO MAP_APP_CATEGORY VALUES( 34316, 7 );

	INSERT INTO MAP_APP_DEVELOPER VALUES( 34316, 302 );

	INSERT INTO MAP_APP_GENRE VALUES( 34316, 1 );

	INSERT INTO MAP_APP_LANG VALUES ( 34316, 2,  'Y', 'N', 'N' );

	INSERT INTO MAP_APP_PUBLISHER VALUES( 34316, 302 );

	INSERT INTO MAP_APP_TAG VALUES( 34316, 19 );
	INSERT INTO MAP_APP_TAG VALUES( 34316, 4255 );

INSERT INTO APP_TABLE	 VALUES( 34317, 'Columns¢â_III', 'Arrange the blocks of jewels falling from the top of the screen. If three or more jewels of the same colour are lined up vertically, horizontally, or diagonally, they disappear. Don¡¯t allow them to pile up to the top, or you will lose the game.', SYSDATE ,3300, '' );
	INSERT INTO MAP_APP_CATEGORY VALUES( 34317, 3 );
	INSERT INTO MAP_APP_CATEGORY VALUES( 34317, 21 );
	INSERT INTO MAP_APP_CATEGORY VALUES( 34317, 7 );

	INSERT INTO MAP_APP_DEVELOPER VALUES( 34317, 302 );

	INSERT INTO MAP_APP_GENRE VALUES( 34317, 7 );

	INSERT INTO MAP_APP_LANG VALUES ( 34317, 2,  'Y', 'N', 'N' );

	INSERT INTO MAP_APP_PUBLISHER VALUES( 34317, 302 );

	INSERT INTO MAP_APP_TAG VALUES( 34317, 597 );
	INSERT INTO MAP_APP_TAG VALUES( 34317, 1664 );

INSERT INTO APP_TABLE	 VALUES( 34318, 'Decap_Attack¢â', 'To help "pull things together," the brilliant doctor Frank N. Stein carefully fashioned Chuck D. Head from the leftover parts of some other people that we don¡¯t talk about. Somehow he couldn¡¯t quite get the head right ? how many heads do people need again? Head bone connects to the... what bone?', SYSDATE ,3300, '' );
	INSERT INTO MAP_APP_CATEGORY VALUES( 34318, 3 );
	INSERT INTO MAP_APP_CATEGORY VALUES( 34318, 7 );

	INSERT INTO MAP_APP_DEVELOPER VALUES( 34318, 302 );


	INSERT INTO MAP_APP_LANG VALUES ( 34318, 2,  'Y', 'N', 'N' );

	INSERT INTO MAP_APP_PUBLISHER VALUES( 34318, 302 );

	INSERT INTO MAP_APP_TAG VALUES( 34318, 1625 );
	INSERT INTO MAP_APP_TAG VALUES( 34318, 3871 );

INSERT INTO APP_TABLE	 VALUES( 34319, 'Ecco¢â:_The_Tides_of_Time', 'The Vortex, the nearly invincible, secret, yet supremely dangerous enemy, now seems so far away. It¡¯s only been a short time since this monster tore Ecco¡¯s family from Home Bay. Then Ecco braved the unknown waters to find and defeat this menace that fed on the creatures of the sea. The Vortex Queen, though weakened, was not destroyed.', SYSDATE ,3300, '' );
	INSERT INTO MAP_APP_CATEGORY VALUES( 34319, 3 );
	INSERT INTO MAP_APP_CATEGORY VALUES( 34319, 7 );

	INSERT INTO MAP_APP_DEVELOPER VALUES( 34319, 302 );

	INSERT INTO MAP_APP_GENRE VALUES( 34319, 3 );

	INSERT INTO MAP_APP_LANG VALUES ( 34319, 2,  'Y', 'N', 'N' );

	INSERT INTO MAP_APP_PUBLISHER VALUES( 34319, 302 );

	INSERT INTO MAP_APP_TAG VALUES( 34319, 21 );
	INSERT INTO MAP_APP_TAG VALUES( 34319, 1693 );
	INSERT INTO MAP_APP_TAG VALUES( 34319, 1667 );
	INSERT INTO MAP_APP_TAG VALUES( 34319, 9157 );

INSERT INTO APP_TABLE	 VALUES( 34330, 'Total_War:_SHOGUN_2', 'Total War: SHOGUN 2 is the perfect mix of real-time and turn-based strategy gaming for newcomers and veterans alike.', SYSDATE ,32000, '' );
	INSERT INTO MAP_APP_CATEGORY VALUES( 34330, 3 );
	INSERT INTO MAP_APP_CATEGORY VALUES( 34330, 1 );
	INSERT INTO MAP_APP_CATEGORY VALUES( 34330, 16 );
	INSERT INTO MAP_APP_CATEGORY VALUES( 34330, 4 );
	INSERT INTO MAP_APP_CATEGORY VALUES( 34330, 5 );
	INSERT INTO MAP_APP_CATEGORY VALUES( 34330, 8 );
	INSERT INTO MAP_APP_CATEGORY VALUES( 34330, 2 );
	INSERT INTO MAP_APP_CATEGORY VALUES( 34330, 11 );

	INSERT INTO MAP_APP_DEVELOPER VALUES( 34330, 55 );
	INSERT INTO MAP_APP_DEVELOPER VALUES( 34330, 56 );
	INSERT INTO MAP_APP_DEVELOPER VALUES( 34330, 57 );

	INSERT INTO MAP_APP_GENRE VALUES( 34330, 5 );

	INSERT INTO MAP_APP_LANG VALUES ( 34330, 2,  'Y', 'Y', 'Y' );
	INSERT INTO MAP_APP_LANG VALUES ( 34330, 3,  'Y', 'Y', 'Y' );
	INSERT INTO MAP_APP_LANG VALUES ( 34330, 4,  'Y', 'Y', 'Y' );
	INSERT INTO MAP_APP_LANG VALUES ( 34330, 10,  'Y', 'N', 'Y' );
	INSERT INTO MAP_APP_LANG VALUES ( 34330, 9,  'Y', 'Y', 'Y' );
	INSERT INTO MAP_APP_LANG VALUES ( 34330, 24,  'Y', 'N', 'Y' );
	INSERT INTO MAP_APP_LANG VALUES ( 34330, 6,  'Y', 'Y', 'Y' );
	INSERT INTO MAP_APP_LANG VALUES ( 34330, 7,  'Y', 'Y', 'Y' );

	INSERT INTO MAP_APP_PUBLISHER VALUES( 34330, 302 );
	INSERT INTO MAP_APP_PUBLISHER VALUES( 34330, 56 );
	INSERT INTO MAP_APP_PUBLISHER VALUES( 34330, 57 );

	INSERT INTO MAP_APP_TAG VALUES( 34330, 9 );
	INSERT INTO MAP_APP_TAG VALUES( 34330, 1741 );
	INSERT INTO MAP_APP_TAG VALUES( 34330, 3987 );
	INSERT INTO MAP_APP_TAG VALUES( 34330, 1676 );
	INSERT INTO MAP_APP_TAG VALUES( 34330, 4364 );
	INSERT INTO MAP_APP_TAG VALUES( 34330, 1708 );
	INSERT INTO MAP_APP_TAG VALUES( 34330, 4182 );
	INSERT INTO MAP_APP_TAG VALUES( 34330, 3813 );
	INSERT INTO MAP_APP_TAG VALUES( 34330, 3859 );
	INSERT INTO MAP_APP_TAG VALUES( 34330, 6310 );
	INSERT INTO MAP_APP_TAG VALUES( 34330, 1688 );
	INSERT INTO MAP_APP_TAG VALUES( 34330, 4168 );
	INSERT INTO MAP_APP_TAG VALUES( 34330, 1677 );
	INSERT INTO MAP_APP_TAG VALUES( 34330, 1685 );
	INSERT INTO MAP_APP_TAG VALUES( 34330, 1756 );
	INSERT INTO MAP_APP_TAG VALUES( 34330, 4172 );
	INSERT INTO MAP_APP_TAG VALUES( 34330, 4252 );
	INSERT INTO MAP_APP_TAG VALUES( 34330, 14139 );
	INSERT INTO MAP_APP_TAG VALUES( 34330, 1669 );
	INSERT INTO MAP_APP_TAG VALUES( 34330, 19 );

INSERT INTO APP_TABLE	 VALUES( 1600, 'Dangerous_Waters', 'S.C.S. - Dangerous Waters allows you total control over multiple air, surface, and submarine platforms in a modern-day naval environment. Take direct control of individual crew stations and also plan and execute combined arms naval strategies from a top-down ''Commanders Eye'' perspective.', SYSDATE ,16000, '' );
	INSERT INTO MAP_APP_CATEGORY VALUES( 1600, 3 );
	INSERT INTO MAP_APP_CATEGORY VALUES( 1600, 1 );

	INSERT INTO MAP_APP_DEVELOPER VALUES( 1600, 7 );

	INSERT INTO MAP_APP_GENRE VALUES( 1600, 5 );

	INSERT INTO MAP_APP_LANG VALUES ( 1600, 2,  'Y', 'N', 'N' );

	INSERT INTO MAP_APP_PUBLISHER VALUES( 1600, 9 );

	INSERT INTO MAP_APP_TAG VALUES( 1600, 9 );
	INSERT INTO MAP_APP_TAG VALUES( 1600, 599 );
	INSERT INTO MAP_APP_TAG VALUES( 1600, 6910 );

INSERT INTO APP_TABLE	 VALUES( 1610, 'Space_Empires_IV_Deluxe', 'The award-winning Space Empires IV Deluxe is the latest edition in the Space Empires series. A grand strategy title in the space 4X (explore, expand, exploit, and exterminate) genre, Space Empires has already found a place in the heart of strategy gamers everywhere.', SYSDATE ,10500, '' );
	INSERT INTO MAP_APP_CATEGORY VALUES( 1610, 3 );
	INSERT INTO MAP_APP_CATEGORY VALUES( 1610, 1 );

	INSERT INTO MAP_APP_DEVELOPER VALUES( 1610, 8 );

	INSERT INTO MAP_APP_GENRE VALUES( 1610, 5 );

	INSERT INTO MAP_APP_LANG VALUES ( 1610, 2,  'Y', 'N', 'N' );

	INSERT INTO MAP_APP_PUBLISHER VALUES( 1610, 9 );

	INSERT INTO MAP_APP_TAG VALUES( 1610, 9 );
	INSERT INTO MAP_APP_TAG VALUES( 1610, 1670 );
	INSERT INTO MAP_APP_TAG VALUES( 1610, 3942 );
	INSERT INTO MAP_APP_TAG VALUES( 1610, 1677 );
	INSERT INTO MAP_APP_TAG VALUES( 1610, 1741 );
	INSERT INTO MAP_APP_TAG VALUES( 1610, 1755 );
	INSERT INTO MAP_APP_TAG VALUES( 1610, 4182 );

INSERT INTO APP_TABLE	 VALUES( 1620, 'Jagged_Alliance_2_Gold', 'The small country of Arulco has been taken over by a merciless dictator - and only you can loosen the iron grip! Jagged Alliance 2 Gold Pack immerses you into an elaborate role-playing universe where you will interact with more than 150 characters, recruit your own band of soldiers and create your own custom mercenary to win back Arulco...', SYSDATE ,21000, '' );
	INSERT INTO MAP_APP_CATEGORY VALUES( 1620, 3 );

	INSERT INTO MAP_APP_DEVELOPER VALUES( 1620, 9 );

	INSERT INTO MAP_APP_GENRE VALUES( 1620, 5 );

	INSERT INTO MAP_APP_LANG VALUES ( 1620, 2,  'Y', 'N', 'N' );

	INSERT INTO MAP_APP_PUBLISHER VALUES( 1620, 9 );

	INSERT INTO MAP_APP_TAG VALUES( 1620, 9 );
	INSERT INTO MAP_APP_TAG VALUES( 1620, 1708 );
	INSERT INTO MAP_APP_TAG VALUES( 1620, 1693 );
	INSERT INTO MAP_APP_TAG VALUES( 1620, 14139 );
	INSERT INTO MAP_APP_TAG VALUES( 1620, 4325 );
	INSERT INTO MAP_APP_TAG VALUES( 1620, 1677 );
	INSERT INTO MAP_APP_TAG VALUES( 1620, 5851 );
	INSERT INTO MAP_APP_TAG VALUES( 1620, 7782 );
	INSERT INTO MAP_APP_TAG VALUES( 1620, 1741 );
	INSERT INTO MAP_APP_TAG VALUES( 1620, 1695 );
	INSERT INTO MAP_APP_TAG VALUES( 1620, 122 );
	INSERT INTO MAP_APP_TAG VALUES( 1620, 4182 );

INSERT INTO APP_TABLE	 VALUES( 1630, 'Disciples_II:_Rise_of_the_Elves', 'The award-winning series Disciples introduced a milestone in the game''s very successful history; the introduction of a new race: The Elves. The Elven Race added a new dimension to the game and added countless hours of gameplay. Now that series has expanded further with Disciples II: Rise Of The Elves.', SYSDATE ,7500, '' );
	INSERT INTO MAP_APP_CATEGORY VALUES( 1630, 3 );
	INSERT INTO MAP_APP_CATEGORY VALUES( 1630, 1 );
	INSERT INTO MAP_APP_CATEGORY VALUES( 1630, 16 );

	INSERT INTO MAP_APP_DEVELOPER VALUES( 1630, 9 );

	INSERT INTO MAP_APP_GENRE VALUES( 1630, 5 );

	INSERT INTO MAP_APP_LANG VALUES ( 1630, 2,  'Y', 'N', 'N' );

	INSERT INTO MAP_APP_PUBLISHER VALUES( 1630, 9 );

	INSERT INTO MAP_APP_TAG VALUES( 1630, 9 );
	INSERT INTO MAP_APP_TAG VALUES( 1630, 1741 );
	INSERT INTO MAP_APP_TAG VALUES( 1630, 1684 );
	INSERT INTO MAP_APP_TAG VALUES( 1630, 1677 );
	INSERT INTO MAP_APP_TAG VALUES( 1630, 1693 );
	INSERT INTO MAP_APP_TAG VALUES( 1630, 122 );
	INSERT INTO MAP_APP_TAG VALUES( 1630, 4604 );
	INSERT INTO MAP_APP_TAG VALUES( 1630, 4166 );

INSERT INTO APP_TABLE	 VALUES( 1640, 'Disciples_II:_Gallean''s_Return', 'Disciples II: Gallean''s Return is a compilation edition that includes the base game, Disciples II: Dark Prophecy, plus the two standalone expansions Disciples II: Guardians of the Light and Disciples II: Servants of the Dark.', SYSDATE ,7500, '' );
	INSERT INTO MAP_APP_CATEGORY VALUES( 1640, 3 );
	INSERT INTO MAP_APP_CATEGORY VALUES( 1640, 1 );
	INSERT INTO MAP_APP_CATEGORY VALUES( 1640, 16 );

	INSERT INTO MAP_APP_DEVELOPER VALUES( 1640, 9 );

	INSERT INTO MAP_APP_GENRE VALUES( 1640, 5 );

	INSERT INTO MAP_APP_LANG VALUES ( 1640, 2,  'Y', 'N', 'N' );

	INSERT INTO MAP_APP_PUBLISHER VALUES( 1640, 9 );

	INSERT INTO MAP_APP_TAG VALUES( 1640, 1741 );
	INSERT INTO MAP_APP_TAG VALUES( 1640, 9 );
	INSERT INTO MAP_APP_TAG VALUES( 1640, 1693 );
	INSERT INTO MAP_APP_TAG VALUES( 1640, 4166 );
	INSERT INTO MAP_APP_TAG VALUES( 1640, 4604 );
	INSERT INTO MAP_APP_TAG VALUES( 1640, 1677 );
	INSERT INTO MAP_APP_TAG VALUES( 1640, 1684 );
	INSERT INTO MAP_APP_TAG VALUES( 1640, 1708 );
	INSERT INTO MAP_APP_TAG VALUES( 1640, 122 );
	INSERT INTO MAP_APP_TAG VALUES( 1640, 3952 );
	INSERT INTO MAP_APP_TAG VALUES( 1640, 1756 );
	INSERT INTO MAP_APP_TAG VALUES( 1640, 3859 );
	INSERT INTO MAP_APP_TAG VALUES( 1640, 5851 );

INSERT INTO APP_TABLE	 VALUES( 34410, 'Death_to_Spies:_Moment_of_Truth', 'The Most Mysterious Secret Service Agency of WWII This is a third-person stealth-action game describing the activities of the SMERSH, the most mysterious secret service agency of World War II. Moment of Truth is a sequel to the popular stealth action title Death to Spies.', SYSDATE ,7500, '' );
	INSERT INTO MAP_APP_CATEGORY VALUES( 34410, 3 );
	INSERT INTO MAP_APP_CATEGORY VALUES( 34410, 8 );

	INSERT INTO MAP_APP_DEVELOPER VALUES( 34410, 104 );

	INSERT INTO MAP_APP_GENRE VALUES( 34410, 1 );

	INSERT INTO MAP_APP_LANG VALUES ( 34410, 2,  'Y', 'Y', 'Y' );
	INSERT INTO MAP_APP_LANG VALUES ( 34410, 3,  'Y', 'N', 'Y' );
	INSERT INTO MAP_APP_LANG VALUES ( 34410, 9,  'Y', 'Y', 'Y' );
	INSERT INTO MAP_APP_LANG VALUES ( 34410, 4,  'Y', 'N', 'Y' );
	INSERT INTO MAP_APP_LANG VALUES ( 34410, 7,  'Y', 'N', 'Y' );

	INSERT INTO MAP_APP_PUBLISHER VALUES( 34410, 32 );

	INSERT INTO MAP_APP_TAG VALUES( 34410, 1687 );
	INSERT INTO MAP_APP_TAG VALUES( 34410, 19 );
	INSERT INTO MAP_APP_TAG VALUES( 34410, 4150 );
	INSERT INTO MAP_APP_TAG VALUES( 34410, 1697 );

INSERT INTO APP_TABLE	 VALUES( 34420, 'XIII_Century_?_Gold_Edition', 'XIII Century Gold Edition combines the highly successful strategy game XIII Century: Death or Glory with the follow-up sequel, XIII Century: Blood of Europe.XIII Century: Death or Glory is an RTS game which immerses players in the Middle Ages.', SYSDATE ,5500, '' );
	INSERT INTO MAP_APP_CATEGORY VALUES( 34420, 3 );
	INSERT INTO MAP_APP_CATEGORY VALUES( 34420, 1 );
	INSERT INTO MAP_APP_CATEGORY VALUES( 34420, 8 );
	INSERT INTO MAP_APP_CATEGORY VALUES( 34420, 13 );

	INSERT INTO MAP_APP_DEVELOPER VALUES( 34420, 303 );

	INSERT INTO MAP_APP_GENRE VALUES( 34420, 5 );

	INSERT INTO MAP_APP_LANG VALUES ( 34420, 2,  'Y', 'Y', 'Y' );
	INSERT INTO MAP_APP_LANG VALUES ( 34420, 3,  'Y', 'Y', 'Y' );
	INSERT INTO MAP_APP_LANG VALUES ( 34420, 9,  'Y', 'Y', 'Y' );
	INSERT INTO MAP_APP_LANG VALUES ( 34420, 7,  'Y', 'Y', 'Y' );

	INSERT INTO MAP_APP_PUBLISHER VALUES( 34420, 32 );

	INSERT INTO MAP_APP_TAG VALUES( 34420, 9 );
	INSERT INTO MAP_APP_TAG VALUES( 34420, 4172 );
	INSERT INTO MAP_APP_TAG VALUES( 34420, 1676 );

INSERT INTO APP_TABLE	 VALUES( 1670, 'Iron_Warriors:_T_-_72_Tank_Command', 'The most devastating mechanized armor to ever roll onto a battlefield is brought to life in Iron Warriors: T72-Tank Command. This epic combat simulator allows the player to command an entire platoon of tanks and ALL associated support units, or assume the role of ANY member in a complete tank crew!', SYSDATE ,5500, '' );
	INSERT INTO MAP_APP_CATEGORY VALUES( 1670, 3 );
	INSERT INTO MAP_APP_CATEGORY VALUES( 1670, 1 );

	INSERT INTO MAP_APP_DEVELOPER VALUES( 1670, 9 );

	INSERT INTO MAP_APP_GENRE VALUES( 1670, 5 );

	INSERT INTO MAP_APP_LANG VALUES ( 1670, 2,  'Y', 'N', 'N' );

	INSERT INTO MAP_APP_PUBLISHER VALUES( 1670, 9 );

	INSERT INTO MAP_APP_TAG VALUES( 1670, 599 );
	INSERT INTO MAP_APP_TAG VALUES( 1670, 9 );
	INSERT INTO MAP_APP_TAG VALUES( 1670, 13276 );
	INSERT INTO MAP_APP_TAG VALUES( 1670, 4168 );

INSERT INTO APP_TABLE	 VALUES( 1690, 'Space_Empires_V', 'Space Empires V is the latest edition in the Space Empires series. This new chapter completely updates the UI and takes the player into a real-time rendered 3D universe. Watch space battles played out in glorious detail and realistic effects. Expand, Explore, Exploit, and Exterminate in a huge living breathing galaxy.', SYSDATE ,16000, '' );
	INSERT INTO MAP_APP_CATEGORY VALUES( 1690, 3 );
	INSERT INTO MAP_APP_CATEGORY VALUES( 1690, 1 );

	INSERT INTO MAP_APP_DEVELOPER VALUES( 1690, 8 );

	INSERT INTO MAP_APP_GENRE VALUES( 1690, 5 );

	INSERT INTO MAP_APP_LANG VALUES ( 1690, 2,  'Y', 'N', 'N' );

	INSERT INTO MAP_APP_PUBLISHER VALUES( 1690, 9 );

	INSERT INTO MAP_APP_TAG VALUES( 1690, 9 );
	INSERT INTO MAP_APP_TAG VALUES( 1690, 1670 );
	INSERT INTO MAP_APP_TAG VALUES( 1690, 1755 );
	INSERT INTO MAP_APP_TAG VALUES( 1690, 3942 );
	INSERT INTO MAP_APP_TAG VALUES( 1690, 1677 );
	INSERT INTO MAP_APP_TAG VALUES( 1690, 4182 );
	INSERT INTO MAP_APP_TAG VALUES( 1690, 1741 );
	INSERT INTO MAP_APP_TAG VALUES( 1690, 3859 );

INSERT INTO APP_TABLE	 VALUES( 1700, 'Arx_Fatalis', 'This critically acclaimed first-person RPG takes the player on an amazing journey into the fantasy world of Arx. The game mixes intelligent story with immersive and actual medieval surroundings. Arx Fatalis allows the player to feel that all his actions have a direct consequence on those around him.', SYSDATE ,5500, '' );
	INSERT INTO MAP_APP_CATEGORY VALUES( 1700, 3 );

	INSERT INTO MAP_APP_DEVELOPER VALUES( 1700, 10 );

	INSERT INTO MAP_APP_GENRE VALUES( 1700, 6 );

	INSERT INTO MAP_APP_LANG VALUES ( 1700, 2,  'Y', 'N', 'N' );
	INSERT INTO MAP_APP_LANG VALUES ( 1700, 3,  'Y', 'N', 'N' );
	INSERT INTO MAP_APP_LANG VALUES ( 1700, 4,  'Y', 'N', 'N' );
	INSERT INTO MAP_APP_LANG VALUES ( 1700, 9,  'Y', 'N', 'N' );
	INSERT INTO MAP_APP_LANG VALUES ( 1700, 6,  'Y', 'N', 'N' );
	INSERT INTO MAP_APP_LANG VALUES ( 1700, 7,  'Y', 'N', 'N' );

	INSERT INTO MAP_APP_PUBLISHER VALUES( 1700, 10 );

	INSERT INTO MAP_APP_TAG VALUES( 1700, 122 );
	INSERT INTO MAP_APP_TAG VALUES( 1700, 3839 );
	INSERT INTO MAP_APP_TAG VALUES( 1700, 1684 );
	INSERT INTO MAP_APP_TAG VALUES( 1700, 1693 );
	INSERT INTO MAP_APP_TAG VALUES( 1700, 4166 );
	INSERT INTO MAP_APP_TAG VALUES( 1700, 4604 );
	INSERT INTO MAP_APP_TAG VALUES( 1700, 4182 );
	INSERT INTO MAP_APP_TAG VALUES( 1700, 19 );
	INSERT INTO MAP_APP_TAG VALUES( 1700, 21006 );
	INSERT INTO MAP_APP_TAG VALUES( 1700, 21 );
	INSERT INTO MAP_APP_TAG VALUES( 1700, 1742 );
	INSERT INTO MAP_APP_TAG VALUES( 1700, 3834 );

INSERT INTO APP_TABLE	 VALUES( 34500, 'Light_of_Altair', 'Light of Altair is a sci-fi colony building game with a deep plot. Grow colonies from landing pod to metropolis, while sending off new spaceships to expand your territory to other worlds. You are not alone in space, 8 factions from different parts of the world are all following their own agendas in the solar system; diplomacy and...', SYSDATE ,-1, '' );
	INSERT INTO MAP_APP_CATEGORY VALUES( 34500, 3 );
	INSERT INTO MAP_APP_CATEGORY VALUES( 34500, 4 );

	INSERT INTO MAP_APP_DEVELOPER VALUES( 34500, 304 );

	INSERT INTO MAP_APP_GENRE VALUES( 34500, 4 );
	INSERT INTO MAP_APP_GENRE VALUES( 34500, 8 );
	INSERT INTO MAP_APP_GENRE VALUES( 34500, 5 );

	INSERT INTO MAP_APP_LANG VALUES ( 34500, 2,  'Y', 'N', 'N' );

	INSERT INTO MAP_APP_PUBLISHER VALUES( 34500, 304 );

	INSERT INTO MAP_APP_TAG VALUES( 34500, 9 );
	INSERT INTO MAP_APP_TAG VALUES( 34500, 492 );
	INSERT INTO MAP_APP_TAG VALUES( 34500, 599 );
	INSERT INTO MAP_APP_TAG VALUES( 34500, 1755 );
	INSERT INTO MAP_APP_TAG VALUES( 34500, 3942 );

INSERT INTO APP_TABLE	 VALUES( 34600, 'Order_of_War¢â', 'October 22, 2009 - Update Wargaming.net has released free Downloadable Content for Order of War. The DLC will download automatically the next time you launch the game. This DLC contains all the formerly exclusive pre-order items which include: Heavy Bomber Squadrons - Addition of German Arado and Allied B-24 Marauder heavy bomber units...', SYSDATE ,8500, '' );
	INSERT INTO MAP_APP_CATEGORY VALUES( 34600, 3 );

	INSERT INTO MAP_APP_DEVELOPER VALUES( 34600, 305 );

	INSERT INTO MAP_APP_GENRE VALUES( 34600, 5 );

	INSERT INTO MAP_APP_LANG VALUES ( 34600, 2,  'Y', 'N', 'N' );
	INSERT INTO MAP_APP_LANG VALUES ( 34600, 3,  'Y', 'N', 'N' );
	INSERT INTO MAP_APP_LANG VALUES ( 34600, 4,  'Y', 'N', 'N' );
	INSERT INTO MAP_APP_LANG VALUES ( 34600, 10,  'Y', 'N', 'N' );
	INSERT INTO MAP_APP_LANG VALUES ( 34600, 9,  'Y', 'N', 'N' );
	INSERT INTO MAP_APP_LANG VALUES ( 34600, 6,  'Y', 'N', 'N' );
	INSERT INTO MAP_APP_LANG VALUES ( 34600, 7,  'Y', 'N', 'N' );

	INSERT INTO MAP_APP_PUBLISHER VALUES( 34600, 344 );

	INSERT INTO MAP_APP_TAG VALUES( 34600, 9 );
	INSERT INTO MAP_APP_TAG VALUES( 34600, 4150 );
	INSERT INTO MAP_APP_TAG VALUES( 34600, 1676 );

INSERT INTO APP_TABLE	 VALUES( 1930, 'Two_Worlds_Epic_Edition', '... 300 years after Aziraal has been banished, a brother and sister are drawn into the conflict which has flared up between the Orcs and the free world. Kyra, the hero''s younger sister, suddenly disappears in mysterious circumstances.?...If my family really belongs to the chosen ones, why then have we always been as poor as church mice?', SYSDATE ,-1, '' );
	INSERT INTO MAP_APP_CATEGORY VALUES( 1930, 3 );
	INSERT INTO MAP_APP_CATEGORY VALUES( 1930, 1 );
	INSERT INTO MAP_APP_CATEGORY VALUES( 1930, 19 );
	INSERT INTO MAP_APP_CATEGORY VALUES( 1930, 20 );
	INSERT INTO MAP_APP_CATEGORY VALUES( 1930, 10 );
	INSERT INTO MAP_APP_CATEGORY VALUES( 1930, 5 );
	INSERT INTO MAP_APP_CATEGORY VALUES( 1930, 7 );

	INSERT INTO MAP_APP_DEVELOPER VALUES( 1930, 11 );

	INSERT INTO MAP_APP_GENRE VALUES( 1930, 6 );

	INSERT INTO MAP_APP_LANG VALUES ( 1930, 2,  'Y', 'N', 'N' );
	INSERT INTO MAP_APP_LANG VALUES ( 1930, 3,  'Y', 'N', 'N' );
	INSERT INTO MAP_APP_LANG VALUES ( 1930, 4,  'Y', 'N', 'N' );
	INSERT INTO MAP_APP_LANG VALUES ( 1930, 10,  'Y', 'N', 'N' );
	INSERT INTO MAP_APP_LANG VALUES ( 1930, 9,  'Y', 'N', 'N' );
	INSERT INTO MAP_APP_LANG VALUES ( 1930, 6,  'Y', 'N', 'N' );
	INSERT INTO MAP_APP_LANG VALUES ( 1930, 7,  'Y', 'N', 'N' );
	INSERT INTO MAP_APP_LANG VALUES ( 1930, 24,  'Y', 'N', 'N' );


	INSERT INTO MAP_APP_TAG VALUES( 1930, 122 );
	INSERT INTO MAP_APP_TAG VALUES( 1930, 1695 );
	INSERT INTO MAP_APP_TAG VALUES( 1930, 1684 );
	INSERT INTO MAP_APP_TAG VALUES( 1930, 3859 );
	INSERT INTO MAP_APP_TAG VALUES( 1930, 1697 );
	INSERT INTO MAP_APP_TAG VALUES( 1930, 21 );
	INSERT INTO MAP_APP_TAG VALUES( 1930, 4182 );
	INSERT INTO MAP_APP_TAG VALUES( 1930, 19 );
	INSERT INTO MAP_APP_TAG VALUES( 1930, 4172 );
	INSERT INTO MAP_APP_TAG VALUES( 1930, 4231 );
	INSERT INTO MAP_APP_TAG VALUES( 1930, 1742 );
	INSERT INTO MAP_APP_TAG VALUES( 1930, 4747 );

INSERT INTO APP_TABLE	 VALUES( 34810, 'Project_Freedom', 'Get your dream job with a company called Project Freedom. Become a space pilot and serve for the corporation. You''re going to get all the excitement and adventure you''ve ever wanted. Perhaps even more... 21 missions in the campaign Outstanding 3D graphics and special effects Original storyline with unexpected turns and surprises A...', SYSDATE ,3300, '' );
	INSERT INTO MAP_APP_CATEGORY VALUES( 34810, 3 );

	INSERT INTO MAP_APP_DEVELOPER VALUES( 34810, 306 );

	INSERT INTO MAP_APP_GENRE VALUES( 34810, 1 );
	INSERT INTO MAP_APP_GENRE VALUES( 34810, 8 );

	INSERT INTO MAP_APP_LANG VALUES ( 34810, 2,  'Y', 'N', 'N' );
	INSERT INTO MAP_APP_LANG VALUES ( 34810, 3,  'Y', 'N', 'N' );
	INSERT INTO MAP_APP_LANG VALUES ( 34810, 4,  'Y', 'N', 'N' );
	INSERT INTO MAP_APP_LANG VALUES ( 34810, 6,  'Y', 'N', 'N' );


	INSERT INTO MAP_APP_TAG VALUES( 34810, 19 );
	INSERT INTO MAP_APP_TAG VALUES( 34810, 599 );
	INSERT INTO MAP_APP_TAG VALUES( 34810, 1755 );
	INSERT INTO MAP_APP_TAG VALUES( 34810, 3942 );

INSERT INTO APP_TABLE	 VALUES( 34820, 'Combat_Wings:_Battle_of_Britain', 'Destroy the Luftwaffe! There¡¯s something new in the air, and it¡¯s more than the hum of hundreds of aero engines... As the Luftwaffe launches its aerial offensive, the outnumbered Royal Air Force is scrambling to bring into combat new planes that will ensure victory over a stronger foe. Will they succeed?', SYSDATE ,5500, '' );
	INSERT INTO MAP_APP_CATEGORY VALUES( 34820, 3 );
	INSERT INTO MAP_APP_CATEGORY VALUES( 34820, 1 );

	INSERT INTO MAP_APP_DEVELOPER VALUES( 34820, 306 );

	INSERT INTO MAP_APP_GENRE VALUES( 34820, 8 );

	INSERT INTO MAP_APP_LANG VALUES ( 34820, 2,  'Y', 'N', 'N' );
	INSERT INTO MAP_APP_LANG VALUES ( 34820, 3,  'Y', 'N', 'N' );
	INSERT INTO MAP_APP_LANG VALUES ( 34820, 4,  'Y', 'N', 'N' );
	INSERT INTO MAP_APP_LANG VALUES ( 34820, 6,  'Y', 'N', 'N' );
	INSERT INTO MAP_APP_LANG VALUES ( 34820, 7,  'Y', 'N', 'N' );


	INSERT INTO MAP_APP_TAG VALUES( 34820, 599 );
	INSERT INTO MAP_APP_TAG VALUES( 34820, 15045 );
	INSERT INTO MAP_APP_TAG VALUES( 34820, 4150 );
	INSERT INTO MAP_APP_TAG VALUES( 34820, 1773 );
	INSERT INTO MAP_APP_TAG VALUES( 34820, 19 );
	INSERT INTO MAP_APP_TAG VALUES( 34820, 3859 );

INSERT INTO APP_TABLE	 VALUES( 34830, 'Sniper:_Ghost_Warrior', 'As a Ghost Warrior, an elite sniper in a highly trained special ops unit, your unique skills in the art of stalking, target detection, surveillance and shooting accuracy will determine mission success.', SYSDATE ,8500, '' );
	INSERT INTO MAP_APP_CATEGORY VALUES( 34830, 3 );
	INSERT INTO MAP_APP_CATEGORY VALUES( 34830, 1 );
	INSERT INTO MAP_APP_CATEGORY VALUES( 34830, 4 );
	INSERT INTO MAP_APP_CATEGORY VALUES( 34830, 7 );

	INSERT INTO MAP_APP_DEVELOPER VALUES( 34830, 306 );

	INSERT INTO MAP_APP_GENRE VALUES( 34830, 1 );

	INSERT INTO MAP_APP_LANG VALUES ( 34830, 2,  'Y', 'N', 'N' );
	INSERT INTO MAP_APP_LANG VALUES ( 34830, 3,  'Y', 'N', 'N' );
	INSERT INTO MAP_APP_LANG VALUES ( 34830, 4,  'Y', 'N', 'N' );
	INSERT INTO MAP_APP_LANG VALUES ( 34830, 10,  'Y', 'N', 'N' );
	INSERT INTO MAP_APP_LANG VALUES ( 34830, 6,  'Y', 'N', 'N' );
	INSERT INTO MAP_APP_LANG VALUES ( 34830, 7,  'Y', 'N', 'N' );


	INSERT INTO MAP_APP_TAG VALUES( 34830, 19 );
	INSERT INTO MAP_APP_TAG VALUES( 34830, 7423 );
	INSERT INTO MAP_APP_TAG VALUES( 34830, 1663 );
	INSERT INTO MAP_APP_TAG VALUES( 34830, 4182 );
	INSERT INTO MAP_APP_TAG VALUES( 34830, 3859 );
	INSERT INTO MAP_APP_TAG VALUES( 34830, 1687 );
	INSERT INTO MAP_APP_TAG VALUES( 34830, 1774 );
	INSERT INTO MAP_APP_TAG VALUES( 34830, 3839 );
	INSERT INTO MAP_APP_TAG VALUES( 34830, 5796 );
	INSERT INTO MAP_APP_TAG VALUES( 34830, 21 );

INSERT INTO APP_TABLE	 VALUES( 2100, 'Dark_Messiah_of_Might_&_Magic', 'Discover a new breed of Action-RPG game powered by an enhanced version of the Source¢â Engine by Valve. Set in the Might & Magic¢ç universe, players will experience ferocious combat in a dark and immersive fantasy environment. Swords, Stealth, Sorcery. Choose your way to kill.', SYSDATE ,6250, '' );
	INSERT INTO MAP_APP_CATEGORY VALUES( 2100, 3 );
	INSERT INTO MAP_APP_CATEGORY VALUES( 2100, 1 );
	INSERT INTO MAP_APP_CATEGORY VALUES( 2100, 2 );

	INSERT INTO MAP_APP_DEVELOPER VALUES( 2100, 10 );

	INSERT INTO MAP_APP_GENRE VALUES( 2100, 1 );
	INSERT INTO MAP_APP_GENRE VALUES( 2100, 6 );

	INSERT INTO MAP_APP_LANG VALUES ( 2100, 2,  'Y', 'N', 'N' );
	INSERT INTO MAP_APP_LANG VALUES ( 2100, 3,  'Y', 'N', 'N' );
	INSERT INTO MAP_APP_LANG VALUES ( 2100, 4,  'Y', 'N', 'N' );
	INSERT INTO MAP_APP_LANG VALUES ( 2100, 6,  'Y', 'N', 'N' );
	INSERT INTO MAP_APP_LANG VALUES ( 2100, 7,  'Y', 'N', 'N' );

	INSERT INTO MAP_APP_PUBLISHER VALUES( 2100, 160 );

	INSERT INTO MAP_APP_TAG VALUES( 2100, 122 );
	INSERT INTO MAP_APP_TAG VALUES( 2100, 19 );
	INSERT INTO MAP_APP_TAG VALUES( 2100, 3839 );
	INSERT INTO MAP_APP_TAG VALUES( 2100, 1684 );
	INSERT INTO MAP_APP_TAG VALUES( 2100, 21 );
	INSERT INTO MAP_APP_TAG VALUES( 2100, 4604 );
	INSERT INTO MAP_APP_TAG VALUES( 2100, 4608 );
	INSERT INTO MAP_APP_TAG VALUES( 2100, 4057 );
	INSERT INTO MAP_APP_TAG VALUES( 2100, 1693 );
	INSERT INTO MAP_APP_TAG VALUES( 2100, 6971 );
	INSERT INTO MAP_APP_TAG VALUES( 2100, 1687 );
	INSERT INTO MAP_APP_TAG VALUES( 2100, 1742 );
	INSERT INTO MAP_APP_TAG VALUES( 2100, 4182 );
	INSERT INTO MAP_APP_TAG VALUES( 2100, 4172 );
	INSERT INTO MAP_APP_TAG VALUES( 2100, 4166 );
	INSERT INTO MAP_APP_TAG VALUES( 2100, 1646 );
	INSERT INTO MAP_APP_TAG VALUES( 2100, 4231 );
	INSERT INTO MAP_APP_TAG VALUES( 2100, 4345 );
	INSERT INTO MAP_APP_TAG VALUES( 2100, 3859 );
	INSERT INTO MAP_APP_TAG VALUES( 2100, 1663 );

INSERT INTO APP_TABLE	 VALUES( 34920, 'Razor2:_Hidden_Skies', 'Razor2: Hidden Skies Razor2: Hidden Skies is a top view shooter. The game has the style of successful classic arcade games, while using the latest technology to create great visuals and effects. An old-school game with all new technology.', SYSDATE ,10500, '' );
	INSERT INTO MAP_APP_CATEGORY VALUES( 34920, 3 );
	INSERT INTO MAP_APP_CATEGORY VALUES( 34920, 4 );
	INSERT INTO MAP_APP_CATEGORY VALUES( 34920, 7 );
	INSERT INTO MAP_APP_CATEGORY VALUES( 34920, 18 );

	INSERT INTO MAP_APP_DEVELOPER VALUES( 34920, 307 );

	INSERT INTO MAP_APP_GENRE VALUES( 34920, 1 );
	INSERT INTO MAP_APP_GENRE VALUES( 34920, 7 );
	INSERT INTO MAP_APP_GENRE VALUES( 34920, 4 );

	INSERT INTO MAP_APP_LANG VALUES ( 34920, 2,  'Y', 'N', 'N' );

	INSERT INTO MAP_APP_PUBLISHER VALUES( 34920, 9 );

	INSERT INTO MAP_APP_TAG VALUES( 34920, 19 );
	INSERT INTO MAP_APP_TAG VALUES( 34920, 492 );
	INSERT INTO MAP_APP_TAG VALUES( 34920, 597 );
	INSERT INTO MAP_APP_TAG VALUES( 34920, 4255 );
	INSERT INTO MAP_APP_TAG VALUES( 34920, 1773 );
	INSERT INTO MAP_APP_TAG VALUES( 34920, 4885 );
	INSERT INTO MAP_APP_TAG VALUES( 34920, 1774 );

INSERT INTO APP_TABLE	 VALUES( 2200, 'Quake_III_Arena', 'Welcome to the Arena, where high-ranking warriors are transformed into spineless mush. Abandoning every ounce of common sense and any trace of doubt, you lunge onto a stage of harrowing landscapes and veiled abysses.', SYSDATE ,17300, '' );
	INSERT INTO MAP_APP_CATEGORY VALUES( 2200, 3 );
	INSERT INTO MAP_APP_CATEGORY VALUES( 2200, 1 );
	INSERT INTO MAP_APP_CATEGORY VALUES( 2200, 8 );

	INSERT INTO MAP_APP_DEVELOPER VALUES( 2200, 12 );

	INSERT INTO MAP_APP_GENRE VALUES( 2200, 1 );

	INSERT INTO MAP_APP_LANG VALUES ( 2200, 2,  'Y', 'N', 'N' );

	INSERT INTO MAP_APP_PUBLISHER VALUES( 2200, 12 );

	INSERT INTO MAP_APP_TAG VALUES( 2200, 1663 );
	INSERT INTO MAP_APP_TAG VALUES( 2200, 19 );
	INSERT INTO MAP_APP_TAG VALUES( 2200, 1693 );
	INSERT INTO MAP_APP_TAG VALUES( 2200, 5547 );
	INSERT INTO MAP_APP_TAG VALUES( 2200, 3859 );
	INSERT INTO MAP_APP_TAG VALUES( 2200, 3878 );
	INSERT INTO MAP_APP_TAG VALUES( 2200, 1774 );
	INSERT INTO MAP_APP_TAG VALUES( 2200, 6691 );
	INSERT INTO MAP_APP_TAG VALUES( 2200, 3839 );
	INSERT INTO MAP_APP_TAG VALUES( 2200, 4345 );
	INSERT INTO MAP_APP_TAG VALUES( 2200, 4026 );
	INSERT INTO MAP_APP_TAG VALUES( 2200, 1734 );
	INSERT INTO MAP_APP_TAG VALUES( 2200, 1669 );
	INSERT INTO MAP_APP_TAG VALUES( 2200, 4182 );
	INSERT INTO MAP_APP_TAG VALUES( 2200, 3942 );
	INSERT INTO MAP_APP_TAG VALUES( 2200, 5055 );

INSERT INTO APP_TABLE	 VALUES( 2210, 'Quake_IV', 'The latest chapter in the Quake series is now on Steam!', SYSDATE ,17300, '' );
	INSERT INTO MAP_APP_CATEGORY VALUES( 2210, 3 );
	INSERT INTO MAP_APP_CATEGORY VALUES( 2210, 1 );
	INSERT INTO MAP_APP_CATEGORY VALUES( 2210, 8 );

	INSERT INTO MAP_APP_DEVELOPER VALUES( 2210, 13 );

	INSERT INTO MAP_APP_GENRE VALUES( 2210, 1 );

	INSERT INTO MAP_APP_LANG VALUES ( 2210, 2,  'Y', 'N', 'N' );


	INSERT INTO MAP_APP_TAG VALUES( 2210, 1663 );
	INSERT INTO MAP_APP_TAG VALUES( 2210, 19 );
	INSERT INTO MAP_APP_TAG VALUES( 2210, 1774 );
	INSERT INTO MAP_APP_TAG VALUES( 2210, 3942 );
	INSERT INTO MAP_APP_TAG VALUES( 2210, 1667 );
	INSERT INTO MAP_APP_TAG VALUES( 2210, 4182 );
	INSERT INTO MAP_APP_TAG VALUES( 2210, 1693 );
	INSERT INTO MAP_APP_TAG VALUES( 2210, 3859 );
	INSERT INTO MAP_APP_TAG VALUES( 2210, 1734 );
	INSERT INTO MAP_APP_TAG VALUES( 2210, 3839 );
	INSERT INTO MAP_APP_TAG VALUES( 2210, 4345 );
	INSERT INTO MAP_APP_TAG VALUES( 2210, 4166 );
	INSERT INTO MAP_APP_TAG VALUES( 2210, 4342 );
	INSERT INTO MAP_APP_TAG VALUES( 2210, 5547 );
	INSERT INTO MAP_APP_TAG VALUES( 2210, 21 );

INSERT INTO APP_TABLE	 VALUES( 35000, 'Mini_Ninjas', 'Mini Ninjas is a game that combines furious action with stealth and exploration for an experience that appeals to a wide audience across age groups and preferences. It¡¯s an action-adventure with a strong focus on allowing the player freedom to explore the world and has the depth to allow for very varied gameplay and approaches to getting...', SYSDATE ,10500, '' );
	INSERT INTO MAP_APP_CATEGORY VALUES( 35000, 3 );

	INSERT INTO MAP_APP_DEVELOPER VALUES( 35000, 88 );

	INSERT INTO MAP_APP_GENRE VALUES( 35000, 1 );
	INSERT INTO MAP_APP_GENRE VALUES( 35000, 3 );

	INSERT INTO MAP_APP_LANG VALUES ( 35000, 2,  'Y', 'N', 'N' );
	INSERT INTO MAP_APP_LANG VALUES ( 35000, 3,  'Y', 'N', 'N' );
	INSERT INTO MAP_APP_LANG VALUES ( 35000, 4,  'Y', 'N', 'N' );
	INSERT INTO MAP_APP_LANG VALUES ( 35000, 6,  'Y', 'N', 'N' );
	INSERT INTO MAP_APP_LANG VALUES ( 35000, 7,  'Y', 'N', 'N' );

	INSERT INTO MAP_APP_PUBLISHER VALUES( 35000, 344 );

	INSERT INTO MAP_APP_TAG VALUES( 35000, 19 );
	INSERT INTO MAP_APP_TAG VALUES( 35000, 21 );
	INSERT INTO MAP_APP_TAG VALUES( 35000, 1688 );
	INSERT INTO MAP_APP_TAG VALUES( 35000, 1687 );
	INSERT INTO MAP_APP_TAG VALUES( 35000, 4726 );
	INSERT INTO MAP_APP_TAG VALUES( 35000, 4182 );
	INSERT INTO MAP_APP_TAG VALUES( 35000, 5395 );
	INSERT INTO MAP_APP_TAG VALUES( 35000, 1625 );
	INSERT INTO MAP_APP_TAG VALUES( 35000, 1697 );
	INSERT INTO MAP_APP_TAG VALUES( 35000, 5350 );
	INSERT INTO MAP_APP_TAG VALUES( 35000, 3859 );
	INSERT INTO MAP_APP_TAG VALUES( 35000, 4136 );
	INSERT INTO MAP_APP_TAG VALUES( 35000, 1695 );
	INSERT INTO MAP_APP_TAG VALUES( 35000, 7481 );

INSERT INTO APP_TABLE	 VALUES( 2270, 'Wolfenstein_3D', 'Maybe it was the fact that people got to blow away Nazis. Maybe it was the sheer challenge of it all. For whatever reason, Wolfenstein 3D and Spear of Destiny, pioneered the first-person shooter genre and brought its legendary creators, id Software, worldwide notoriety and numerous awards.', SYSDATE ,5500, '' );
	INSERT INTO MAP_APP_CATEGORY VALUES( 2270, 3 );
	INSERT INTO MAP_APP_CATEGORY VALUES( 2270, 8 );

	INSERT INTO MAP_APP_DEVELOPER VALUES( 2270, 12 );

	INSERT INTO MAP_APP_GENRE VALUES( 2270, 1 );

	INSERT INTO MAP_APP_LANG VALUES ( 2270, 2,  'Y', 'N', 'N' );

	INSERT INTO MAP_APP_PUBLISHER VALUES( 2270, 12 );

	INSERT INTO MAP_APP_TAG VALUES( 2270, 1663 );
	INSERT INTO MAP_APP_TAG VALUES( 2270, 1693 );
	INSERT INTO MAP_APP_TAG VALUES( 2270, 19 );
	INSERT INTO MAP_APP_TAG VALUES( 2270, 4150 );
	INSERT INTO MAP_APP_TAG VALUES( 2270, 4182 );
	INSERT INTO MAP_APP_TAG VALUES( 2270, 4004 );
	INSERT INTO MAP_APP_TAG VALUES( 2270, 3839 );
	INSERT INTO MAP_APP_TAG VALUES( 2270, 6691 );
	INSERT INTO MAP_APP_TAG VALUES( 2270, 1774 );
	INSERT INTO MAP_APP_TAG VALUES( 2270, 1669 );
	INSERT INTO MAP_APP_TAG VALUES( 2270, 3964 );

INSERT INTO APP_TABLE	 VALUES( 2280, 'Ultimate_Doom', 'The complete megahit game that set the world afire. Plus All-New Episode IV: Thy Flesh Consumed. The demons came and the marines died. Except one. You are the last defense against these hell-spawned hordes. Prepare for the most intense mutant-laden, blood-splattered action ever!', SYSDATE ,5500, '' );
	INSERT INTO MAP_APP_CATEGORY VALUES( 2280, 3 );
	INSERT INTO MAP_APP_CATEGORY VALUES( 2280, 8 );

	INSERT INTO MAP_APP_DEVELOPER VALUES( 2280, 12 );

	INSERT INTO MAP_APP_GENRE VALUES( 2280, 1 );

	INSERT INTO MAP_APP_LANG VALUES ( 2280, 2,  'Y', 'N', 'N' );

	INSERT INTO MAP_APP_PUBLISHER VALUES( 2280, 12 );

	INSERT INTO MAP_APP_TAG VALUES( 2280, 1693 );
	INSERT INTO MAP_APP_TAG VALUES( 2280, 1663 );
	INSERT INTO MAP_APP_TAG VALUES( 2280, 19 );
	INSERT INTO MAP_APP_TAG VALUES( 2280, 1756 );
	INSERT INTO MAP_APP_TAG VALUES( 2280, 6691 );
	INSERT INTO MAP_APP_TAG VALUES( 2280, 9541 );
	INSERT INTO MAP_APP_TAG VALUES( 2280, 1669 );
	INSERT INTO MAP_APP_TAG VALUES( 2280, 4182 );
	INSERT INTO MAP_APP_TAG VALUES( 2280, 3942 );
	INSERT INTO MAP_APP_TAG VALUES( 2280, 4004 );
	INSERT INTO MAP_APP_TAG VALUES( 2280, 1774 );
	INSERT INTO MAP_APP_TAG VALUES( 2280, 4345 );
	INSERT INTO MAP_APP_TAG VALUES( 2280, 3839 );
	INSERT INTO MAP_APP_TAG VALUES( 2280, 1734 );
	INSERT INTO MAP_APP_TAG VALUES( 2280, 4667 );
	INSERT INTO MAP_APP_TAG VALUES( 2280, 3859 );
	INSERT INTO MAP_APP_TAG VALUES( 2280, 4975 );
	INSERT INTO MAP_APP_TAG VALUES( 2280, 4026 );
	INSERT INTO MAP_APP_TAG VALUES( 2280, 1667 );
	INSERT INTO MAP_APP_TAG VALUES( 2280, 1659 );

INSERT INTO APP_TABLE	 VALUES( 2290, 'Final_DOOM', 'Two New, 32-Level DOOM II Episodes. Evilution: Far from earth, the UAC recommenced their experiments on on of the moons of Jupiter. A spaceship, mistaken for a supply vexxel on radar, hovered above the base. Hideous demons poured out, blanketing the base with death. All your comrades were quickly slaughtered or zombified.', SYSDATE ,5500, '' );
	INSERT INTO MAP_APP_CATEGORY VALUES( 2290, 3 );
	INSERT INTO MAP_APP_CATEGORY VALUES( 2290, 8 );

	INSERT INTO MAP_APP_DEVELOPER VALUES( 2290, 12 );

	INSERT INTO MAP_APP_GENRE VALUES( 2290, 1 );

	INSERT INTO MAP_APP_LANG VALUES ( 2290, 2,  'Y', 'N', 'N' );

	INSERT INTO MAP_APP_PUBLISHER VALUES( 2290, 12 );

	INSERT INTO MAP_APP_TAG VALUES( 2290, 1663 );
	INSERT INTO MAP_APP_TAG VALUES( 2290, 19 );
	INSERT INTO MAP_APP_TAG VALUES( 2290, 1693 );
	INSERT INTO MAP_APP_TAG VALUES( 2290, 4004 );
	INSERT INTO MAP_APP_TAG VALUES( 2290, 1774 );
	INSERT INTO MAP_APP_TAG VALUES( 2290, 4182 );
	INSERT INTO MAP_APP_TAG VALUES( 2290, 3839 );
	INSERT INTO MAP_APP_TAG VALUES( 2290, 6691 );
	INSERT INTO MAP_APP_TAG VALUES( 2290, 1669 );
	INSERT INTO MAP_APP_TAG VALUES( 2290, 3942 );
	INSERT INTO MAP_APP_TAG VALUES( 2290, 4026 );
	INSERT INTO MAP_APP_TAG VALUES( 2290, 3859 );
	INSERT INTO MAP_APP_TAG VALUES( 2290, 1756 );
	INSERT INTO MAP_APP_TAG VALUES( 2290, 1659 );
	INSERT INTO MAP_APP_TAG VALUES( 2290, 9541 );
	INSERT INTO MAP_APP_TAG VALUES( 2290, 4345 );
	INSERT INTO MAP_APP_TAG VALUES( 2290, 1667 );
	INSERT INTO MAP_APP_TAG VALUES( 2290, 3843 );
	INSERT INTO MAP_APP_TAG VALUES( 2290, 4166 );

INSERT INTO APP_TABLE	 VALUES( 2300, 'DOOM_II', 'Let the Obsession begin. Again. This time, the entire forces of the netherworld have overrun Earth. To save her, you must descend into the stygian depths of Hell itself! Battle mightier, nastier, deadlier demons and monsters. Use more powerful weapons.', SYSDATE ,5500, '' );
	INSERT INTO MAP_APP_CATEGORY VALUES( 2300, 3 );
	INSERT INTO MAP_APP_CATEGORY VALUES( 2300, 1 );
	INSERT INTO MAP_APP_CATEGORY VALUES( 2300, 8 );

	INSERT INTO MAP_APP_DEVELOPER VALUES( 2300, 12 );

	INSERT INTO MAP_APP_GENRE VALUES( 2300, 1 );

	INSERT INTO MAP_APP_LANG VALUES ( 2300, 2,  'Y', 'N', 'N' );

	INSERT INTO MAP_APP_PUBLISHER VALUES( 2300, 12 );

	INSERT INTO MAP_APP_TAG VALUES( 2300, 1693 );
	INSERT INTO MAP_APP_TAG VALUES( 2300, 1663 );
	INSERT INTO MAP_APP_TAG VALUES( 2300, 19 );
	INSERT INTO MAP_APP_TAG VALUES( 2300, 1774 );
	INSERT INTO MAP_APP_TAG VALUES( 2300, 6691 );
	INSERT INTO MAP_APP_TAG VALUES( 2300, 1669 );
	INSERT INTO MAP_APP_TAG VALUES( 2300, 9541 );
	INSERT INTO MAP_APP_TAG VALUES( 2300, 3942 );
	INSERT INTO MAP_APP_TAG VALUES( 2300, 4004 );
	INSERT INTO MAP_APP_TAG VALUES( 2300, 4667 );
	INSERT INTO MAP_APP_TAG VALUES( 2300, 3839 );
	INSERT INTO MAP_APP_TAG VALUES( 2300, 3859 );
	INSERT INTO MAP_APP_TAG VALUES( 2300, 4345 );
	INSERT INTO MAP_APP_TAG VALUES( 2300, 4182 );
	INSERT INTO MAP_APP_TAG VALUES( 2300, 1659 );
	INSERT INTO MAP_APP_TAG VALUES( 2300, 1756 );
	INSERT INTO MAP_APP_TAG VALUES( 2300, 3964 );
	INSERT INTO MAP_APP_TAG VALUES( 2300, 1667 );
	INSERT INTO MAP_APP_TAG VALUES( 2300, 3843 );
	INSERT INTO MAP_APP_TAG VALUES( 2300, 4975 );

INSERT INTO APP_TABLE	 VALUES( 35070, 'Flora''s_Fruit_Farm', 'Clementine Valley used to be the place to be! It was world renowned for its fantastic fruit trees lovingly tended to by Old Jim. Unfortunately Jim has lost the energy to grow enough fruit to keep the locals happy, let alone attract the tourists Clementine Valley used to have.', SYSDATE ,4400, '' );
	INSERT INTO MAP_APP_CATEGORY VALUES( 35070, 3 );

	INSERT INTO MAP_APP_DEVELOPER VALUES( 35070, 308 );

	INSERT INTO MAP_APP_GENRE VALUES( 35070, 7 );

	INSERT INTO MAP_APP_LANG VALUES ( 35070, 2,  'Y', 'N', 'N' );
	INSERT INTO MAP_APP_LANG VALUES ( 35070, 3,  'Y', 'N', 'N' );
	INSERT INTO MAP_APP_LANG VALUES ( 35070, 4,  'Y', 'N', 'N' );
	INSERT INTO MAP_APP_LANG VALUES ( 35070, 6,  'Y', 'N', 'N' );
	INSERT INTO MAP_APP_LANG VALUES ( 35070, 7,  'Y', 'N', 'N' );

	INSERT INTO MAP_APP_PUBLISHER VALUES( 35070, 344 );

	INSERT INTO MAP_APP_TAG VALUES( 35070, 597 );
	INSERT INTO MAP_APP_TAG VALUES( 35070, 22602 );

INSERT INTO APP_TABLE	 VALUES( 2310, 'QUAKE', 'Rage through 32 single player levels and 6 deathmatch levels of sheer terror and fully immersive sound and lighting. Arm yourself against the cannibalistic Ogre, fiendish Vore and indestructible Schambler using lethal nails, fierce Thunderbolts and abominable Rocket and Grenade Launchers.', SYSDATE ,5760, '' );
	INSERT INTO MAP_APP_CATEGORY VALUES( 2310, 3 );
	INSERT INTO MAP_APP_CATEGORY VALUES( 2310, 1 );
	INSERT INTO MAP_APP_CATEGORY VALUES( 2310, 16 );
	INSERT INTO MAP_APP_CATEGORY VALUES( 2310, 8 );

	INSERT INTO MAP_APP_DEVELOPER VALUES( 2310, 12 );

	INSERT INTO MAP_APP_GENRE VALUES( 2310, 1 );

	INSERT INTO MAP_APP_LANG VALUES ( 2310, 2,  'Y', 'N', 'N' );

	INSERT INTO MAP_APP_PUBLISHER VALUES( 2310, 12 );

	INSERT INTO MAP_APP_TAG VALUES( 2310, 1663 );
	INSERT INTO MAP_APP_TAG VALUES( 2310, 1693 );
	INSERT INTO MAP_APP_TAG VALUES( 2310, 19 );
	INSERT INTO MAP_APP_TAG VALUES( 2310, 1774 );
	INSERT INTO MAP_APP_TAG VALUES( 2310, 4182 );
	INSERT INTO MAP_APP_TAG VALUES( 2310, 3859 );
	INSERT INTO MAP_APP_TAG VALUES( 2310, 6691 );
	INSERT INTO MAP_APP_TAG VALUES( 2310, 4345 );
	INSERT INTO MAP_APP_TAG VALUES( 2310, 7432 );
	INSERT INTO MAP_APP_TAG VALUES( 2310, 3839 );
	INSERT INTO MAP_APP_TAG VALUES( 2310, 1756 );
	INSERT INTO MAP_APP_TAG VALUES( 2310, 3942 );
	INSERT INTO MAP_APP_TAG VALUES( 2310, 1669 );
	INSERT INTO MAP_APP_TAG VALUES( 2310, 1667 );
	INSERT INTO MAP_APP_TAG VALUES( 2310, 4004 );
	INSERT INTO MAP_APP_TAG VALUES( 2310, 1734 );
	INSERT INTO MAP_APP_TAG VALUES( 2310, 4166 );
	INSERT INTO MAP_APP_TAG VALUES( 2310, 21 );
	INSERT INTO MAP_APP_TAG VALUES( 2310, 1685 );
	INSERT INTO MAP_APP_TAG VALUES( 2310, 3878 );

INSERT INTO APP_TABLE	 VALUES( 2320, 'QUAKE_II', 'Shortly after landing on an alien surface, you learn that hundreds of your men have been reduced to just a few. Now you must fight your way through heavily fortified military installations, lower the city''s defenses and shut down the enemy''s war machine. Only then will the fate of humanity be known.', SYSDATE ,5760, '' );
	INSERT INTO MAP_APP_CATEGORY VALUES( 2320, 3 );
	INSERT INTO MAP_APP_CATEGORY VALUES( 2320, 1 );
	INSERT INTO MAP_APP_CATEGORY VALUES( 2320, 16 );
	INSERT INTO MAP_APP_CATEGORY VALUES( 2320, 8 );

	INSERT INTO MAP_APP_DEVELOPER VALUES( 2320, 12 );

	INSERT INTO MAP_APP_GENRE VALUES( 2320, 1 );

	INSERT INTO MAP_APP_LANG VALUES ( 2320, 2,  'Y', 'N', 'N' );

	INSERT INTO MAP_APP_PUBLISHER VALUES( 2320, 12 );

	INSERT INTO MAP_APP_TAG VALUES( 2320, 19 );
	INSERT INTO MAP_APP_TAG VALUES( 2320, 1663 );
	INSERT INTO MAP_APP_TAG VALUES( 2320, 1693 );
	INSERT INTO MAP_APP_TAG VALUES( 2320, 3942 );
	INSERT INTO MAP_APP_TAG VALUES( 2320, 1774 );
	INSERT INTO MAP_APP_TAG VALUES( 2320, 1756 );
	INSERT INTO MAP_APP_TAG VALUES( 2320, 6691 );
	INSERT INTO MAP_APP_TAG VALUES( 2320, 4182 );
	INSERT INTO MAP_APP_TAG VALUES( 2320, 3859 );
	INSERT INTO MAP_APP_TAG VALUES( 2320, 4345 );
	INSERT INTO MAP_APP_TAG VALUES( 2320, 3839 );
	INSERT INTO MAP_APP_TAG VALUES( 2320, 1669 );
	INSERT INTO MAP_APP_TAG VALUES( 2320, 4004 );
	INSERT INTO MAP_APP_TAG VALUES( 2320, 1734 );
	INSERT INTO MAP_APP_TAG VALUES( 2320, 1685 );
	INSERT INTO MAP_APP_TAG VALUES( 2320, 4166 );
	INSERT INTO MAP_APP_TAG VALUES( 2320, 5547 );
	INSERT INTO MAP_APP_TAG VALUES( 2320, 1667 );

INSERT INTO APP_TABLE	 VALUES( 2330, 'QUAKE_II_Mission_Pack:_The_Reckoning', 'You are part of an elite commando force that must infiltrate a hostile alien cite. Once inside, you must scour industrial landscapes, crawl through waterways and air ducts, navigate treacherous canyons teeming with vicious mutants, stow away on an alien spacecraft, and destroy the enemy''s secret moon base.', SYSDATE ,3450, '' );
	INSERT INTO MAP_APP_CATEGORY VALUES( 2330, 3 );
	INSERT INTO MAP_APP_CATEGORY VALUES( 2330, 1 );
	INSERT INTO MAP_APP_CATEGORY VALUES( 2330, 8 );

	INSERT INTO MAP_APP_DEVELOPER VALUES( 2330, 14 );

	INSERT INTO MAP_APP_GENRE VALUES( 2330, 1 );

	INSERT INTO MAP_APP_LANG VALUES ( 2330, 2,  'Y', 'N', 'N' );

	INSERT INTO MAP_APP_PUBLISHER VALUES( 2330, 12 );

	INSERT INTO MAP_APP_TAG VALUES( 2330, 19 );
	INSERT INTO MAP_APP_TAG VALUES( 2330, 1663 );
	INSERT INTO MAP_APP_TAG VALUES( 2330, 1693 );
	INSERT INTO MAP_APP_TAG VALUES( 2330, 1774 );

INSERT INTO APP_TABLE	 VALUES( 2340, 'QUAKE_II_Mission_Pack:_Ground_Zero', 'Take out the Big Gun sounded simple enough, except the Strogg were waiting. You, and a few marines like you, are the lucky ones. You''ve made it down in one piece and are still able to contact the fleet. The Gravity Well, the Strogg''s newest weapon in its arsenal against mankind, is operational.', SYSDATE ,3450, '' );
	INSERT INTO MAP_APP_CATEGORY VALUES( 2340, 3 );
	INSERT INTO MAP_APP_CATEGORY VALUES( 2340, 1 );
	INSERT INTO MAP_APP_CATEGORY VALUES( 2340, 8 );

	INSERT INTO MAP_APP_DEVELOPER VALUES( 2340, 15 );

	INSERT INTO MAP_APP_GENRE VALUES( 2340, 1 );

	INSERT INTO MAP_APP_LANG VALUES ( 2340, 2,  'Y', 'N', 'N' );

	INSERT INTO MAP_APP_PUBLISHER VALUES( 2340, 12 );

	INSERT INTO MAP_APP_TAG VALUES( 2340, 19 );
	INSERT INTO MAP_APP_TAG VALUES( 2340, 1663 );
	INSERT INTO MAP_APP_TAG VALUES( 2340, 1774 );
	INSERT INTO MAP_APP_TAG VALUES( 2340, 1693 );

INSERT INTO APP_TABLE	 VALUES( 2350, 'QUAKE_III:_Team_Arena', 'Never before have the forces aligned. United by name and by cause, The Fallen, Pagans, Crusaders, Intruders, and Stroggs must channel their power into an allied operation where teamwork is the only method of mass destruction. Four distinct games test each troop''s synthesis and strength to exacting degrees.', SYSDATE ,17300, '' );
	INSERT INTO MAP_APP_CATEGORY VALUES( 2350, 3 );
	INSERT INTO MAP_APP_CATEGORY VALUES( 2350, 1 );
	INSERT INTO MAP_APP_CATEGORY VALUES( 2350, 8 );

	INSERT INTO MAP_APP_DEVELOPER VALUES( 2350, 12 );

	INSERT INTO MAP_APP_GENRE VALUES( 2350, 1 );

	INSERT INTO MAP_APP_LANG VALUES ( 2350, 2,  'Y', 'N', 'N' );

	INSERT INTO MAP_APP_PUBLISHER VALUES( 2350, 12 );

	INSERT INTO MAP_APP_TAG VALUES( 2350, 19 );
	INSERT INTO MAP_APP_TAG VALUES( 2350, 1663 );
	INSERT INTO MAP_APP_TAG VALUES( 2350, 3878 );
	INSERT INTO MAP_APP_TAG VALUES( 2350, 1774 );
	INSERT INTO MAP_APP_TAG VALUES( 2350, 3859 );
	INSERT INTO MAP_APP_TAG VALUES( 2350, 1693 );
	INSERT INTO MAP_APP_TAG VALUES( 2350, 1734 );
	INSERT INTO MAP_APP_TAG VALUES( 2350, 5547 );

INSERT INTO APP_TABLE	 VALUES( 2360, 'HeXen:_Beyond_Heretic', 'While you were battling the evil forces of D''Sparil, the other Serpent Riders were busy sowing the seeds of destruction in other dimensions. One such dimension is the decaying world where Hexen takes place. A world littered with the mangled corpses of nonbelievers and inhabited by the undead followers that executed them.', SYSDATE ,5500, '' );
	INSERT INTO MAP_APP_CATEGORY VALUES( 2360, 3 );
	INSERT INTO MAP_APP_CATEGORY VALUES( 2360, 8 );

	INSERT INTO MAP_APP_DEVELOPER VALUES( 2360, 16 );

	INSERT INTO MAP_APP_GENRE VALUES( 2360, 1 );

	INSERT INTO MAP_APP_LANG VALUES ( 2360, 2,  'Y', 'N', 'N' );

	INSERT INTO MAP_APP_PUBLISHER VALUES( 2360, 12 );

	INSERT INTO MAP_APP_TAG VALUES( 2360, 19 );
	INSERT INTO MAP_APP_TAG VALUES( 2360, 1663 );
	INSERT INTO MAP_APP_TAG VALUES( 2360, 1693 );
	INSERT INTO MAP_APP_TAG VALUES( 2360, 1684 );
	INSERT INTO MAP_APP_TAG VALUES( 2360, 4604 );
	INSERT INTO MAP_APP_TAG VALUES( 2360, 4004 );
	INSERT INTO MAP_APP_TAG VALUES( 2360, 4155 );
	INSERT INTO MAP_APP_TAG VALUES( 2360, 6691 );
	INSERT INTO MAP_APP_TAG VALUES( 2360, 4182 );
	INSERT INTO MAP_APP_TAG VALUES( 2360, 1774 );
	INSERT INTO MAP_APP_TAG VALUES( 2360, 122 );

INSERT INTO APP_TABLE	 VALUES( 35130, 'Lara_Croft_and_the_Guardian_of_Light', 'Take control of Lara and her new partner Totec, a Mayan tribesman, and uncover the ancient artifact known as the "Mirror of Smoke" in this all new action adventure game.', SYSDATE ,10500, '' );
	INSERT INTO MAP_APP_CATEGORY VALUES( 35130, 3 );
	INSERT INTO MAP_APP_CATEGORY VALUES( 35130, 1 );
	INSERT INTO MAP_APP_CATEGORY VALUES( 35130, 21 );
	INSERT INTO MAP_APP_CATEGORY VALUES( 35130, 4 );
	INSERT INTO MAP_APP_CATEGORY VALUES( 35130, 7 );
	INSERT INTO MAP_APP_CATEGORY VALUES( 35130, 8 );
	INSERT INTO MAP_APP_CATEGORY VALUES( 35130, 11 );
	INSERT INTO MAP_APP_CATEGORY VALUES( 35130, 18 );

	INSERT INTO MAP_APP_DEVELOPER VALUES( 35130, 80 );

	INSERT INTO MAP_APP_GENRE VALUES( 35130, 1 );
	INSERT INTO MAP_APP_GENRE VALUES( 35130, 3 );

	INSERT INTO MAP_APP_LANG VALUES ( 35130, 2,  'Y', 'N', 'N' );
	INSERT INTO MAP_APP_LANG VALUES ( 35130, 3,  'Y', 'N', 'N' );
	INSERT INTO MAP_APP_LANG VALUES ( 35130, 4,  'Y', 'N', 'N' );
	INSERT INTO MAP_APP_LANG VALUES ( 35130, 6,  'Y', 'N', 'N' );
	INSERT INTO MAP_APP_LANG VALUES ( 35130, 7,  'Y', 'N', 'N' );

	INSERT INTO MAP_APP_PUBLISHER VALUES( 35130, 344 );

	INSERT INTO MAP_APP_TAG VALUES( 35130, 19 );
	INSERT INTO MAP_APP_TAG VALUES( 35130, 21 );
	INSERT INTO MAP_APP_TAG VALUES( 35130, 1685 );
	INSERT INTO MAP_APP_TAG VALUES( 35130, 3841 );
	INSERT INTO MAP_APP_TAG VALUES( 35130, 21722 );
	INSERT INTO MAP_APP_TAG VALUES( 35130, 1664 );
	INSERT INTO MAP_APP_TAG VALUES( 35130, 7208 );
	INSERT INTO MAP_APP_TAG VALUES( 35130, 1625 );
	INSERT INTO MAP_APP_TAG VALUES( 35130, 3843 );
	INSERT INTO MAP_APP_TAG VALUES( 35130, 5537 );
	INSERT INTO MAP_APP_TAG VALUES( 35130, 4182 );
	INSERT INTO MAP_APP_TAG VALUES( 35130, 3859 );
	INSERT INTO MAP_APP_TAG VALUES( 35130, 1697 );
	INSERT INTO MAP_APP_TAG VALUES( 35130, 4758 );
	INSERT INTO MAP_APP_TAG VALUES( 35130, 5851 );
	INSERT INTO MAP_APP_TAG VALUES( 35130, 1773 );
	INSERT INTO MAP_APP_TAG VALUES( 35130, 7368 );
	INSERT INTO MAP_APP_TAG VALUES( 35130, 3834 );
	INSERT INTO MAP_APP_TAG VALUES( 35130, 7481 );
	INSERT INTO MAP_APP_TAG VALUES( 35130, 4026 );

INSERT INTO APP_TABLE	 VALUES( 2370, 'HeXen:_Deathkings_of_the_Dark_Citadel', 'Where HeXen Ends, the True Nightmare Begins. Deathkings of the Dark Citadel is the only official expansion of the original HeXen game. This add-on pack features 20 new single player levels from the original HeXen team as well as a host of new multiplayer options.', SYSDATE ,5500, '' );
	INSERT INTO MAP_APP_CATEGORY VALUES( 2370, 3 );
	INSERT INTO MAP_APP_CATEGORY VALUES( 2370, 8 );

	INSERT INTO MAP_APP_DEVELOPER VALUES( 2370, 16 );

	INSERT INTO MAP_APP_GENRE VALUES( 2370, 1 );

	INSERT INTO MAP_APP_LANG VALUES ( 2370, 2,  'Y', 'N', 'N' );

	INSERT INTO MAP_APP_PUBLISHER VALUES( 2370, 12 );

	INSERT INTO MAP_APP_TAG VALUES( 2370, 19 );
	INSERT INTO MAP_APP_TAG VALUES( 2370, 1693 );
	INSERT INTO MAP_APP_TAG VALUES( 2370, 1663 );
	INSERT INTO MAP_APP_TAG VALUES( 2370, 1774 );
	INSERT INTO MAP_APP_TAG VALUES( 2370, 1684 );

INSERT INTO APP_TABLE	 VALUES( 35140, 'Batman:_Arkham_Asylum_Game_of_the_Year_Edition', 'Experience what it¡¯s like to be Batman and face off against Gotham''s greatest villians. Explore every inch of Arkham Asylum and roam freely on the infamous island.', SYSDATE ,21000, '' );
	INSERT INTO MAP_APP_CATEGORY VALUES( 35140, 3 );
	INSERT INTO MAP_APP_CATEGORY VALUES( 35140, 4 );
	INSERT INTO MAP_APP_CATEGORY VALUES( 35140, 5 );
	INSERT INTO MAP_APP_CATEGORY VALUES( 35140, 7 );
	INSERT INTO MAP_APP_CATEGORY VALUES( 35140, 8 );

	INSERT INTO MAP_APP_DEVELOPER VALUES( 35140, 309 );
	INSERT INTO MAP_APP_DEVELOPER VALUES( 35140, 56 );

	INSERT INTO MAP_APP_GENRE VALUES( 35140, 1 );
	INSERT INTO MAP_APP_GENRE VALUES( 35140, 3 );

	INSERT INTO MAP_APP_LANG VALUES ( 35140, 2,  'Y', 'N', 'N' );
	INSERT INTO MAP_APP_LANG VALUES ( 35140, 3,  'Y', 'N', 'N' );
	INSERT INTO MAP_APP_LANG VALUES ( 35140, 4,  'Y', 'N', 'N' );
	INSERT INTO MAP_APP_LANG VALUES ( 35140, 6,  'Y', 'N', 'N' );
	INSERT INTO MAP_APP_LANG VALUES ( 35140, 7,  'Y', 'N', 'N' );

	INSERT INTO MAP_APP_PUBLISHER VALUES( 35140, 56 );

	INSERT INTO MAP_APP_TAG VALUES( 35140, 19 );
	INSERT INTO MAP_APP_TAG VALUES( 35140, 1694 );
	INSERT INTO MAP_APP_TAG VALUES( 35140, 1687 );
	INSERT INTO MAP_APP_TAG VALUES( 35140, 21 );
	INSERT INTO MAP_APP_TAG VALUES( 35140, 1697 );
	INSERT INTO MAP_APP_TAG VALUES( 35140, 1671 );
	INSERT INTO MAP_APP_TAG VALUES( 35140, 4182 );
	INSERT INTO MAP_APP_TAG VALUES( 35140, 4158 );
	INSERT INTO MAP_APP_TAG VALUES( 35140, 1695 );
	INSERT INTO MAP_APP_TAG VALUES( 35140, 1751 );
	INSERT INTO MAP_APP_TAG VALUES( 35140, 5613 );
	INSERT INTO MAP_APP_TAG VALUES( 35140, 4166 );
	INSERT INTO MAP_APP_TAG VALUES( 35140, 1742 );
	INSERT INTO MAP_APP_TAG VALUES( 35140, 1743 );
	INSERT INTO MAP_APP_TAG VALUES( 35140, 4106 );
	INSERT INTO MAP_APP_TAG VALUES( 35140, 7481 );
	INSERT INTO MAP_APP_TAG VALUES( 35140, 1628 );
	INSERT INTO MAP_APP_TAG VALUES( 35140, 29363 );
	INSERT INTO MAP_APP_TAG VALUES( 35140, 1664 );
	INSERT INTO MAP_APP_TAG VALUES( 35140, 1667 );

INSERT INTO APP_TABLE	 VALUES( 2390, 'Heretic:_Shadow_of_the_Serpent_Riders', 'In a twisted medieval dimension, undead creatures and bestial horrors have done the unthinkable--callously slaughtering your entire race. Your friends. Your family. Eliminated. But the nightmare has just begun.', SYSDATE ,5500, '' );
	INSERT INTO MAP_APP_CATEGORY VALUES( 2390, 3 );
	INSERT INTO MAP_APP_CATEGORY VALUES( 2390, 1 );
	INSERT INTO MAP_APP_CATEGORY VALUES( 2390, 8 );

	INSERT INTO MAP_APP_DEVELOPER VALUES( 2390, 16 );

	INSERT INTO MAP_APP_GENRE VALUES( 2390, 1 );

	INSERT INTO MAP_APP_LANG VALUES ( 2390, 2,  'Y', 'N', 'N' );

	INSERT INTO MAP_APP_PUBLISHER VALUES( 2390, 12 );

	INSERT INTO MAP_APP_TAG VALUES( 2390, 19 );
	INSERT INTO MAP_APP_TAG VALUES( 2390, 1693 );
	INSERT INTO MAP_APP_TAG VALUES( 2390, 1663 );
	INSERT INTO MAP_APP_TAG VALUES( 2390, 1684 );
	INSERT INTO MAP_APP_TAG VALUES( 2390, 1774 );
	INSERT INTO MAP_APP_TAG VALUES( 2390, 4604 );
	INSERT INTO MAP_APP_TAG VALUES( 2390, 4004 );
	INSERT INTO MAP_APP_TAG VALUES( 2390, 6691 );
	INSERT INTO MAP_APP_TAG VALUES( 2390, 3839 );
	INSERT INTO MAP_APP_TAG VALUES( 2390, 4182 );

INSERT INTO APP_TABLE	 VALUES( 2400, 'The_Ship:_Murder_Party', 'The Ship is a murder mystery multiplayer. Buy The Ship: Remasted and get The Ship: Murder Party FREE!!', SYSDATE ,10500, '' );
	INSERT INTO MAP_APP_CATEGORY VALUES( 2400, 3 );
	INSERT INTO MAP_APP_CATEGORY VALUES( 2400, 1 );
	INSERT INTO MAP_APP_CATEGORY VALUES( 2400, 5 );
	INSERT INTO MAP_APP_CATEGORY VALUES( 2400, 2 );

	INSERT INTO MAP_APP_DEVELOPER VALUES( 2400, 17 );

	INSERT INTO MAP_APP_GENRE VALUES( 2400, 1 );
	INSERT INTO MAP_APP_GENRE VALUES( 2400, 4 );
	INSERT INTO MAP_APP_GENRE VALUES( 2400, 6 );

	INSERT INTO MAP_APP_LANG VALUES ( 2400, 2,  'Y', 'N', 'N' );
	INSERT INTO MAP_APP_LANG VALUES ( 2400, 3,  'Y', 'N', 'N' );
	INSERT INTO MAP_APP_LANG VALUES ( 2400, 4,  'Y', 'N', 'N' );
	INSERT INTO MAP_APP_LANG VALUES ( 2400, 10,  'Y', 'N', 'N' );
	INSERT INTO MAP_APP_LANG VALUES ( 2400, 9,  'Y', 'N', 'N' );
	INSERT INTO MAP_APP_LANG VALUES ( 2400, 6,  'Y', 'N', 'N' );
	INSERT INTO MAP_APP_LANG VALUES ( 2400, 7,  'Y', 'N', 'N' );
	INSERT INTO MAP_APP_LANG VALUES ( 2400, 11,  'Y', 'N', 'N' );


	INSERT INTO MAP_APP_TAG VALUES( 2400, 3859 );
	INSERT INTO MAP_APP_TAG VALUES( 2400, 492 );
	INSERT INTO MAP_APP_TAG VALUES( 2400, 19 );
	INSERT INTO MAP_APP_TAG VALUES( 2400, 3839 );
	INSERT INTO MAP_APP_TAG VALUES( 2400, 1687 );
	INSERT INTO MAP_APP_TAG VALUES( 2400, 122 );
	INSERT INTO MAP_APP_TAG VALUES( 2400, 5716 );
	INSERT INTO MAP_APP_TAG VALUES( 2400, 4376 );
	INSERT INTO MAP_APP_TAG VALUES( 2400, 4136 );
	INSERT INTO MAP_APP_TAG VALUES( 2400, 1662 );
	INSERT INTO MAP_APP_TAG VALUES( 2400, 599 );
	INSERT INTO MAP_APP_TAG VALUES( 2400, 4182 );
	INSERT INTO MAP_APP_TAG VALUES( 2400, 1663 );
	INSERT INTO MAP_APP_TAG VALUES( 2400, 1719 );
	INSERT INTO MAP_APP_TAG VALUES( 2400, 9 );
	INSERT INTO MAP_APP_TAG VALUES( 2400, 21 );
	INSERT INTO MAP_APP_TAG VALUES( 2400, 1774 );
	INSERT INTO MAP_APP_TAG VALUES( 2400, 4026 );
	INSERT INTO MAP_APP_TAG VALUES( 2400, 4711 );
	INSERT INTO MAP_APP_TAG VALUES( 2400, 4252 );

INSERT INTO APP_TABLE	 VALUES( 2450, 'Bloody_Good_Time', 'Congratulations, you¡¯ve just been cast in your first slasher movie by the notorious Director X!', SYSDATE ,6250, '' );
	INSERT INTO MAP_APP_CATEGORY VALUES( 2450, 3 );
	INSERT INTO MAP_APP_CATEGORY VALUES( 2450, 1 );
	INSERT INTO MAP_APP_CATEGORY VALUES( 2450, 4 );

	INSERT INTO MAP_APP_DEVELOPER VALUES( 2450, 17 );

	INSERT INTO MAP_APP_GENRE VALUES( 2450, 1 );

	INSERT INTO MAP_APP_LANG VALUES ( 2450, 2,  'Y', 'N', 'N' );

	INSERT INTO MAP_APP_PUBLISHER VALUES( 2450, 160 );

	INSERT INTO MAP_APP_TAG VALUES( 2450, 19 );
	INSERT INTO MAP_APP_TAG VALUES( 2450, 1663 );
	INSERT INTO MAP_APP_TAG VALUES( 2450, 3859 );
	INSERT INTO MAP_APP_TAG VALUES( 2450, 1719 );
	INSERT INTO MAP_APP_TAG VALUES( 2450, 4136 );
	INSERT INTO MAP_APP_TAG VALUES( 2450, 1774 );
	INSERT INTO MAP_APP_TAG VALUES( 2450, 4345 );
	INSERT INTO MAP_APP_TAG VALUES( 2450, 3839 );

INSERT INTO APP_TABLE	 VALUES( 2500, 'Shadowgrounds', 'Shadowgrounds breathes fresh air into the action genre with explosive combat sequences, an innovative weapon upgrade system, and an intriguing storyline. The adrenaline-pumping, top-down gameplay and audiovisual fireworks set the scene for this new action experience which also includes single computer (split keyboard or joystick) co-op...', SYSDATE ,7500, '' );
	INSERT INTO MAP_APP_CATEGORY VALUES( 2500, 3 );
	INSERT INTO MAP_APP_CATEGORY VALUES( 2500, 21 );
	INSERT INTO MAP_APP_CATEGORY VALUES( 2500, 5 );

	INSERT INTO MAP_APP_DEVELOPER VALUES( 2500, 18 );

	INSERT INTO MAP_APP_GENRE VALUES( 2500, 1 );

	INSERT INTO MAP_APP_LANG VALUES ( 2500, 2,  'Y', 'Y', 'Y' );

	INSERT INTO MAP_APP_PUBLISHER VALUES( 2500, 18 );

	INSERT INTO MAP_APP_TAG VALUES( 2500, 19 );
	INSERT INTO MAP_APP_TAG VALUES( 2500, 3942 );
	INSERT INTO MAP_APP_TAG VALUES( 2500, 4637 );
	INSERT INTO MAP_APP_TAG VALUES( 2500, 1774 );
	INSERT INTO MAP_APP_TAG VALUES( 2500, 3841 );
	INSERT INTO MAP_APP_TAG VALUES( 2500, 4182 );
	INSERT INTO MAP_APP_TAG VALUES( 2500, 1673 );
	INSERT INTO MAP_APP_TAG VALUES( 2500, 1685 );
	INSERT INTO MAP_APP_TAG VALUES( 2500, 4791 );
	INSERT INTO MAP_APP_TAG VALUES( 2500, 1667 );
	INSERT INTO MAP_APP_TAG VALUES( 2500, 5851 );
	INSERT INTO MAP_APP_TAG VALUES( 2500, 21 );
	INSERT INTO MAP_APP_TAG VALUES( 2500, 4345 );

INSERT INTO APP_TABLE	 VALUES( 2520, 'Gumboy_-_Crazy_Adventures¢â', 'Gumboy has fun and novel gameplay set in a richly imagined world. With simple game controls, Gumboy lets the player bounce, roll, float, and fly through the world. Additionally, Gumboy can change size, shape and material.', SYSDATE ,5500, '' );
	INSERT INTO MAP_APP_CATEGORY VALUES( 2520, 3 );

	INSERT INTO MAP_APP_DEVELOPER VALUES( 2520, 19 );

	INSERT INTO MAP_APP_GENRE VALUES( 2520, 7 );
	INSERT INTO MAP_APP_GENRE VALUES( 2520, 4 );

	INSERT INTO MAP_APP_LANG VALUES ( 2520, 2,  'Y', 'N', 'N' );
	INSERT INTO MAP_APP_LANG VALUES ( 2520, 10,  'Y', 'N', 'N' );
	INSERT INTO MAP_APP_LANG VALUES ( 2520, 9,  'Y', 'N', 'N' );

	INSERT INTO MAP_APP_PUBLISHER VALUES( 2520, 19 );

	INSERT INTO MAP_APP_TAG VALUES( 2520, 597 );
	INSERT INTO MAP_APP_TAG VALUES( 2520, 492 );
	INSERT INTO MAP_APP_TAG VALUES( 2520, 4182 );

INSERT INTO APP_TABLE	 VALUES( 35300, 'Warfare', 'Saudi Arabia, one of the world''s leading oil suppliers and a key U.S. ally, has been taken over by a highly organized group of radical terrorists. The government is in a state of collapse and turmoil and you have been chosen to lead the United States'' armed forces to restore control.', SYSDATE ,13500, '' );
	INSERT INTO MAP_APP_CATEGORY VALUES( 35300, 3 );

	INSERT INTO MAP_APP_DEVELOPER VALUES( 35300, 310 );

	INSERT INTO MAP_APP_GENRE VALUES( 35300, 5 );

	INSERT INTO MAP_APP_LANG VALUES ( 35300, 2,  'Y', 'N', 'N' );


	INSERT INTO MAP_APP_TAG VALUES( 35300, 9 );
	INSERT INTO MAP_APP_TAG VALUES( 35300, 1676 );

INSERT INTO APP_TABLE	 VALUES( 35310, 'Clutch', 'Clutch is a fast-paced arcade racing game which will challenge the resilience of anyone''s nerves. You play as a person who has survived a catastrophe of the Large Hadron Collider (LHC), while everyone else in the city has been transformed into a bloodthirsty zombie.', SYSDATE ,10500, '' );
	INSERT INTO MAP_APP_CATEGORY VALUES( 35310, 3 );

	INSERT INTO MAP_APP_DEVELOPER VALUES( 35310, 311 );

	INSERT INTO MAP_APP_GENRE VALUES( 35310, 1 );
	INSERT INTO MAP_APP_GENRE VALUES( 35310, 9 );

	INSERT INTO MAP_APP_LANG VALUES ( 35310, 2,  'Y', 'N', 'N' );


	INSERT INTO MAP_APP_TAG VALUES( 35310, 699 );
	INSERT INTO MAP_APP_TAG VALUES( 35310, 19 );
	INSERT INTO MAP_APP_TAG VALUES( 35310, 1659 );
	INSERT INTO MAP_APP_TAG VALUES( 35310, 1695 );
	INSERT INTO MAP_APP_TAG VALUES( 35310, 4345 );
	INSERT INTO MAP_APP_TAG VALUES( 35310, 4182 );

INSERT INTO APP_TABLE	 VALUES( 35320, 'Insane_2', 'Features traditional time trial mode and 9 other game modes, including the popular ¡°Capture the flag¡±, ¡°Gate hunt¡± and ¡°Pathfinder¡±.', SYSDATE ,15500, '' );
	INSERT INTO MAP_APP_CATEGORY VALUES( 35320, 3 );
	INSERT INTO MAP_APP_CATEGORY VALUES( 35320, 1 );
	INSERT INTO MAP_APP_CATEGORY VALUES( 35320, 4 );

	INSERT INTO MAP_APP_DEVELOPER VALUES( 35320, 311 );

	INSERT INTO MAP_APP_GENRE VALUES( 35320, 9 );

	INSERT INTO MAP_APP_LANG VALUES ( 35320, 2,  'Y', 'Y', 'N' );
	INSERT INTO MAP_APP_LANG VALUES ( 35320, 9,  'Y', 'Y', 'N' );


	INSERT INTO MAP_APP_TAG VALUES( 35320, 699 );
	INSERT INTO MAP_APP_TAG VALUES( 35320, 7622 );
	INSERT INTO MAP_APP_TAG VALUES( 35320, 19 );
	INSERT INTO MAP_APP_TAG VALUES( 35320, 1773 );

INSERT INTO APP_TABLE	 VALUES( 2590, 'Alpha_Prime', 'Somewhere in deep space, at an apparently abandoned mining base on the asteriod Alpha Prime, something has gone terribly wrong. Miners were warned that the hubbardium they were mining was too dangerous, but the lure of unimaginable wealth was too strong.', SYSDATE ,5900, '' );
	INSERT INTO MAP_APP_CATEGORY VALUES( 2590, 3 );

	INSERT INTO MAP_APP_DEVELOPER VALUES( 2590, 20 );

	INSERT INTO MAP_APP_GENRE VALUES( 2590, 1 );

	INSERT INTO MAP_APP_LANG VALUES ( 2590, 2,  'Y', 'N', 'N' );

	INSERT INTO MAP_APP_PUBLISHER VALUES( 2590, 29 );

	INSERT INTO MAP_APP_TAG VALUES( 2590, 19 );
	INSERT INTO MAP_APP_TAG VALUES( 2590, 1663 );
	INSERT INTO MAP_APP_TAG VALUES( 2590, 3942 );
	INSERT INTO MAP_APP_TAG VALUES( 2590, 1774 );
	INSERT INTO MAP_APP_TAG VALUES( 2590, 3839 );
	INSERT INTO MAP_APP_TAG VALUES( 2590, 4182 );
	INSERT INTO MAP_APP_TAG VALUES( 2590, 4026 );
	INSERT INTO MAP_APP_TAG VALUES( 2590, 1755 );

INSERT INTO APP_TABLE	 VALUES( 2600, 'Vampire:_The_Masquerade_-_Bloodlines', 'Vampire¢ç: The Masquerade-Bloodlines¢â delivers a new type of RPG experience-one that blends all the core elements of a traditional RPG with the graphical richness, immediacy and brutal combat of a first-person action game. The game plunges players into the dark and gritty vampire underworld of modern-day L.A. as a creature of the night.', SYSDATE ,21000, '' );
	INSERT INTO MAP_APP_CATEGORY VALUES( 2600, 3 );

	INSERT INTO MAP_APP_DEVELOPER VALUES( 2600, 21 );

	INSERT INTO MAP_APP_GENRE VALUES( 2600, 1 );

	INSERT INTO MAP_APP_LANG VALUES ( 2600, 2,  'Y', 'N', 'N' );
	INSERT INTO MAP_APP_LANG VALUES ( 2600, 4,  'Y', 'N', 'N' );
	INSERT INTO MAP_APP_LANG VALUES ( 2600, 6,  'Y', 'N', 'N' );


	INSERT INTO MAP_APP_TAG VALUES( 2600, 122 );
	INSERT INTO MAP_APP_TAG VALUES( 2600, 4018 );
	INSERT INTO MAP_APP_TAG VALUES( 2600, 7782 );
	INSERT INTO MAP_APP_TAG VALUES( 2600, 4182 );
	INSERT INTO MAP_APP_TAG VALUES( 2600, 19 );
	INSERT INTO MAP_APP_TAG VALUES( 2600, 10808 );
	INSERT INTO MAP_APP_TAG VALUES( 2600, 1667 );
	INSERT INTO MAP_APP_TAG VALUES( 2600, 4342 );
	INSERT INTO MAP_APP_TAG VALUES( 2600, 1693 );
	INSERT INTO MAP_APP_TAG VALUES( 2600, 4166 );
	INSERT INTO MAP_APP_TAG VALUES( 2600, 4231 );
	INSERT INTO MAP_APP_TAG VALUES( 2600, 1742 );
	INSERT INTO MAP_APP_TAG VALUES( 2600, 1756 );
	INSERT INTO MAP_APP_TAG VALUES( 2600, 7208 );
	INSERT INTO MAP_APP_TAG VALUES( 2600, 3839 );
	INSERT INTO MAP_APP_TAG VALUES( 2600, 3952 );
	INSERT INTO MAP_APP_TAG VALUES( 2600, 1687 );
	INSERT INTO MAP_APP_TAG VALUES( 2600, 1697 );
	INSERT INTO MAP_APP_TAG VALUES( 2600, 21 );
	INSERT INTO MAP_APP_TAG VALUES( 2600, 1663 );

INSERT INTO APP_TABLE	 VALUES( 2610, 'GUN¢â', 'When life robs Colton White of all that matters, the only thing left he can trust is his GUN. From award-winning developer, Neversoft, and accomplished screenwriter, Randall Jahnson (The Mask of Zorro, The Doors), GUN follows Colton on his quest for discovery as he seeks to exact vengeful justice on those who have wronged him.', SYSDATE ,21000, '' );
	INSERT INTO MAP_APP_CATEGORY VALUES( 2610, 3 );

	INSERT INTO MAP_APP_DEVELOPER VALUES( 2610, 22 );

	INSERT INTO MAP_APP_GENRE VALUES( 2610, 1 );

	INSERT INTO MAP_APP_LANG VALUES ( 2610, 2,  'Y', 'N', 'N' );


	INSERT INTO MAP_APP_TAG VALUES( 2610, 1647 );
	INSERT INTO MAP_APP_TAG VALUES( 2610, 19 );
	INSERT INTO MAP_APP_TAG VALUES( 2610, 1695 );
	INSERT INTO MAP_APP_TAG VALUES( 2610, 3814 );
	INSERT INTO MAP_APP_TAG VALUES( 2610, 21 );
	INSERT INTO MAP_APP_TAG VALUES( 2610, 1774 );
	INSERT INTO MAP_APP_TAG VALUES( 2610, 1693 );
	INSERT INTO MAP_APP_TAG VALUES( 2610, 4166 );
	INSERT INTO MAP_APP_TAG VALUES( 2610, 4182 );
	INSERT INTO MAP_APP_TAG VALUES( 2610, 1697 );
	INSERT INTO MAP_APP_TAG VALUES( 2610, 3810 );
	INSERT INTO MAP_APP_TAG VALUES( 2610, 1742 );
	INSERT INTO MAP_APP_TAG VALUES( 2610, 1756 );
	INSERT INTO MAP_APP_TAG VALUES( 2610, 4345 );

INSERT INTO APP_TABLE	 VALUES( 2620, 'Call_of_Duty¢ç', 'Call of Duty¢ç delivers the gritty realism and cinematic intensity of World War II''s epic battlefield moments like never before - through the eyes of citizen soldiers and unsung heroes from an alliance of countries who together helped shape the course of modern history.', SYSDATE ,21000, '' );
	INSERT INTO MAP_APP_CATEGORY VALUES( 2620, 3 );
	INSERT INTO MAP_APP_CATEGORY VALUES( 2620, 1 );

	INSERT INTO MAP_APP_DEVELOPER VALUES( 2620, 23 );

	INSERT INTO MAP_APP_GENRE VALUES( 2620, 1 );

	INSERT INTO MAP_APP_LANG VALUES ( 2620, 2,  'Y', 'N', 'N' );
	INSERT INTO MAP_APP_LANG VALUES ( 2620, 6,  'Y', 'N', 'N' );


	INSERT INTO MAP_APP_TAG VALUES( 2620, 1663 );
	INSERT INTO MAP_APP_TAG VALUES( 2620, 19 );
	INSERT INTO MAP_APP_TAG VALUES( 2620, 4150 );
	INSERT INTO MAP_APP_TAG VALUES( 2620, 1693 );
	INSERT INTO MAP_APP_TAG VALUES( 2620, 3859 );
	INSERT INTO MAP_APP_TAG VALUES( 2620, 1774 );
	INSERT INTO MAP_APP_TAG VALUES( 2620, 4182 );
	INSERT INTO MAP_APP_TAG VALUES( 2620, 1678 );
	INSERT INTO MAP_APP_TAG VALUES( 2620, 3839 );
	INSERT INTO MAP_APP_TAG VALUES( 2620, 4168 );
	INSERT INTO MAP_APP_TAG VALUES( 2620, 3987 );
	INSERT INTO MAP_APP_TAG VALUES( 2620, 4166 );
	INSERT INTO MAP_APP_TAG VALUES( 2620, 7250 );
	INSERT INTO MAP_APP_TAG VALUES( 2620, 13190 );
	INSERT INTO MAP_APP_TAG VALUES( 2620, 1742 );
	INSERT INTO MAP_APP_TAG VALUES( 2620, 1659 );

INSERT INTO APP_TABLE	 VALUES( 2630, 'Call_of_Duty¢ç_2', 'Call of Duty¢ç 2 redefines the cinematic intensity and chaos of battle as seen through the eyes of ordinary soldiers fighting together in epic WWII conflicts. The sequel to 2003''s Call of Duty, winner of over 80 Game of the Year awards, Call of Duty 2 offers more immense, more intense, more realistic battles than ever before, thanks to...', SYSDATE ,21000, '' );
	INSERT INTO MAP_APP_CATEGORY VALUES( 2630, 3 );
	INSERT INTO MAP_APP_CATEGORY VALUES( 2630, 1 );

	INSERT INTO MAP_APP_DEVELOPER VALUES( 2630, 23 );
	INSERT INTO MAP_APP_DEVELOPER VALUES( 2630, 24 );

	INSERT INTO MAP_APP_GENRE VALUES( 2630, 1 );

	INSERT INTO MAP_APP_LANG VALUES ( 2630, 2,  'Y', 'N', 'N' );
	INSERT INTO MAP_APP_LANG VALUES ( 2630, 3,  'Y', 'N', 'N' );
	INSERT INTO MAP_APP_LANG VALUES ( 2630, 4,  'Y', 'N', 'N' );
	INSERT INTO MAP_APP_LANG VALUES ( 2630, 6,  'Y', 'N', 'N' );
	INSERT INTO MAP_APP_LANG VALUES ( 2630, 7,  'Y', 'N', 'N' );

	INSERT INTO MAP_APP_PUBLISHER VALUES( 2630, 24 );

	INSERT INTO MAP_APP_TAG VALUES( 2630, 19 );
	INSERT INTO MAP_APP_TAG VALUES( 2630, 1663 );
	INSERT INTO MAP_APP_TAG VALUES( 2630, 4150 );
	INSERT INTO MAP_APP_TAG VALUES( 2630, 3859 );
	INSERT INTO MAP_APP_TAG VALUES( 2630, 4182 );
	INSERT INTO MAP_APP_TAG VALUES( 2630, 1774 );
	INSERT INTO MAP_APP_TAG VALUES( 2630, 1693 );
	INSERT INTO MAP_APP_TAG VALUES( 2630, 1678 );
	INSERT INTO MAP_APP_TAG VALUES( 2630, 3987 );
	INSERT INTO MAP_APP_TAG VALUES( 2630, 3839 );
	INSERT INTO MAP_APP_TAG VALUES( 2630, 4166 );
	INSERT INTO MAP_APP_TAG VALUES( 2630, 1742 );
	INSERT INTO MAP_APP_TAG VALUES( 2630, 1685 );
	INSERT INTO MAP_APP_TAG VALUES( 2630, 4168 );
	INSERT INTO MAP_APP_TAG VALUES( 2630, 9 );

INSERT INTO APP_TABLE	 VALUES( 2640, 'Call_of_Duty:_United_Offensive', 'Award-winning developer Gray Matter Interactive follows up on the success of Infinity Ward''s Call of Duty¢â - winner of over 80 Game of the Year and 50 Editors'' Choice awards worldwide - with Call of Duty¢â: United Offensive¢â.', SYSDATE ,21000, '' );
	INSERT INTO MAP_APP_CATEGORY VALUES( 2640, 3 );
	INSERT INTO MAP_APP_CATEGORY VALUES( 2640, 1 );

	INSERT INTO MAP_APP_DEVELOPER VALUES( 2640, 25 );

	INSERT INTO MAP_APP_GENRE VALUES( 2640, 1 );

	INSERT INTO MAP_APP_LANG VALUES ( 2640, 2,  'Y', 'N', 'N' );
	INSERT INTO MAP_APP_LANG VALUES ( 2640, 3,  'Y', 'N', 'N' );
	INSERT INTO MAP_APP_LANG VALUES ( 2640, 4,  'Y', 'N', 'N' );


	INSERT INTO MAP_APP_TAG VALUES( 2640, 19 );
	INSERT INTO MAP_APP_TAG VALUES( 2640, 4150 );
	INSERT INTO MAP_APP_TAG VALUES( 2640, 1663 );
	INSERT INTO MAP_APP_TAG VALUES( 2640, 4182 );
	INSERT INTO MAP_APP_TAG VALUES( 2640, 1774 );
	INSERT INTO MAP_APP_TAG VALUES( 2640, 3859 );
	INSERT INTO MAP_APP_TAG VALUES( 2640, 3987 );
	INSERT INTO MAP_APP_TAG VALUES( 2640, 4168 );
	INSERT INTO MAP_APP_TAG VALUES( 2640, 1693 );
	INSERT INTO MAP_APP_TAG VALUES( 2640, 1678 );
	INSERT INTO MAP_APP_TAG VALUES( 2640, 3839 );
	INSERT INTO MAP_APP_TAG VALUES( 2640, 4166 );

INSERT INTO APP_TABLE	 VALUES( 35450, 'Red_Orchestra_2:_Heroes_of_Stalingrad_with_Rising_Storm', 'Contains full Rising Storm content as well!', SYSDATE ,21000, '' );
	INSERT INTO MAP_APP_CATEGORY VALUES( 35450, 1 );
	INSERT INTO MAP_APP_CATEGORY VALUES( 35450, 19 );
	INSERT INTO MAP_APP_CATEGORY VALUES( 35450, 4 );
	INSERT INTO MAP_APP_CATEGORY VALUES( 35450, 5 );
	INSERT INTO MAP_APP_CATEGORY VALUES( 35450, 14 );
	INSERT INTO MAP_APP_CATEGORY VALUES( 35450, 2 );
	INSERT INTO MAP_APP_CATEGORY VALUES( 35450, 11 );
	INSERT INTO MAP_APP_CATEGORY VALUES( 35450, 13 );

	INSERT INTO MAP_APP_DEVELOPER VALUES( 35450, 4 );

	INSERT INTO MAP_APP_GENRE VALUES( 35450, 1 );
	INSERT INTO MAP_APP_GENRE VALUES( 35450, 10 );
	INSERT INTO MAP_APP_GENRE VALUES( 35450, 8 );

	INSERT INTO MAP_APP_LANG VALUES ( 35450, 2,  'Y', 'Y', 'N' );
	INSERT INTO MAP_APP_LANG VALUES ( 35450, 4,  'Y', 'N', 'N' );
	INSERT INTO MAP_APP_LANG VALUES ( 35450, 9,  'Y', 'Y', 'N' );
	INSERT INTO MAP_APP_LANG VALUES ( 35450, 10,  'Y', 'Y', 'N' );
	INSERT INTO MAP_APP_LANG VALUES ( 35450, 6,  'Y', 'Y', 'N' );

	INSERT INTO MAP_APP_PUBLISHER VALUES( 35450, 4 );

	INSERT INTO MAP_APP_TAG VALUES( 35450, 4175 );
	INSERT INTO MAP_APP_TAG VALUES( 35450, 4150 );
	INSERT INTO MAP_APP_TAG VALUES( 35450, 1663 );
	INSERT INTO MAP_APP_TAG VALUES( 35450, 3859 );
	INSERT INTO MAP_APP_TAG VALUES( 35450, 19 );
	INSERT INTO MAP_APP_TAG VALUES( 35450, 3987 );
	INSERT INTO MAP_APP_TAG VALUES( 35450, 1708 );
	INSERT INTO MAP_APP_TAG VALUES( 35450, 3839 );
	INSERT INTO MAP_APP_TAG VALUES( 35450, 1774 );
	INSERT INTO MAP_APP_TAG VALUES( 35450, 4168 );
	INSERT INTO MAP_APP_TAG VALUES( 35450, 5711 );
	INSERT INTO MAP_APP_TAG VALUES( 35450, 1678 );
	INSERT INTO MAP_APP_TAG VALUES( 35450, 4166 );
	INSERT INTO MAP_APP_TAG VALUES( 35450, 599 );
	INSERT INTO MAP_APP_TAG VALUES( 35450, 13276 );
	INSERT INTO MAP_APP_TAG VALUES( 35450, 4026 );
	INSERT INTO MAP_APP_TAG VALUES( 35450, 1685 );
	INSERT INTO MAP_APP_TAG VALUES( 35450, 9 );
	INSERT INTO MAP_APP_TAG VALUES( 35450, 4345 );
	INSERT INTO MAP_APP_TAG VALUES( 35450, 4182 );

INSERT INTO APP_TABLE	 VALUES( 35460, 'The_Ball', 'As a swashbuckling archaeologist, unlock the mystery of the ancient ruins that have been hidden for centuries and discover a mysterious artifact, a gold and metal shelled Ball.', SYSDATE ,10500, '' );
	INSERT INTO MAP_APP_CATEGORY VALUES( 35460, 3 );
	INSERT INTO MAP_APP_CATEGORY VALUES( 35460, 4 );
	INSERT INTO MAP_APP_CATEGORY VALUES( 35460, 7 );
	INSERT INTO MAP_APP_CATEGORY VALUES( 35460, 11 );
	INSERT INTO MAP_APP_CATEGORY VALUES( 35460, 18 );

	INSERT INTO MAP_APP_DEVELOPER VALUES( 35460, 312 );

	INSERT INTO MAP_APP_GENRE VALUES( 35460, 1 );
	INSERT INTO MAP_APP_GENRE VALUES( 35460, 3 );
	INSERT INTO MAP_APP_GENRE VALUES( 35460, 4 );

	INSERT INTO MAP_APP_LANG VALUES ( 35460, 2,  'Y', 'N', 'N' );
	INSERT INTO MAP_APP_LANG VALUES ( 35460, 3,  'Y', 'N', 'N' );
	INSERT INTO MAP_APP_LANG VALUES ( 35460, 4,  'Y', 'N', 'N' );
	INSERT INTO MAP_APP_LANG VALUES ( 35460, 14,  'Y', 'N', 'N' );
	INSERT INTO MAP_APP_LANG VALUES ( 35460, 6,  'Y', 'N', 'N' );
	INSERT INTO MAP_APP_LANG VALUES ( 35460, 7,  'Y', 'N', 'N' );
	INSERT INTO MAP_APP_LANG VALUES ( 35460, 17,  'Y', 'N', 'N' );
	INSERT INTO MAP_APP_LANG VALUES ( 35460, 12,  'Y', 'N', 'N' );

	INSERT INTO MAP_APP_PUBLISHER VALUES( 35460, 4 );

	INSERT INTO MAP_APP_TAG VALUES( 35460, 1664 );
	INSERT INTO MAP_APP_TAG VALUES( 35460, 19 );
	INSERT INTO MAP_APP_TAG VALUES( 35460, 492 );
	INSERT INTO MAP_APP_TAG VALUES( 35460, 21 );
	INSERT INTO MAP_APP_TAG VALUES( 35460, 3839 );
	INSERT INTO MAP_APP_TAG VALUES( 35460, 3968 );
	INSERT INTO MAP_APP_TAG VALUES( 35460, 4182 );
	INSERT INTO MAP_APP_TAG VALUES( 35460, 1663 );
	INSERT INTO MAP_APP_TAG VALUES( 35460, 1667 );

INSERT INTO APP_TABLE	 VALUES( 2700, 'RollerCoaster_Tycoon¢ç_3:_Platinum', 'Rollercoaster Tycoon 3 Platinum combines the excitement of rollercoasters with the fun of a great strategy simulation. RCT3 Platinum combines the roller coaster theme park fun of the Roller Coaster Tycoon 3 with included expansion packs Soaked! and Wild! Now enjoy more options than ever.', SYSDATE ,21000, '' );
	INSERT INTO MAP_APP_CATEGORY VALUES( 2700, 3 );

	INSERT INTO MAP_APP_DEVELOPER VALUES( 2700, 26 );
	INSERT INTO MAP_APP_DEVELOPER VALUES( 2700, 24 );

	INSERT INTO MAP_APP_GENRE VALUES( 2700, 8 );
	INSERT INTO MAP_APP_GENRE VALUES( 2700, 5 );

	INSERT INTO MAP_APP_LANG VALUES ( 2700, 2,  'Y', 'N', 'N' );
	INSERT INTO MAP_APP_LANG VALUES ( 2700, 3,  'Y', 'N', 'N' );
	INSERT INTO MAP_APP_LANG VALUES ( 2700, 4,  'Y', 'N', 'N' );
	INSERT INTO MAP_APP_LANG VALUES ( 2700, 14,  'Y', 'N', 'N' );
	INSERT INTO MAP_APP_LANG VALUES ( 2700, 15,  'Y', 'N', 'N' );
	INSERT INTO MAP_APP_LANG VALUES ( 2700, 6,  'Y', 'N', 'N' );
	INSERT INTO MAP_APP_LANG VALUES ( 2700, 7,  'Y', 'N', 'N' );
	INSERT INTO MAP_APP_LANG VALUES ( 2700, 17,  'Y', 'N', 'N' );
	INSERT INTO MAP_APP_LANG VALUES ( 2700, 18,  'Y', 'N', 'N' );
	INSERT INTO MAP_APP_LANG VALUES ( 2700, 12,  'Y', 'N', 'N' );

	INSERT INTO MAP_APP_PUBLISHER VALUES( 2700, 24 );

	INSERT INTO MAP_APP_TAG VALUES( 2700, 599 );
	INSERT INTO MAP_APP_TAG VALUES( 2700, 12472 );
	INSERT INTO MAP_APP_TAG VALUES( 2700, 3810 );
	INSERT INTO MAP_APP_TAG VALUES( 2700, 1643 );
	INSERT INTO MAP_APP_TAG VALUES( 2700, 9 );
	INSERT INTO MAP_APP_TAG VALUES( 2700, 4182 );
	INSERT INTO MAP_APP_TAG VALUES( 2700, 4695 );
	INSERT INTO MAP_APP_TAG VALUES( 2700, 1693 );
	INSERT INTO MAP_APP_TAG VALUES( 2700, 7107 );
	INSERT INTO MAP_APP_TAG VALUES( 2700, 4136 );
	INSERT INTO MAP_APP_TAG VALUES( 2700, 5350 );
	INSERT INTO MAP_APP_TAG VALUES( 2700, 1669 );
	INSERT INTO MAP_APP_TAG VALUES( 2700, 3859 );
	INSERT INTO MAP_APP_TAG VALUES( 2700, 1756 );
	INSERT INTO MAP_APP_TAG VALUES( 2700, 1719 );
	INSERT INTO MAP_APP_TAG VALUES( 2700, 597 );

INSERT INTO APP_TABLE	 VALUES( 2710, 'Act_of_War:_Direct_Action', 'Tomorrow''s War Is NOW Ripped from today''s headlines, Act of War: Direct Action¢â is a frightening tale of suspense, international intrigue and geopolitical military conflict. This real-time strategy experience puts you squarely in control of counterterrorist forces and delivers a first look at tomorrow''s war.', SYSDATE ,3300, '' );
	INSERT INTO MAP_APP_CATEGORY VALUES( 2710, 3 );
	INSERT INTO MAP_APP_CATEGORY VALUES( 2710, 1 );

	INSERT INTO MAP_APP_DEVELOPER VALUES( 2710, 27 );

	INSERT INTO MAP_APP_GENRE VALUES( 2710, 1 );

	INSERT INTO MAP_APP_LANG VALUES ( 2710, 2,  'Y', 'N', 'N' );


	INSERT INTO MAP_APP_TAG VALUES( 2710, 19 );
	INSERT INTO MAP_APP_TAG VALUES( 2710, 9 );
	INSERT INTO MAP_APP_TAG VALUES( 2710, 1676 );

INSERT INTO APP_TABLE	 VALUES( 35480, 'Dwarfs!?', 'Dig! Dig! Dig! Manage the small underground Dwarf base and make it as rich as possible before they meet their inevitable doom. Purchase before May 11th and save!', SYSDATE ,10500, '' );
	INSERT INTO MAP_APP_CATEGORY VALUES( 35480, 3 );
	INSERT INTO MAP_APP_CATEGORY VALUES( 35480, 4 );
	INSERT INTO MAP_APP_CATEGORY VALUES( 35480, 11 );
	INSERT INTO MAP_APP_CATEGORY VALUES( 35480, 18 );

	INSERT INTO MAP_APP_DEVELOPER VALUES( 35480, 313 );

	INSERT INTO MAP_APP_GENRE VALUES( 35480, 5 );
	INSERT INTO MAP_APP_GENRE VALUES( 35480, 4 );
	INSERT INTO MAP_APP_GENRE VALUES( 35480, 7 );

	INSERT INTO MAP_APP_LANG VALUES ( 35480, 2,  'Y', 'N', 'N' );

	INSERT INTO MAP_APP_PUBLISHER VALUES( 35480, 4 );

	INSERT INTO MAP_APP_TAG VALUES( 35480, 9 );
	INSERT INTO MAP_APP_TAG VALUES( 35480, 597 );
	INSERT INTO MAP_APP_TAG VALUES( 35480, 492 );
	INSERT INTO MAP_APP_TAG VALUES( 35480, 3871 );
	INSERT INTO MAP_APP_TAG VALUES( 35480, 1684 );
	INSERT INTO MAP_APP_TAG VALUES( 35480, 4182 );
	INSERT INTO MAP_APP_TAG VALUES( 35480, 1645 );
	INSERT INTO MAP_APP_TAG VALUES( 35480, 1773 );

INSERT INTO APP_TABLE	 VALUES( 2720, 'ThreadSpace:_Hyperbol', 'ThreadSpace: Hyperbol is an action-strategy game set in the distant future. Players battle each other on roads in space as they pilot massive ships capable of firing a wide variety of weapons. Create defenses, coordinate with your team, and launch an assault against your opponents to achieve victory!', SYSDATE ,10500, '' );
	INSERT INTO MAP_APP_CATEGORY VALUES( 2720, 3 );
	INSERT INTO MAP_APP_CATEGORY VALUES( 2720, 1 );
	INSERT INTO MAP_APP_CATEGORY VALUES( 2720, 13 );

	INSERT INTO MAP_APP_DEVELOPER VALUES( 2720, 28 );

	INSERT INTO MAP_APP_GENRE VALUES( 2720, 1 );
	INSERT INTO MAP_APP_GENRE VALUES( 2720, 4 );
	INSERT INTO MAP_APP_GENRE VALUES( 2720, 5 );

	INSERT INTO MAP_APP_LANG VALUES ( 2720, 2,  'Y', 'N', 'N' );


	INSERT INTO MAP_APP_TAG VALUES( 2720, 19 );
	INSERT INTO MAP_APP_TAG VALUES( 2720, 9 );
	INSERT INTO MAP_APP_TAG VALUES( 2720, 492 );
	INSERT INTO MAP_APP_TAG VALUES( 2720, 1755 );

INSERT INTO APP_TABLE	 VALUES( 2780, 'ARMA:_Combat_Operations', 'Sequel to the highly successful Operation Flashpoint, ARMA: Combat Operations is a first person tactical military shooter on the PC with large elements of realism and simulation. This game features a blend of large-scale military conflict spread across large areas alongside the more close quartered battles.', SYSDATE ,7900, '' );
	INSERT INTO MAP_APP_CATEGORY VALUES( 2780, 3 );
	INSERT INTO MAP_APP_CATEGORY VALUES( 2780, 1 );
	INSERT INTO MAP_APP_CATEGORY VALUES( 2780, 13 );

	INSERT INTO MAP_APP_DEVELOPER VALUES( 2780, 29 );

	INSERT INTO MAP_APP_GENRE VALUES( 2780, 1 );

	INSERT INTO MAP_APP_LANG VALUES ( 2780, 2,  'Y', 'N', 'N' );

	INSERT INTO MAP_APP_PUBLISHER VALUES( 2780, 29 );

	INSERT INTO MAP_APP_TAG VALUES( 2780, 19 );
	INSERT INTO MAP_APP_TAG VALUES( 2780, 599 );
	INSERT INTO MAP_APP_TAG VALUES( 2780, 1774 );
	INSERT INTO MAP_APP_TAG VALUES( 2780, 1663 );
	INSERT INTO MAP_APP_TAG VALUES( 2780, 1708 );
	INSERT INTO MAP_APP_TAG VALUES( 2780, 4168 );

INSERT INTO APP_TABLE	 VALUES( 2800, 'X2:_The_Threat', 'X©÷: The Threat is of a new generation of space simulator games, you play the role of Julian Gardna who continues the story set by X: Beyond The Frontier. The updated graphics engine gives the universe a fresher feel with newly designed ships and stations adding to the complexity of the universe.', SYSDATE ,5500, '' );
	INSERT INTO MAP_APP_CATEGORY VALUES( 2800, 3 );
	INSERT INTO MAP_APP_CATEGORY VALUES( 2800, 6 );
	INSERT INTO MAP_APP_CATEGORY VALUES( 2800, 8 );

	INSERT INTO MAP_APP_DEVELOPER VALUES( 2800, 30 );

	INSERT INTO MAP_APP_GENRE VALUES( 2800, 5 );

	INSERT INTO MAP_APP_LANG VALUES ( 2800, 2,  'Y', 'Y', 'Y' );
	INSERT INTO MAP_APP_LANG VALUES ( 2800, 3,  'Y', 'N', 'Y' );
	INSERT INTO MAP_APP_LANG VALUES ( 2800, 4,  'Y', 'N', 'Y' );
	INSERT INTO MAP_APP_LANG VALUES ( 2800, 10,  'Y', 'N', 'Y' );
	INSERT INTO MAP_APP_LANG VALUES ( 2800, 9,  'Y', 'Y', 'Y' );
	INSERT INTO MAP_APP_LANG VALUES ( 2800, 6,  'Y', 'Y', 'Y' );
	INSERT INTO MAP_APP_LANG VALUES ( 2800, 7,  'Y', 'Y', 'Y' );
	INSERT INTO MAP_APP_LANG VALUES ( 2800, 24,  'Y', 'N', 'Y' );

	INSERT INTO MAP_APP_PUBLISHER VALUES( 2800, 30 );

	INSERT INTO MAP_APP_TAG VALUES( 2800, 1755 );
	INSERT INTO MAP_APP_TAG VALUES( 2800, 9 );
	INSERT INTO MAP_APP_TAG VALUES( 2800, 599 );
	INSERT INTO MAP_APP_TAG VALUES( 2800, 3942 );
	INSERT INTO MAP_APP_TAG VALUES( 2800, 1695 );
	INSERT INTO MAP_APP_TAG VALUES( 2800, 16598 );
	INSERT INTO MAP_APP_TAG VALUES( 2800, 3810 );
	INSERT INTO MAP_APP_TAG VALUES( 2800, 4182 );
	INSERT INTO MAP_APP_TAG VALUES( 2800, 4202 );
	INSERT INTO MAP_APP_TAG VALUES( 2800, 4695 );
	INSERT INTO MAP_APP_TAG VALUES( 2800, 19 );

INSERT INTO APP_TABLE	 VALUES( 2810, 'X3:_Reunion', 'The Sequel to the award winning X©÷: The Threat introduces a new 3D engine as well as a new story, new ships and a new gameplay to greatly increase the variety in the X-universe. The economy of X©ø: Reunion is more complex than anything seen in the X-universe before.', SYSDATE ,10500, '' );
	INSERT INTO MAP_APP_CATEGORY VALUES( 2810, 3 );
	INSERT INTO MAP_APP_CATEGORY VALUES( 2810, 6 );
	INSERT INTO MAP_APP_CATEGORY VALUES( 2810, 8 );

	INSERT INTO MAP_APP_DEVELOPER VALUES( 2810, 30 );

	INSERT INTO MAP_APP_GENRE VALUES( 2810, 5 );

	INSERT INTO MAP_APP_LANG VALUES ( 2810, 1,  'Y', 'N', 'Y' );
	INSERT INTO MAP_APP_LANG VALUES ( 2810, 2,  'Y', 'Y', 'Y' );
	INSERT INTO MAP_APP_LANG VALUES ( 2810, 3,  'Y', 'N', 'Y' );
	INSERT INTO MAP_APP_LANG VALUES ( 2810, 4,  'Y', 'Y', 'Y' );
	INSERT INTO MAP_APP_LANG VALUES ( 2810, 9,  'Y', 'Y', 'Y' );
	INSERT INTO MAP_APP_LANG VALUES ( 2810, 10,  'Y', 'N', 'Y' );
	INSERT INTO MAP_APP_LANG VALUES ( 2810, 6,  'Y', 'Y', 'Y' );
	INSERT INTO MAP_APP_LANG VALUES ( 2810, 7,  'Y', 'Y', 'Y' );
	INSERT INTO MAP_APP_LANG VALUES ( 2810, 24,  'Y', 'N', 'Y' );
	INSERT INTO MAP_APP_LANG VALUES ( 2810, 8,  'Y', 'N', 'Y' );

	INSERT INTO MAP_APP_PUBLISHER VALUES( 2810, 30 );

	INSERT INTO MAP_APP_TAG VALUES( 2810, 1755 );
	INSERT INTO MAP_APP_TAG VALUES( 2810, 599 );
	INSERT INTO MAP_APP_TAG VALUES( 2810, 9 );
	INSERT INTO MAP_APP_TAG VALUES( 2810, 3942 );
	INSERT INTO MAP_APP_TAG VALUES( 2810, 3810 );
	INSERT INTO MAP_APP_TAG VALUES( 2810, 16598 );
	INSERT INTO MAP_APP_TAG VALUES( 2810, 4695 );
	INSERT INTO MAP_APP_TAG VALUES( 2810, 4182 );
	INSERT INTO MAP_APP_TAG VALUES( 2810, 1695 );
	INSERT INTO MAP_APP_TAG VALUES( 2810, 15045 );
	INSERT INTO MAP_APP_TAG VALUES( 2810, 19 );
	INSERT INTO MAP_APP_TAG VALUES( 2810, 4202 );

INSERT INTO APP_TABLE	 VALUES( 2820, 'X3:_Terran_Conflict', 'It is the year 2938. The long wished-for encounter of the X Universe and the Earth holds both joy and sorrow for the people. Despite flourishing trade, the clash of the diverse races, cultures and life forms creates new tensions, mistrust and open conflict that need to be overcome!', SYSDATE ,17000, '' );
	INSERT INTO MAP_APP_CATEGORY VALUES( 2820, 3 );
	INSERT INTO MAP_APP_CATEGORY VALUES( 2820, 4 );
	INSERT INTO MAP_APP_CATEGORY VALUES( 2820, 17 );
	INSERT INTO MAP_APP_CATEGORY VALUES( 2820, 6 );
	INSERT INTO MAP_APP_CATEGORY VALUES( 2820, 8 );

	INSERT INTO MAP_APP_DEVELOPER VALUES( 2820, 30 );

	INSERT INTO MAP_APP_GENRE VALUES( 2820, 1 );
	INSERT INTO MAP_APP_GENRE VALUES( 2820, 8 );
	INSERT INTO MAP_APP_GENRE VALUES( 2820, 5 );

	INSERT INTO MAP_APP_LANG VALUES ( 2820, 1,  'Y', 'N', 'Y' );
	INSERT INTO MAP_APP_LANG VALUES ( 2820, 2,  'Y', 'Y', 'Y' );
	INSERT INTO MAP_APP_LANG VALUES ( 2820, 3,  'Y', 'N', 'Y' );
	INSERT INTO MAP_APP_LANG VALUES ( 2820, 4,  'Y', 'Y', 'Y' );
	INSERT INTO MAP_APP_LANG VALUES ( 2820, 9,  'Y', 'Y', 'Y' );
	INSERT INTO MAP_APP_LANG VALUES ( 2820, 10,  'Y', 'N', 'Y' );
	INSERT INTO MAP_APP_LANG VALUES ( 2820, 6,  'Y', 'Y', 'Y' );
	INSERT INTO MAP_APP_LANG VALUES ( 2820, 24,  'Y', 'N', 'Y' );
	INSERT INTO MAP_APP_LANG VALUES ( 2820, 7,  'Y', 'N', 'Y' );
	INSERT INTO MAP_APP_LANG VALUES ( 2820, 11,  'Y', 'N', 'Y' );
	INSERT INTO MAP_APP_LANG VALUES ( 2820, 8,  'Y', 'N', 'Y' );

	INSERT INTO MAP_APP_PUBLISHER VALUES( 2820, 30 );

	INSERT INTO MAP_APP_TAG VALUES( 2820, 1755 );
	INSERT INTO MAP_APP_TAG VALUES( 2820, 599 );
	INSERT INTO MAP_APP_TAG VALUES( 2820, 3942 );
	INSERT INTO MAP_APP_TAG VALUES( 2820, 3810 );
	INSERT INTO MAP_APP_TAG VALUES( 2820, 9 );
	INSERT INTO MAP_APP_TAG VALUES( 2820, 16598 );
	INSERT INTO MAP_APP_TAG VALUES( 2820, 1695 );
	INSERT INTO MAP_APP_TAG VALUES( 2820, 4202 );
	INSERT INTO MAP_APP_TAG VALUES( 2820, 4182 );
	INSERT INTO MAP_APP_TAG VALUES( 2820, 4695 );
	INSERT INTO MAP_APP_TAG VALUES( 2820, 19 );
	INSERT INTO MAP_APP_TAG VALUES( 2820, 4845 );
	INSERT INTO MAP_APP_TAG VALUES( 2820, 1756 );
	INSERT INTO MAP_APP_TAG VALUES( 2820, 1669 );
	INSERT INTO MAP_APP_TAG VALUES( 2820, 15045 );
	INSERT INTO MAP_APP_TAG VALUES( 2820, 1670 );
	INSERT INTO MAP_APP_TAG VALUES( 2820, 4166 );
	INSERT INTO MAP_APP_TAG VALUES( 2820, 3859 );

INSERT INTO APP_TABLE	 VALUES( 35600, 'Big_Brain_Wolf', 'Big Brain Wolf is a hilarious point and click adventure game for puzzle lovers. The player takes upon the role of an asthmatic vegetarian wolf studying to become a genie. In the course of his adventures the player will encounter a large cast of famous funny characters and solve sixty different puzzles.', SYSDATE ,5500, '' );
	INSERT INTO MAP_APP_CATEGORY VALUES( 35600, 3 );
	INSERT INTO MAP_APP_CATEGORY VALUES( 35600, 4 );

	INSERT INTO MAP_APP_DEVELOPER VALUES( 35600, 314 );

	INSERT INTO MAP_APP_GENRE VALUES( 35600, 3 );
	INSERT INTO MAP_APP_GENRE VALUES( 35600, 7 );
	INSERT INTO MAP_APP_GENRE VALUES( 35600, 5 );

	INSERT INTO MAP_APP_LANG VALUES ( 35600, 2,  'Y', 'N', 'N' );
	INSERT INTO MAP_APP_LANG VALUES ( 35600, 4,  'Y', 'N', 'N' );
	INSERT INTO MAP_APP_LANG VALUES ( 35600, 11,  'Y', 'N', 'N' );

	INSERT INTO MAP_APP_PUBLISHER VALUES( 35600, 314 );

	INSERT INTO MAP_APP_TAG VALUES( 35600, 21 );
	INSERT INTO MAP_APP_TAG VALUES( 35600, 597 );
	INSERT INTO MAP_APP_TAG VALUES( 35600, 9 );
	INSERT INTO MAP_APP_TAG VALUES( 35600, 1698 );
	INSERT INTO MAP_APP_TAG VALUES( 35600, 1664 );

INSERT INTO APP_TABLE	 VALUES( 2840, 'X:_Beyond_the_Frontier', 'The Human Race had advanced to the point where we could travel among the stars, we developed giant automated machines to help us colonise other worlds, but there was a fault in their programming and they turned and attacked. Forcing us to lay a trap to protect Earth and exiling the Human race to stay on Earth once again.', SYSDATE ,5500, '' );
	INSERT INTO MAP_APP_CATEGORY VALUES( 2840, 3 );
	INSERT INTO MAP_APP_CATEGORY VALUES( 2840, 8 );

	INSERT INTO MAP_APP_DEVELOPER VALUES( 2840, 30 );

	INSERT INTO MAP_APP_GENRE VALUES( 2840, 8 );
	INSERT INTO MAP_APP_GENRE VALUES( 2840, 5 );

	INSERT INTO MAP_APP_LANG VALUES ( 2840, 2,  'Y', 'Y', 'N' );
	INSERT INTO MAP_APP_LANG VALUES ( 2840, 6,  'Y', 'Y', 'N' );

	INSERT INTO MAP_APP_PUBLISHER VALUES( 2840, 30 );

	INSERT INTO MAP_APP_TAG VALUES( 2840, 599 );
	INSERT INTO MAP_APP_TAG VALUES( 2840, 1755 );
	INSERT INTO MAP_APP_TAG VALUES( 2840, 9 );
	INSERT INTO MAP_APP_TAG VALUES( 2840, 3942 );
	INSERT INTO MAP_APP_TAG VALUES( 2840, 4182 );
	INSERT INTO MAP_APP_TAG VALUES( 2840, 16598 );
	INSERT INTO MAP_APP_TAG VALUES( 2840, 4202 );
	INSERT INTO MAP_APP_TAG VALUES( 2840, 3810 );
	INSERT INTO MAP_APP_TAG VALUES( 2840, 1695 );
	INSERT INTO MAP_APP_TAG VALUES( 2840, 4695 );
	INSERT INTO MAP_APP_TAG VALUES( 2840, 19 );

INSERT INTO APP_TABLE	 VALUES( 2850, 'X:_Tension', 'X-Tension is the eagerly awaited expansion pack to X: Beyond the Frontier. The expansion is not limited by a linear plot line but makes use of new ways to expand your empire. You can now take part in missions that are offered to you throughout the game.', SYSDATE ,5500, '' );
	INSERT INTO MAP_APP_CATEGORY VALUES( 2850, 3 );
	INSERT INTO MAP_APP_CATEGORY VALUES( 2850, 8 );

	INSERT INTO MAP_APP_DEVELOPER VALUES( 2850, 30 );

	INSERT INTO MAP_APP_GENRE VALUES( 2850, 8 );
	INSERT INTO MAP_APP_GENRE VALUES( 2850, 5 );

	INSERT INTO MAP_APP_LANG VALUES ( 2850, 2,  'Y', 'Y', 'N' );
	INSERT INTO MAP_APP_LANG VALUES ( 2850, 6,  'Y', 'Y', 'N' );

	INSERT INTO MAP_APP_PUBLISHER VALUES( 2850, 30 );

	INSERT INTO MAP_APP_TAG VALUES( 2850, 599 );
	INSERT INTO MAP_APP_TAG VALUES( 2850, 9 );
	INSERT INTO MAP_APP_TAG VALUES( 2850, 1755 );
	INSERT INTO MAP_APP_TAG VALUES( 2850, 3942 );
	INSERT INTO MAP_APP_TAG VALUES( 2850, 16598 );
	INSERT INTO MAP_APP_TAG VALUES( 2850, 4695 );
	INSERT INTO MAP_APP_TAG VALUES( 2850, 4182 );
	INSERT INTO MAP_APP_TAG VALUES( 2850, 3810 );
	INSERT INTO MAP_APP_TAG VALUES( 2850, 19 );
	INSERT INTO MAP_APP_TAG VALUES( 2850, 1695 );

INSERT INTO APP_TABLE	 VALUES( 2870, 'X_Rebirth', 'In the distant future, the X universe faces a period of profound and irrevocable change. While the universe stumbles towards an uncertain future, countless adventures await as new enemies rise in search of power.', SYSDATE ,32000, '' );
	INSERT INTO MAP_APP_CATEGORY VALUES( 2870, 3 );
	INSERT INTO MAP_APP_CATEGORY VALUES( 2870, 4 );
	INSERT INTO MAP_APP_CATEGORY VALUES( 2870, 17 );
	INSERT INTO MAP_APP_CATEGORY VALUES( 2870, 5 );
	INSERT INTO MAP_APP_CATEGORY VALUES( 2870, 6 );
	INSERT INTO MAP_APP_CATEGORY VALUES( 2870, 14 );
	INSERT INTO MAP_APP_CATEGORY VALUES( 2870, 8 );

	INSERT INTO MAP_APP_DEVELOPER VALUES( 2870, 30 );

	INSERT INTO MAP_APP_GENRE VALUES( 2870, 1 );
	INSERT INTO MAP_APP_GENRE VALUES( 2870, 8 );

	INSERT INTO MAP_APP_LANG VALUES ( 2870, 1,  'Y', 'N', 'Y' );
	INSERT INTO MAP_APP_LANG VALUES ( 2870, 2,  'Y', 'Y', 'Y' );
	INSERT INTO MAP_APP_LANG VALUES ( 2870, 3,  'Y', 'N', 'Y' );
	INSERT INTO MAP_APP_LANG VALUES ( 2870, 9,  'Y', 'N', 'Y' );
	INSERT INTO MAP_APP_LANG VALUES ( 2870, 4,  'Y', 'Y', 'Y' );
	INSERT INTO MAP_APP_LANG VALUES ( 2870, 5,  'Y', 'N', 'Y' );
	INSERT INTO MAP_APP_LANG VALUES ( 2870, 6,  'Y', 'Y', 'Y' );
	INSERT INTO MAP_APP_LANG VALUES ( 2870, 8,  'Y', 'N', 'Y' );

	INSERT INTO MAP_APP_PUBLISHER VALUES( 2870, 30 );

	INSERT INTO MAP_APP_TAG VALUES( 2870, 1755 );
	INSERT INTO MAP_APP_TAG VALUES( 2870, 599 );
	INSERT INTO MAP_APP_TAG VALUES( 2870, 3942 );
	INSERT INTO MAP_APP_TAG VALUES( 2870, 19 );
	INSERT INTO MAP_APP_TAG VALUES( 2870, 3810 );
	INSERT INTO MAP_APP_TAG VALUES( 2870, 16598 );
	INSERT INTO MAP_APP_TAG VALUES( 2870, 4182 );
	INSERT INTO MAP_APP_TAG VALUES( 2870, 1695 );
	INSERT INTO MAP_APP_TAG VALUES( 2870, 4695 );
	INSERT INTO MAP_APP_TAG VALUES( 2870, 4202 );
	INSERT INTO MAP_APP_TAG VALUES( 2870, 9 );
	INSERT INTO MAP_APP_TAG VALUES( 2870, 4166 );
	INSERT INTO MAP_APP_TAG VALUES( 2870, 1669 );
	INSERT INTO MAP_APP_TAG VALUES( 2870, 1670 );
	INSERT INTO MAP_APP_TAG VALUES( 2870, 21 );
	INSERT INTO MAP_APP_TAG VALUES( 2870, 1756 );
	INSERT INTO MAP_APP_TAG VALUES( 2870, 3834 );

INSERT INTO APP_TABLE	 VALUES( 2900, '688(I)_Hunter/Killer', '688(I) Hunter/Killer, the most realistic submarine simulation ever developed for PC. Master the sonar and weapons control systems, learn to develop real target situations and outfit your boat with the latest advanced weaponry. Then use your skills to complete the tour of duty and earn your dolphins to become a true submariner.', SYSDATE ,10500, '' );
	INSERT INTO MAP_APP_CATEGORY VALUES( 2900, 3 );
	INSERT INTO MAP_APP_CATEGORY VALUES( 2900, 1 );

	INSERT INTO MAP_APP_DEVELOPER VALUES( 2900, 7 );

	INSERT INTO MAP_APP_GENRE VALUES( 2900, 5 );

	INSERT INTO MAP_APP_LANG VALUES ( 2900, 2,  'Y', 'N', 'N' );

	INSERT INTO MAP_APP_PUBLISHER VALUES( 2900, 9 );

	INSERT INTO MAP_APP_TAG VALUES( 2900, 9 );
	INSERT INTO MAP_APP_TAG VALUES( 2900, 599 );
	INSERT INTO MAP_APP_TAG VALUES( 2900, 6910 );

INSERT INTO APP_TABLE	 VALUES( 2910, 'Fleet_Command', 'International waterways become theaters of war when the world''s most formidable maritime powers exchange their fatal blows. With entire fleets at your command, you must strategically deploy vessels from every class - frigate to aircraft to nuclear submarine - to maintain the precarious balance of naval power and gain position for the...', SYSDATE ,10500, '' );
	INSERT INTO MAP_APP_CATEGORY VALUES( 2910, 3 );

	INSERT INTO MAP_APP_DEVELOPER VALUES( 2910, 7 );

	INSERT INTO MAP_APP_GENRE VALUES( 2910, 5 );

	INSERT INTO MAP_APP_LANG VALUES ( 2910, 2,  'Y', 'N', 'N' );

	INSERT INTO MAP_APP_PUBLISHER VALUES( 2910, 9 );

	INSERT INTO MAP_APP_TAG VALUES( 2910, 9 );
	INSERT INTO MAP_APP_TAG VALUES( 2910, 6910 );
	INSERT INTO MAP_APP_TAG VALUES( 2910, 599 );

INSERT INTO APP_TABLE	 VALUES( 2920, 'Sub_Command', 'Take charge of the most deadly modern-day submarines in the world - three distinct submarines across two unique and challenging campaigns. Utilize cutting-edge sensor and weapon technology to locate, track and destroy the enemy - even deliver Tomahawk missiles to inland targets.', SYSDATE ,10500, '' );
	INSERT INTO MAP_APP_CATEGORY VALUES( 2920, 3 );
	INSERT INTO MAP_APP_CATEGORY VALUES( 2920, 1 );
	INSERT INTO MAP_APP_CATEGORY VALUES( 2920, 16 );
	INSERT INTO MAP_APP_CATEGORY VALUES( 2920, 13 );

	INSERT INTO MAP_APP_DEVELOPER VALUES( 2920, 7 );

	INSERT INTO MAP_APP_GENRE VALUES( 2920, 5 );

	INSERT INTO MAP_APP_LANG VALUES ( 2920, 2,  'Y', 'N', 'N' );

	INSERT INTO MAP_APP_PUBLISHER VALUES( 2920, 9 );

	INSERT INTO MAP_APP_TAG VALUES( 2920, 9 );
	INSERT INTO MAP_APP_TAG VALUES( 2920, 599 );
	INSERT INTO MAP_APP_TAG VALUES( 2920, 6910 );

INSERT INTO APP_TABLE	 VALUES( 35700, 'Trine_Enchanted_Edition', 'Three Heroes make their way through dangers untold in a fairytale world of great castles and strange machinery, featuring physics-based puzzles, beautiful sights and online co-op.', SYSDATE ,16000, '' );
	INSERT INTO MAP_APP_CATEGORY VALUES( 35700, 3 );
	INSERT INTO MAP_APP_CATEGORY VALUES( 35700, 1 );
	INSERT INTO MAP_APP_CATEGORY VALUES( 35700, 16 );
	INSERT INTO MAP_APP_CATEGORY VALUES( 35700, 21 );
	INSERT INTO MAP_APP_CATEGORY VALUES( 35700, 4 );
	INSERT INTO MAP_APP_CATEGORY VALUES( 35700, 17 );
	INSERT INTO MAP_APP_CATEGORY VALUES( 35700, 5 );
	INSERT INTO MAP_APP_CATEGORY VALUES( 35700, 14 );
	INSERT INTO MAP_APP_CATEGORY VALUES( 35700, 8 );
	INSERT INTO MAP_APP_CATEGORY VALUES( 35700, 13 );

	INSERT INTO MAP_APP_DEVELOPER VALUES( 35700, 18 );

	INSERT INTO MAP_APP_GENRE VALUES( 35700, 1 );
	INSERT INTO MAP_APP_GENRE VALUES( 35700, 3 );
	INSERT INTO MAP_APP_GENRE VALUES( 35700, 4 );

	INSERT INTO MAP_APP_LANG VALUES ( 35700, 2,  'Y', 'Y', 'Y' );
	INSERT INTO MAP_APP_LANG VALUES ( 35700, 3,  'Y', 'Y', 'Y' );
	INSERT INTO MAP_APP_LANG VALUES ( 35700, 4,  'Y', 'Y', 'Y' );
	INSERT INTO MAP_APP_LANG VALUES ( 35700, 6,  'Y', 'Y', 'Y' );
	INSERT INTO MAP_APP_LANG VALUES ( 35700, 7,  'Y', 'Y', 'Y' );

	INSERT INTO MAP_APP_PUBLISHER VALUES( 35700, 18 );

	INSERT INTO MAP_APP_TAG VALUES( 35700, 1625 );
	INSERT INTO MAP_APP_TAG VALUES( 35700, 1684 );
	INSERT INTO MAP_APP_TAG VALUES( 35700, 1664 );
	INSERT INTO MAP_APP_TAG VALUES( 35700, 492 );
	INSERT INTO MAP_APP_TAG VALUES( 35700, 19 );
	INSERT INTO MAP_APP_TAG VALUES( 35700, 3841 );
	INSERT INTO MAP_APP_TAG VALUES( 35700, 1685 );
	INSERT INTO MAP_APP_TAG VALUES( 35700, 21 );
	INSERT INTO MAP_APP_TAG VALUES( 35700, 5537 );
	INSERT INTO MAP_APP_TAG VALUES( 35700, 1756 );
	INSERT INTO MAP_APP_TAG VALUES( 35700, 4182 );
	INSERT INTO MAP_APP_TAG VALUES( 35700, 3843 );
	INSERT INTO MAP_APP_TAG VALUES( 35700, 3968 );
	INSERT INTO MAP_APP_TAG VALUES( 35700, 3859 );
	INSERT INTO MAP_APP_TAG VALUES( 35700, 7208 );
	INSERT INTO MAP_APP_TAG VALUES( 35700, 597 );
	INSERT INTO MAP_APP_TAG VALUES( 35700, 4166 );
	INSERT INTO MAP_APP_TAG VALUES( 35700, 3871 );
	INSERT INTO MAP_APP_TAG VALUES( 35700, 29363 );
	INSERT INTO MAP_APP_TAG VALUES( 35700, 7368 );

INSERT INTO APP_TABLE	 VALUES( 35720, 'Trine_2:_Complete_Story', 'Three Heroes make their way through dangers untold in a fairytale world, featuring physics-based puzzles, beautiful sights and online co-op.', SYSDATE ,21000, '' );
	INSERT INTO MAP_APP_CATEGORY VALUES( 35720, 3 );
	INSERT INTO MAP_APP_CATEGORY VALUES( 35720, 1 );
	INSERT INTO MAP_APP_CATEGORY VALUES( 35720, 16 );
	INSERT INTO MAP_APP_CATEGORY VALUES( 35720, 21 );
	INSERT INTO MAP_APP_CATEGORY VALUES( 35720, 10 );
	INSERT INTO MAP_APP_CATEGORY VALUES( 35720, 4 );
	INSERT INTO MAP_APP_CATEGORY VALUES( 35720, 17 );
	INSERT INTO MAP_APP_CATEGORY VALUES( 35720, 5 );
	INSERT INTO MAP_APP_CATEGORY VALUES( 35720, 14 );
	INSERT INTO MAP_APP_CATEGORY VALUES( 35720, 8 );
	INSERT INTO MAP_APP_CATEGORY VALUES( 35720, 13 );

	INSERT INTO MAP_APP_DEVELOPER VALUES( 35720, 18 );

	INSERT INTO MAP_APP_GENRE VALUES( 35720, 1 );
	INSERT INTO MAP_APP_GENRE VALUES( 35720, 3 );
	INSERT INTO MAP_APP_GENRE VALUES( 35720, 4 );

	INSERT INTO MAP_APP_LANG VALUES ( 35720, 20,  'Y', 'N', 'Y' );
	INSERT INTO MAP_APP_LANG VALUES ( 35720, 3,  'Y', 'N', 'Y' );
	INSERT INTO MAP_APP_LANG VALUES ( 35720, 9,  'Y', 'N', 'Y' );
	INSERT INTO MAP_APP_LANG VALUES ( 35720, 10,  'Y', 'N', 'Y' );
	INSERT INTO MAP_APP_LANG VALUES ( 35720, 22,  'Y', 'N', 'Y' );
	INSERT INTO MAP_APP_LANG VALUES ( 35720, 5,  'Y', 'N', 'Y' );
	INSERT INTO MAP_APP_LANG VALUES ( 35720, 6,  'Y', 'Y', 'Y' );
	INSERT INTO MAP_APP_LANG VALUES ( 35720, 19,  'Y', 'N', 'Y' );
	INSERT INTO MAP_APP_LANG VALUES ( 35720, 2,  'Y', 'Y', 'Y' );
	INSERT INTO MAP_APP_LANG VALUES ( 35720, 4,  'Y', 'Y', 'Y' );
	INSERT INTO MAP_APP_LANG VALUES ( 35720, 15,  'Y', 'N', 'Y' );
	INSERT INTO MAP_APP_LANG VALUES ( 35720, 7,  'Y', 'Y', 'Y' );
	INSERT INTO MAP_APP_LANG VALUES ( 35720, 24,  'Y', 'N', 'Y' );
	INSERT INTO MAP_APP_LANG VALUES ( 35720, 25,  'Y', 'N', 'Y' );
	INSERT INTO MAP_APP_LANG VALUES ( 35720, 8,  'Y', 'N', 'Y' );

	INSERT INTO MAP_APP_PUBLISHER VALUES( 35720, 18 );

	INSERT INTO MAP_APP_TAG VALUES( 35720, 1625 );
	INSERT INTO MAP_APP_TAG VALUES( 35720, 21 );
	INSERT INTO MAP_APP_TAG VALUES( 35720, 1664 );
	INSERT INTO MAP_APP_TAG VALUES( 35720, 1684 );
	INSERT INTO MAP_APP_TAG VALUES( 35720, 1685 );
	INSERT INTO MAP_APP_TAG VALUES( 35720, 492 );
	INSERT INTO MAP_APP_TAG VALUES( 35720, 3843 );
	INSERT INTO MAP_APP_TAG VALUES( 35720, 3841 );
	INSERT INTO MAP_APP_TAG VALUES( 35720, 19 );
	INSERT INTO MAP_APP_TAG VALUES( 35720, 3968 );
	INSERT INTO MAP_APP_TAG VALUES( 35720, 1756 );
	INSERT INTO MAP_APP_TAG VALUES( 35720, 3859 );
	INSERT INTO MAP_APP_TAG VALUES( 35720, 4182 );
	INSERT INTO MAP_APP_TAG VALUES( 35720, 4166 );
	INSERT INTO MAP_APP_TAG VALUES( 35720, 3871 );
	INSERT INTO MAP_APP_TAG VALUES( 35720, 597 );
	INSERT INTO MAP_APP_TAG VALUES( 35720, 4172 );
	INSERT INTO MAP_APP_TAG VALUES( 35720, 122 );
	INSERT INTO MAP_APP_TAG VALUES( 35720, 7368 );
	INSERT INTO MAP_APP_TAG VALUES( 35720, 29363 );

INSERT INTO APP_TABLE	 VALUES( 3010, 'Xpand_Rally', 'Xpand Rally is a breathtaking game that gives you the true to life experience of driving powerful rally cars amidst photorealistic sceneries. Realistic weather effects, rolling hills, and animated scenery all add to game''s visual perfection.', SYSDATE ,5500, '' );
	INSERT INTO MAP_APP_CATEGORY VALUES( 3010, 3 );
	INSERT INTO MAP_APP_CATEGORY VALUES( 3010, 1 );

	INSERT INTO MAP_APP_DEVELOPER VALUES( 3010, 31 );

	INSERT INTO MAP_APP_GENRE VALUES( 3010, 9 );

	INSERT INTO MAP_APP_LANG VALUES ( 3010, 2,  'Y', 'N', 'N' );

	INSERT INTO MAP_APP_PUBLISHER VALUES( 3010, 31 );

	INSERT INTO MAP_APP_TAG VALUES( 3010, 699 );
	INSERT INTO MAP_APP_TAG VALUES( 3010, 3859 );

INSERT INTO APP_TABLE	 VALUES( 3020, 'Call_of_Juarez¢â', 'Call of Juarez is an epic adventure western themed FPS game. The player alternately assumes the roles of two distinct, antagonistic characters: a sneaking fugitive Billy and his hunter the reverend Ray. Apart from the highly interesting, emotional and psychological aspect of the link between the two characters, the player will experience...', SYSDATE ,12500, '' );
	INSERT INTO MAP_APP_CATEGORY VALUES( 3020, 3 );
	INSERT INTO MAP_APP_CATEGORY VALUES( 3020, 1 );
	INSERT INTO MAP_APP_CATEGORY VALUES( 3020, 5 );

	INSERT INTO MAP_APP_DEVELOPER VALUES( 3020, 31 );

	INSERT INTO MAP_APP_GENRE VALUES( 3020, 1 );

	INSERT INTO MAP_APP_LANG VALUES ( 3020, 2,  'Y', 'N', 'N' );
	INSERT INTO MAP_APP_LANG VALUES ( 3020, 4,  'Y', 'N', 'N' );
	INSERT INTO MAP_APP_LANG VALUES ( 3020, 9,  'Y', 'N', 'N' );
	INSERT INTO MAP_APP_LANG VALUES ( 3020, 6,  'Y', 'N', 'N' );
	INSERT INTO MAP_APP_LANG VALUES ( 3020, 7,  'Y', 'N', 'N' );

	INSERT INTO MAP_APP_PUBLISHER VALUES( 3020, 31 );

	INSERT INTO MAP_APP_TAG VALUES( 3020, 1647 );
	INSERT INTO MAP_APP_TAG VALUES( 3020, 19 );
	INSERT INTO MAP_APP_TAG VALUES( 3020, 1663 );
	INSERT INTO MAP_APP_TAG VALUES( 3020, 1774 );
	INSERT INTO MAP_APP_TAG VALUES( 3020, 21 );
	INSERT INTO MAP_APP_TAG VALUES( 3020, 4182 );
	INSERT INTO MAP_APP_TAG VALUES( 3020, 3839 );
	INSERT INTO MAP_APP_TAG VALUES( 3020, 4166 );
	INSERT INTO MAP_APP_TAG VALUES( 3020, 3859 );
	INSERT INTO MAP_APP_TAG VALUES( 3020, 1687 );
	INSERT INTO MAP_APP_TAG VALUES( 3020, 1742 );
	INSERT INTO MAP_APP_TAG VALUES( 3020, 1693 );
	INSERT INTO MAP_APP_TAG VALUES( 3020, 1756 );
	INSERT INTO MAP_APP_TAG VALUES( 3020, 1695 );

INSERT INTO APP_TABLE	 VALUES( 3050, 'Xpand_Rally_Xtreme', 'Xpand Rally Xtreme shows the true climate and conditions of rally racing. Dangerous, technical tracks, based on the world''s hardest special stages full of moguls,jumps,grooves and tight hairpins. By winning races amass funds for faster cars and repairs.', SYSDATE ,5500, '' );
	INSERT INTO MAP_APP_CATEGORY VALUES( 3050, 3 );
	INSERT INTO MAP_APP_CATEGORY VALUES( 3050, 1 );

	INSERT INTO MAP_APP_DEVELOPER VALUES( 3050, 31 );

	INSERT INTO MAP_APP_GENRE VALUES( 3050, 9 );

	INSERT INTO MAP_APP_LANG VALUES ( 3050, 2,  'Y', 'N', 'N' );

	INSERT INTO MAP_APP_PUBLISHER VALUES( 3050, 31 );

	INSERT INTO MAP_APP_TAG VALUES( 3050, 699 );
	INSERT INTO MAP_APP_TAG VALUES( 3050, 7622 );

INSERT INTO APP_TABLE	 VALUES( 3130, 'Men_of_War:_Red_Tide', 'Men of War: Red Tide is a sequel to the critically acclaimed RTS Men of War. Red Tide introduces a new story driven campaign based on the writings of Soviet scribe Alexander Zorich, it also includes dozens of new or upgraded units and weapons.', SYSDATE ,5500, '' );
	INSERT INTO MAP_APP_CATEGORY VALUES( 3130, 3 );
	INSERT INTO MAP_APP_CATEGORY VALUES( 3130, 8 );

	INSERT INTO MAP_APP_DEVELOPER VALUES( 3130, 32 );

	INSERT INTO MAP_APP_GENRE VALUES( 3130, 5 );

	INSERT INTO MAP_APP_LANG VALUES ( 3130, 2,  'Y', 'Y', 'Y' );
	INSERT INTO MAP_APP_LANG VALUES ( 3130, 9,  'Y', 'Y', 'Y' );
	INSERT INTO MAP_APP_LANG VALUES ( 3130, 4,  'Y', 'N', 'Y' );
	INSERT INTO MAP_APP_LANG VALUES ( 3130, 6,  'Y', 'N', 'Y' );

	INSERT INTO MAP_APP_PUBLISHER VALUES( 3130, 32 );

	INSERT INTO MAP_APP_TAG VALUES( 3130, 9 );
	INSERT INTO MAP_APP_TAG VALUES( 3130, 4150 );
	INSERT INTO MAP_APP_TAG VALUES( 3130, 1676 );
	INSERT INTO MAP_APP_TAG VALUES( 3130, 3987 );
	INSERT INTO MAP_APP_TAG VALUES( 3130, 1678 );

INSERT INTO APP_TABLE	 VALUES( 3170, 'King''s_Bounty:_Armored_Princess', 'King''s Bounty: Armored Princess is a sequel to the critically acclaimed King¡¯s Bounty: The Legend.', SYSDATE ,10500, '' );
	INSERT INTO MAP_APP_CATEGORY VALUES( 3170, 3 );
	INSERT INTO MAP_APP_CATEGORY VALUES( 3170, 8 );

	INSERT INTO MAP_APP_DEVELOPER VALUES( 3170, 33 );

	INSERT INTO MAP_APP_GENRE VALUES( 3170, 6 );
	INSERT INTO MAP_APP_GENRE VALUES( 3170, 5 );

	INSERT INTO MAP_APP_LANG VALUES ( 3170, 2,  'Y', 'N', 'N' );
	INSERT INTO MAP_APP_LANG VALUES ( 3170, 3,  'Y', 'N', 'N' );
	INSERT INTO MAP_APP_LANG VALUES ( 3170, 9,  'Y', 'N', 'N' );
	INSERT INTO MAP_APP_LANG VALUES ( 3170, 4,  'Y', 'N', 'N' );
	INSERT INTO MAP_APP_LANG VALUES ( 3170, 6,  'Y', 'N', 'N' );
	INSERT INTO MAP_APP_LANG VALUES ( 3170, 7,  'Y', 'N', 'N' );
	INSERT INTO MAP_APP_LANG VALUES ( 3170, 11,  'Y', 'N', 'N' );
	INSERT INTO MAP_APP_LANG VALUES ( 3170, 8,  'Y', 'N', 'N' );

	INSERT INTO MAP_APP_PUBLISHER VALUES( 3170, 32 );

	INSERT INTO MAP_APP_TAG VALUES( 3170, 122 );
	INSERT INTO MAP_APP_TAG VALUES( 3170, 1741 );
	INSERT INTO MAP_APP_TAG VALUES( 3170, 9 );
	INSERT INTO MAP_APP_TAG VALUES( 3170, 1684 );
	INSERT INTO MAP_APP_TAG VALUES( 3170, 7208 );
	INSERT INTO MAP_APP_TAG VALUES( 3170, 1717 );
	INSERT INTO MAP_APP_TAG VALUES( 3170, 1677 );
	INSERT INTO MAP_APP_TAG VALUES( 3170, 21 );
	INSERT INTO MAP_APP_TAG VALUES( 3170, 1708 );
	INSERT INTO MAP_APP_TAG VALUES( 3170, 4182 );
	INSERT INTO MAP_APP_TAG VALUES( 3170, 1695 );

INSERT INTO APP_TABLE	 VALUES( 3230, 'Genesis_Rising', 'Three thousand years in the future, mankind has carved a bloody path towards domination of the known universe. Self-proclaimed as a divine race and beyond reproach as a species, they view all alien races as inferior.', SYSDATE ,5000, '' );
	INSERT INTO MAP_APP_CATEGORY VALUES( 3230, 3 );
	INSERT INTO MAP_APP_CATEGORY VALUES( 3230, 1 );

	INSERT INTO MAP_APP_DEVELOPER VALUES( 3230, 34 );

	INSERT INTO MAP_APP_GENRE VALUES( 3230, 5 );

	INSERT INTO MAP_APP_LANG VALUES ( 3230, 2,  'Y', 'N', 'N' );

	INSERT INTO MAP_APP_PUBLISHER VALUES( 3230, 72 );

	INSERT INTO MAP_APP_TAG VALUES( 3230, 9 );
	INSERT INTO MAP_APP_TAG VALUES( 3230, 1755 );
	INSERT INTO MAP_APP_TAG VALUES( 3230, 3942 );
	INSERT INTO MAP_APP_TAG VALUES( 3230, 1676 );

INSERT INTO APP_TABLE	 VALUES( 36000, 'Foreign_Legion:_Buckets_of_Blood', 'Foreign Legion: Buckets of Blood is a cartoon-style third-person shooter. You take the role of a last-standing hard-boiled Legionnaire taking on an entire rebel army. A small campaign with various objectives, such as defending civilians, escorting a tourist bus and a mass-chicken-murder map.', SYSDATE ,5500, '' );
	INSERT INTO MAP_APP_CATEGORY VALUES( 36000, 3 );
	INSERT INTO MAP_APP_CATEGORY VALUES( 36000, 4 );
	INSERT INTO MAP_APP_CATEGORY VALUES( 36000, 7 );
	INSERT INTO MAP_APP_CATEGORY VALUES( 36000, 8 );

	INSERT INTO MAP_APP_DEVELOPER VALUES( 36000, 315 );

	INSERT INTO MAP_APP_GENRE VALUES( 36000, 1 );
	INSERT INTO MAP_APP_GENRE VALUES( 36000, 4 );

	INSERT INTO MAP_APP_LANG VALUES ( 36000, 2,  'Y', 'N', 'N' );
	INSERT INTO MAP_APP_LANG VALUES ( 36000, 4,  'Y', 'N', 'N' );
	INSERT INTO MAP_APP_LANG VALUES ( 36000, 9,  'Y', 'N', 'N' );
	INSERT INTO MAP_APP_LANG VALUES ( 36000, 6,  'Y', 'N', 'N' );
	INSERT INTO MAP_APP_LANG VALUES ( 36000, 7,  'Y', 'N', 'N' );
	INSERT INTO MAP_APP_LANG VALUES ( 36000, 17,  'Y', 'N', 'N' );

	INSERT INTO MAP_APP_PUBLISHER VALUES( 36000, 315 );

	INSERT INTO MAP_APP_TAG VALUES( 36000, 19 );
	INSERT INTO MAP_APP_TAG VALUES( 36000, 492 );
	INSERT INTO MAP_APP_TAG VALUES( 36000, 1697 );
	INSERT INTO MAP_APP_TAG VALUES( 36000, 1774 );

INSERT INTO APP_TABLE	 VALUES( 3260, 'Safecracker:_The_Ultimate_Puzzle_Adventure', 'As an expert safecracker, you are hired by the wealthy family of a recently deceased to search his mansion for his last will and testament. Duncan W. Adams was an avid safe collector and an ''eccentric,'' to say the least. Adams has hidden the deed to his vast fortunes in one of 35 safes.', SYSDATE ,5000, '' );
	INSERT INTO MAP_APP_CATEGORY VALUES( 3260, 3 );

	INSERT INTO MAP_APP_DEVELOPER VALUES( 3260, 35 );

	INSERT INTO MAP_APP_GENRE VALUES( 3260, 3 );
	INSERT INTO MAP_APP_GENRE VALUES( 3260, 7 );

	INSERT INTO MAP_APP_LANG VALUES ( 3260, 2,  'Y', 'N', 'N' );
	INSERT INTO MAP_APP_LANG VALUES ( 3260, 3,  'Y', 'N', 'N' );
	INSERT INTO MAP_APP_LANG VALUES ( 3260, 6,  'Y', 'N', 'N' );
	INSERT INTO MAP_APP_LANG VALUES ( 3260, 7,  'Y', 'N', 'N' );

	INSERT INTO MAP_APP_PUBLISHER VALUES( 3260, 72 );

	INSERT INTO MAP_APP_TAG VALUES( 3260, 1664 );
	INSERT INTO MAP_APP_TAG VALUES( 3260, 21 );
	INSERT INTO MAP_APP_TAG VALUES( 3260, 597 );
	INSERT INTO MAP_APP_TAG VALUES( 3260, 1698 );
	INSERT INTO MAP_APP_TAG VALUES( 3260, 3839 );

INSERT INTO APP_TABLE	 VALUES( 3270, 'Painkiller_Overdose', 'The critically-acclaimed and award-winning FPS franchise is back! Packed with tons of fast-paced, adrenaline-fueled single player and multiplayer action, Painkiller Overdose brings with it 6 innovative new demonic weapons, mind-bending physics, lightning-player maps, over 40 demented and sickly-twisted monsters from Hell and gigantic end...', SYSDATE ,5000, '' );
	INSERT INTO MAP_APP_CATEGORY VALUES( 3270, 3 );
	INSERT INTO MAP_APP_CATEGORY VALUES( 3270, 1 );

	INSERT INTO MAP_APP_DEVELOPER VALUES( 3270, 36 );

	INSERT INTO MAP_APP_GENRE VALUES( 3270, 1 );

	INSERT INTO MAP_APP_LANG VALUES ( 3270, 2,  'Y', 'N', 'N' );
	INSERT INTO MAP_APP_LANG VALUES ( 3270, 6,  'Y', 'N', 'N' );

	INSERT INTO MAP_APP_PUBLISHER VALUES( 3270, 72 );

	INSERT INTO MAP_APP_TAG VALUES( 3270, 19 );
	INSERT INTO MAP_APP_TAG VALUES( 3270, 1663 );
	INSERT INTO MAP_APP_TAG VALUES( 3270, 1774 );
	INSERT INTO MAP_APP_TAG VALUES( 3270, 1667 );
	INSERT INTO MAP_APP_TAG VALUES( 3270, 3859 );
	INSERT INTO MAP_APP_TAG VALUES( 3270, 4182 );
	INSERT INTO MAP_APP_TAG VALUES( 3270, 4345 );
	INSERT INTO MAP_APP_TAG VALUES( 3270, 3839 );

INSERT INTO APP_TABLE	 VALUES( 3300, 'Bejeweled_2_Deluxe', '', SYSDATE ,5000, '' );
	INSERT INTO MAP_APP_CATEGORY VALUES( 3300, 3 );

	INSERT INTO MAP_APP_DEVELOPER VALUES( 3300, 37 );

	INSERT INTO MAP_APP_GENRE VALUES( 3300, 7 );

	INSERT INTO MAP_APP_LANG VALUES ( 3300, 2,  'Y', 'N', 'N' );
	INSERT INTO MAP_APP_LANG VALUES ( 3300, 3,  'Y', 'N', 'N' );
	INSERT INTO MAP_APP_LANG VALUES ( 3300, 4,  'Y', 'N', 'N' );
	INSERT INTO MAP_APP_LANG VALUES ( 3300, 6,  'Y', 'N', 'N' );
	INSERT INTO MAP_APP_LANG VALUES ( 3300, 7,  'Y', 'N', 'N' );

	INSERT INTO MAP_APP_PUBLISHER VALUES( 3300, 37 );

	INSERT INTO MAP_APP_TAG VALUES( 3300, 597 );
	INSERT INTO MAP_APP_TAG VALUES( 3300, 1665 );
	INSERT INTO MAP_APP_TAG VALUES( 3300, 1664 );
	INSERT INTO MAP_APP_TAG VALUES( 3300, 4182 );

INSERT INTO APP_TABLE	 VALUES( 3310, 'Chuzzle_Deluxe', '', SYSDATE ,5000, '' );
	INSERT INTO MAP_APP_CATEGORY VALUES( 3310, 3 );

	INSERT INTO MAP_APP_DEVELOPER VALUES( 3310, 37 );

	INSERT INTO MAP_APP_GENRE VALUES( 3310, 7 );

	INSERT INTO MAP_APP_LANG VALUES ( 3310, 2,  'Y', 'N', 'N' );
	INSERT INTO MAP_APP_LANG VALUES ( 3310, 3,  'Y', 'N', 'N' );
	INSERT INTO MAP_APP_LANG VALUES ( 3310, 4,  'Y', 'N', 'N' );
	INSERT INTO MAP_APP_LANG VALUES ( 3310, 6,  'Y', 'N', 'N' );
	INSERT INTO MAP_APP_LANG VALUES ( 3310, 7,  'Y', 'N', 'N' );

	INSERT INTO MAP_APP_PUBLISHER VALUES( 3310, 37 );

	INSERT INTO MAP_APP_TAG VALUES( 3310, 597 );
	INSERT INTO MAP_APP_TAG VALUES( 3310, 1664 );
	INSERT INTO MAP_APP_TAG VALUES( 3310, 1665 );
	INSERT INTO MAP_APP_TAG VALUES( 3310, 4182 );
	INSERT INTO MAP_APP_TAG VALUES( 3310, 4726 );

INSERT INTO APP_TABLE	 VALUES( 3320, 'Insaniquarium_Deluxe', '', SYSDATE ,5000, '' );
	INSERT INTO MAP_APP_CATEGORY VALUES( 3320, 3 );

	INSERT INTO MAP_APP_DEVELOPER VALUES( 3320, 37 );

	INSERT INTO MAP_APP_GENRE VALUES( 3320, 7 );

	INSERT INTO MAP_APP_LANG VALUES ( 3320, 2,  'Y', 'N', 'N' );

	INSERT INTO MAP_APP_PUBLISHER VALUES( 3320, 37 );

	INSERT INTO MAP_APP_TAG VALUES( 3320, 597 );
	INSERT INTO MAP_APP_TAG VALUES( 3320, 599 );
	INSERT INTO MAP_APP_TAG VALUES( 3320, 1698 );
	INSERT INTO MAP_APP_TAG VALUES( 3320, 19 );
	INSERT INTO MAP_APP_TAG VALUES( 3320, 1673 );
	INSERT INTO MAP_APP_TAG VALUES( 3320, 4182 );
	INSERT INTO MAP_APP_TAG VALUES( 3320, 1693 );
	INSERT INTO MAP_APP_TAG VALUES( 3320, 9157 );
	INSERT INTO MAP_APP_TAG VALUES( 3320, 9 );
	INSERT INTO MAP_APP_TAG VALUES( 3320, 4305 );
	INSERT INTO MAP_APP_TAG VALUES( 3320, 4726 );
	INSERT INTO MAP_APP_TAG VALUES( 3320, 379975 );
	INSERT INTO MAP_APP_TAG VALUES( 3320, 4085 );

INSERT INTO APP_TABLE	 VALUES( 3330, 'Zuma_Deluxe', 'Survive the ancient temples of Zuma, the critically acclaimed action-puzzler from PopCap! Deep in the jungle lie hidden temples bursting with traps and trickery, and it''s up to you to uncover their treasures.', SYSDATE ,5000, '' );
	INSERT INTO MAP_APP_CATEGORY VALUES( 3330, 3 );

	INSERT INTO MAP_APP_DEVELOPER VALUES( 3330, 37 );

	INSERT INTO MAP_APP_GENRE VALUES( 3330, 7 );

	INSERT INTO MAP_APP_LANG VALUES ( 3330, 2,  'Y', 'N', 'N' );
	INSERT INTO MAP_APP_LANG VALUES ( 3330, 3,  'Y', 'N', 'N' );
	INSERT INTO MAP_APP_LANG VALUES ( 3330, 4,  'Y', 'N', 'N' );
	INSERT INTO MAP_APP_LANG VALUES ( 3330, 6,  'Y', 'N', 'N' );
	INSERT INTO MAP_APP_LANG VALUES ( 3330, 7,  'Y', 'N', 'N' );

	INSERT INTO MAP_APP_PUBLISHER VALUES( 3330, 37 );

	INSERT INTO MAP_APP_TAG VALUES( 3330, 597 );
	INSERT INTO MAP_APP_TAG VALUES( 3330, 1665 );
	INSERT INTO MAP_APP_TAG VALUES( 3330, 4182 );
	INSERT INTO MAP_APP_TAG VALUES( 3330, 1664 );

INSERT INTO APP_TABLE	 VALUES( 3340, 'AstroPop_Deluxe', '', SYSDATE ,5000, '' );
	INSERT INTO MAP_APP_CATEGORY VALUES( 3340, 3 );

	INSERT INTO MAP_APP_DEVELOPER VALUES( 3340, 37 );

	INSERT INTO MAP_APP_GENRE VALUES( 3340, 7 );

	INSERT INTO MAP_APP_LANG VALUES ( 3340, 2,  'Y', 'N', 'N' );

	INSERT INTO MAP_APP_PUBLISHER VALUES( 3340, 37 );

	INSERT INTO MAP_APP_TAG VALUES( 3340, 597 );
	INSERT INTO MAP_APP_TAG VALUES( 3340, 1664 );

INSERT INTO APP_TABLE	 VALUES( 3350, 'Bejeweled_Deluxe', '', SYSDATE ,5000, '' );
	INSERT INTO MAP_APP_CATEGORY VALUES( 3350, 3 );

	INSERT INTO MAP_APP_DEVELOPER VALUES( 3350, 37 );

	INSERT INTO MAP_APP_GENRE VALUES( 3350, 7 );

	INSERT INTO MAP_APP_LANG VALUES ( 3350, 2,  'Y', 'N', 'N' );

	INSERT INTO MAP_APP_PUBLISHER VALUES( 3350, 37 );

	INSERT INTO MAP_APP_TAG VALUES( 3350, 597 );
	INSERT INTO MAP_APP_TAG VALUES( 3350, 1665 );
	INSERT INTO MAP_APP_TAG VALUES( 3350, 1664 );
	INSERT INTO MAP_APP_TAG VALUES( 3350, 4182 );

INSERT INTO APP_TABLE	 VALUES( 3360, 'Big_Money!_Deluxe', '', SYSDATE ,5000, '' );
	INSERT INTO MAP_APP_CATEGORY VALUES( 3360, 3 );

	INSERT INTO MAP_APP_DEVELOPER VALUES( 3360, 37 );

	INSERT INTO MAP_APP_GENRE VALUES( 3360, 7 );

	INSERT INTO MAP_APP_LANG VALUES ( 3360, 2,  'Y', 'N', 'N' );

	INSERT INTO MAP_APP_PUBLISHER VALUES( 3360, 37 );

	INSERT INTO MAP_APP_TAG VALUES( 3360, 597 );

INSERT INTO APP_TABLE	 VALUES( 3380, 'Dynomite_Deluxe', '', SYSDATE ,5000, '' );
	INSERT INTO MAP_APP_CATEGORY VALUES( 3380, 3 );

	INSERT INTO MAP_APP_DEVELOPER VALUES( 3380, 37 );

	INSERT INTO MAP_APP_GENRE VALUES( 3380, 7 );

	INSERT INTO MAP_APP_LANG VALUES ( 3380, 2,  'Y', 'N', 'N' );

	INSERT INTO MAP_APP_PUBLISHER VALUES( 3380, 37 );

	INSERT INTO MAP_APP_TAG VALUES( 3380, 597 );
	INSERT INTO MAP_APP_TAG VALUES( 3380, 1664 );

INSERT INTO APP_TABLE	 VALUES( 3390, 'Feeding_Frenzy_2_Deluxe', '', SYSDATE ,5000, '' );
	INSERT INTO MAP_APP_CATEGORY VALUES( 3390, 3 );

	INSERT INTO MAP_APP_DEVELOPER VALUES( 3390, 37 );

	INSERT INTO MAP_APP_GENRE VALUES( 3390, 7 );

	INSERT INTO MAP_APP_LANG VALUES ( 3390, 2,  'Y', 'N', 'N' );

	INSERT INTO MAP_APP_PUBLISHER VALUES( 3390, 37 );

	INSERT INTO MAP_APP_TAG VALUES( 3390, 597 );
	INSERT INTO MAP_APP_TAG VALUES( 3390, 1773 );
	INSERT INTO MAP_APP_TAG VALUES( 3390, 4182 );

INSERT INTO APP_TABLE	 VALUES( 3400, 'Hammer_Heads_Deluxe', '', SYSDATE ,5000, '' );
	INSERT INTO MAP_APP_CATEGORY VALUES( 3400, 3 );

	INSERT INTO MAP_APP_DEVELOPER VALUES( 3400, 37 );

	INSERT INTO MAP_APP_GENRE VALUES( 3400, 7 );

	INSERT INTO MAP_APP_LANG VALUES ( 3400, 2,  'Y', 'N', 'N' );

	INSERT INTO MAP_APP_PUBLISHER VALUES( 3400, 37 );

	INSERT INTO MAP_APP_TAG VALUES( 3400, 597 );

INSERT INTO APP_TABLE	 VALUES( 3410, 'Heavy_Weapon_Deluxe', 'It''s shoot-''em-up arcade action at its best! Use an incredible assortment of heavy artillery to blast away enemy tanks and planes, and fight your way to victory. What are you waiting for? Pull yourself up by your bootstraps and get into the action! Blast your way through 19 missions packed with peril.', SYSDATE ,5000, '' );
	INSERT INTO MAP_APP_CATEGORY VALUES( 3410, 3 );

	INSERT INTO MAP_APP_DEVELOPER VALUES( 3410, 37 );

	INSERT INTO MAP_APP_GENRE VALUES( 3410, 7 );

	INSERT INTO MAP_APP_LANG VALUES ( 3410, 2,  'Y', 'N', 'N' );

	INSERT INTO MAP_APP_PUBLISHER VALUES( 3410, 37 );

	INSERT INTO MAP_APP_TAG VALUES( 3410, 597 );
	INSERT INTO MAP_APP_TAG VALUES( 3410, 1773 );

INSERT INTO APP_TABLE	 VALUES( 3420, 'Iggle_Pop_Deluxe', '', SYSDATE ,5000, '' );
	INSERT INTO MAP_APP_CATEGORY VALUES( 3420, 3 );

	INSERT INTO MAP_APP_DEVELOPER VALUES( 3420, 37 );

	INSERT INTO MAP_APP_GENRE VALUES( 3420, 7 );

	INSERT INTO MAP_APP_LANG VALUES ( 3420, 2,  'Y', 'N', 'N' );

	INSERT INTO MAP_APP_PUBLISHER VALUES( 3420, 37 );

	INSERT INTO MAP_APP_TAG VALUES( 3420, 597 );

INSERT INTO APP_TABLE	 VALUES( 3430, 'Pizza_Frenzy_Deluxe', '', SYSDATE ,5000, '' );
	INSERT INTO MAP_APP_CATEGORY VALUES( 3430, 3 );

	INSERT INTO MAP_APP_DEVELOPER VALUES( 3430, 37 );

	INSERT INTO MAP_APP_GENRE VALUES( 3430, 7 );

	INSERT INTO MAP_APP_LANG VALUES ( 3430, 2,  'Y', 'N', 'N' );

	INSERT INTO MAP_APP_PUBLISHER VALUES( 3430, 37 );

	INSERT INTO MAP_APP_TAG VALUES( 3430, 597 );

INSERT INTO APP_TABLE	 VALUES( 3440, 'Rocket_Mania_Deluxe', '', SYSDATE ,5000, '' );
	INSERT INTO MAP_APP_CATEGORY VALUES( 3440, 3 );

	INSERT INTO MAP_APP_DEVELOPER VALUES( 3440, 37 );

	INSERT INTO MAP_APP_GENRE VALUES( 3440, 7 );

	INSERT INTO MAP_APP_LANG VALUES ( 3440, 2,  'Y', 'N', 'N' );

	INSERT INTO MAP_APP_PUBLISHER VALUES( 3440, 37 );

	INSERT INTO MAP_APP_TAG VALUES( 3440, 597 );
	INSERT INTO MAP_APP_TAG VALUES( 3440, 1664 );

INSERT INTO APP_TABLE	 VALUES( 3450, 'Typer_Shark!_Deluxe', '', SYSDATE ,5000, '' );
	INSERT INTO MAP_APP_CATEGORY VALUES( 3450, 3 );

	INSERT INTO MAP_APP_DEVELOPER VALUES( 3450, 37 );

	INSERT INTO MAP_APP_GENRE VALUES( 3450, 7 );

	INSERT INTO MAP_APP_LANG VALUES ( 3450, 2,  'Y', 'N', 'N' );

	INSERT INTO MAP_APP_PUBLISHER VALUES( 3450, 37 );

	INSERT INTO MAP_APP_TAG VALUES( 3450, 597 );
	INSERT INTO MAP_APP_TAG VALUES( 3450, 1674 );
	INSERT INTO MAP_APP_TAG VALUES( 3450, 1036 );

INSERT INTO APP_TABLE	 VALUES( 3460, 'Talismania_Deluxe', '', SYSDATE ,5000, '' );
	INSERT INTO MAP_APP_CATEGORY VALUES( 3460, 3 );

	INSERT INTO MAP_APP_DEVELOPER VALUES( 3460, 37 );

	INSERT INTO MAP_APP_GENRE VALUES( 3460, 7 );

	INSERT INTO MAP_APP_LANG VALUES ( 3460, 2,  'Y', 'N', 'N' );

	INSERT INTO MAP_APP_PUBLISHER VALUES( 3460, 37 );

	INSERT INTO MAP_APP_TAG VALUES( 3460, 597 );
	INSERT INTO MAP_APP_TAG VALUES( 3460, 1664 );

INSERT INTO APP_TABLE	 VALUES( 3480, 'Peggle_Deluxe', 'Take your best shot with energizing arcade fun! Aim, shoot, clear the orange pegs, then sit back and cheer as 10 whimsical teachers guide you to Peggle greatness. Conquer 55 fanciful levels with 10 mystical Magic Powers, racking up bonus points and shots you''ll smile about for weeks.', SYSDATE ,5000, '' );
	INSERT INTO MAP_APP_CATEGORY VALUES( 3480, 3 );

	INSERT INTO MAP_APP_DEVELOPER VALUES( 3480, 37 );

	INSERT INTO MAP_APP_GENRE VALUES( 3480, 7 );

	INSERT INTO MAP_APP_LANG VALUES ( 3480, 2,  'Y', 'N', 'N' );
	INSERT INTO MAP_APP_LANG VALUES ( 3480, 3,  'Y', 'N', 'N' );
	INSERT INTO MAP_APP_LANG VALUES ( 3480, 4,  'Y', 'N', 'N' );
	INSERT INTO MAP_APP_LANG VALUES ( 3480, 6,  'Y', 'N', 'N' );
	INSERT INTO MAP_APP_LANG VALUES ( 3480, 7,  'Y', 'N', 'N' );

	INSERT INTO MAP_APP_PUBLISHER VALUES( 3480, 37 );

	INSERT INTO MAP_APP_TAG VALUES( 3480, 597 );
	INSERT INTO MAP_APP_TAG VALUES( 3480, 1664 );
	INSERT INTO MAP_APP_TAG VALUES( 3480, 1773 );
	INSERT INTO MAP_APP_TAG VALUES( 3480, 4182 );
	INSERT INTO MAP_APP_TAG VALUES( 3480, 3871 );
	INSERT INTO MAP_APP_TAG VALUES( 3480, 3968 );
	INSERT INTO MAP_APP_TAG VALUES( 3480, 3859 );

INSERT INTO APP_TABLE	 VALUES( 3490, 'Venice_Deluxe', 'Venice is sinking and only you can save it! From the floating fortress of your golden gondola, you''ll restore the city by returning its lost treasures. Sling costly coins, launch lovely lyres and ricochet ruby rings into the corresponding spaces overhead.', SYSDATE ,5000, '' );
	INSERT INTO MAP_APP_CATEGORY VALUES( 3490, 3 );

	INSERT INTO MAP_APP_DEVELOPER VALUES( 3490, 38 );

	INSERT INTO MAP_APP_GENRE VALUES( 3490, 7 );

	INSERT INTO MAP_APP_LANG VALUES ( 3490, 2,  'Y', 'N', 'N' );

	INSERT INTO MAP_APP_PUBLISHER VALUES( 3490, 37 );

	INSERT INTO MAP_APP_TAG VALUES( 3490, 597 );

INSERT INTO APP_TABLE	 VALUES( 3500, 'Mystery_P.I.¢â_-_The_Lottery_Ticket', 'You are the world-famous Mystery P.I. and you''ve been hired by Grandma Rose to find her $488 million dollar winning lottery ticket that has gone missing! Retrace Grandma''s steps to collect clues by finding hidden objects and solving puzzles. Search the city for the clues and piece them together to solve the case.', SYSDATE ,5000, '' );
	INSERT INTO MAP_APP_CATEGORY VALUES( 3500, 3 );

	INSERT INTO MAP_APP_DEVELOPER VALUES( 3500, 39 );

	INSERT INTO MAP_APP_GENRE VALUES( 3500, 7 );

	INSERT INTO MAP_APP_LANG VALUES ( 3500, 2,  'Y', 'N', 'N' );

	INSERT INTO MAP_APP_PUBLISHER VALUES( 3500, 37 );

	INSERT INTO MAP_APP_TAG VALUES( 3500, 597 );
	INSERT INTO MAP_APP_TAG VALUES( 3500, 1738 );

INSERT INTO APP_TABLE	 VALUES( 3510, 'Amazing_Adventures_The_Lost_Tomb¢â', 'You are an adventure seeker who travels the world in search of forgotten & lost treasures. Search for hidden objects and circumvent unique puzzle traps to recover the most sought after treasures the world has ever known. A newly-discovered fragment of an ancient map is believed to reveal the location of the Lost Tomb of Egypt.', SYSDATE ,5000, '' );
	INSERT INTO MAP_APP_CATEGORY VALUES( 3510, 3 );

	INSERT INTO MAP_APP_DEVELOPER VALUES( 3510, 39 );

	INSERT INTO MAP_APP_GENRE VALUES( 3510, 7 );

	INSERT INTO MAP_APP_LANG VALUES ( 3510, 2,  'Y', 'N', 'N' );

	INSERT INTO MAP_APP_PUBLISHER VALUES( 3510, 37 );

	INSERT INTO MAP_APP_TAG VALUES( 3510, 597 );
	INSERT INTO MAP_APP_TAG VALUES( 3510, 1738 );

INSERT INTO APP_TABLE	 VALUES( 3520, 'Mystery_P.I.¢â_-_The_Vegas_Heist', 'The heist of the century has just happened! You''ve been hired by the casino to find & return the stolen money before its grand opening in 16 hours. Search for over 2300 cleverly hidden objects in 25 intriguing locations to solve the Vegas Heist. Two addictive ways to play: Vegas Heist mode and Unlimited Seek & Find mode.', SYSDATE ,5000, '' );
	INSERT INTO MAP_APP_CATEGORY VALUES( 3520, 3 );

	INSERT INTO MAP_APP_DEVELOPER VALUES( 3520, 39 );

	INSERT INTO MAP_APP_GENRE VALUES( 3520, 7 );

	INSERT INTO MAP_APP_LANG VALUES ( 3520, 2,  'Y', 'N', 'N' );

	INSERT INTO MAP_APP_PUBLISHER VALUES( 3520, 37 );

	INSERT INTO MAP_APP_TAG VALUES( 3520, 597 );
	INSERT INTO MAP_APP_TAG VALUES( 3520, 1738 );

INSERT INTO APP_TABLE	 VALUES( 3530, 'Amazing_Adventures_Around_the_World', 'Pieces of an ancient stone tablet have started turning up around the globe and the Museum needs your help to locate the pieces and find the most expensive gem ever known...the ?World Diamond?. Under the direction of the Museum, you must immediately begin your global seek & find adventure.', SYSDATE ,5000, '' );
	INSERT INTO MAP_APP_CATEGORY VALUES( 3530, 3 );

	INSERT INTO MAP_APP_DEVELOPER VALUES( 3530, 39 );

	INSERT INTO MAP_APP_GENRE VALUES( 3530, 7 );

	INSERT INTO MAP_APP_LANG VALUES ( 3530, 2,  'Y', 'N', 'N' );

	INSERT INTO MAP_APP_PUBLISHER VALUES( 3530, 37 );

	INSERT INTO MAP_APP_TAG VALUES( 3530, 597 );
	INSERT INTO MAP_APP_TAG VALUES( 3530, 1738 );
	INSERT INTO MAP_APP_TAG VALUES( 3530, 1664 );

INSERT INTO APP_TABLE	 VALUES( 36300, 'Cake_Mania_Main_Street¢â', 'Take a trip back to Jill Evans''¢â hometown of Bakersfield in Cake Mania Main Street¢â, the highly anticipated fourth chapter in one of the most popular time management series of all time! Help Jill and her closest friends earn enough money to revitalize Main Street by opening, managing, and upgrading four unique downtown shops...', SYSDATE ,-1, '' );
	INSERT INTO MAP_APP_CATEGORY VALUES( 36300, 3 );

	INSERT INTO MAP_APP_DEVELOPER VALUES( 36300, 316 );

	INSERT INTO MAP_APP_GENRE VALUES( 36300, 7 );

	INSERT INTO MAP_APP_LANG VALUES ( 36300, 2,  'Y', 'N', 'N' );

	INSERT INTO MAP_APP_PUBLISHER VALUES( 36300, 316 );

	INSERT INTO MAP_APP_TAG VALUES( 36300, 597 );

INSERT INTO APP_TABLE	 VALUES( 3540, 'Peggle¢â_Nights', 'The sun has set at the Peggle Institute, but the bouncy delight has just begun! Join the Peggle Masters on a dreamtime adventure of alter egos and peg-tastic action. Stay up late to aim, shoot and clear orange pegs, and bask in Extreme Fever glory under the silver moon. Then, put your Peggle skills to the ultimate test in Challenge mode.', SYSDATE ,5000, '' );
	INSERT INTO MAP_APP_CATEGORY VALUES( 3540, 3 );

	INSERT INTO MAP_APP_DEVELOPER VALUES( 3540, 37 );

	INSERT INTO MAP_APP_GENRE VALUES( 3540, 7 );

	INSERT INTO MAP_APP_LANG VALUES ( 3540, 2,  'Y', 'N', 'N' );

	INSERT INTO MAP_APP_PUBLISHER VALUES( 3540, 37 );

	INSERT INTO MAP_APP_TAG VALUES( 3540, 597 );
	INSERT INTO MAP_APP_TAG VALUES( 3540, 1664 );
	INSERT INTO MAP_APP_TAG VALUES( 3540, 4182 );
	INSERT INTO MAP_APP_TAG VALUES( 3540, 3871 );

INSERT INTO APP_TABLE	 VALUES( 36310, 'Westward¢ç_IV:_All_Aboard', 'Ride the rails to fun and adventure in Westward¢ç IV: All Aboard, a thrilling real-time strategy adventure from Sandlot Games! When the patriarchal owner of the Turner Railroad Company goes missing, his children, Anne and Henry, are called upon to uncover the truth behind his disappearance.', SYSDATE ,-1, '' );
	INSERT INTO MAP_APP_CATEGORY VALUES( 36310, 3 );

	INSERT INTO MAP_APP_DEVELOPER VALUES( 36310, 316 );

	INSERT INTO MAP_APP_GENRE VALUES( 36310, 5 );
	INSERT INTO MAP_APP_GENRE VALUES( 36310, 7 );

	INSERT INTO MAP_APP_LANG VALUES ( 36310, 2,  'Y', 'N', 'N' );

	INSERT INTO MAP_APP_PUBLISHER VALUES( 36310, 316 );

	INSERT INTO MAP_APP_TAG VALUES( 36310, 9 );
	INSERT INTO MAP_APP_TAG VALUES( 36310, 597 );

INSERT INTO APP_TABLE	 VALUES( 36320, 'Iron_Roses', 'Help Alex navigate a bustling urban landscape as she frantically searches for her former Iron Roses¢â band mates and tries to convince them to enter the upcoming "Battle of the Bands". Track down lost equipment, interact with intriguing characters, and use all of your problem solving skills as you make the long, hard climb to the...', SYSDATE ,-1, '' );
	INSERT INTO MAP_APP_CATEGORY VALUES( 36320, 3 );

	INSERT INTO MAP_APP_DEVELOPER VALUES( 36320, 317 );

	INSERT INTO MAP_APP_GENRE VALUES( 36320, 3 );
	INSERT INTO MAP_APP_GENRE VALUES( 36320, 7 );

	INSERT INTO MAP_APP_LANG VALUES ( 36320, 2,  'Y', 'N', 'N' );

	INSERT INTO MAP_APP_PUBLISHER VALUES( 36320, 316 );

	INSERT INTO MAP_APP_TAG VALUES( 36320, 21 );
	INSERT INTO MAP_APP_TAG VALUES( 36320, 597 );

INSERT INTO APP_TABLE	 VALUES( 3560, 'Bejeweled_Twist', 'Spin, match, explode... WOW! It''s a brilliant new way to play Bejeweled! Get set for a vivid sensory rush as you spin and match explosive gems for shockwaves of fun. Rotate jewels freely to set up electrifying combos, outwit surprising obstacles like Locks and Bombs, and create high-voltage Flame and Lightning gems.', SYSDATE ,5000, '' );
	INSERT INTO MAP_APP_CATEGORY VALUES( 3560, 3 );

	INSERT INTO MAP_APP_DEVELOPER VALUES( 3560, 37 );

	INSERT INTO MAP_APP_GENRE VALUES( 3560, 5 );
	INSERT INTO MAP_APP_GENRE VALUES( 3560, 7 );

	INSERT INTO MAP_APP_LANG VALUES ( 3560, 2,  'Y', 'N', 'N' );

	INSERT INTO MAP_APP_PUBLISHER VALUES( 3560, 37 );

	INSERT INTO MAP_APP_TAG VALUES( 3560, 597 );
	INSERT INTO MAP_APP_TAG VALUES( 3560, 9 );
	INSERT INTO MAP_APP_TAG VALUES( 3560, 1665 );
	INSERT INTO MAP_APP_TAG VALUES( 3560, 1664 );

INSERT INTO APP_TABLE	 VALUES( 3570, 'Mystery_P.I.¢â_-_The_New_York_Fortune', 'A fun loving & eccentric New York billionaire has hidden the will to his vast fortune somewhere in New York City! His family only has 17 hours to locate the will or their Grandpa''s entire estate will be given to his cat & dog. You are the world famous Mystery P.I. and the family has hired you to track down the clues hidden all over NYC.', SYSDATE ,5000, '' );
	INSERT INTO MAP_APP_CATEGORY VALUES( 3570, 3 );

	INSERT INTO MAP_APP_DEVELOPER VALUES( 3570, 39 );

	INSERT INTO MAP_APP_GENRE VALUES( 3570, 7 );

	INSERT INTO MAP_APP_LANG VALUES ( 3570, 2,  'Y', 'N', 'N' );

	INSERT INTO MAP_APP_PUBLISHER VALUES( 3570, 37 );

	INSERT INTO MAP_APP_TAG VALUES( 3570, 597 );
	INSERT INTO MAP_APP_TAG VALUES( 3570, 1738 );

INSERT INTO APP_TABLE	 VALUES( 3580, 'The_Wizard''s_Pen¢â', 'The Wizard has vanished, and only you can find him in this spellbinding hidden-object adventure! The clues to the Wizard''s whereabouts are in his workbook, but all the pages are blank. You''ll need his magic pen to uncover and guess the image on each page.', SYSDATE ,5000, '' );
	INSERT INTO MAP_APP_CATEGORY VALUES( 3580, 3 );

	INSERT INTO MAP_APP_DEVELOPER VALUES( 3580, 37 );

	INSERT INTO MAP_APP_GENRE VALUES( 3580, 7 );

	INSERT INTO MAP_APP_LANG VALUES ( 3580, 2,  'Y', 'N', 'N' );

	INSERT INTO MAP_APP_PUBLISHER VALUES( 3580, 37 );

	INSERT INTO MAP_APP_TAG VALUES( 3580, 597 );
	INSERT INTO MAP_APP_TAG VALUES( 3580, 1738 );

INSERT INTO APP_TABLE	 VALUES( 3590, 'Plants_vs._Zombies_GOTY_Edition', 'Zombies are invading your home, and the only defense is your arsenal of plants! Armed with an alien nursery-worth of zombie-zapping plants like peashooters and cherry bombs, you''ll need to think fast and plant faster to stop dozens of types of zombies dead in their tracks.', SYSDATE ,5000, '' );
	INSERT INTO MAP_APP_CATEGORY VALUES( 3590, 3 );
	INSERT INTO MAP_APP_CATEGORY VALUES( 3590, 4 );

	INSERT INTO MAP_APP_DEVELOPER VALUES( 3590, 37 );

	INSERT INTO MAP_APP_GENRE VALUES( 3590, 5 );

	INSERT INTO MAP_APP_LANG VALUES ( 3590, 2,  'Y', 'N', 'N' );

	INSERT INTO MAP_APP_PUBLISHER VALUES( 3590, 37 );

	INSERT INTO MAP_APP_TAG VALUES( 3590, 1645 );
	INSERT INTO MAP_APP_TAG VALUES( 3590, 1659 );
	INSERT INTO MAP_APP_TAG VALUES( 3590, 9 );
	INSERT INTO MAP_APP_TAG VALUES( 3590, 597 );
	INSERT INTO MAP_APP_TAG VALUES( 3590, 4182 );
	INSERT INTO MAP_APP_TAG VALUES( 3590, 1719 );
	INSERT INTO MAP_APP_TAG VALUES( 3590, 5350 );
	INSERT INTO MAP_APP_TAG VALUES( 3590, 3871 );
	INSERT INTO MAP_APP_TAG VALUES( 3590, 1664 );
	INSERT INTO MAP_APP_TAG VALUES( 3590, 492 );
	INSERT INTO MAP_APP_TAG VALUES( 3590, 4726 );
	INSERT INTO MAP_APP_TAG VALUES( 3590, 1756 );
	INSERT INTO MAP_APP_TAG VALUES( 3590, 4136 );
	INSERT INTO MAP_APP_TAG VALUES( 3590, 1662 );
	INSERT INTO MAP_APP_TAG VALUES( 3590, 1693 );
	INSERT INTO MAP_APP_TAG VALUES( 3590, 1708 );
	INSERT INTO MAP_APP_TAG VALUES( 3590, 25085 );
	INSERT INTO MAP_APP_TAG VALUES( 3590, 21 );
	INSERT INTO MAP_APP_TAG VALUES( 3590, 3835 );
	INSERT INTO MAP_APP_TAG VALUES( 3590, 19 );

INSERT INTO APP_TABLE	 VALUES( 3600, 'Escape_Rosecliff_Island', 'An unexpected storm has left you shipwrecked on a mysterious and remote private island. Seek & find cleverly hidden objects and solve puzzles to find a way off the island! Find over 2100 hidden objects in 25 intriguing and mysterious locations to find items that will help you escape!', SYSDATE ,5000, '' );
	INSERT INTO MAP_APP_CATEGORY VALUES( 3600, 3 );

	INSERT INTO MAP_APP_DEVELOPER VALUES( 3600, 39 );

	INSERT INTO MAP_APP_GENRE VALUES( 3600, 7 );

	INSERT INTO MAP_APP_LANG VALUES ( 3600, 2,  'Y', 'N', 'N' );

	INSERT INTO MAP_APP_PUBLISHER VALUES( 3600, 37 );

	INSERT INTO MAP_APP_TAG VALUES( 3600, 597 );
	INSERT INTO MAP_APP_TAG VALUES( 3600, 1738 );
	INSERT INTO MAP_APP_TAG VALUES( 3600, 1664 );
	INSERT INTO MAP_APP_TAG VALUES( 3600, 21 );

INSERT INTO APP_TABLE	 VALUES( 3610, 'Mystery_P.I._-_Lost_in_Los_Angeles', 'Seek & Find the Hollywood Blockbuster! The only copy of this year''s biggest blockbuster movie has gone missing the day before the VIP Hollywood premiere. You are the world famous Mystery P.I. and have been hired to track down and return the lost movie. Seek & Find over 2100 hidden objects in 25 stunning L.A.', SYSDATE ,5000, '' );
	INSERT INTO MAP_APP_CATEGORY VALUES( 3610, 3 );

	INSERT INTO MAP_APP_DEVELOPER VALUES( 3610, 39 );

	INSERT INTO MAP_APP_GENRE VALUES( 3610, 7 );

	INSERT INTO MAP_APP_LANG VALUES ( 3610, 2,  'Y', 'N', 'N' );

	INSERT INTO MAP_APP_PUBLISHER VALUES( 3610, 37 );

	INSERT INTO MAP_APP_TAG VALUES( 3610, 597 );
	INSERT INTO MAP_APP_TAG VALUES( 3610, 1738 );

INSERT INTO APP_TABLE	 VALUES( 3620, 'Zuma''s_Revenge!', 'New low price!', SYSDATE ,5000, '' );
	INSERT INTO MAP_APP_CATEGORY VALUES( 3620, 3 );
	INSERT INTO MAP_APP_CATEGORY VALUES( 3620, 4 );
	INSERT INTO MAP_APP_CATEGORY VALUES( 3620, 11 );

	INSERT INTO MAP_APP_DEVELOPER VALUES( 3620, 37 );

	INSERT INTO MAP_APP_GENRE VALUES( 3620, 1 );
	INSERT INTO MAP_APP_GENRE VALUES( 3620, 7 );

	INSERT INTO MAP_APP_LANG VALUES ( 3620, 2,  'Y', 'N', 'N' );

	INSERT INTO MAP_APP_PUBLISHER VALUES( 3620, 37 );

	INSERT INTO MAP_APP_TAG VALUES( 3620, 597 );
	INSERT INTO MAP_APP_TAG VALUES( 3620, 19 );
	INSERT INTO MAP_APP_TAG VALUES( 3620, 4182 );
	INSERT INTO MAP_APP_TAG VALUES( 3620, 1665 );
	INSERT INTO MAP_APP_TAG VALUES( 3620, 1664 );

INSERT INTO APP_TABLE	 VALUES( 3700, 'Sniper_Elite', 'As World War II draws to a close, the first covert battles of the Cold War begin. Caught in the life and death struggle between Soviets and Germans in war-torn Berlin, you control the fate of a lone American OSS Sniper.', SYSDATE ,8500, '' );
	INSERT INTO MAP_APP_CATEGORY VALUES( 3700, 3 );
	INSERT INTO MAP_APP_CATEGORY VALUES( 3700, 5 );

	INSERT INTO MAP_APP_DEVELOPER VALUES( 3700, 40 );

	INSERT INTO MAP_APP_GENRE VALUES( 3700, 1 );

	INSERT INTO MAP_APP_LANG VALUES ( 3700, 2,  'Y', 'N', 'N' );
	INSERT INTO MAP_APP_LANG VALUES ( 3700, 3,  'Y', 'N', 'N' );
	INSERT INTO MAP_APP_LANG VALUES ( 3700, 4,  'Y', 'N', 'N' );
	INSERT INTO MAP_APP_LANG VALUES ( 3700, 6,  'Y', 'N', 'N' );
	INSERT INTO MAP_APP_LANG VALUES ( 3700, 7,  'Y', 'N', 'N' );

	INSERT INTO MAP_APP_PUBLISHER VALUES( 3700, 40 );

	INSERT INTO MAP_APP_TAG VALUES( 3700, 19 );
	INSERT INTO MAP_APP_TAG VALUES( 3700, 7423 );
	INSERT INTO MAP_APP_TAG VALUES( 3700, 1687 );
	INSERT INTO MAP_APP_TAG VALUES( 3700, 4150 );
	INSERT INTO MAP_APP_TAG VALUES( 3700, 3814 );
	INSERT INTO MAP_APP_TAG VALUES( 3700, 4182 );
	INSERT INTO MAP_APP_TAG VALUES( 3700, 1774 );
	INSERT INTO MAP_APP_TAG VALUES( 3700, 1697 );
	INSERT INTO MAP_APP_TAG VALUES( 3700, 3859 );
	INSERT INTO MAP_APP_TAG VALUES( 3700, 1663 );
	INSERT INTO MAP_APP_TAG VALUES( 3700, 1678 );
	INSERT INTO MAP_APP_TAG VALUES( 3700, 1693 );
	INSERT INTO MAP_APP_TAG VALUES( 3700, 1685 );

INSERT INTO APP_TABLE	 VALUES( 3710, 'Judge_Dredd:_Dredd_vs._Death', 'Welcome to Mega-City One, a city of over 400 million people - every one of them a potential criminal. It is the third decade of the 22nd Century, unemployment is widespread, boredom is universal and only the Judges can prevent total anarchy. Empowered to dispense instant justice, they are Judge, Jury and Executioner all in one.', SYSDATE ,8500, '' );
	INSERT INTO MAP_APP_CATEGORY VALUES( 3710, 3 );
	INSERT INTO MAP_APP_CATEGORY VALUES( 3710, 1 );
	INSERT INTO MAP_APP_CATEGORY VALUES( 3710, 16 );

	INSERT INTO MAP_APP_DEVELOPER VALUES( 3710, 40 );

	INSERT INTO MAP_APP_GENRE VALUES( 3710, 1 );

	INSERT INTO MAP_APP_LANG VALUES ( 3710, 2,  'Y', 'N', 'N' );

	INSERT INTO MAP_APP_PUBLISHER VALUES( 3710, 40 );

	INSERT INTO MAP_APP_TAG VALUES( 3710, 19 );
	INSERT INTO MAP_APP_TAG VALUES( 3710, 1663 );
	INSERT INTO MAP_APP_TAG VALUES( 3710, 3839 );
	INSERT INTO MAP_APP_TAG VALUES( 3710, 4115 );
	INSERT INTO MAP_APP_TAG VALUES( 3710, 4182 );
	INSERT INTO MAP_APP_TAG VALUES( 3710, 4345 );
	INSERT INTO MAP_APP_TAG VALUES( 3710, 3942 );
	INSERT INTO MAP_APP_TAG VALUES( 3710, 1774 );
	INSERT INTO MAP_APP_TAG VALUES( 3710, 1693 );
	INSERT INTO MAP_APP_TAG VALUES( 3710, 1751 );

INSERT INTO APP_TABLE	 VALUES( 3720, 'Evil_Genius', 'Everybody wants to rule the world! Achieve global power with EVIL GENIUS, the one and only complete world domination simulator. All the everyday tasks of the deliciously wicked mastermind are available to experience and master from building your ultra-secret base to developing spectacular super-weapons to carry out your nefarious master...', SYSDATE ,10500, '' );
	INSERT INTO MAP_APP_CATEGORY VALUES( 3720, 3 );

	INSERT INTO MAP_APP_DEVELOPER VALUES( 3720, 41 );

	INSERT INTO MAP_APP_GENRE VALUES( 3720, 5 );

	INSERT INTO MAP_APP_LANG VALUES ( 3720, 2,  'Y', 'N', 'N' );
	INSERT INTO MAP_APP_LANG VALUES ( 3720, 4,  'Y', 'N', 'N' );
	INSERT INTO MAP_APP_LANG VALUES ( 3720, 6,  'Y', 'N', 'N' );
	INSERT INTO MAP_APP_LANG VALUES ( 3720, 7,  'Y', 'N', 'N' );

	INSERT INTO MAP_APP_PUBLISHER VALUES( 3720, 40 );

	INSERT INTO MAP_APP_TAG VALUES( 3720, 9 );
	INSERT INTO MAP_APP_TAG VALUES( 3720, 7332 );
	INSERT INTO MAP_APP_TAG VALUES( 3720, 11333 );
	INSERT INTO MAP_APP_TAG VALUES( 3720, 1719 );
	INSERT INTO MAP_APP_TAG VALUES( 3720, 4182 );
	INSERT INTO MAP_APP_TAG VALUES( 3720, 599 );
	INSERT INTO MAP_APP_TAG VALUES( 3720, 12472 );
	INSERT INTO MAP_APP_TAG VALUES( 3720, 4252 );
	INSERT INTO MAP_APP_TAG VALUES( 3720, 1676 );
	INSERT INTO MAP_APP_TAG VALUES( 3720, 4136 );
	INSERT INTO MAP_APP_TAG VALUES( 3720, 7107 );
	INSERT INTO MAP_APP_TAG VALUES( 3720, 1693 );
	INSERT INTO MAP_APP_TAG VALUES( 3720, 1643 );
	INSERT INTO MAP_APP_TAG VALUES( 3720, 1756 );

INSERT INTO APP_TABLE	 VALUES( 3730, 'Aliens_versus_Predator_Classic_2000', 'Aliens Versus Predator Classic 2000 features the Colonial Marine, Alien and Predator Campaigns and the frenetic single-player Skirmish mode from the original title: Alien Versus Predator Gold Edition, which was released to massive acclaim in 2000.', SYSDATE ,5500, '' );
	INSERT INTO MAP_APP_CATEGORY VALUES( 3730, 3 );
	INSERT INTO MAP_APP_CATEGORY VALUES( 3730, 1 );

	INSERT INTO MAP_APP_DEVELOPER VALUES( 3730, 40 );

	INSERT INTO MAP_APP_GENRE VALUES( 3730, 1 );

	INSERT INTO MAP_APP_LANG VALUES ( 3730, 2,  'Y', 'N', 'N' );
	INSERT INTO MAP_APP_LANG VALUES ( 3730, 4,  'Y', 'N', 'N' );
	INSERT INTO MAP_APP_LANG VALUES ( 3730, 6,  'Y', 'N', 'N' );
	INSERT INTO MAP_APP_LANG VALUES ( 3730, 7,  'Y', 'N', 'N' );
	INSERT INTO MAP_APP_LANG VALUES ( 3730, 17,  'Y', 'N', 'N' );

	INSERT INTO MAP_APP_PUBLISHER VALUES( 3730, 40 );

	INSERT INTO MAP_APP_TAG VALUES( 3730, 1663 );
	INSERT INTO MAP_APP_TAG VALUES( 3730, 19 );
	INSERT INTO MAP_APP_TAG VALUES( 3730, 1693 );
	INSERT INTO MAP_APP_TAG VALUES( 3730, 1673 );
	INSERT INTO MAP_APP_TAG VALUES( 3730, 1667 );
	INSERT INTO MAP_APP_TAG VALUES( 3730, 3942 );
	INSERT INTO MAP_APP_TAG VALUES( 3730, 3859 );
	INSERT INTO MAP_APP_TAG VALUES( 3730, 1774 );
	INSERT INTO MAP_APP_TAG VALUES( 3730, 4004 );
	INSERT INTO MAP_APP_TAG VALUES( 3730, 3839 );
	INSERT INTO MAP_APP_TAG VALUES( 3730, 4182 );
	INSERT INTO MAP_APP_TAG VALUES( 3730, 4166 );
	INSERT INTO MAP_APP_TAG VALUES( 3730, 4345 );
	INSERT INTO MAP_APP_TAG VALUES( 3730, 1687 );
	INSERT INTO MAP_APP_TAG VALUES( 3730, 1734 );

INSERT INTO APP_TABLE	 VALUES( 3800, 'Advent_Rising', 'A common legend pervades the galaxy-that of a powerful, highly intelligent ancient race that will one day deliver the universe. They are known as Humans. The Advent of Humanity Begins...', SYSDATE ,-1, '' );
	INSERT INTO MAP_APP_CATEGORY VALUES( 3800, 3 );
	INSERT INTO MAP_APP_CATEGORY VALUES( 3800, 5 );

	INSERT INTO MAP_APP_DEVELOPER VALUES( 3800, 42 );

	INSERT INTO MAP_APP_GENRE VALUES( 3800, 1 );

	INSERT INTO MAP_APP_LANG VALUES ( 3800, 2,  'Y', 'N', 'N' );


	INSERT INTO MAP_APP_TAG VALUES( 3800, 19 );
	INSERT INTO MAP_APP_TAG VALUES( 3800, 3942 );
	INSERT INTO MAP_APP_TAG VALUES( 3800, 1742 );
	INSERT INTO MAP_APP_TAG VALUES( 3800, 4182 );
	INSERT INTO MAP_APP_TAG VALUES( 3800, 3814 );
	INSERT INTO MAP_APP_TAG VALUES( 3800, 1756 );

INSERT INTO APP_TABLE	 VALUES( 3810, 'BloodRayne', 'In the years between the World Wars, Agent BloodRayne works as a killing machine for The Brimstone Society--a top secret fraternity that hunts down and destroys supernatural threats. Starring heroine Rayne, this original action horror game unleashed the red headed dhampir on the world.', SYSDATE ,10500, '' );
	INSERT INTO MAP_APP_CATEGORY VALUES( 3810, 3 );
	INSERT INTO MAP_APP_CATEGORY VALUES( 3810, 5 );

	INSERT INTO MAP_APP_DEVELOPER VALUES( 3810, 43 );

	INSERT INTO MAP_APP_GENRE VALUES( 3810, 1 );

	INSERT INTO MAP_APP_LANG VALUES ( 3810, 2,  'Y', 'N', 'N' );


	INSERT INTO MAP_APP_TAG VALUES( 3810, 19 );
	INSERT INTO MAP_APP_TAG VALUES( 3810, 4018 );
	INSERT INTO MAP_APP_TAG VALUES( 3810, 7208 );
	INSERT INTO MAP_APP_TAG VALUES( 3810, 1697 );
	INSERT INTO MAP_APP_TAG VALUES( 3810, 4182 );
	INSERT INTO MAP_APP_TAG VALUES( 3810, 1646 );
	INSERT INTO MAP_APP_TAG VALUES( 3810, 1667 );
	INSERT INTO MAP_APP_TAG VALUES( 3810, 4345 );

INSERT INTO APP_TABLE	 VALUES( 3820, 'BloodRayne_2', 'BloodRayne is a dhampir, born from the unnatural union of vampire and human. Blessed with the powers of a vampire but cursed with the thirst for blood and a weakness to sunlight, Rayne is challenged with her most personal battle yet as she hunts down her siblings.', SYSDATE ,10500, '' );
	INSERT INTO MAP_APP_CATEGORY VALUES( 3820, 3 );
	INSERT INTO MAP_APP_CATEGORY VALUES( 3820, 5 );

	INSERT INTO MAP_APP_DEVELOPER VALUES( 3820, 43 );

	INSERT INTO MAP_APP_GENRE VALUES( 3820, 1 );

	INSERT INTO MAP_APP_LANG VALUES ( 3820, 2,  'Y', 'N', 'N' );


	INSERT INTO MAP_APP_TAG VALUES( 3820, 19 );
	INSERT INTO MAP_APP_TAG VALUES( 3820, 4018 );
	INSERT INTO MAP_APP_TAG VALUES( 3820, 7208 );
	INSERT INTO MAP_APP_TAG VALUES( 3820, 4345 );
	INSERT INTO MAP_APP_TAG VALUES( 3820, 1697 );
	INSERT INTO MAP_APP_TAG VALUES( 3820, 1646 );
	INSERT INTO MAP_APP_TAG VALUES( 3820, 1667 );
	INSERT INTO MAP_APP_TAG VALUES( 3820, 4182 );

INSERT INTO APP_TABLE	 VALUES( 3830, 'Psychonauts', 'A Psychic Odyssey Through the Minds of Misfits, Monsters, and Madmen. This classic action/adventure platformer from acclaimed developers Double Fine Productions follows the story of a young psychic named Razputin.', SYSDATE ,10500, '' );
	INSERT INTO MAP_APP_CATEGORY VALUES( 3830, 3 );
	INSERT INTO MAP_APP_CATEGORY VALUES( 3830, 4 );
	INSERT INTO MAP_APP_CATEGORY VALUES( 3830, 5 );
	INSERT INTO MAP_APP_CATEGORY VALUES( 3830, 7 );
	INSERT INTO MAP_APP_CATEGORY VALUES( 3830, 8 );

	INSERT INTO MAP_APP_DEVELOPER VALUES( 3830, 44 );

	INSERT INTO MAP_APP_GENRE VALUES( 3830, 1 );

	INSERT INTO MAP_APP_LANG VALUES ( 3830, 2,  'Y', 'N', 'N' );
	INSERT INTO MAP_APP_LANG VALUES ( 3830, 4,  'Y', 'N', 'N' );
	INSERT INTO MAP_APP_LANG VALUES ( 3830, 6,  'Y', 'N', 'N' );

	INSERT INTO MAP_APP_PUBLISHER VALUES( 3830, 44 );

	INSERT INTO MAP_APP_TAG VALUES( 3830, 1625 );
	INSERT INTO MAP_APP_TAG VALUES( 3830, 1719 );
	INSERT INTO MAP_APP_TAG VALUES( 3830, 21 );
	INSERT INTO MAP_APP_TAG VALUES( 3830, 7782 );
	INSERT INTO MAP_APP_TAG VALUES( 3830, 19 );
	INSERT INTO MAP_APP_TAG VALUES( 3830, 4182 );
	INSERT INTO MAP_APP_TAG VALUES( 3830, 1697 );
	INSERT INTO MAP_APP_TAG VALUES( 3830, 4136 );
	INSERT INTO MAP_APP_TAG VALUES( 3830, 5395 );
	INSERT INTO MAP_APP_TAG VALUES( 3830, 5186 );
	INSERT INTO MAP_APP_TAG VALUES( 3830, 1693 );
	INSERT INTO MAP_APP_TAG VALUES( 3830, 1742 );
	INSERT INTO MAP_APP_TAG VALUES( 3830, 3834 );
	INSERT INTO MAP_APP_TAG VALUES( 3830, 1756 );
	INSERT INTO MAP_APP_TAG VALUES( 3830, 1710 );
	INSERT INTO MAP_APP_TAG VALUES( 3830, 4195 );
	INSERT INTO MAP_APP_TAG VALUES( 3830, 4106 );
	INSERT INTO MAP_APP_TAG VALUES( 3830, 492 );
	INSERT INTO MAP_APP_TAG VALUES( 3830, 4726 );
	INSERT INTO MAP_APP_TAG VALUES( 3830, 29363 );

INSERT INTO APP_TABLE	 VALUES( 3900, 'Sid_Meier''s_Civilization¢ç_IV', 'With over 6 million units sold and unprecedented critical acclaim from fans and press around the world, Sid Meier''s Civilization is recognized as one of the greatest PC game franchises of all-time. Now, Sid Meier and Firaxis Games will take this incredibly fun and addictive game to new heights by adding new ways to play and win, new...', SYSDATE ,21000, '' );
	INSERT INTO MAP_APP_CATEGORY VALUES( 3900, 3 );
	INSERT INTO MAP_APP_CATEGORY VALUES( 3900, 1 );
	INSERT INTO MAP_APP_CATEGORY VALUES( 3900, 13 );

	INSERT INTO MAP_APP_DEVELOPER VALUES( 3900, 45 );

	INSERT INTO MAP_APP_GENRE VALUES( 3900, 5 );

	INSERT INTO MAP_APP_LANG VALUES ( 3900, 2,  'Y', 'N', 'N' );
	INSERT INTO MAP_APP_LANG VALUES ( 3900, 3,  'Y', 'N', 'N' );
	INSERT INTO MAP_APP_LANG VALUES ( 3900, 4,  'Y', 'N', 'N' );
	INSERT INTO MAP_APP_LANG VALUES ( 3900, 6,  'Y', 'N', 'N' );
	INSERT INTO MAP_APP_LANG VALUES ( 3900, 7,  'Y', 'N', 'N' );


	INSERT INTO MAP_APP_TAG VALUES( 3900, 9 );
	INSERT INTO MAP_APP_TAG VALUES( 3900, 1741 );
	INSERT INTO MAP_APP_TAG VALUES( 3900, 1677 );
	INSERT INTO MAP_APP_TAG VALUES( 3900, 1670 );
	INSERT INTO MAP_APP_TAG VALUES( 3900, 3987 );
	INSERT INTO MAP_APP_TAG VALUES( 3900, 3859 );
	INSERT INTO MAP_APP_TAG VALUES( 3900, 4182 );
	INSERT INTO MAP_APP_TAG VALUES( 3900, 1669 );
	INSERT INTO MAP_APP_TAG VALUES( 3900, 4364 );
	INSERT INTO MAP_APP_TAG VALUES( 3900, 1693 );
	INSERT INTO MAP_APP_TAG VALUES( 3900, 4711 );
	INSERT INTO MAP_APP_TAG VALUES( 3900, 599 );
	INSERT INTO MAP_APP_TAG VALUES( 3900, 1756 );
	INSERT INTO MAP_APP_TAG VALUES( 3900, 8945 );
	INSERT INTO MAP_APP_TAG VALUES( 3900, 4695 );
	INSERT INTO MAP_APP_TAG VALUES( 3900, 1708 );
	INSERT INTO MAP_APP_TAG VALUES( 3900, 1678 );

INSERT INTO APP_TABLE	 VALUES( 3910, 'Sid_Meier''s_Civilization¢ç_III_Complete', 'Sid Meier''s Civilization III: Complete, the latest offering in the Sid Meier''s Civilization III franchise, provides gaming fans with Sid Meier''s Civilization III, the highly-addictive journey of discovery, combined with the updated and enhanced multiplayer expansion pack Sid Meier''s Civilization III: Play the World*, as well as all of the', SYSDATE ,5500, '' );
	INSERT INTO MAP_APP_CATEGORY VALUES( 3910, 3 );
	INSERT INTO MAP_APP_CATEGORY VALUES( 3910, 1 );
	INSERT INTO MAP_APP_CATEGORY VALUES( 3910, 13 );

	INSERT INTO MAP_APP_DEVELOPER VALUES( 3910, 45 );

	INSERT INTO MAP_APP_GENRE VALUES( 3910, 5 );

	INSERT INTO MAP_APP_LANG VALUES ( 3910, 2,  'Y', 'N', 'N' );


	INSERT INTO MAP_APP_TAG VALUES( 3910, 9 );
	INSERT INTO MAP_APP_TAG VALUES( 3910, 1741 );
	INSERT INTO MAP_APP_TAG VALUES( 3910, 1677 );
	INSERT INTO MAP_APP_TAG VALUES( 3910, 1693 );
	INSERT INTO MAP_APP_TAG VALUES( 3910, 1670 );
	INSERT INTO MAP_APP_TAG VALUES( 3910, 3987 );
	INSERT INTO MAP_APP_TAG VALUES( 3910, 4182 );
	INSERT INTO MAP_APP_TAG VALUES( 3910, 4711 );
	INSERT INTO MAP_APP_TAG VALUES( 3910, 3859 );
	INSERT INTO MAP_APP_TAG VALUES( 3910, 3834 );
	INSERT INTO MAP_APP_TAG VALUES( 3910, 4168 );
	INSERT INTO MAP_APP_TAG VALUES( 3910, 599 );
	INSERT INTO MAP_APP_TAG VALUES( 3910, 4364 );

INSERT INTO APP_TABLE	 VALUES( 3920, 'Sid_Meier''s_Pirates!', 'Sail the Caribbean, marauding all on the high seas or ally your ship and crew as a privateer in search of riches - the life you choose is up to you. Face dogged enemies, raid unsuspecting villages, woo fair maidens, avoid capture or dig for buried treasure. Discover what it takes to become one of the most famous pirates in history!', SYSDATE ,10500, '' );
	INSERT INTO MAP_APP_CATEGORY VALUES( 3920, 3 );

	INSERT INTO MAP_APP_DEVELOPER VALUES( 3920, 45 );

	INSERT INTO MAP_APP_GENRE VALUES( 3920, 6 );

	INSERT INTO MAP_APP_LANG VALUES ( 3920, 2,  'Y', 'N', 'N' );


	INSERT INTO MAP_APP_TAG VALUES( 3920, 1681 );
	INSERT INTO MAP_APP_TAG VALUES( 3920, 1695 );
	INSERT INTO MAP_APP_TAG VALUES( 3920, 122 );
	INSERT INTO MAP_APP_TAG VALUES( 3920, 21 );
	INSERT INTO MAP_APP_TAG VALUES( 3920, 6910 );
	INSERT INTO MAP_APP_TAG VALUES( 3920, 4182 );
	INSERT INTO MAP_APP_TAG VALUES( 3920, 3987 );
	INSERT INTO MAP_APP_TAG VALUES( 3920, 13577 );
	INSERT INTO MAP_APP_TAG VALUES( 3920, 3810 );
	INSERT INTO MAP_APP_TAG VALUES( 3920, 4695 );
	INSERT INTO MAP_APP_TAG VALUES( 3920, 9 );
	INSERT INTO MAP_APP_TAG VALUES( 3920, 5708 );
	INSERT INTO MAP_APP_TAG VALUES( 3920, 1693 );
	INSERT INTO MAP_APP_TAG VALUES( 3920, 19 );
	INSERT INTO MAP_APP_TAG VALUES( 3920, 3834 );
	INSERT INTO MAP_APP_TAG VALUES( 3920, 4202 );
	INSERT INTO MAP_APP_TAG VALUES( 3920, 4166 );
	INSERT INTO MAP_APP_TAG VALUES( 3920, 1743 );
	INSERT INTO MAP_APP_TAG VALUES( 3920, 4486 );
	INSERT INTO MAP_APP_TAG VALUES( 3920, 4026 );

INSERT INTO APP_TABLE	 VALUES( 3980, 'CivCity:_Rome', 'CivCity: Rome, an innovative city builder inspired by the world of Sid Meiers Civilization, and created by a collaboration between Firefly Studios and Firaxis Games, invites players to shift focus from building a multi-city empire and zoom-in on the great cities of the Roman Empire, culminating in Rome itself!', SYSDATE ,10500, '' );
	INSERT INTO MAP_APP_CATEGORY VALUES( 3980, 3 );

	INSERT INTO MAP_APP_DEVELOPER VALUES( 3980, 46 );
	INSERT INTO MAP_APP_DEVELOPER VALUES( 3980, 45 );

	INSERT INTO MAP_APP_GENRE VALUES( 3980, 5 );

	INSERT INTO MAP_APP_LANG VALUES ( 3980, 2,  'Y', 'N', 'N' );
	INSERT INTO MAP_APP_LANG VALUES ( 3980, 4,  'Y', 'N', 'N' );
	INSERT INTO MAP_APP_LANG VALUES ( 3980, 7,  'Y', 'N', 'N' );


	INSERT INTO MAP_APP_TAG VALUES( 3980, 9 );
	INSERT INTO MAP_APP_TAG VALUES( 3980, 4328 );
	INSERT INTO MAP_APP_TAG VALUES( 3980, 599 );
	INSERT INTO MAP_APP_TAG VALUES( 3980, 6948 );

INSERT INTO APP_TABLE	 VALUES( 3990, 'Civilization_IV¢ç:_Warlords', 'Sid Meier''s Civilization IV: Warlords is the first expansion pack for the award-winning game that has become an instant world-wide hit. Paying homage to some of history''s greatest military leaders, the expansion delivers six unique and interesting scenarios, giving players the chance to change the course of history with the help of their...', SYSDATE ,5500, '' );
	INSERT INTO MAP_APP_CATEGORY VALUES( 3990, 3 );

	INSERT INTO MAP_APP_DEVELOPER VALUES( 3990, 45 );

	INSERT INTO MAP_APP_GENRE VALUES( 3990, 5 );

	INSERT INTO MAP_APP_LANG VALUES ( 3990, 2,  'Y', 'N', 'N' );
	INSERT INTO MAP_APP_LANG VALUES ( 3990, 3,  'Y', 'N', 'N' );
	INSERT INTO MAP_APP_LANG VALUES ( 3990, 4,  'Y', 'N', 'N' );
	INSERT INTO MAP_APP_LANG VALUES ( 3990, 6,  'Y', 'N', 'N' );
	INSERT INTO MAP_APP_LANG VALUES ( 3990, 7,  'Y', 'N', 'N' );


	INSERT INTO MAP_APP_TAG VALUES( 3990, 9 );
	INSERT INTO MAP_APP_TAG VALUES( 3990, 1677 );
	INSERT INTO MAP_APP_TAG VALUES( 3990, 1741 );
	INSERT INTO MAP_APP_TAG VALUES( 3990, 1670 );
	INSERT INTO MAP_APP_TAG VALUES( 3990, 3987 );

INSERT INTO APP_TABLE	 VALUES( 4000, 'Garry''s_Mod', 'Garry''s Mod is a physics sandbox. There aren''t any predefined aims or goals. We give you the tools and leave you to play.', SYSDATE ,10500, '' );
	INSERT INTO MAP_APP_CATEGORY VALUES( 4000, 3 );
	INSERT INTO MAP_APP_CATEGORY VALUES( 4000, 1 );
	INSERT INTO MAP_APP_CATEGORY VALUES( 4000, 16 );
	INSERT INTO MAP_APP_CATEGORY VALUES( 4000, 10 );
	INSERT INTO MAP_APP_CATEGORY VALUES( 4000, 4 );
	INSERT INTO MAP_APP_CATEGORY VALUES( 4000, 5 );
	INSERT INTO MAP_APP_CATEGORY VALUES( 4000, 6 );
	INSERT INTO MAP_APP_CATEGORY VALUES( 4000, 14 );
	INSERT INTO MAP_APP_CATEGORY VALUES( 4000, 8 );
	INSERT INTO MAP_APP_CATEGORY VALUES( 4000, 2 );
	INSERT INTO MAP_APP_CATEGORY VALUES( 4000, 13 );

	INSERT INTO MAP_APP_DEVELOPER VALUES( 4000, 47 );

	INSERT INTO MAP_APP_GENRE VALUES( 4000, 4 );
	INSERT INTO MAP_APP_GENRE VALUES( 4000, 8 );

	INSERT INTO MAP_APP_LANG VALUES ( 4000, 20,  'Y', 'N', 'N' );
	INSERT INTO MAP_APP_LANG VALUES ( 4000, 3,  'Y', 'N', 'N' );
	INSERT INTO MAP_APP_LANG VALUES ( 4000, 9,  'Y', 'N', 'N' );
	INSERT INTO MAP_APP_LANG VALUES ( 4000, 6,  'Y', 'N', 'N' );
	INSERT INTO MAP_APP_LANG VALUES ( 4000, 12,  'Y', 'N', 'N' );
	INSERT INTO MAP_APP_LANG VALUES ( 4000, 19,  'Y', 'N', 'N' );
	INSERT INTO MAP_APP_LANG VALUES ( 4000, 21,  'Y', 'N', 'N' );
	INSERT INTO MAP_APP_LANG VALUES ( 4000, 4,  'Y', 'N', 'N' );
	INSERT INTO MAP_APP_LANG VALUES ( 4000, 13,  'Y', 'N', 'N' );
	INSERT INTO MAP_APP_LANG VALUES ( 4000, 15,  'Y', 'N', 'N' );
	INSERT INTO MAP_APP_LANG VALUES ( 4000, 7,  'Y', 'N', 'N' );
	INSERT INTO MAP_APP_LANG VALUES ( 4000, 16,  'Y', 'N', 'N' );
	INSERT INTO MAP_APP_LANG VALUES ( 4000, 18,  'Y', 'N', 'N' );
	INSERT INTO MAP_APP_LANG VALUES ( 4000, 1,  'Y', 'N', 'N' );
	INSERT INTO MAP_APP_LANG VALUES ( 4000, 10,  'Y', 'N', 'N' );
	INSERT INTO MAP_APP_LANG VALUES ( 4000, 23,  'Y', 'N', 'N' );
	INSERT INTO MAP_APP_LANG VALUES ( 4000, 5,  'Y', 'N', 'N' );
	INSERT INTO MAP_APP_LANG VALUES ( 4000, 11,  'Y', 'N', 'N' );
	INSERT INTO MAP_APP_LANG VALUES ( 4000, 2,  'Y', 'Y', 'Y' );
	INSERT INTO MAP_APP_LANG VALUES ( 4000, 14,  'Y', 'N', 'N' );
	INSERT INTO MAP_APP_LANG VALUES ( 4000, 24,  'Y', 'N', 'N' );
	INSERT INTO MAP_APP_LANG VALUES ( 4000, 25,  'Y', 'N', 'N' );
	INSERT INTO MAP_APP_LANG VALUES ( 4000, 17,  'Y', 'N', 'N' );
	INSERT INTO MAP_APP_LANG VALUES ( 4000, 26,  'Y', 'N', 'N' );
	INSERT INTO MAP_APP_LANG VALUES ( 4000, 8,  'Y', 'N', 'N' );

	INSERT INTO MAP_APP_PUBLISHER VALUES( 4000, 1 );

	INSERT INTO MAP_APP_TAG VALUES( 4000, 3810 );
	INSERT INTO MAP_APP_TAG VALUES( 4000, 3859 );
	INSERT INTO MAP_APP_TAG VALUES( 4000, 4136 );
	INSERT INTO MAP_APP_TAG VALUES( 4000, 1669 );
	INSERT INTO MAP_APP_TAG VALUES( 4000, 1643 );
	INSERT INTO MAP_APP_TAG VALUES( 4000, 1685 );
	INSERT INTO MAP_APP_TAG VALUES( 4000, 1719 );
	INSERT INTO MAP_APP_TAG VALUES( 4000, 3839 );
	INSERT INTO MAP_APP_TAG VALUES( 4000, 5348 );
	INSERT INTO MAP_APP_TAG VALUES( 4000, 599 );
	INSERT INTO MAP_APP_TAG VALUES( 4000, 1663 );
	INSERT INTO MAP_APP_TAG VALUES( 4000, 3843 );
	INSERT INTO MAP_APP_TAG VALUES( 4000, 4182 );
	INSERT INTO MAP_APP_TAG VALUES( 4000, 3968 );
	INSERT INTO MAP_APP_TAG VALUES( 4000, 19 );
	INSERT INTO MAP_APP_TAG VALUES( 4000, 492 );
	INSERT INTO MAP_APP_TAG VALUES( 4000, 1774 );
	INSERT INTO MAP_APP_TAG VALUES( 4000, 872 );
	INSERT INTO MAP_APP_TAG VALUES( 4000, 21 );
	INSERT INTO MAP_APP_TAG VALUES( 4000, 128 );

INSERT INTO APP_TABLE	 VALUES( 4100, 'Poker_Superstars_II', 'You''ve been invited back for Season 2! Poker Superstars II raises the stakes with more superstars, a bigger tournament and a brand new poker AI. Import your own photo into the game and become a Poker Superstar.', SYSDATE ,-1, '' );
	INSERT INTO MAP_APP_CATEGORY VALUES( 4100, 3 );

	INSERT INTO MAP_APP_DEVELOPER VALUES( 4100, 48 );

	INSERT INTO MAP_APP_GENRE VALUES( 4100, 7 );
	INSERT INTO MAP_APP_GENRE VALUES( 4100, 5 );
	INSERT INTO MAP_APP_GENRE VALUES( 4100, 4 );

	INSERT INTO MAP_APP_LANG VALUES ( 4100, 2,  'Y', 'N', 'N' );

	INSERT INTO MAP_APP_PUBLISHER VALUES( 4100, 48 );

	INSERT INTO MAP_APP_TAG VALUES( 4100, 1666 );

INSERT INTO APP_TABLE	 VALUES( 36900, 'Angle_of_Attack', 'Angle Of Attack is the aerial combat action companion title to All Aspect Warfare. It features high-octane air combat against air, land and sea threats over vast planetary regions. See the action from a different perspective and get in on the action!', SYSDATE ,10500, '' );
	INSERT INTO MAP_APP_CATEGORY VALUES( 36900, 3 );
	INSERT INTO MAP_APP_CATEGORY VALUES( 36900, 1 );
	INSERT INTO MAP_APP_CATEGORY VALUES( 36900, 16 );
	INSERT INTO MAP_APP_CATEGORY VALUES( 36900, 7 );

	INSERT INTO MAP_APP_DEVELOPER VALUES( 36900, 318 );

	INSERT INTO MAP_APP_GENRE VALUES( 36900, 1 );
	INSERT INTO MAP_APP_GENRE VALUES( 36900, 8 );

	INSERT INTO MAP_APP_LANG VALUES ( 36900, 2,  'Y', 'N', 'N' );

	INSERT INTO MAP_APP_PUBLISHER VALUES( 36900, 318 );

	INSERT INTO MAP_APP_TAG VALUES( 36900, 599 );
	INSERT INTO MAP_APP_TAG VALUES( 36900, 19 );

INSERT INTO APP_TABLE	 VALUES( 36910, 'All_Aspect_Warfare', 'All Aspect Warfare is a thrilling planetary combat game featuring first person, vehicular and air combat over vast terrain.', SYSDATE ,10500, '' );
	INSERT INTO MAP_APP_CATEGORY VALUES( 36910, 3 );
	INSERT INTO MAP_APP_CATEGORY VALUES( 36910, 1 );
	INSERT INTO MAP_APP_CATEGORY VALUES( 36910, 16 );

	INSERT INTO MAP_APP_DEVELOPER VALUES( 36910, 318 );

	INSERT INTO MAP_APP_GENRE VALUES( 36910, 1 );
	INSERT INTO MAP_APP_GENRE VALUES( 36910, 8 );

	INSERT INTO MAP_APP_LANG VALUES ( 36910, 2,  'Y', 'N', 'N' );

	INSERT INTO MAP_APP_PUBLISHER VALUES( 36910, 318 );

	INSERT INTO MAP_APP_TAG VALUES( 36910, 19 );
	INSERT INTO MAP_APP_TAG VALUES( 36910, 599 );

INSERT INTO APP_TABLE	 VALUES( 4230, 'RACE_-_The_WTCC_Game', 'The Official WTCC Game | RACE is the first ever game to be focused on the hard hitting, intense action of the exciting WTCC championship which is exploding in popularity all over the world. Based on WTCC, one of only three official FIA world championships next to Formula 1 and WRC, RACE features the complete WTCC championship season of...', SYSDATE ,-1, '' );
	INSERT INTO MAP_APP_CATEGORY VALUES( 4230, 3 );
	INSERT INTO MAP_APP_CATEGORY VALUES( 4230, 1 );

	INSERT INTO MAP_APP_DEVELOPER VALUES( 4230, 49 );

	INSERT INTO MAP_APP_GENRE VALUES( 4230, 9 );

	INSERT INTO MAP_APP_LANG VALUES ( 4230, 2,  'Y', 'N', 'N' );
	INSERT INTO MAP_APP_LANG VALUES ( 4230, 3,  'Y', 'N', 'N' );
	INSERT INTO MAP_APP_LANG VALUES ( 4230, 4,  'Y', 'N', 'N' );
	INSERT INTO MAP_APP_LANG VALUES ( 4230, 6,  'Y', 'N', 'N' );
	INSERT INTO MAP_APP_LANG VALUES ( 4230, 7,  'Y', 'N', 'N' );

	INSERT INTO MAP_APP_PUBLISHER VALUES( 4230, 49 );

	INSERT INTO MAP_APP_TAG VALUES( 4230, 699 );
	INSERT INTO MAP_APP_TAG VALUES( 4230, 599 );

INSERT INTO APP_TABLE	 VALUES( 37000, 'The_Void', '', SYSDATE ,-1, '' );






INSERT INTO APP_TABLE	 VALUES( 37010, 'Ninja_Blade', 'It was July 7th, 2011. While investigating reports of unlawful weapons trafficking, peacekeeping forces encountered an unclassified carnivorous species occupying a small village in Northern Africa. These rabid creatures were easily provoked and resistant to conventional attack.', SYSDATE ,-1, '' );
	INSERT INTO MAP_APP_CATEGORY VALUES( 37010, 3 );

	INSERT INTO MAP_APP_DEVELOPER VALUES( 37010, 319 );

	INSERT INTO MAP_APP_GENRE VALUES( 37010, 1 );

	INSERT INTO MAP_APP_LANG VALUES ( 37010, 1,  'Y', 'N', 'N' );
	INSERT INTO MAP_APP_LANG VALUES ( 37010, 2,  'Y', 'N', 'N' );
	INSERT INTO MAP_APP_LANG VALUES ( 37010, 3,  'Y', 'N', 'N' );
	INSERT INTO MAP_APP_LANG VALUES ( 37010, 4,  'Y', 'N', 'N' );
	INSERT INTO MAP_APP_LANG VALUES ( 37010, 10,  'Y', 'N', 'N' );
	INSERT INTO MAP_APP_LANG VALUES ( 37010, 6,  'Y', 'N', 'N' );
	INSERT INTO MAP_APP_LANG VALUES ( 37010, 7,  'Y', 'N', 'N' );

	INSERT INTO MAP_APP_PUBLISHER VALUES( 37010, 458 );

	INSERT INTO MAP_APP_TAG VALUES( 37010, 19 );
	INSERT INTO MAP_APP_TAG VALUES( 37010, 1646 );
	INSERT INTO MAP_APP_TAG VALUES( 37010, 1688 );
	INSERT INTO MAP_APP_TAG VALUES( 37010, 4559 );

INSERT INTO APP_TABLE	 VALUES( 37030, 'UFO:_Extraterrestrials_Gold', 'UFO: Extraterrestrials GOLD is a new GOLD edition which includes a number of changes and improvements giving a player a new look on the classic game: new maps, possibility to hire soldiers, globe UFO swarms and configurability.', SYSDATE ,-1, '' );
	INSERT INTO MAP_APP_CATEGORY VALUES( 37030, 3 );

	INSERT INTO MAP_APP_DEVELOPER VALUES( 37030, 320 );

	INSERT INTO MAP_APP_GENRE VALUES( 37030, 5 );

	INSERT INTO MAP_APP_LANG VALUES ( 37030, 2,  'Y', 'N', 'N' );


	INSERT INTO MAP_APP_TAG VALUES( 37030, 9 );
	INSERT INTO MAP_APP_TAG VALUES( 37030, 1677 );
	INSERT INTO MAP_APP_TAG VALUES( 37030, 1741 );
	INSERT INTO MAP_APP_TAG VALUES( 37030, 3942 );
	INSERT INTO MAP_APP_TAG VALUES( 37030, 1708 );
	INSERT INTO MAP_APP_TAG VALUES( 37030, 1673 );
	INSERT INTO MAP_APP_TAG VALUES( 37030, 4182 );

INSERT INTO APP_TABLE	 VALUES( 4300, 'RoboBlitz', 'RoboBlitz¢â is a humorous, physics-based action game full of inventive gizmos, weapons, characters, and environments. Players take on the role of Blitz, a multi-talented robot who must activate an aging Space Cannon to save his world from a band of maladjusted space pirates.', SYSDATE ,-1, '' );
	INSERT INTO MAP_APP_CATEGORY VALUES( 4300, 3 );
	INSERT INTO MAP_APP_CATEGORY VALUES( 4300, 7 );
	INSERT INTO MAP_APP_CATEGORY VALUES( 4300, 13 );

	INSERT INTO MAP_APP_DEVELOPER VALUES( 4300, 50 );

	INSERT INTO MAP_APP_GENRE VALUES( 4300, 1 );
	INSERT INTO MAP_APP_GENRE VALUES( 4300, 4 );

	INSERT INTO MAP_APP_LANG VALUES ( 4300, 1,  'Y', 'N', 'N' );
	INSERT INTO MAP_APP_LANG VALUES ( 4300, 2,  'Y', 'N', 'N' );
	INSERT INTO MAP_APP_LANG VALUES ( 4300, 3,  'Y', 'N', 'N' );
	INSERT INTO MAP_APP_LANG VALUES ( 4300, 4,  'Y', 'N', 'N' );
	INSERT INTO MAP_APP_LANG VALUES ( 4300, 5,  'Y', 'N', 'N' );
	INSERT INTO MAP_APP_LANG VALUES ( 4300, 6,  'Y', 'N', 'N' );
	INSERT INTO MAP_APP_LANG VALUES ( 4300, 7,  'Y', 'N', 'N' );
	INSERT INTO MAP_APP_LANG VALUES ( 4300, 11,  'Y', 'N', 'N' );
	INSERT INTO MAP_APP_LANG VALUES ( 4300, 8,  'Y', 'N', 'N' );

	INSERT INTO MAP_APP_PUBLISHER VALUES( 4300, 50 );

	INSERT INTO MAP_APP_TAG VALUES( 4300, 19 );
	INSERT INTO MAP_APP_TAG VALUES( 4300, 492 );
	INSERT INTO MAP_APP_TAG VALUES( 4300, 1664 );
	INSERT INTO MAP_APP_TAG VALUES( 4300, 5752 );
	INSERT INTO MAP_APP_TAG VALUES( 4300, 3968 );

INSERT INTO APP_TABLE	 VALUES( 37100, 'Aztaka', 'Inspired by Aztec legend, this action/rpg side-scroller will casts you into the middle of a war between the Gods and Mankind. As Huitzilo, heir of the Sun God, skilled in both the arts of combat and magic, only you can save your people from the wrath of the Aztec Gods by reuniting the seven phonograms.', SYSDATE ,5500, '' );
	INSERT INTO MAP_APP_CATEGORY VALUES( 37100, 3 );

	INSERT INTO MAP_APP_DEVELOPER VALUES( 37100, 321 );

	INSERT INTO MAP_APP_GENRE VALUES( 37100, 1 );
	INSERT INTO MAP_APP_GENRE VALUES( 37100, 6 );
	INSERT INTO MAP_APP_GENRE VALUES( 37100, 4 );

	INSERT INTO MAP_APP_LANG VALUES ( 37100, 2,  'Y', 'N', 'N' );
	INSERT INTO MAP_APP_LANG VALUES ( 37100, 4,  'Y', 'N', 'N' );

	INSERT INTO MAP_APP_PUBLISHER VALUES( 37100, 321 );

	INSERT INTO MAP_APP_TAG VALUES( 37100, 122 );
	INSERT INTO MAP_APP_TAG VALUES( 37100, 19 );
	INSERT INTO MAP_APP_TAG VALUES( 37100, 492 );
	INSERT INTO MAP_APP_TAG VALUES( 37100, 1628 );
	INSERT INTO MAP_APP_TAG VALUES( 37100, 1625 );
	INSERT INTO MAP_APP_TAG VALUES( 37100, 4182 );
	INSERT INTO MAP_APP_TAG VALUES( 37100, 3798 );
	INSERT INTO MAP_APP_TAG VALUES( 37100, 3871 );
	INSERT INTO MAP_APP_TAG VALUES( 37100, 16094 );

INSERT INTO APP_TABLE	 VALUES( 4420, 'Silverfall', 'Silverfall, a once glorious city, lies in the fantastical Kingdom of Nelw?, where the forces of Technology and Nature are strongly opposed. Symptoms of this terrible conflict have begun to manifest physically as melded cyberbiologic organics and living steam-driven automatons.', SYSDATE ,10500, '' );
	INSERT INTO MAP_APP_CATEGORY VALUES( 4420, 3 );

	INSERT INTO MAP_APP_DEVELOPER VALUES( 4420, 51 );

	INSERT INTO MAP_APP_GENRE VALUES( 4420, 6 );

	INSERT INTO MAP_APP_LANG VALUES ( 4420, 2,  'Y', 'N', 'N' );
	INSERT INTO MAP_APP_LANG VALUES ( 4420, 3,  'Y', 'N', 'N' );
	INSERT INTO MAP_APP_LANG VALUES ( 4420, 4,  'Y', 'N', 'N' );
	INSERT INTO MAP_APP_LANG VALUES ( 4420, 6,  'Y', 'N', 'N' );
	INSERT INTO MAP_APP_LANG VALUES ( 4420, 7,  'Y', 'N', 'N' );


	INSERT INTO MAP_APP_TAG VALUES( 4420, 122 );
	INSERT INTO MAP_APP_TAG VALUES( 4420, 1646 );
	INSERT INTO MAP_APP_TAG VALUES( 4420, 4231 );
	INSERT INTO MAP_APP_TAG VALUES( 4420, 4236 );
	INSERT INTO MAP_APP_TAG VALUES( 4420, 19 );
	INSERT INTO MAP_APP_TAG VALUES( 4420, 1684 );

INSERT INTO APP_TABLE	 VALUES( 37210, 'Chocolatier¢ç:_Decadence_by_Design¢â', 'Travel the globe in search of flavorful and exotic ingredients to customize your own chocolate creations. You¡¯ll use post-World War II economic and technological advances to customize your very own chocolate creations, assist the Baumiesters, and strive to become CEO of your very own chocolate empire!', SYSDATE ,-1, '' );
	INSERT INTO MAP_APP_CATEGORY VALUES( 37210, 3 );

	INSERT INTO MAP_APP_DEVELOPER VALUES( 37210, 322 );

	INSERT INTO MAP_APP_GENRE VALUES( 37210, 8 );

	INSERT INTO MAP_APP_LANG VALUES ( 37210, 2,  'Y', 'N', 'N' );

	INSERT INTO MAP_APP_PUBLISHER VALUES( 37210, 324 );

	INSERT INTO MAP_APP_TAG VALUES( 37210, 599 );
	INSERT INTO MAP_APP_TAG VALUES( 37210, 597 );

INSERT INTO APP_TABLE	 VALUES( 37220, 'Cooking_Dash¢ç', 'When Cookie the Chef leaves Flo''s Diner to pursue a career on a popular reality cooking TV show, there is a shortage of chefs in DinerTown as Cookie invites them all to appear as guest stars. Flo, with her grandmother, help out at all four DinerTown restaurants and ends up hosting with Cookie on a Hollywood set of Flo''s Diner!', SYSDATE ,-1, '' );
	INSERT INTO MAP_APP_CATEGORY VALUES( 37220, 3 );

	INSERT INTO MAP_APP_DEVELOPER VALUES( 37220, 323 );

	INSERT INTO MAP_APP_GENRE VALUES( 37220, 8 );

	INSERT INTO MAP_APP_LANG VALUES ( 37220, 2,  'Y', 'N', 'N' );

	INSERT INTO MAP_APP_PUBLISHER VALUES( 37220, 324 );

	INSERT INTO MAP_APP_TAG VALUES( 37220, 597 );

INSERT INTO APP_TABLE	 VALUES( 4460, 'City_Life_2008', 'Construct the city of the 21st Century with City Life! City Life 2008 Edition is a next-generation City Builder. Its 3D game engine provides a level of detail and animation unprecedented in the City Builder genre, with total freedom of construction.', SYSDATE ,10500, '' );
	INSERT INTO MAP_APP_CATEGORY VALUES( 4460, 3 );

	INSERT INTO MAP_APP_DEVELOPER VALUES( 4460, 51 );

	INSERT INTO MAP_APP_GENRE VALUES( 4460, 8 );
	INSERT INTO MAP_APP_GENRE VALUES( 4460, 5 );

	INSERT INTO MAP_APP_LANG VALUES ( 4460, 2,  'Y', 'N', 'N' );
	INSERT INTO MAP_APP_LANG VALUES ( 4460, 4,  'Y', 'N', 'N' );
	INSERT INTO MAP_APP_LANG VALUES ( 4460, 6,  'Y', 'N', 'N' );


	INSERT INTO MAP_APP_TAG VALUES( 4460, 599 );
	INSERT INTO MAP_APP_TAG VALUES( 4460, 9 );
	INSERT INTO MAP_APP_TAG VALUES( 4460, 4328 );

INSERT INTO APP_TABLE	 VALUES( 37230, 'Diaper_Dash¢ç', 'It''s a girl! And a boy! In fact, it''s every adorable baby in DinerTown, all bundled up for you to lavish with love. Keep these DinerTown darlings cooing by helping out Wilson, who''s in over his head running the local daycare. Now''s the time to make a play date with the game that''s literally crawling with fun!', SYSDATE ,-1, '' );
	INSERT INTO MAP_APP_CATEGORY VALUES( 37230, 3 );

	INSERT INTO MAP_APP_DEVELOPER VALUES( 37230, 150 );

	INSERT INTO MAP_APP_GENRE VALUES( 37230, 8 );

	INSERT INTO MAP_APP_LANG VALUES ( 37230, 2,  'Y', 'N', 'N' );

	INSERT INTO MAP_APP_PUBLISHER VALUES( 37230, 324 );

	INSERT INTO MAP_APP_TAG VALUES( 37230, 599 );

INSERT INTO APP_TABLE	 VALUES( 37240, 'Diner_Dash:¢ç_Hometown_Hero¢â', 'On a visit to her hometown, Flo and her Grandma Florence take a stroll down memory lane. Bring five restaurants back to life, and meet new customers like the Hungry Man and the Celebrity. Take special care of customers with reservations and place flowers at tables in order to make diners happier.', SYSDATE ,-1, '' );
	INSERT INTO MAP_APP_CATEGORY VALUES( 37240, 3 );

	INSERT INTO MAP_APP_DEVELOPER VALUES( 37240, 324 );

	INSERT INTO MAP_APP_GENRE VALUES( 37240, 8 );

	INSERT INTO MAP_APP_LANG VALUES ( 37240, 2,  'Y', 'N', 'N' );

	INSERT INTO MAP_APP_PUBLISHER VALUES( 37240, 324 );

	INSERT INTO MAP_APP_TAG VALUES( 37240, 597 );

INSERT INTO APP_TABLE	 VALUES( 37260, 'Emerald_City_Confidential¢â', 'Work with the world''s most cunning detective in the shadowy underbelly of the Emerald City of Oz! As Petra, you''ll be lured deep into mysteries involving new foes and familiar faces; Scarecrow, Lion, and Toto included. This is Oz as you''ve never seen it before! Solve your detective''s quest and unravel a conspiracy of magic and intrigue!', SYSDATE ,-1, '' );
	INSERT INTO MAP_APP_CATEGORY VALUES( 37260, 3 );

	INSERT INTO MAP_APP_DEVELOPER VALUES( 37260, 325 );

	INSERT INTO MAP_APP_GENRE VALUES( 37260, 3 );

	INSERT INTO MAP_APP_LANG VALUES ( 37260, 2,  'Y', 'N', 'N' );

	INSERT INTO MAP_APP_PUBLISHER VALUES( 37260, 324 );

	INSERT INTO MAP_APP_TAG VALUES( 37260, 21 );
	INSERT INTO MAP_APP_TAG VALUES( 37260, 1698 );
	INSERT INTO MAP_APP_TAG VALUES( 37260, 6052 );
	INSERT INTO MAP_APP_TAG VALUES( 37260, 7208 );

INSERT INTO APP_TABLE	 VALUES( 4500, 'S.T.A.L.K.E.R.:_Shadow_of_Chernobyl', 'In 1986, the world''s worst nuclear disaster occurred at the Chernobyl power station. Soviet authorities established a 30km ''Exclusion Zone'' around this nuclear wasteland, but in 2006 a second explosion rocked the stricken reactor, obliterating all living things and causing the Zone''s boundaries to ripple outwards.', SYSDATE ,23000, '' );
	INSERT INTO MAP_APP_CATEGORY VALUES( 4500, 3 );
	INSERT INTO MAP_APP_CATEGORY VALUES( 4500, 1 );

	INSERT INTO MAP_APP_DEVELOPER VALUES( 4500, 52 );

	INSERT INTO MAP_APP_GENRE VALUES( 4500, 1 );
	INSERT INTO MAP_APP_GENRE VALUES( 4500, 6 );

	INSERT INTO MAP_APP_LANG VALUES ( 4500, 2,  'Y', 'Y', 'N' );
	INSERT INTO MAP_APP_LANG VALUES ( 4500, 3,  'Y', 'Y', 'N' );
	INSERT INTO MAP_APP_LANG VALUES ( 4500, 21,  'Y', 'Y', 'N' );
	INSERT INTO MAP_APP_LANG VALUES ( 4500, 4,  'Y', 'Y', 'N' );
	INSERT INTO MAP_APP_LANG VALUES ( 4500, 9,  'Y', 'Y', 'N' );
	INSERT INTO MAP_APP_LANG VALUES ( 4500, 7,  'Y', 'Y', 'N' );
	INSERT INTO MAP_APP_LANG VALUES ( 4500, 6,  'Y', 'Y', 'N' );

	INSERT INTO MAP_APP_PUBLISHER VALUES( 4500, 52 );

	INSERT INTO MAP_APP_TAG VALUES( 4500, 4166 );
	INSERT INTO MAP_APP_TAG VALUES( 4500, 3835 );
	INSERT INTO MAP_APP_TAG VALUES( 4500, 1695 );
	INSERT INTO MAP_APP_TAG VALUES( 4500, 1663 );
	INSERT INTO MAP_APP_TAG VALUES( 4500, 1662 );
	INSERT INTO MAP_APP_TAG VALUES( 4500, 19 );
	INSERT INTO MAP_APP_TAG VALUES( 4500, 122 );
	INSERT INTO MAP_APP_TAG VALUES( 4500, 3978 );
	INSERT INTO MAP_APP_TAG VALUES( 4500, 1774 );
	INSERT INTO MAP_APP_TAG VALUES( 4500, 1667 );
	INSERT INTO MAP_APP_TAG VALUES( 4500, 1693 );
	INSERT INTO MAP_APP_TAG VALUES( 4500, 3839 );
	INSERT INTO MAP_APP_TAG VALUES( 4500, 3796 );
	INSERT INTO MAP_APP_TAG VALUES( 4500, 4182 );
	INSERT INTO MAP_APP_TAG VALUES( 4500, 1669 );
	INSERT INTO MAP_APP_TAG VALUES( 4500, 21 );
	INSERT INTO MAP_APP_TAG VALUES( 4500, 3942 );
	INSERT INTO MAP_APP_TAG VALUES( 4500, 6276 );
	INSERT INTO MAP_APP_TAG VALUES( 4500, 4026 );
	INSERT INTO MAP_APP_TAG VALUES( 4500, 3810 );

INSERT INTO APP_TABLE	 VALUES( 37270, 'Wandering_Willows¢â', 'Ready for a new adventure? Welcome to Wandering Willows¢â, a whimsical world full of wondrous wildlife and engaging quests. With over forty enchanting pets for you to befriend and train, you''re sure to find just the right help completing quests for the land''s amusing inhabitants, who range from gruff pirates to rocket ship...', SYSDATE ,-1, '' );
	INSERT INTO MAP_APP_CATEGORY VALUES( 37270, 3 );

	INSERT INTO MAP_APP_DEVELOPER VALUES( 37270, 324 );

	INSERT INTO MAP_APP_GENRE VALUES( 37270, 3 );
	INSERT INTO MAP_APP_GENRE VALUES( 37270, 6 );

	INSERT INTO MAP_APP_LANG VALUES ( 37270, 2,  'Y', 'N', 'N' );

	INSERT INTO MAP_APP_PUBLISHER VALUES( 37270, 324 );

	INSERT INTO MAP_APP_TAG VALUES( 37270, 597 );

INSERT INTO APP_TABLE	 VALUES( 37280, 'Wedding_Dash¢ç_2:_Rings_Around_the_World', 'Quinn is back on a new whirlwind adventure, joined by Flo¢ç and Joe Wright, wedding photographer. Help Quinn become the world''s top wedding planner in this hilarious sequel to the hit game Wedding Dash¢ç. Visit beautiful, exotic locations while managing new guests, fulfilling bride and groom requests, and tackling comedic disasters.', SYSDATE ,-1, '' );
	INSERT INTO MAP_APP_CATEGORY VALUES( 37280, 3 );

	INSERT INTO MAP_APP_DEVELOPER VALUES( 37280, 326 );

	INSERT INTO MAP_APP_GENRE VALUES( 37280, 8 );

	INSERT INTO MAP_APP_LANG VALUES ( 37280, 2,  'Y', 'N', 'N' );

	INSERT INTO MAP_APP_PUBLISHER VALUES( 37280, 324 );


INSERT INTO APP_TABLE	 VALUES( 4520, 'Full_Spectrum_Warrior', 'The U.S. Army is the most powerful ground force in the entire world. The backbone of a ground invasion is the U.S. Army Infantry, and in the midst of combat, their skills, courage, and teamwork are put to the test. While readiness continues to be the U.S. Army''s top priority, how it goes about its business is changing.', SYSDATE ,10000, '' );
	INSERT INTO MAP_APP_CATEGORY VALUES( 4520, 3 );
	INSERT INTO MAP_APP_CATEGORY VALUES( 4520, 1 );
	INSERT INTO MAP_APP_CATEGORY VALUES( 4520, 16 );

	INSERT INTO MAP_APP_DEVELOPER VALUES( 4520, 53 );

	INSERT INTO MAP_APP_GENRE VALUES( 4520, 1 );
	INSERT INTO MAP_APP_GENRE VALUES( 4520, 5 );

	INSERT INTO MAP_APP_LANG VALUES ( 4520, 2,  'Y', 'N', 'N' );
	INSERT INTO MAP_APP_LANG VALUES ( 4520, 3,  'Y', 'N', 'N' );
	INSERT INTO MAP_APP_LANG VALUES ( 4520, 4,  'Y', 'N', 'N' );
	INSERT INTO MAP_APP_LANG VALUES ( 4520, 5,  'Y', 'N', 'N' );
	INSERT INTO MAP_APP_LANG VALUES ( 4520, 7,  'Y', 'N', 'N' );
	INSERT INTO MAP_APP_LANG VALUES ( 4520, 6,  'Y', 'N', 'N' );

	INSERT INTO MAP_APP_PUBLISHER VALUES( 4520, 72 );

	INSERT INTO MAP_APP_TAG VALUES( 4520, 19 );
	INSERT INTO MAP_APP_TAG VALUES( 4520, 9 );
	INSERT INTO MAP_APP_TAG VALUES( 4520, 4168 );
	INSERT INTO MAP_APP_TAG VALUES( 4520, 1708 );

INSERT INTO APP_TABLE	 VALUES( 37290, 'Zenerchi¢ç', 'Are you overwhelmed at work? Dutifully doing the day-to-day but stressed by the systematic strain of your routine? Enter the world of Zenerchi, a new game that puts a peaceful twist on the classic three-in-a-row game play.', SYSDATE ,-1, '' );
	INSERT INTO MAP_APP_CATEGORY VALUES( 37290, 3 );

	INSERT INTO MAP_APP_DEVELOPER VALUES( 37290, 267 );

	INSERT INTO MAP_APP_GENRE VALUES( 37290, 7 );

	INSERT INTO MAP_APP_LANG VALUES ( 37290, 2,  'Y', 'N', 'N' );

	INSERT INTO MAP_APP_PUBLISHER VALUES( 37290, 324 );


INSERT INTO APP_TABLE	 VALUES( 4530, 'Full_Spectrum_Warrior:_Ten_Hammers', 'Sequel to the critically acclaimed, squad-based/real-time tactical combat game, Full Spectrum Warrior: Ten Hammers delivers the most authentic and realistic infantry combat experience ever. As Squad Leader, coordinate the actions of multiple infantry squads, leading them through over 12 levels of intense action.', SYSDATE ,10000, '' );
	INSERT INTO MAP_APP_CATEGORY VALUES( 4530, 3 );
	INSERT INTO MAP_APP_CATEGORY VALUES( 4530, 1 );
	INSERT INTO MAP_APP_CATEGORY VALUES( 4530, 16 );

	INSERT INTO MAP_APP_DEVELOPER VALUES( 4530, 53 );

	INSERT INTO MAP_APP_GENRE VALUES( 4530, 1 );
	INSERT INTO MAP_APP_GENRE VALUES( 4530, 5 );

	INSERT INTO MAP_APP_LANG VALUES ( 4530, 2,  'Y', 'N', 'N' );
	INSERT INTO MAP_APP_LANG VALUES ( 4530, 3,  'Y', 'N', 'N' );
	INSERT INTO MAP_APP_LANG VALUES ( 4530, 4,  'Y', 'N', 'N' );
	INSERT INTO MAP_APP_LANG VALUES ( 4530, 7,  'Y', 'N', 'N' );
	INSERT INTO MAP_APP_LANG VALUES ( 4530, 6,  'Y', 'N', 'N' );

	INSERT INTO MAP_APP_PUBLISHER VALUES( 4530, 72 );

	INSERT INTO MAP_APP_TAG VALUES( 4530, 9 );
	INSERT INTO MAP_APP_TAG VALUES( 4530, 19 );
	INSERT INTO MAP_APP_TAG VALUES( 4530, 4168 );

INSERT INTO APP_TABLE	 VALUES( 37300, 'DinerTown_Tycoon', 'The evil Grub Burger fast food chain has bribed their way into DinerTown¢â and is threatening to drive out the local diners with their cheap prices, sneaky tactics and the mysterious Ingredient X! It is up to you to take charge and help Flo and the people of DinerTown before it¡¯s too late.', SYSDATE ,-1, '' );
	INSERT INTO MAP_APP_CATEGORY VALUES( 37300, 3 );

	INSERT INTO MAP_APP_DEVELOPER VALUES( 37300, 324 );

	INSERT INTO MAP_APP_GENRE VALUES( 37300, 8 );

	INSERT INTO MAP_APP_LANG VALUES ( 37300, 2,  'Y', 'N', 'N' );

	INSERT INTO MAP_APP_PUBLISHER VALUES( 37300, 324 );

	INSERT INTO MAP_APP_TAG VALUES( 37300, 597 );
	INSERT INTO MAP_APP_TAG VALUES( 37300, 12472 );

INSERT INTO APP_TABLE	 VALUES( 37310, 'DinerTown_Detective_Agency¢â', 'Something¡¯s not right in DinerTown¢â! Help Bernie the Bookworm become a "real detective" as you hunt for vital clues in major mysteries like "who stuck their finger in all the jelly donuts?" and "who¡¯s been partying like a rock star with the zoo animals?', SYSDATE ,-1, '' );
	INSERT INTO MAP_APP_CATEGORY VALUES( 37310, 3 );

	INSERT INTO MAP_APP_DEVELOPER VALUES( 37310, 327 );

	INSERT INTO MAP_APP_GENRE VALUES( 37310, 7 );

	INSERT INTO MAP_APP_LANG VALUES ( 37310, 2,  'Y', 'N', 'N' );

	INSERT INTO MAP_APP_PUBLISHER VALUES( 37310, 324 );

	INSERT INTO MAP_APP_TAG VALUES( 37310, 1738 );

INSERT INTO APP_TABLE	 VALUES( 37320, 'The_Nightshift_Code¢â', 'The Nightshift Code is a hidden object adventure game that takes players on mysterious and sometimes dangerous journeys from an ancient history museum in Chicago all the way to a secret location in the Greek Isles.', SYSDATE ,-1, '' );
	INSERT INTO MAP_APP_CATEGORY VALUES( 37320, 3 );

	INSERT INTO MAP_APP_DEVELOPER VALUES( 37320, 324 );

	INSERT INTO MAP_APP_GENRE VALUES( 37320, 7 );

	INSERT INTO MAP_APP_LANG VALUES ( 37320, 2,  'Y', 'N', 'N' );

	INSERT INTO MAP_APP_PUBLISHER VALUES( 37320, 324 );

	INSERT INTO MAP_APP_TAG VALUES( 37320, 1738 );

INSERT INTO APP_TABLE	 VALUES( 4560, 'Company_of_Heroes_-_Legacy_Edition', '', SYSDATE ,-1, '' );






INSERT INTO APP_TABLE	 VALUES( 37330, 'Nightshift_Legacy:_The_Jaguar''s_Eye¢â', 'Nightshift Legacy takes you on a historical adventure full of romance and intrigue with The Nightshift Code heroes, Mike and Isabel. You''ll travel from the jungles of Guatemala to the streets of Moscow, from present day back to the history of the Spanish Civil War, brush elbows with historical luminaries such as Frida Kahlo and Diego...', SYSDATE ,-1, '' );
	INSERT INTO MAP_APP_CATEGORY VALUES( 37330, 3 );

	INSERT INTO MAP_APP_DEVELOPER VALUES( 37330, 324 );

	INSERT INTO MAP_APP_GENRE VALUES( 37330, 7 );

	INSERT INTO MAP_APP_LANG VALUES ( 37330, 2,  'Y', 'N', 'N' );

	INSERT INTO MAP_APP_PUBLISHER VALUES( 37330, 324 );

	INSERT INTO MAP_APP_TAG VALUES( 37330, 1738 );

INSERT INTO APP_TABLE	 VALUES( 4570, 'Warhammer¢ç_40,000:_Dawn_of_War¢ç_-_Game_of_the_Year_Edition', 'Prepare yourself for the grim, dark future of the 41st millennium, where alien races battle mankind for galactic domination in a universe of unending war. Personalize your armies with a revolutionary unit customization tool that gives you the ability to choose your armies insignias, banners, squad colors and names.', SYSDATE ,14000, '' );
	INSERT INTO MAP_APP_CATEGORY VALUES( 4570, 3 );
	INSERT INTO MAP_APP_CATEGORY VALUES( 4570, 1 );
	INSERT INTO MAP_APP_CATEGORY VALUES( 4570, 5 );
	INSERT INTO MAP_APP_CATEGORY VALUES( 4570, 8 );

	INSERT INTO MAP_APP_DEVELOPER VALUES( 4570, 54 );

	INSERT INTO MAP_APP_GENRE VALUES( 4570, 5 );

	INSERT INTO MAP_APP_LANG VALUES ( 4570, 2,  'Y', 'N', 'N' );
	INSERT INTO MAP_APP_LANG VALUES ( 4570, 3,  'Y', 'N', 'N' );
	INSERT INTO MAP_APP_LANG VALUES ( 4570, 4,  'Y', 'N', 'N' );
	INSERT INTO MAP_APP_LANG VALUES ( 4570, 6,  'Y', 'N', 'N' );
	INSERT INTO MAP_APP_LANG VALUES ( 4570, 7,  'Y', 'N', 'N' );

	INSERT INTO MAP_APP_PUBLISHER VALUES( 4570, 302 );

	INSERT INTO MAP_APP_TAG VALUES( 4570, 9 );
	INSERT INTO MAP_APP_TAG VALUES( 4570, 12286 );
	INSERT INTO MAP_APP_TAG VALUES( 4570, 1676 );
	INSERT INTO MAP_APP_TAG VALUES( 4570, 3942 );
	INSERT INTO MAP_APP_TAG VALUES( 4570, 3859 );
	INSERT INTO MAP_APP_TAG VALUES( 4570, 7332 );
	INSERT INTO MAP_APP_TAG VALUES( 4570, 5310 );
	INSERT INTO MAP_APP_TAG VALUES( 4570, 1708 );
	INSERT INTO MAP_APP_TAG VALUES( 4570, 4161 );
	INSERT INTO MAP_APP_TAG VALUES( 4570, 4182 );
	INSERT INTO MAP_APP_TAG VALUES( 4570, 19 );
	INSERT INTO MAP_APP_TAG VALUES( 4570, 1693 );
	INSERT INTO MAP_APP_TAG VALUES( 4570, 1678 );
	INSERT INTO MAP_APP_TAG VALUES( 4570, 1756 );
	INSERT INTO MAP_APP_TAG VALUES( 4570, 1684 );

INSERT INTO APP_TABLE	 VALUES( 37340, 'Fitness_Dash¢â', 'While jogging, Jo notices her fellow DinerTown¢ç residents gobbling up double bacon burgers at Flo''s Diner just days before the annual tug-of-war competition. Appalled, she urges them to stop or risk losing to the Meatropolis Mashers, but, alas, they ignore her warning and lose the competition.', SYSDATE ,-1, '' );
	INSERT INTO MAP_APP_CATEGORY VALUES( 37340, 3 );

	INSERT INTO MAP_APP_DEVELOPER VALUES( 37340, 326 );

	INSERT INTO MAP_APP_GENRE VALUES( 37340, 7 );

	INSERT INTO MAP_APP_LANG VALUES ( 37340, 2,  'Y', 'N', 'N' );

	INSERT INTO MAP_APP_PUBLISHER VALUES( 37340, 324 );

	INSERT INTO MAP_APP_TAG VALUES( 37340, 597 );

INSERT INTO APP_TABLE	 VALUES( 4580, 'Warhammer¢ç_40,000:_Dawn_of_War¢ç_-_Dark_Crusade', 'Deep under the central desert of Kronus, a vast honeycomb of skull-lined tunnels and funeral chambers house the awakening Necron menace. Eons ago, these were the boulevards and squares of a great necropolis built to house the bones of the races who had fallen to the Necrons, and ultimately were where the Necrons themselves retire to...', SYSDATE ,14000, '' );
	INSERT INTO MAP_APP_CATEGORY VALUES( 4580, 3 );
	INSERT INTO MAP_APP_CATEGORY VALUES( 4580, 1 );
	INSERT INTO MAP_APP_CATEGORY VALUES( 4580, 8 );

	INSERT INTO MAP_APP_DEVELOPER VALUES( 4580, 54 );

	INSERT INTO MAP_APP_GENRE VALUES( 4580, 5 );

	INSERT INTO MAP_APP_LANG VALUES ( 4580, 2,  'Y', 'N', 'N' );
	INSERT INTO MAP_APP_LANG VALUES ( 4580, 3,  'Y', 'N', 'N' );
	INSERT INTO MAP_APP_LANG VALUES ( 4580, 4,  'Y', 'N', 'N' );
	INSERT INTO MAP_APP_LANG VALUES ( 4580, 6,  'Y', 'N', 'N' );
	INSERT INTO MAP_APP_LANG VALUES ( 4580, 7,  'Y', 'N', 'N' );

	INSERT INTO MAP_APP_PUBLISHER VALUES( 4580, 302 );

	INSERT INTO MAP_APP_TAG VALUES( 4580, 9 );
	INSERT INTO MAP_APP_TAG VALUES( 4580, 12286 );
	INSERT INTO MAP_APP_TAG VALUES( 4580, 1676 );
	INSERT INTO MAP_APP_TAG VALUES( 4580, 3942 );
	INSERT INTO MAP_APP_TAG VALUES( 4580, 3859 );
	INSERT INTO MAP_APP_TAG VALUES( 4580, 7332 );
	INSERT INTO MAP_APP_TAG VALUES( 4580, 4182 );
	INSERT INTO MAP_APP_TAG VALUES( 4580, 5310 );
	INSERT INTO MAP_APP_TAG VALUES( 4580, 1693 );
	INSERT INTO MAP_APP_TAG VALUES( 4580, 4161 );
	INSERT INTO MAP_APP_TAG VALUES( 4580, 19 );
	INSERT INTO MAP_APP_TAG VALUES( 4580, 1678 );
	INSERT INTO MAP_APP_TAG VALUES( 4580, 4166 );
	INSERT INTO MAP_APP_TAG VALUES( 4580, 1708 );
	INSERT INTO MAP_APP_TAG VALUES( 4580, 4345 );
	INSERT INTO MAP_APP_TAG VALUES( 4580, 1684 );
	INSERT INTO MAP_APP_TAG VALUES( 4580, 1685 );
	INSERT INTO MAP_APP_TAG VALUES( 4580, 21 );

INSERT INTO APP_TABLE	 VALUES( 37360, 'Mahjong_Roadshow¢â', 'In Mahjong Roadshow, you¡¯ll make your way from garage sales to the auction block in search of priceless treasures from antiquity! Leave no tile unturned as you sift through rooms full of everyday objects to find the most valuable objects on earth! Is it a 12th century original or a 20th century replica?', SYSDATE ,-1, '' );
	INSERT INTO MAP_APP_CATEGORY VALUES( 37360, 3 );

	INSERT INTO MAP_APP_DEVELOPER VALUES( 37360, 324 );

	INSERT INTO MAP_APP_GENRE VALUES( 37360, 7 );

	INSERT INTO MAP_APP_LANG VALUES ( 37360, 2,  'Y', 'N', 'N' );

	INSERT INTO MAP_APP_PUBLISHER VALUES( 37360, 324 );


INSERT INTO APP_TABLE	 VALUES( 37370, 'TriJinx:_A_Kristine_Kross_Mystery¢â', 'Welcome to the world of TriJinx ? an action-puzzle with a tumbling twist! It¡¯s Egypt in 1935 and you are trapped in the tomb of TriClops! Can you outrun this triangle trap? Match triangles and clear colors as you help Kristine Kross on her quest to find her missing father and escape.', SYSDATE ,-1, '' );
	INSERT INTO MAP_APP_CATEGORY VALUES( 37370, 3 );

	INSERT INTO MAP_APP_DEVELOPER VALUES( 37370, 324 );

	INSERT INTO MAP_APP_GENRE VALUES( 37370, 7 );

	INSERT INTO MAP_APP_LANG VALUES ( 37370, 2,  'Y', 'N', 'N' );

	INSERT INTO MAP_APP_PUBLISHER VALUES( 37370, 324 );

	INSERT INTO MAP_APP_TAG VALUES( 37370, 597 );

INSERT INTO APP_TABLE	 VALUES( 37380, 'Valerie_Porter_and_the_Scarlet_Scandal¢â', 'Murder, scandal and your first big break! You¡¯re a young, aspiring reporter, hungry for your first big scoop in the male-dominated world of 1920¡¯s journalism. Not settling for your role as secretary, you soon stumble upon a high-profile murder, a scandalous cover up and the framing of an innocent man.', SYSDATE ,-1, '' );
	INSERT INTO MAP_APP_CATEGORY VALUES( 37380, 3 );

	INSERT INTO MAP_APP_DEVELOPER VALUES( 37380, 324 );

	INSERT INTO MAP_APP_GENRE VALUES( 37380, 7 );

	INSERT INTO MAP_APP_LANG VALUES ( 37380, 2,  'Y', 'N', 'N' );

	INSERT INTO MAP_APP_PUBLISHER VALUES( 37380, 324 );

	INSERT INTO MAP_APP_TAG VALUES( 37380, 1738 );

INSERT INTO APP_TABLE	 VALUES( 37390, 'Gemini_Lost¢â', 'While walking home with a group of friends, you discover a mysterious beam of light coming from an unexpected solar eclipse. The light leads you to an ancient astrological site that suddenly transports you all to an unfamiliar world!', SYSDATE ,-1, '' );
	INSERT INTO MAP_APP_CATEGORY VALUES( 37390, 3 );

	INSERT INTO MAP_APP_DEVELOPER VALUES( 37390, 324 );

	INSERT INTO MAP_APP_GENRE VALUES( 37390, 7 );

	INSERT INTO MAP_APP_LANG VALUES ( 37390, 2,  'Y', 'N', 'N' );

	INSERT INTO MAP_APP_PUBLISHER VALUES( 37390, 324 );

	INSERT INTO MAP_APP_TAG VALUES( 37390, 597 );

INSERT INTO APP_TABLE	 VALUES( 37400, 'Time_Gentlemen,_Please!_and_Ben_There,_Dan_That!_Special_Edition_Double_Pack', 'Ben There, Dan That! and Time Gentlemen, Please! are a couple of rip-roaring point-and-click adventure games . With tongue firmly in cheek, sit back, relax, and put your mind to work solving puzzles, and reading some very funny dialogue. It''s like a book, only good!', SYSDATE ,5500, '' );
	INSERT INTO MAP_APP_CATEGORY VALUES( 37400, 3 );

	INSERT INTO MAP_APP_DEVELOPER VALUES( 37400, 328 );

	INSERT INTO MAP_APP_GENRE VALUES( 37400, 3 );
	INSERT INTO MAP_APP_GENRE VALUES( 37400, 4 );

	INSERT INTO MAP_APP_LANG VALUES ( 37400, 2,  'Y', 'N', 'N' );

	INSERT INTO MAP_APP_PUBLISHER VALUES( 37400, 328 );

	INSERT INTO MAP_APP_TAG VALUES( 37400, 1698 );
	INSERT INTO MAP_APP_TAG VALUES( 37400, 21 );
	INSERT INTO MAP_APP_TAG VALUES( 37400, 492 );
	INSERT INTO MAP_APP_TAG VALUES( 37400, 1719 );
	INSERT INTO MAP_APP_TAG VALUES( 37400, 10679 );
	INSERT INTO MAP_APP_TAG VALUES( 37400, 4182 );
	INSERT INTO MAP_APP_TAG VALUES( 37400, 3871 );
	INSERT INTO MAP_APP_TAG VALUES( 37400, 6815 );
	INSERT INTO MAP_APP_TAG VALUES( 37400, 4136 );

INSERT INTO APP_TABLE	 VALUES( 4700, 'Medieval_II:_Total_War¢â', 'Spanning the most turbulent era in Western history, your quest for territory and power takes you through Europe, Africa, the Middle East, and even onto the shores of the New World.', SYSDATE ,21000, '' );
	INSERT INTO MAP_APP_CATEGORY VALUES( 4700, 3 );
	INSERT INTO MAP_APP_CATEGORY VALUES( 4700, 1 );
	INSERT INTO MAP_APP_CATEGORY VALUES( 4700, 5 );

	INSERT INTO MAP_APP_DEVELOPER VALUES( 4700, 55 );
	INSERT INTO MAP_APP_DEVELOPER VALUES( 4700, 56 );
	INSERT INTO MAP_APP_DEVELOPER VALUES( 4700, 57 );

	INSERT INTO MAP_APP_GENRE VALUES( 4700, 5 );

	INSERT INTO MAP_APP_LANG VALUES ( 4700, 2,  'Y', 'Y', 'N' );
	INSERT INTO MAP_APP_LANG VALUES ( 4700, 3,  'Y', 'Y', 'N' );
	INSERT INTO MAP_APP_LANG VALUES ( 4700, 4,  'Y', 'Y', 'N' );
	INSERT INTO MAP_APP_LANG VALUES ( 4700, 10,  'Y', 'Y', 'N' );
	INSERT INTO MAP_APP_LANG VALUES ( 4700, 9,  'Y', 'Y', 'N' );
	INSERT INTO MAP_APP_LANG VALUES ( 4700, 6,  'Y', 'Y', 'N' );
	INSERT INTO MAP_APP_LANG VALUES ( 4700, 7,  'Y', 'Y', 'N' );
	INSERT INTO MAP_APP_LANG VALUES ( 4700, 24,  'Y', 'Y', 'N' );
	INSERT INTO MAP_APP_LANG VALUES ( 4700, 25,  'Y', 'Y', 'N' );

	INSERT INTO MAP_APP_PUBLISHER VALUES( 4700, 302 );
	INSERT INTO MAP_APP_PUBLISHER VALUES( 4700, 56 );
	INSERT INTO MAP_APP_PUBLISHER VALUES( 4700, 57 );

	INSERT INTO MAP_APP_TAG VALUES( 4700, 9 );
	INSERT INTO MAP_APP_TAG VALUES( 4700, 4172 );
	INSERT INTO MAP_APP_TAG VALUES( 4700, 3987 );
	INSERT INTO MAP_APP_TAG VALUES( 4700, 1741 );
	INSERT INTO MAP_APP_TAG VALUES( 4700, 4364 );
	INSERT INTO MAP_APP_TAG VALUES( 4700, 1676 );
	INSERT INTO MAP_APP_TAG VALUES( 4700, 1678 );
	INSERT INTO MAP_APP_TAG VALUES( 4700, 1708 );
	INSERT INTO MAP_APP_TAG VALUES( 4700, 4182 );
	INSERT INTO MAP_APP_TAG VALUES( 4700, 3859 );
	INSERT INTO MAP_APP_TAG VALUES( 4700, 1669 );
	INSERT INTO MAP_APP_TAG VALUES( 4700, 1677 );
	INSERT INTO MAP_APP_TAG VALUES( 4700, 4168 );
	INSERT INTO MAP_APP_TAG VALUES( 4700, 3813 );
	INSERT INTO MAP_APP_TAG VALUES( 4700, 1693 );
	INSERT INTO MAP_APP_TAG VALUES( 4700, 599 );
	INSERT INTO MAP_APP_TAG VALUES( 4700, 19 );
	INSERT INTO MAP_APP_TAG VALUES( 4700, 1756 );
	INSERT INTO MAP_APP_TAG VALUES( 4700, 3810 );
	INSERT INTO MAP_APP_TAG VALUES( 4700, 1670 );

INSERT INTO APP_TABLE	 VALUES( 4720, 'Condemned:_Criminal_Origins', 'What twists the mind of an ordinary human into a serial killer? Assigned to the Serial Crimes Unit, Agent Ethan Thomas must answer this question, and bring the worst of society to justice. His solve rate is the best in the bureau....perhaps too good.', SYSDATE ,16000, '' );
	INSERT INTO MAP_APP_CATEGORY VALUES( 4720, 3 );

	INSERT INTO MAP_APP_DEVELOPER VALUES( 4720, 58 );

	INSERT INTO MAP_APP_GENRE VALUES( 4720, 1 );

	INSERT INTO MAP_APP_LANG VALUES ( 4720, 2,  'Y', 'Y', 'N' );
	INSERT INTO MAP_APP_LANG VALUES ( 4720, 3,  'Y', 'N', 'N' );
	INSERT INTO MAP_APP_LANG VALUES ( 4720, 4,  'Y', 'N', 'N' );
	INSERT INTO MAP_APP_LANG VALUES ( 4720, 6,  'Y', 'N', 'N' );
	INSERT INTO MAP_APP_LANG VALUES ( 4720, 7,  'Y', 'N', 'N' );

	INSERT INTO MAP_APP_PUBLISHER VALUES( 4720, 302 );

	INSERT INTO MAP_APP_TAG VALUES( 4720, 1667 );
	INSERT INTO MAP_APP_TAG VALUES( 4720, 19 );
	INSERT INTO MAP_APP_TAG VALUES( 4720, 4166 );
	INSERT INTO MAP_APP_TAG VALUES( 4720, 3839 );
	INSERT INTO MAP_APP_TAG VALUES( 4720, 3978 );
	INSERT INTO MAP_APP_TAG VALUES( 4720, 1663 );
	INSERT INTO MAP_APP_TAG VALUES( 4720, 6378 );
	INSERT INTO MAP_APP_TAG VALUES( 4720, 1721 );
	INSERT INTO MAP_APP_TAG VALUES( 4720, 4026 );
	INSERT INTO MAP_APP_TAG VALUES( 4720, 4182 );
	INSERT INTO MAP_APP_TAG VALUES( 4720, 4345 );
	INSERT INTO MAP_APP_TAG VALUES( 4720, 1693 );
	INSERT INTO MAP_APP_TAG VALUES( 4720, 4342 );
	INSERT INTO MAP_APP_TAG VALUES( 4720, 1662 );
	INSERT INTO MAP_APP_TAG VALUES( 4720, 1742 );
	INSERT INTO MAP_APP_TAG VALUES( 4720, 5716 );
	INSERT INTO MAP_APP_TAG VALUES( 4720, 5613 );

INSERT INTO APP_TABLE	 VALUES( 37500, 'Magnetis', 'Magnetis¢â is all about attraction! Connect the magnets to create electric explosions. Solving this frantic puzzle will require quick thinking and foresight, anticipating connections in order to generate massive chain reactions to win the highest number of points!', SYSDATE ,-1, '' );
	INSERT INTO MAP_APP_CATEGORY VALUES( 37500, 3 );
	INSERT INTO MAP_APP_CATEGORY VALUES( 37500, 1 );
	INSERT INTO MAP_APP_CATEGORY VALUES( 37500, 16 );
	INSERT INTO MAP_APP_CATEGORY VALUES( 37500, 4 );
	INSERT INTO MAP_APP_CATEGORY VALUES( 37500, 18 );

	INSERT INTO MAP_APP_DEVELOPER VALUES( 37500, 329 );

	INSERT INTO MAP_APP_GENRE VALUES( 37500, 4 );
	INSERT INTO MAP_APP_GENRE VALUES( 37500, 7 );

	INSERT INTO MAP_APP_LANG VALUES ( 37500, 2,  'Y', 'N', 'N' );
	INSERT INTO MAP_APP_LANG VALUES ( 37500, 3,  'Y', 'N', 'N' );
	INSERT INTO MAP_APP_LANG VALUES ( 37500, 4,  'Y', 'N', 'N' );
	INSERT INTO MAP_APP_LANG VALUES ( 37500, 6,  'Y', 'N', 'N' );
	INSERT INTO MAP_APP_LANG VALUES ( 37500, 7,  'Y', 'N', 'N' );

	INSERT INTO MAP_APP_PUBLISHER VALUES( 37500, 329 );

	INSERT INTO MAP_APP_TAG VALUES( 37500, 492 );
	INSERT INTO MAP_APP_TAG VALUES( 37500, 597 );
	INSERT INTO MAP_APP_TAG VALUES( 37500, 1664 );

INSERT INTO APP_TABLE	 VALUES( 4760, 'Rome:_Total_War¢â_-_Collection', 'Control and conquer the greatest empire ever known to man.', SYSDATE ,10500, '' );
	INSERT INTO MAP_APP_CATEGORY VALUES( 4760, 3 );
	INSERT INTO MAP_APP_CATEGORY VALUES( 4760, 1 );
	INSERT INTO MAP_APP_CATEGORY VALUES( 4760, 5 );

	INSERT INTO MAP_APP_DEVELOPER VALUES( 4760, 55 );

	INSERT INTO MAP_APP_GENRE VALUES( 4760, 5 );

	INSERT INTO MAP_APP_LANG VALUES ( 4760, 2,  'Y', 'N', 'N' );

	INSERT INTO MAP_APP_PUBLISHER VALUES( 4760, 302 );

	INSERT INTO MAP_APP_TAG VALUES( 4760, 9 );
	INSERT INTO MAP_APP_TAG VALUES( 4760, 3987 );
	INSERT INTO MAP_APP_TAG VALUES( 4760, 6948 );
	INSERT INTO MAP_APP_TAG VALUES( 4760, 1741 );
	INSERT INTO MAP_APP_TAG VALUES( 4760, 4364 );
	INSERT INTO MAP_APP_TAG VALUES( 4760, 1676 );
	INSERT INTO MAP_APP_TAG VALUES( 4760, 1693 );
	INSERT INTO MAP_APP_TAG VALUES( 4760, 1708 );
	INSERT INTO MAP_APP_TAG VALUES( 4760, 3859 );
	INSERT INTO MAP_APP_TAG VALUES( 4760, 1756 );
	INSERT INTO MAP_APP_TAG VALUES( 4760, 1678 );
	INSERT INTO MAP_APP_TAG VALUES( 4760, 4182 );
	INSERT INTO MAP_APP_TAG VALUES( 4760, 1677 );
	INSERT INTO MAP_APP_TAG VALUES( 4760, 1669 );
	INSERT INTO MAP_APP_TAG VALUES( 4760, 3813 );
	INSERT INTO MAP_APP_TAG VALUES( 4760, 19 );
	INSERT INTO MAP_APP_TAG VALUES( 4760, 4166 );
	INSERT INTO MAP_APP_TAG VALUES( 4760, 599 );
	INSERT INTO MAP_APP_TAG VALUES( 4760, 1670 );
	INSERT INTO MAP_APP_TAG VALUES( 4760, 4172 );

INSERT INTO APP_TABLE	 VALUES( 4770, 'Rome:_Total_War¢â_-_Alexander', 'Rome: Total War - Alexander is the second official expansion pack to Rome: Total War. An entirely new campaign map that stretches from Macedonia to Greece and into the heart of the ancient Persian Empire New campaign game that tasks players with matching the exploits of Alexander the Great as he swept across Central Asia and dominated...', SYSDATE ,14000, '' );
	INSERT INTO MAP_APP_CATEGORY VALUES( 4770, 3 );
	INSERT INTO MAP_APP_CATEGORY VALUES( 4770, 1 );

	INSERT INTO MAP_APP_DEVELOPER VALUES( 4770, 55 );

	INSERT INTO MAP_APP_GENRE VALUES( 4770, 5 );

	INSERT INTO MAP_APP_LANG VALUES ( 4770, 2,  'Y', 'N', 'N' );

	INSERT INTO MAP_APP_PUBLISHER VALUES( 4770, 302 );

	INSERT INTO MAP_APP_TAG VALUES( 4770, 9 );
	INSERT INTO MAP_APP_TAG VALUES( 4770, 1676 );
	INSERT INTO MAP_APP_TAG VALUES( 4770, 3987 );
	INSERT INTO MAP_APP_TAG VALUES( 4770, 4364 );
	INSERT INTO MAP_APP_TAG VALUES( 4770, 6948 );
	INSERT INTO MAP_APP_TAG VALUES( 4770, 1741 );
	INSERT INTO MAP_APP_TAG VALUES( 4770, 1677 );
	INSERT INTO MAP_APP_TAG VALUES( 4770, 3859 );
	INSERT INTO MAP_APP_TAG VALUES( 4770, 4182 );

INSERT INTO APP_TABLE	 VALUES( 4780, 'Medieval_II:_Total_War¢â_Kingdoms', 'Medieval II: Total War Kingdoms is the official expansion to last year''s award-winning Medieval II: Total War, presenting players with all-new territories to explore, troops to command, and enemies to conquer.', SYSDATE ,13000, '' );
	INSERT INTO MAP_APP_CATEGORY VALUES( 4780, 3 );
	INSERT INTO MAP_APP_CATEGORY VALUES( 4780, 1 );

	INSERT INTO MAP_APP_DEVELOPER VALUES( 4780, 55 );
	INSERT INTO MAP_APP_DEVELOPER VALUES( 4780, 56 );
	INSERT INTO MAP_APP_DEVELOPER VALUES( 4780, 57 );

	INSERT INTO MAP_APP_GENRE VALUES( 4780, 5 );

	INSERT INTO MAP_APP_LANG VALUES ( 4780, 2,  'Y', 'N', 'N' );

	INSERT INTO MAP_APP_PUBLISHER VALUES( 4780, 302 );
	INSERT INTO MAP_APP_PUBLISHER VALUES( 4780, 56 );
	INSERT INTO MAP_APP_PUBLISHER VALUES( 4780, 57 );

	INSERT INTO MAP_APP_TAG VALUES( 4780, 9 );
	INSERT INTO MAP_APP_TAG VALUES( 4780, 4172 );
	INSERT INTO MAP_APP_TAG VALUES( 4780, 3987 );
	INSERT INTO MAP_APP_TAG VALUES( 4780, 4364 );
	INSERT INTO MAP_APP_TAG VALUES( 4780, 4182 );
	INSERT INTO MAP_APP_TAG VALUES( 4780, 1669 );
	INSERT INTO MAP_APP_TAG VALUES( 4780, 3859 );
	INSERT INTO MAP_APP_TAG VALUES( 4780, 1677 );
	INSERT INTO MAP_APP_TAG VALUES( 4780, 1741 );
	INSERT INTO MAP_APP_TAG VALUES( 4780, 1676 );
	INSERT INTO MAP_APP_TAG VALUES( 4780, 1678 );

INSERT INTO APP_TABLE	 VALUES( 37600, 'Windosill', 'Explore a dream-like world of impossible wonders... Explore 10 different immersive, animated environments Interact with dozens of physics-based creatures and objects Solve brain-tickling puzzles to unlock new rooms and reveal new...', SYSDATE ,3300, '' );
	INSERT INTO MAP_APP_CATEGORY VALUES( 37600, 3 );

	INSERT INTO MAP_APP_DEVELOPER VALUES( 37600, 330 );

	INSERT INTO MAP_APP_GENRE VALUES( 37600, 3 );
	INSERT INTO MAP_APP_GENRE VALUES( 37600, 7 );
	INSERT INTO MAP_APP_GENRE VALUES( 37600, 4 );

	INSERT INTO MAP_APP_LANG VALUES ( 37600, 2,  'Y', 'N', 'N' );

	INSERT INTO MAP_APP_PUBLISHER VALUES( 37600, 330 );

	INSERT INTO MAP_APP_TAG VALUES( 37600, 597 );
	INSERT INTO MAP_APP_TAG VALUES( 37600, 492 );
	INSERT INTO MAP_APP_TAG VALUES( 37600, 1698 );
	INSERT INTO MAP_APP_TAG VALUES( 37600, 4234 );
	INSERT INTO MAP_APP_TAG VALUES( 37600, 1664 );
	INSERT INTO MAP_APP_TAG VALUES( 37600, 21 );
	INSERT INTO MAP_APP_TAG VALUES( 37600, 1710 );
	INSERT INTO MAP_APP_TAG VALUES( 37600, 5350 );
	INSERT INTO MAP_APP_TAG VALUES( 37600, 4166 );
	INSERT INTO MAP_APP_TAG VALUES( 37600, 4182 );
	INSERT INTO MAP_APP_TAG VALUES( 37600, 4726 );

INSERT INTO APP_TABLE	 VALUES( 4850, 'Cossacks:_Back_to_War', 'To stand alone in war is extremely unpleasant. Extremely pleasant, on the other hand, is the stand-alone version Cossacks: Back to War. Containing all of the gameplay features of Cossacks: European Wars and Cossacks: The Art of War, this is a complete care package for all current and future Cossacks fans.', SYSDATE ,23000, '' );
	INSERT INTO MAP_APP_CATEGORY VALUES( 4850, 3 );
	INSERT INTO MAP_APP_CATEGORY VALUES( 4850, 1 );

	INSERT INTO MAP_APP_DEVELOPER VALUES( 4850, 52 );

	INSERT INTO MAP_APP_GENRE VALUES( 4850, 5 );

	INSERT INTO MAP_APP_LANG VALUES ( 4850, 2,  'Y', 'N', 'N' );
	INSERT INTO MAP_APP_LANG VALUES ( 4850, 4,  'Y', 'N', 'N' );
	INSERT INTO MAP_APP_LANG VALUES ( 4850, 9,  'Y', 'N', 'N' );
	INSERT INTO MAP_APP_LANG VALUES ( 4850, 6,  'Y', 'N', 'N' );


	INSERT INTO MAP_APP_TAG VALUES( 4850, 9 );
	INSERT INTO MAP_APP_TAG VALUES( 4850, 1676 );
	INSERT INTO MAP_APP_TAG VALUES( 4850, 1693 );
	INSERT INTO MAP_APP_TAG VALUES( 4850, 3859 );
	INSERT INTO MAP_APP_TAG VALUES( 4850, 3987 );

INSERT INTO APP_TABLE	 VALUES( 4870, 'Cossacks:_Art_of_War', 'Cossacks: The Art of War continues the history of the great battles of XVII?XVIII centuries', SYSDATE ,23000, '' );
	INSERT INTO MAP_APP_CATEGORY VALUES( 4870, 3 );

	INSERT INTO MAP_APP_DEVELOPER VALUES( 4870, 52 );

	INSERT INTO MAP_APP_GENRE VALUES( 4870, 5 );

	INSERT INTO MAP_APP_LANG VALUES ( 4870, 2,  'Y', 'N', 'N' );


	INSERT INTO MAP_APP_TAG VALUES( 4870, 9 );
	INSERT INTO MAP_APP_TAG VALUES( 4870, 1676 );
	INSERT INTO MAP_APP_TAG VALUES( 4870, 3987 );

INSERT INTO APP_TABLE	 VALUES( 4880, 'Cossacks:_European_Wars', 'This game is devoted to the key events of the XVII?XVIII centuries.', SYSDATE ,23000, '' );
	INSERT INTO MAP_APP_CATEGORY VALUES( 4880, 3 );

	INSERT INTO MAP_APP_DEVELOPER VALUES( 4880, 52 );

	INSERT INTO MAP_APP_GENRE VALUES( 4880, 5 );

	INSERT INTO MAP_APP_LANG VALUES ( 4880, 2,  'Y', 'N', 'N' );


	INSERT INTO MAP_APP_TAG VALUES( 4880, 9 );
	INSERT INTO MAP_APP_TAG VALUES( 4880, 1676 );
	INSERT INTO MAP_APP_TAG VALUES( 4880, 3987 );

INSERT INTO APP_TABLE	 VALUES( 4890, 'Cossacks_II:_Battle_for_Europe', 'Cossacks II: Battle for Europe is DLC for "Cossacks II: Napoleonic Wars" presenting new nations with the possibility to wage multiplayer battles.', SYSDATE ,23000, '' );
	INSERT INTO MAP_APP_CATEGORY VALUES( 4890, 3 );
	INSERT INTO MAP_APP_CATEGORY VALUES( 4890, 1 );

	INSERT INTO MAP_APP_DEVELOPER VALUES( 4890, 52 );

	INSERT INTO MAP_APP_GENRE VALUES( 4890, 5 );

	INSERT INTO MAP_APP_LANG VALUES ( 4890, 2,  'Y', 'N', 'N' );


	INSERT INTO MAP_APP_TAG VALUES( 4890, 9 );
	INSERT INTO MAP_APP_TAG VALUES( 4890, 1676 );
	INSERT INTO MAP_APP_TAG VALUES( 4890, 3987 );

INSERT INTO APP_TABLE	 VALUES( 4900, 'Zen_of_Sudoku', 'From the creators of Natural Selection comes Zen of Sudoku, a relaxing, easy to play version of Sudoku for your PC. Relax with hand-painted Japanese-styled backgrounds, no timer and lush natural soundscapes. Stimulates your brain to keep it healthy and alert.', SYSDATE ,-1, '' );
	INSERT INTO MAP_APP_CATEGORY VALUES( 4900, 3 );

	INSERT INTO MAP_APP_DEVELOPER VALUES( 4900, 59 );

	INSERT INTO MAP_APP_GENRE VALUES( 4900, 4 );
	INSERT INTO MAP_APP_GENRE VALUES( 4900, 7 );

	INSERT INTO MAP_APP_LANG VALUES ( 4900, 2,  'Y', 'N', 'N' );


	INSERT INTO MAP_APP_TAG VALUES( 4900, 597 );
	INSERT INTO MAP_APP_TAG VALUES( 4900, 492 );
	INSERT INTO MAP_APP_TAG VALUES( 4900, 1664 );

INSERT INTO APP_TABLE	 VALUES( 4920, 'Natural_Selection_2', 'A fast paced multiplayer shooter that pits aliens against humans in a strategic and action-packed struggle for survival!', SYSDATE ,10500, '' );
	INSERT INTO MAP_APP_CATEGORY VALUES( 4920, 1 );
	INSERT INTO MAP_APP_CATEGORY VALUES( 4920, 19 );
	INSERT INTO MAP_APP_CATEGORY VALUES( 4920, 4 );
	INSERT INTO MAP_APP_CATEGORY VALUES( 4920, 5 );
	INSERT INTO MAP_APP_CATEGORY VALUES( 4920, 14 );
	INSERT INTO MAP_APP_CATEGORY VALUES( 4920, 8 );
	INSERT INTO MAP_APP_CATEGORY VALUES( 4920, 2 );
	INSERT INTO MAP_APP_CATEGORY VALUES( 4920, 13 );

	INSERT INTO MAP_APP_DEVELOPER VALUES( 4920, 60 );

	INSERT INTO MAP_APP_GENRE VALUES( 4920, 1 );
	INSERT INTO MAP_APP_GENRE VALUES( 4920, 4 );
	INSERT INTO MAP_APP_GENRE VALUES( 4920, 5 );

	INSERT INTO MAP_APP_LANG VALUES ( 4920, 2,  'Y', 'Y', 'Y' );
	INSERT INTO MAP_APP_LANG VALUES ( 4920, 4,  'Y', 'N', 'Y' );
	INSERT INTO MAP_APP_LANG VALUES ( 4920, 10,  'Y', 'N', 'N' );
	INSERT INTO MAP_APP_LANG VALUES ( 4920, 9,  'Y', 'N', 'N' );
	INSERT INTO MAP_APP_LANG VALUES ( 4920, 22,  'Y', 'N', 'N' );
	INSERT INTO MAP_APP_LANG VALUES ( 4920, 15,  'Y', 'N', 'N' );
	INSERT INTO MAP_APP_LANG VALUES ( 4920, 6,  'Y', 'N', 'Y' );
	INSERT INTO MAP_APP_LANG VALUES ( 4920, 7,  'Y', 'N', 'N' );
	INSERT INTO MAP_APP_LANG VALUES ( 4920, 24,  'Y', 'N', 'Y' );
	INSERT INTO MAP_APP_LANG VALUES ( 4920, 12,  'Y', 'N', 'N' );

	INSERT INTO MAP_APP_PUBLISHER VALUES( 4920, 60 );

	INSERT INTO MAP_APP_TAG VALUES( 4920, 3859 );
	INSERT INTO MAP_APP_TAG VALUES( 4920, 9 );
	INSERT INTO MAP_APP_TAG VALUES( 4920, 1663 );
	INSERT INTO MAP_APP_TAG VALUES( 4920, 5711 );
	INSERT INTO MAP_APP_TAG VALUES( 4920, 19 );
	INSERT INTO MAP_APP_TAG VALUES( 4920, 3942 );
	INSERT INTO MAP_APP_TAG VALUES( 4920, 1676 );
	INSERT INTO MAP_APP_TAG VALUES( 4920, 492 );
	INSERT INTO MAP_APP_TAG VALUES( 4920, 1673 );
	INSERT INTO MAP_APP_TAG VALUES( 4920, 3878 );
	INSERT INTO MAP_APP_TAG VALUES( 4920, 1774 );
	INSERT INTO MAP_APP_TAG VALUES( 4920, 1685 );
	INSERT INTO MAP_APP_TAG VALUES( 4920, 1669 );
	INSERT INTO MAP_APP_TAG VALUES( 4920, 1708 );
	INSERT INTO MAP_APP_TAG VALUES( 4920, 3839 );
	INSERT INTO MAP_APP_TAG VALUES( 4920, 1755 );
	INSERT INTO MAP_APP_TAG VALUES( 4920, 4166 );
	INSERT INTO MAP_APP_TAG VALUES( 4920, 3843 );
	INSERT INTO MAP_APP_TAG VALUES( 4920, 4295 );
	INSERT INTO MAP_APP_TAG VALUES( 4920, 21 );

INSERT INTO APP_TABLE	 VALUES( 37700, 'Darkest_of_Days', 'Have you ever wondered what could happen if time travel was a reality? Have you ever thought about the possibility of going back in time to rewrite history for the better? That possibility is a reality in Darkest of Days, where players will travel back and forth through the annals of time to relive some of mankind''s most dire hours.', SYSDATE ,-1, '' );
	INSERT INTO MAP_APP_CATEGORY VALUES( 37700, 3 );
	INSERT INTO MAP_APP_CATEGORY VALUES( 37700, 7 );

	INSERT INTO MAP_APP_DEVELOPER VALUES( 37700, 331 );

	INSERT INTO MAP_APP_GENRE VALUES( 37700, 1 );

	INSERT INTO MAP_APP_LANG VALUES ( 37700, 2,  'Y', 'N', 'N' );
	INSERT INTO MAP_APP_LANG VALUES ( 37700, 3,  'Y', 'N', 'N' );
	INSERT INTO MAP_APP_LANG VALUES ( 37700, 4,  'Y', 'N', 'N' );
	INSERT INTO MAP_APP_LANG VALUES ( 37700, 9,  'Y', 'N', 'N' );
	INSERT INTO MAP_APP_LANG VALUES ( 37700, 6,  'Y', 'N', 'N' );
	INSERT INTO MAP_APP_LANG VALUES ( 37700, 7,  'Y', 'N', 'N' );


	INSERT INTO MAP_APP_TAG VALUES( 37700, 19 );
	INSERT INTO MAP_APP_TAG VALUES( 37700, 10679 );
	INSERT INTO MAP_APP_TAG VALUES( 37700, 1663 );
	INSERT INTO MAP_APP_TAG VALUES( 37700, 5382 );
	INSERT INTO MAP_APP_TAG VALUES( 37700, 3987 );
	INSERT INTO MAP_APP_TAG VALUES( 37700, 4150 );

INSERT INTO APP_TABLE	 VALUES( 37800, 'Quantz', 'Experience a new dimension of puzzle action game fun in QuantZ for the PC; a fabulous adventure that goes beyond the Action-Puzzler, Match-3 and Marble Popper genres. The gameplay is simple yet addictive: you have the power to control a cube with your mouse and drop marbles onto it.', SYSDATE ,-1, '' );
	INSERT INTO MAP_APP_CATEGORY VALUES( 37800, 3 );
	INSERT INTO MAP_APP_CATEGORY VALUES( 37800, 4 );
	INSERT INTO MAP_APP_CATEGORY VALUES( 37800, 8 );
	INSERT INTO MAP_APP_CATEGORY VALUES( 37800, 11 );
	INSERT INTO MAP_APP_CATEGORY VALUES( 37800, 18 );

	INSERT INTO MAP_APP_DEVELOPER VALUES( 37800, 332 );

	INSERT INTO MAP_APP_GENRE VALUES( 37800, 4 );
	INSERT INTO MAP_APP_GENRE VALUES( 37800, 7 );

	INSERT INTO MAP_APP_LANG VALUES ( 37800, 2,  'Y', 'N', 'N' );
	INSERT INTO MAP_APP_LANG VALUES ( 37800, 3,  'Y', 'N', 'N' );
	INSERT INTO MAP_APP_LANG VALUES ( 37800, 4,  'Y', 'N', 'N' );
	INSERT INTO MAP_APP_LANG VALUES ( 37800, 9,  'Y', 'N', 'N' );
	INSERT INTO MAP_APP_LANG VALUES ( 37800, 6,  'Y', 'N', 'N' );
	INSERT INTO MAP_APP_LANG VALUES ( 37800, 7,  'Y', 'N', 'N' );
	INSERT INTO MAP_APP_LANG VALUES ( 37800, 11,  'Y', 'N', 'N' );

	INSERT INTO MAP_APP_PUBLISHER VALUES( 37800, 332 );

	INSERT INTO MAP_APP_TAG VALUES( 37800, 492 );
	INSERT INTO MAP_APP_TAG VALUES( 37800, 597 );
	INSERT INTO MAP_APP_TAG VALUES( 37800, 1664 );

INSERT INTO APP_TABLE	 VALUES( 37960, 'Jewel_Quest_Pack', 'Includes the first three titles in the the ultimate jewel matching adventure, Jewel Quest! Rupert and Emma have settled down and opened a museum to display their many artifacts. While playing with a mysterious jewel board, their daughter unknowingly pops open a secret compartment.', SYSDATE ,-1, '' );
	INSERT INTO MAP_APP_CATEGORY VALUES( 37960, 3 );

	INSERT INTO MAP_APP_DEVELOPER VALUES( 37960, 333 );

	INSERT INTO MAP_APP_GENRE VALUES( 37960, 7 );

	INSERT INTO MAP_APP_LANG VALUES ( 37960, 2,  'Y', 'N', 'N' );

	INSERT INTO MAP_APP_PUBLISHER VALUES( 37960, 333 );

	INSERT INTO MAP_APP_TAG VALUES( 37960, 597 );
	INSERT INTO MAP_APP_TAG VALUES( 37960, 1665 );
	INSERT INTO MAP_APP_TAG VALUES( 37960, 1664 );

INSERT INTO APP_TABLE	 VALUES( 38070, 'Coconut_Queen', 'In Coconut Queen, the island of Lui Lui beckons you to bask amid miles of sun-drenched coastline. Disembark into its floral air, and discover that you are the island''s much-awaited Coconut Queen. Your own private getaway is devoid of females, so find company among the brawny native gents who welcome you with succulent fruits.', SYSDATE ,-1, '' );
	INSERT INTO MAP_APP_CATEGORY VALUES( 38070, 3 );

	INSERT INTO MAP_APP_DEVELOPER VALUES( 38070, 333 );

	INSERT INTO MAP_APP_GENRE VALUES( 38070, 7 );
	INSERT INTO MAP_APP_GENRE VALUES( 38070, 8 );

	INSERT INTO MAP_APP_LANG VALUES ( 38070, 2,  'Y', 'N', 'N' );

	INSERT INTO MAP_APP_PUBLISHER VALUES( 38070, 333 );

	INSERT INTO MAP_APP_TAG VALUES( 38070, 597 );
	INSERT INTO MAP_APP_TAG VALUES( 38070, 599 );

INSERT INTO APP_TABLE	 VALUES( 38080, 'Build-A-Lot', 'Send the housing market through the roof as you build, buy, and sell houses in the new strategy game, Build-a-lot! You can flip houses for quick cash or sit back and watch the rental income pile up. Become a real estate mogul as you visit scenic towns, earn huge profits and perform special favors for the colorful local mayors.', SYSDATE ,-1, '' );
	INSERT INTO MAP_APP_CATEGORY VALUES( 38080, 3 );

	INSERT INTO MAP_APP_DEVELOPER VALUES( 38080, 334 );

	INSERT INTO MAP_APP_GENRE VALUES( 38080, 8 );

	INSERT INTO MAP_APP_LANG VALUES ( 38080, 2,  'Y', 'N', 'N' );

	INSERT INTO MAP_APP_PUBLISHER VALUES( 38080, 333 );

	INSERT INTO MAP_APP_TAG VALUES( 38080, 599 );
	INSERT INTO MAP_APP_TAG VALUES( 38080, 1643 );

INSERT INTO APP_TABLE	 VALUES( 38090, 'Build-A-Lot_2:_Town_of_the_Year', 'It¡¯s time to get busy again building, buying and selling houses in Build-a-lot 2: Town of the Year! There are new towns to explore, new Mayors to meet and lots of money to be made as you cast your vote for the ¡®Town of the Year¡¯. Use your keen eye to pick the right locations to build parks and shops.', SYSDATE ,-1, '' );
	INSERT INTO MAP_APP_CATEGORY VALUES( 38090, 3 );

	INSERT INTO MAP_APP_DEVELOPER VALUES( 38090, 334 );

	INSERT INTO MAP_APP_GENRE VALUES( 38090, 8 );

	INSERT INTO MAP_APP_LANG VALUES ( 38090, 2,  'Y', 'N', 'N' );

	INSERT INTO MAP_APP_PUBLISHER VALUES( 38090, 333 );

	INSERT INTO MAP_APP_TAG VALUES( 38090, 599 );

INSERT INTO APP_TABLE	 VALUES( 38100, 'Build-A-Lot_3:_Passport_to_Europe', 'Build-a-lot 3 is your passport to fun! Travel all over Europe as you restore rundown houses, develop friendly services and beautify neighborhoods with picturesque landmarks. The changing needs of the neighborhood will sure keep you busy--you may need to brave the rain and snow, deal with noisy neighbors, or even put out a small fire to...', SYSDATE ,-1, '' );
	INSERT INTO MAP_APP_CATEGORY VALUES( 38100, 3 );

	INSERT INTO MAP_APP_DEVELOPER VALUES( 38100, 334 );

	INSERT INTO MAP_APP_GENRE VALUES( 38100, 8 );

	INSERT INTO MAP_APP_LANG VALUES ( 38100, 2,  'Y', 'N', 'N' );

	INSERT INTO MAP_APP_PUBLISHER VALUES( 38100, 333 );

	INSERT INTO MAP_APP_TAG VALUES( 38100, 599 );
	INSERT INTO MAP_APP_TAG VALUES( 38100, 1643 );

INSERT INTO APP_TABLE	 VALUES( 38110, 'Build-A-Lot_4:_Power_Source', 'The power is in your hands! Help friendly towns to grow and glow by building neighborhoods and generating clean energy to make them run. Watch out for power overload! If you build too fast, you may experience blackouts and unhappy renters.', SYSDATE ,-1, '' );
	INSERT INTO MAP_APP_CATEGORY VALUES( 38110, 3 );

	INSERT INTO MAP_APP_DEVELOPER VALUES( 38110, 334 );

	INSERT INTO MAP_APP_GENRE VALUES( 38110, 8 );

	INSERT INTO MAP_APP_LANG VALUES ( 38110, 2,  'Y', 'N', 'N' );

	INSERT INTO MAP_APP_PUBLISHER VALUES( 38110, 333 );

	INSERT INTO MAP_APP_TAG VALUES( 38110, 599 );

INSERT INTO APP_TABLE	 VALUES( 38120, 'Farm_Frenzy', 'Slip into a pair of overalls and try your hand at running a farm! From tending to the fields where your cows graze to gathering eggs for sale at the town market, Farm Frenzy is as stimulating as the real thing-- only you won''t have to experience the nasty smells!', SYSDATE ,-1, '' );
	INSERT INTO MAP_APP_CATEGORY VALUES( 38120, 3 );

	INSERT INTO MAP_APP_DEVELOPER VALUES( 38120, 335 );

	INSERT INTO MAP_APP_GENRE VALUES( 38120, 7 );

	INSERT INTO MAP_APP_LANG VALUES ( 38120, 2,  'Y', 'N', 'N' );

	INSERT INTO MAP_APP_PUBLISHER VALUES( 38120, 333 );

	INSERT INTO MAP_APP_TAG VALUES( 38120, 597 );
	INSERT INTO MAP_APP_TAG VALUES( 38120, 22602 );

INSERT INTO APP_TABLE	 VALUES( 38130, 'Farm_Frenzy_2', 'There''s nothing wrong with indulging in a little "fowl play" when it''s Farm Frenzy 2, the all-new sequel to the smash hit of 2007! The fun never stops as you grow grass, feed chickens, collect eggs and take your produce to market.', SYSDATE ,-1, '' );
	INSERT INTO MAP_APP_CATEGORY VALUES( 38130, 3 );

	INSERT INTO MAP_APP_DEVELOPER VALUES( 38130, 335 );

	INSERT INTO MAP_APP_GENRE VALUES( 38130, 7 );

	INSERT INTO MAP_APP_LANG VALUES ( 38130, 2,  'Y', 'N', 'N' );

	INSERT INTO MAP_APP_PUBLISHER VALUES( 38130, 333 );

	INSERT INTO MAP_APP_TAG VALUES( 38130, 597 );
	INSERT INTO MAP_APP_TAG VALUES( 38130, 22602 );

INSERT INTO APP_TABLE	 VALUES( 38140, 'Farm_Frenzy:_Pizza_Party', 'Pizza lovers unite! It''s time to return to the farm to create your favorite food! You''ll start out by growing grass, feeding animals and collecting produce. Then you''ll turn your goods into the ingredients you need to make different pizzas!', SYSDATE ,-1, '' );
	INSERT INTO MAP_APP_CATEGORY VALUES( 38140, 3 );

	INSERT INTO MAP_APP_DEVELOPER VALUES( 38140, 335 );

	INSERT INTO MAP_APP_GENRE VALUES( 38140, 7 );

	INSERT INTO MAP_APP_LANG VALUES ( 38140, 2,  'Y', 'N', 'N' );

	INSERT INTO MAP_APP_PUBLISHER VALUES( 38140, 333 );

	INSERT INTO MAP_APP_TAG VALUES( 38140, 597 );
	INSERT INTO MAP_APP_TAG VALUES( 38140, 22602 );

INSERT INTO APP_TABLE	 VALUES( 38160, 'Farm_Frenzy_3:_American_Pie', 'Can you keep up with Scarlett and the latest advancements in technology as you grow crops, feed animals, collect produce and manufacture goods? Of course you can! Just don''t let the zany new animations distract you from the task at hand.', SYSDATE ,-1, '' );
	INSERT INTO MAP_APP_CATEGORY VALUES( 38160, 3 );

	INSERT INTO MAP_APP_DEVELOPER VALUES( 38160, 335 );

	INSERT INTO MAP_APP_GENRE VALUES( 38160, 7 );

	INSERT INTO MAP_APP_LANG VALUES ( 38160, 2,  'Y', 'N', 'N' );

	INSERT INTO MAP_APP_PUBLISHER VALUES( 38160, 333 );

	INSERT INTO MAP_APP_TAG VALUES( 38160, 597 );
	INSERT INTO MAP_APP_TAG VALUES( 38160, 22602 );

INSERT INTO APP_TABLE	 VALUES( 38170, 'Cradle_of_Rome', 'Build the heart of the Ancient Roman Empire and become its Emperor! This legendary city was one of the most beautiful and powerful capitals to have ever existed in the ancient world! Resurrect the masterpieces of Roman architecture. The Coliseum will make a good training school for your brave gladiators.', SYSDATE ,-1, '' );
	INSERT INTO MAP_APP_CATEGORY VALUES( 38170, 3 );

	INSERT INTO MAP_APP_DEVELOPER VALUES( 38170, 336 );

	INSERT INTO MAP_APP_GENRE VALUES( 38170, 7 );

	INSERT INTO MAP_APP_LANG VALUES ( 38170, 2,  'Y', 'N', 'N' );

	INSERT INTO MAP_APP_PUBLISHER VALUES( 38170, 333 );

	INSERT INTO MAP_APP_TAG VALUES( 38170, 597 );
	INSERT INTO MAP_APP_TAG VALUES( 38170, 1665 );

INSERT INTO APP_TABLE	 VALUES( 38180, 'Cradle_of_Persia', 'Build the mysterious heart of Ancient Persia in this engaging puzzle game! The original capital of the Achaemenid Empire was adorned with luxurious metals, gems and stone carvings, sure to have impressed peasants and visiting nobles alike.', SYSDATE ,-1, '' );
	INSERT INTO MAP_APP_CATEGORY VALUES( 38180, 3 );

	INSERT INTO MAP_APP_DEVELOPER VALUES( 38180, 336 );

	INSERT INTO MAP_APP_GENRE VALUES( 38180, 7 );

	INSERT INTO MAP_APP_LANG VALUES ( 38180, 2,  'Y', 'N', 'N' );

	INSERT INTO MAP_APP_PUBLISHER VALUES( 38180, 333 );

	INSERT INTO MAP_APP_TAG VALUES( 38180, 597 );
	INSERT INTO MAP_APP_TAG VALUES( 38180, 1665 );

INSERT INTO APP_TABLE	 VALUES( 38190, 'Romance_of_Rome', 'Romance of Rome offers you another chance to visit the legendary Roman Empire. Love and treachery, adventure and jeopardy await you in this amazing hidden object game. Join Marcus as he travels to Rome in search of the greatest adventure of his life!', SYSDATE ,-1, '' );
	INSERT INTO MAP_APP_CATEGORY VALUES( 38190, 3 );

	INSERT INTO MAP_APP_DEVELOPER VALUES( 38190, 336 );

	INSERT INTO MAP_APP_GENRE VALUES( 38190, 7 );

	INSERT INTO MAP_APP_LANG VALUES ( 38190, 2,  'Y', 'N', 'N' );

	INSERT INTO MAP_APP_PUBLISHER VALUES( 38190, 333 );

	INSERT INTO MAP_APP_TAG VALUES( 38190, 597 );
	INSERT INTO MAP_APP_TAG VALUES( 38190, 1738 );

INSERT INTO APP_TABLE	 VALUES( 38230, 'Hotel_Giant_2', 'Following its international success, Hotel Giant is back and bigger than ever. In Hotel Giant 2 you will create the hotel of your dreams and manage prestigious locations around the world. Your goal is to attract as many guests as possible and make sure they are satisfied throughout their stay.', SYSDATE ,8500, '' );
	INSERT INTO MAP_APP_CATEGORY VALUES( 38230, 3 );
	INSERT INTO MAP_APP_CATEGORY VALUES( 38230, 4 );
	INSERT INTO MAP_APP_CATEGORY VALUES( 38230, 8 );
	INSERT INTO MAP_APP_CATEGORY VALUES( 38230, 11 );

	INSERT INTO MAP_APP_DEVELOPER VALUES( 38230, 337 );

	INSERT INTO MAP_APP_GENRE VALUES( 38230, 8 );

	INSERT INTO MAP_APP_LANG VALUES ( 38230, 2,  'Y', 'N', 'N' );
	INSERT INTO MAP_APP_LANG VALUES ( 38230, 3,  'Y', 'N', 'N' );
	INSERT INTO MAP_APP_LANG VALUES ( 38230, 4,  'Y', 'N', 'N' );
	INSERT INTO MAP_APP_LANG VALUES ( 38230, 10,  'Y', 'N', 'N' );
	INSERT INTO MAP_APP_LANG VALUES ( 38230, 9,  'Y', 'N', 'N' );
	INSERT INTO MAP_APP_LANG VALUES ( 38230, 7,  'Y', 'N', 'N' );
	INSERT INTO MAP_APP_LANG VALUES ( 38230, 6,  'Y', 'N', 'N' );


	INSERT INTO MAP_APP_TAG VALUES( 38230, 599 );
	INSERT INTO MAP_APP_TAG VALUES( 38230, 12472 );

INSERT INTO APP_TABLE	 VALUES( 38400, 'Fallout:_A_Post_Nuclear_Role_Playing_Game', 'You''ve just unearthed the classic post-apocalyptic role-playing game that revitalized the entire CRPG genre. The Fallout¢ç SPECIAL system allows drastically different types of characters, meaningful decisions and development that puts you in complete control. Explore the devastated ruins of a golden age civilization.', SYSDATE ,10500, '' );
	INSERT INTO MAP_APP_CATEGORY VALUES( 38400, 3 );
	INSERT INTO MAP_APP_CATEGORY VALUES( 38400, 8 );

	INSERT INTO MAP_APP_DEVELOPER VALUES( 38400, 338 );

	INSERT INTO MAP_APP_GENRE VALUES( 38400, 6 );

	INSERT INTO MAP_APP_LANG VALUES ( 38400, 2,  'Y', 'N', 'N' );
	INSERT INTO MAP_APP_LANG VALUES ( 38400, 4,  'Y', 'N', 'N' );
	INSERT INTO MAP_APP_LANG VALUES ( 38400, 6,  'Y', 'N', 'N' );
	INSERT INTO MAP_APP_LANG VALUES ( 38400, 7,  'Y', 'N', 'N' );


	INSERT INTO MAP_APP_TAG VALUES( 38400, 122 );
	INSERT INTO MAP_APP_TAG VALUES( 38400, 3835 );
	INSERT INTO MAP_APP_TAG VALUES( 38400, 1693 );
	INSERT INTO MAP_APP_TAG VALUES( 38400, 1695 );
	INSERT INTO MAP_APP_TAG VALUES( 38400, 1677 );
	INSERT INTO MAP_APP_TAG VALUES( 38400, 5851 );
	INSERT INTO MAP_APP_TAG VALUES( 38400, 3942 );
	INSERT INTO MAP_APP_TAG VALUES( 38400, 4182 );
	INSERT INTO MAP_APP_TAG VALUES( 38400, 4325 );
	INSERT INTO MAP_APP_TAG VALUES( 38400, 6971 );
	INSERT INTO MAP_APP_TAG VALUES( 38400, 4166 );
	INSERT INTO MAP_APP_TAG VALUES( 38400, 4004 );
	INSERT INTO MAP_APP_TAG VALUES( 38400, 21 );
	INSERT INTO MAP_APP_TAG VALUES( 38400, 6691 );
	INSERT INTO MAP_APP_TAG VALUES( 38400, 3871 );
	INSERT INTO MAP_APP_TAG VALUES( 38400, 4026 );
	INSERT INTO MAP_APP_TAG VALUES( 38400, 3834 );
	INSERT INTO MAP_APP_TAG VALUES( 38400, 4474 );
	INSERT INTO MAP_APP_TAG VALUES( 38400, 1708 );
	INSERT INTO MAP_APP_TAG VALUES( 38400, 3810 );

INSERT INTO APP_TABLE	 VALUES( 38410, 'Fallout_2:_A_Post_Nuclear_Role_Playing_Game', 'Fallout¢ç 2 is the sequel to the critically acclaimed game that took RPG''ing out of the dungeons and into a dynamic, apocalyptic retro-future. It''s been 80 long years since your ancestors trod across the wastelands.', SYSDATE ,10500, '' );
	INSERT INTO MAP_APP_CATEGORY VALUES( 38410, 3 );
	INSERT INTO MAP_APP_CATEGORY VALUES( 38410, 8 );

	INSERT INTO MAP_APP_DEVELOPER VALUES( 38410, 339 );

	INSERT INTO MAP_APP_GENRE VALUES( 38410, 6 );

	INSERT INTO MAP_APP_LANG VALUES ( 38410, 2,  'Y', 'N', 'N' );
	INSERT INTO MAP_APP_LANG VALUES ( 38410, 4,  'Y', 'N', 'N' );
	INSERT INTO MAP_APP_LANG VALUES ( 38410, 6,  'Y', 'N', 'N' );


	INSERT INTO MAP_APP_TAG VALUES( 38410, 122 );
	INSERT INTO MAP_APP_TAG VALUES( 38410, 3835 );
	INSERT INTO MAP_APP_TAG VALUES( 38410, 1693 );
	INSERT INTO MAP_APP_TAG VALUES( 38410, 1695 );
	INSERT INTO MAP_APP_TAG VALUES( 38410, 5851 );
	INSERT INTO MAP_APP_TAG VALUES( 38410, 1677 );
	INSERT INTO MAP_APP_TAG VALUES( 38410, 4325 );
	INSERT INTO MAP_APP_TAG VALUES( 38410, 4182 );
	INSERT INTO MAP_APP_TAG VALUES( 38410, 3942 );
	INSERT INTO MAP_APP_TAG VALUES( 38410, 4166 );
	INSERT INTO MAP_APP_TAG VALUES( 38410, 1742 );
	INSERT INTO MAP_APP_TAG VALUES( 38410, 1756 );
	INSERT INTO MAP_APP_TAG VALUES( 38410, 4004 );
	INSERT INTO MAP_APP_TAG VALUES( 38410, 3834 );
	INSERT INTO MAP_APP_TAG VALUES( 38410, 21 );
	INSERT INTO MAP_APP_TAG VALUES( 38410, 4711 );
	INSERT INTO MAP_APP_TAG VALUES( 38410, 5923 );
	INSERT INTO MAP_APP_TAG VALUES( 38410, 3810 );
	INSERT INTO MAP_APP_TAG VALUES( 38410, 3871 );
	INSERT INTO MAP_APP_TAG VALUES( 38410, 4474 );

INSERT INTO APP_TABLE	 VALUES( 38420, 'Fallout_Tactics:_Brotherhood_of_Steel', 'Tactical Squad-Based Combat comes to the Fallout¢ç Universe! You are the wretched refuse. You may be born from dirt, but we will forge you into steel. You will learn to bend; if not you, will you break. In these dark times, the Brotherhood - your Brotherhood - is all that stands between the rekindled flame of civilization and the howling,...', SYSDATE ,10500, '' );
	INSERT INTO MAP_APP_CATEGORY VALUES( 38420, 3 );
	INSERT INTO MAP_APP_CATEGORY VALUES( 38420, 1 );
	INSERT INTO MAP_APP_CATEGORY VALUES( 38420, 8 );

	INSERT INTO MAP_APP_DEVELOPER VALUES( 38420, 340 );

	INSERT INTO MAP_APP_GENRE VALUES( 38420, 5 );

	INSERT INTO MAP_APP_LANG VALUES ( 38420, 2,  'Y', 'N', 'N' );
	INSERT INTO MAP_APP_LANG VALUES ( 38420, 4,  'Y', 'N', 'N' );
	INSERT INTO MAP_APP_LANG VALUES ( 38420, 6,  'Y', 'N', 'N' );


	INSERT INTO MAP_APP_TAG VALUES( 38420, 3835 );
	INSERT INTO MAP_APP_TAG VALUES( 38420, 122 );
	INSERT INTO MAP_APP_TAG VALUES( 38420, 9 );
	INSERT INTO MAP_APP_TAG VALUES( 38420, 1677 );
	INSERT INTO MAP_APP_TAG VALUES( 38420, 1708 );
	INSERT INTO MAP_APP_TAG VALUES( 38420, 5851 );
	INSERT INTO MAP_APP_TAG VALUES( 38420, 3942 );
	INSERT INTO MAP_APP_TAG VALUES( 38420, 1693 );
	INSERT INTO MAP_APP_TAG VALUES( 38420, 4182 );
	INSERT INTO MAP_APP_TAG VALUES( 38420, 1741 );
	INSERT INTO MAP_APP_TAG VALUES( 38420, 1695 );
	INSERT INTO MAP_APP_TAG VALUES( 38420, 7107 );
	INSERT INTO MAP_APP_TAG VALUES( 38420, 19 );
	INSERT INTO MAP_APP_TAG VALUES( 38420, 4166 );
	INSERT INTO MAP_APP_TAG VALUES( 38420, 21725 );
	INSERT INTO MAP_APP_TAG VALUES( 38420, 3859 );
	INSERT INTO MAP_APP_TAG VALUES( 38420, 14139 );
	INSERT INTO MAP_APP_TAG VALUES( 38420, 4474 );
	INSERT INTO MAP_APP_TAG VALUES( 38420, 1742 );

INSERT INTO APP_TABLE	 VALUES( 38430, 'Kingpin_?_Life_of_Crime', 'Kingpin is a tale of revenge. Take control of a street gang and order your recruits to attack, defend or even do a little safe-cracking to pick up some needed cash. Use that cash to buy nastier weapons and take down your punk enemies in this intense first-person shooter. Being the Kingpin is half attitude and all action.', SYSDATE ,10500, '' );
	INSERT INTO MAP_APP_CATEGORY VALUES( 38430, 3 );
	INSERT INTO MAP_APP_CATEGORY VALUES( 38430, 1 );

	INSERT INTO MAP_APP_DEVELOPER VALUES( 38430, 14 );

	INSERT INTO MAP_APP_GENRE VALUES( 38430, 1 );

	INSERT INTO MAP_APP_LANG VALUES ( 38430, 2,  'Y', 'N', 'N' );
	INSERT INTO MAP_APP_LANG VALUES ( 38430, 4,  'Y', 'N', 'N' );

	INSERT INTO MAP_APP_PUBLISHER VALUES( 38430, 338 );

	INSERT INTO MAP_APP_TAG VALUES( 38430, 19 );
	INSERT INTO MAP_APP_TAG VALUES( 38430, 1663 );
	INSERT INTO MAP_APP_TAG VALUES( 38430, 4182 );
	INSERT INTO MAP_APP_TAG VALUES( 38430, 6378 );
	INSERT INTO MAP_APP_TAG VALUES( 38430, 4345 );
	INSERT INTO MAP_APP_TAG VALUES( 38430, 1693 );
	INSERT INTO MAP_APP_TAG VALUES( 38430, 3859 );
	INSERT INTO MAP_APP_TAG VALUES( 38430, 3839 );
	INSERT INTO MAP_APP_TAG VALUES( 38430, 4667 );
	INSERT INTO MAP_APP_TAG VALUES( 38430, 1774 );
	INSERT INTO MAP_APP_TAG VALUES( 38430, 6691 );

INSERT INTO APP_TABLE	 VALUES( 38440, 'Sacrifice', 'Sacrifice is the acclaimed real-time strategy game that focuses on combat instead of resource gathering. The only two resources you''ll need to worry about are mana and souls. Need more units? Capture the souls of your enemy. Cast spells of awesome power.', SYSDATE ,10500, '' );
	INSERT INTO MAP_APP_CATEGORY VALUES( 38440, 3 );

	INSERT INTO MAP_APP_DEVELOPER VALUES( 38440, 341 );


	INSERT INTO MAP_APP_LANG VALUES ( 38440, 2,  'Y', 'N', 'N' );
	INSERT INTO MAP_APP_LANG VALUES ( 38440, 3,  'Y', 'N', 'N' );
	INSERT INTO MAP_APP_LANG VALUES ( 38440, 4,  'Y', 'N', 'N' );
	INSERT INTO MAP_APP_LANG VALUES ( 38440, 6,  'Y', 'N', 'N' );
	INSERT INTO MAP_APP_LANG VALUES ( 38440, 7,  'Y', 'N', 'N' );

	INSERT INTO MAP_APP_PUBLISHER VALUES( 38440, 338 );

	INSERT INTO MAP_APP_TAG VALUES( 38440, 9 );
	INSERT INTO MAP_APP_TAG VALUES( 38440, 1676 );
	INSERT INTO MAP_APP_TAG VALUES( 38440, 1684 );
	INSERT INTO MAP_APP_TAG VALUES( 38440, 1693 );
	INSERT INTO MAP_APP_TAG VALUES( 38440, 1697 );
	INSERT INTO MAP_APP_TAG VALUES( 38440, 1710 );
	INSERT INTO MAP_APP_TAG VALUES( 38440, 4161 );
	INSERT INTO MAP_APP_TAG VALUES( 38440, 122 );
	INSERT INTO MAP_APP_TAG VALUES( 38440, 3859 );
	INSERT INTO MAP_APP_TAG VALUES( 38440, 4057 );
	INSERT INTO MAP_APP_TAG VALUES( 38440, 4182 );
	INSERT INTO MAP_APP_TAG VALUES( 38440, 19 );

INSERT INTO APP_TABLE	 VALUES( 38450, 'MDK', 'ON A GOOD DAY, ONLY 2.5 MILLION PEOPLE WILL DIE. As vast alien mining cities suck the power and minerals from every major metropolis on Earth simultaneously, time is of the essence as millions of civilians are expiring by the second.', SYSDATE ,16000, '' );
	INSERT INTO MAP_APP_CATEGORY VALUES( 38450, 3 );

	INSERT INTO MAP_APP_DEVELOPER VALUES( 38450, 341 );

	INSERT INTO MAP_APP_GENRE VALUES( 38450, 1 );

	INSERT INTO MAP_APP_LANG VALUES ( 38450, 2,  'Y', 'N', 'N' );
	INSERT INTO MAP_APP_LANG VALUES ( 38450, 3,  'Y', 'N', 'N' );
	INSERT INTO MAP_APP_LANG VALUES ( 38450, 4,  'Y', 'N', 'N' );
	INSERT INTO MAP_APP_LANG VALUES ( 38450, 10,  'Y', 'N', 'N' );
	INSERT INTO MAP_APP_LANG VALUES ( 38450, 6,  'Y', 'N', 'N' );
	INSERT INTO MAP_APP_LANG VALUES ( 38450, 7,  'Y', 'N', 'N' );

	INSERT INTO MAP_APP_PUBLISHER VALUES( 38450, 338 );

	INSERT INTO MAP_APP_TAG VALUES( 38450, 19 );
	INSERT INTO MAP_APP_TAG VALUES( 38450, 1693 );
	INSERT INTO MAP_APP_TAG VALUES( 38450, 3814 );

INSERT INTO APP_TABLE	 VALUES( 38460, 'MDK_2', '3 Unlikely Heroes, 1 Ultimate Goal Kurt Hectic is back to save the universe. This time he is teamed with the genius Dr. Hawkins and the 6-legged gun-toting robotic dog, Max. Together they must out-sneak, out-blast and out-think their enemies as they attempt to reclaim earth from a vile alien menace.', SYSDATE ,16000, '' );
	INSERT INTO MAP_APP_CATEGORY VALUES( 38460, 3 );

	INSERT INTO MAP_APP_DEVELOPER VALUES( 38460, 81 );

	INSERT INTO MAP_APP_GENRE VALUES( 38460, 1 );

	INSERT INTO MAP_APP_LANG VALUES ( 38460, 2,  'Y', 'N', 'N' );
	INSERT INTO MAP_APP_LANG VALUES ( 38460, 3,  'Y', 'N', 'N' );
	INSERT INTO MAP_APP_LANG VALUES ( 38460, 4,  'Y', 'N', 'N' );
	INSERT INTO MAP_APP_LANG VALUES ( 38460, 6,  'Y', 'N', 'N' );
	INSERT INTO MAP_APP_LANG VALUES ( 38460, 7,  'Y', 'N', 'N' );

	INSERT INTO MAP_APP_PUBLISHER VALUES( 38460, 338 );

	INSERT INTO MAP_APP_TAG VALUES( 38460, 19 );
	INSERT INTO MAP_APP_TAG VALUES( 38460, 1693 );
	INSERT INTO MAP_APP_TAG VALUES( 38460, 1697 );
	INSERT INTO MAP_APP_TAG VALUES( 38460, 3942 );
	INSERT INTO MAP_APP_TAG VALUES( 38460, 1719 );

INSERT INTO APP_TABLE	 VALUES( 38480, 'Earthworm_Jim', 'Jim wasn''t always a studly super-worm. He was once just a spineless, dirt-eater with no real mission in his life... But then something unexpected happened. The evil Psy-Crow was transporting a super suit, built by the genius Professor Monkey-For-A-Head, to Queen Pulsating, Bloated, Festering, Sweaty, Pus-Filled, Malformed,...', SYSDATE ,21000, '' );
	INSERT INTO MAP_APP_CATEGORY VALUES( 38480, 3 );

	INSERT INTO MAP_APP_DEVELOPER VALUES( 38480, 341 );

	INSERT INTO MAP_APP_GENRE VALUES( 38480, 1 );
	INSERT INTO MAP_APP_GENRE VALUES( 38480, 3 );

	INSERT INTO MAP_APP_LANG VALUES ( 38480, 2,  'Y', 'N', 'N' );

	INSERT INTO MAP_APP_PUBLISHER VALUES( 38480, 338 );

	INSERT INTO MAP_APP_TAG VALUES( 38480, 19 );
	INSERT INTO MAP_APP_TAG VALUES( 38480, 21 );
	INSERT INTO MAP_APP_TAG VALUES( 38480, 1625 );
	INSERT INTO MAP_APP_TAG VALUES( 38480, 1693 );
	INSERT INTO MAP_APP_TAG VALUES( 38480, 3871 );

INSERT INTO APP_TABLE	 VALUES( 38490, 'Earthworm_Jim_2', 'From Evil the Cat¡¯s¡¯Circus of the Scars¡¯ to the planet of Meat, join Jim on a madcap chase across the galaxy. Saving cows, thwarting lawyers and outsmarting Psy-Crow are all in a day¡¯s work for Jim. Are you up to the challenge? Can you handle the awesome new weapons? Excellent! Then stop reading this. Try it now!', SYSDATE ,21000, '' );
	INSERT INTO MAP_APP_CATEGORY VALUES( 38490, 3 );

	INSERT INTO MAP_APP_DEVELOPER VALUES( 38490, 341 );

	INSERT INTO MAP_APP_GENRE VALUES( 38490, 1 );
	INSERT INTO MAP_APP_GENRE VALUES( 38490, 3 );

	INSERT INTO MAP_APP_LANG VALUES ( 38490, 2,  'Y', 'N', 'N' );

	INSERT INTO MAP_APP_PUBLISHER VALUES( 38490, 338 );

	INSERT INTO MAP_APP_TAG VALUES( 38490, 21 );
	INSERT INTO MAP_APP_TAG VALUES( 38490, 19 );
	INSERT INTO MAP_APP_TAG VALUES( 38490, 1693 );
	INSERT INTO MAP_APP_TAG VALUES( 38490, 1625 );
	INSERT INTO MAP_APP_TAG VALUES( 38490, 3871 );

INSERT INTO APP_TABLE	 VALUES( 38600, 'Faerie_Solitaire', 'Have magical fun in the addicting Card game, Faerie Solitaire! Find and raise a Faerie pet and repopulate the magical land of Avalon using the resources found by clearing each level.', SYSDATE ,52500, '' );
	INSERT INTO MAP_APP_CATEGORY VALUES( 38600, 3 );
	INSERT INTO MAP_APP_CATEGORY VALUES( 38600, 4 );
	INSERT INTO MAP_APP_CATEGORY VALUES( 38600, 5 );

	INSERT INTO MAP_APP_DEVELOPER VALUES( 38600, 342 );

	INSERT INTO MAP_APP_GENRE VALUES( 38600, 7 );
	INSERT INTO MAP_APP_GENRE VALUES( 38600, 4 );

	INSERT INTO MAP_APP_LANG VALUES ( 38600, 2,  'Y', 'N', 'N' );

	INSERT INTO MAP_APP_PUBLISHER VALUES( 38600, 342 );

	INSERT INTO MAP_APP_TAG VALUES( 38600, 1666 );
	INSERT INTO MAP_APP_TAG VALUES( 38600, 597 );
	INSERT INTO MAP_APP_TAG VALUES( 38600, 492 );
	INSERT INTO MAP_APP_TAG VALUES( 38600, 4182 );
	INSERT INTO MAP_APP_TAG VALUES( 38600, 1664 );
	INSERT INTO MAP_APP_TAG VALUES( 38600, 11123 );
	INSERT INTO MAP_APP_TAG VALUES( 38600, 1684 );
	INSERT INTO MAP_APP_TAG VALUES( 38600, 3871 );
	INSERT INTO MAP_APP_TAG VALUES( 38600, 5350 );
	INSERT INTO MAP_APP_TAG VALUES( 38600, 25085 );
	INSERT INTO MAP_APP_TAG VALUES( 38600, 4726 );

INSERT INTO APP_TABLE	 VALUES( 38740, 'EDGE', 'EDGE, the award winning retro-styled platform game has been extended! Now with over 40 brand new levels, additional music and all-new races against the notorious Dark Cube!', SYSDATE ,7500, '' );
	INSERT INTO MAP_APP_CATEGORY VALUES( 38740, 3 );
	INSERT INTO MAP_APP_CATEGORY VALUES( 38740, 4 );
	INSERT INTO MAP_APP_CATEGORY VALUES( 38740, 7 );
	INSERT INTO MAP_APP_CATEGORY VALUES( 38740, 8 );
	INSERT INTO MAP_APP_CATEGORY VALUES( 38740, 18 );

	INSERT INTO MAP_APP_DEVELOPER VALUES( 38740, 343 );

	INSERT INTO MAP_APP_GENRE VALUES( 38740, 1 );
	INSERT INTO MAP_APP_GENRE VALUES( 38740, 4 );

	INSERT INTO MAP_APP_LANG VALUES ( 38740, 2,  'Y', 'N', 'N' );
	INSERT INTO MAP_APP_LANG VALUES ( 38740, 3,  'Y', 'N', 'N' );
	INSERT INTO MAP_APP_LANG VALUES ( 38740, 4,  'Y', 'N', 'N' );
	INSERT INTO MAP_APP_LANG VALUES ( 38740, 10,  'Y', 'N', 'N' );
	INSERT INTO MAP_APP_LANG VALUES ( 38740, 13,  'Y', 'N', 'N' );
	INSERT INTO MAP_APP_LANG VALUES ( 38740, 15,  'Y', 'N', 'N' );
	INSERT INTO MAP_APP_LANG VALUES ( 38740, 6,  'Y', 'N', 'N' );
	INSERT INTO MAP_APP_LANG VALUES ( 38740, 7,  'Y', 'N', 'N' );
	INSERT INTO MAP_APP_LANG VALUES ( 38740, 24,  'Y', 'N', 'N' );
	INSERT INTO MAP_APP_LANG VALUES ( 38740, 17,  'Y', 'N', 'N' );
	INSERT INTO MAP_APP_LANG VALUES ( 38740, 19,  'Y', 'N', 'N' );


	INSERT INTO MAP_APP_TAG VALUES( 38740, 1664 );
	INSERT INTO MAP_APP_TAG VALUES( 38740, 492 );
	INSERT INTO MAP_APP_TAG VALUES( 38740, 19 );
	INSERT INTO MAP_APP_TAG VALUES( 38740, 1625 );
	INSERT INTO MAP_APP_TAG VALUES( 38740, 1756 );
	INSERT INTO MAP_APP_TAG VALUES( 38740, 4182 );
	INSERT INTO MAP_APP_TAG VALUES( 38740, 5851 );
	INSERT INTO MAP_APP_TAG VALUES( 38740, 4400 );
	INSERT INTO MAP_APP_TAG VALUES( 38740, 597 );
	INSERT INTO MAP_APP_TAG VALUES( 38740, 5390 );
	INSERT INTO MAP_APP_TAG VALUES( 38740, 4004 );

INSERT INTO APP_TABLE	 VALUES( 6000, 'STAR_WARS¢â_Republic_Commando¢â', 'You are the leader of an elite squad of Republic Commandos, your mission is to infiltrate, dominate, and ultimately, annihilate the enemy. Your squad will follow your orders and your lead, working together as a team - instinctively, intelligently, instantly. You are their leader. They are your weapon.', SYSDATE ,-1, '' );
	INSERT INTO MAP_APP_CATEGORY VALUES( 6000, 3 );
	INSERT INTO MAP_APP_CATEGORY VALUES( 6000, 1 );
	INSERT INTO MAP_APP_CATEGORY VALUES( 6000, 22 );
	INSERT INTO MAP_APP_CATEGORY VALUES( 6000, 8 );

	INSERT INTO MAP_APP_DEVELOPER VALUES( 6000, 61 );

	INSERT INTO MAP_APP_GENRE VALUES( 6000, 1 );

	INSERT INTO MAP_APP_LANG VALUES ( 6000, 2,  'Y', 'Y', 'Y' );
	INSERT INTO MAP_APP_LANG VALUES ( 6000, 3,  'N', 'N', 'Y' );
	INSERT INTO MAP_APP_LANG VALUES ( 6000, 4,  'Y', 'Y', 'Y' );
	INSERT INTO MAP_APP_LANG VALUES ( 6000, 6,  'Y', 'Y', 'Y' );
	INSERT INTO MAP_APP_LANG VALUES ( 6000, 7,  'Y', 'N', 'Y' );

	INSERT INTO MAP_APP_PUBLISHER VALUES( 6000, 61 );

	INSERT INTO MAP_APP_TAG VALUES( 6000, 1735 );
	INSERT INTO MAP_APP_TAG VALUES( 6000, 19 );
	INSERT INTO MAP_APP_TAG VALUES( 6000, 1663 );
	INSERT INTO MAP_APP_TAG VALUES( 6000, 1708 );
	INSERT INTO MAP_APP_TAG VALUES( 6000, 3942 );
	INSERT INTO MAP_APP_TAG VALUES( 6000, 4182 );
	INSERT INTO MAP_APP_TAG VALUES( 6000, 1774 );
	INSERT INTO MAP_APP_TAG VALUES( 6000, 3839 );
	INSERT INTO MAP_APP_TAG VALUES( 6000, 3859 );
	INSERT INTO MAP_APP_TAG VALUES( 6000, 1693 );
	INSERT INTO MAP_APP_TAG VALUES( 6000, 1756 );
	INSERT INTO MAP_APP_TAG VALUES( 6000, 1755 );
	INSERT INTO MAP_APP_TAG VALUES( 6000, 4166 );
	INSERT INTO MAP_APP_TAG VALUES( 6000, 21 );
	INSERT INTO MAP_APP_TAG VALUES( 6000, 5711 );
	INSERT INTO MAP_APP_TAG VALUES( 6000, 1685 );
	INSERT INTO MAP_APP_TAG VALUES( 6000, 1678 );
	INSERT INTO MAP_APP_TAG VALUES( 6000, 9 );
	INSERT INTO MAP_APP_TAG VALUES( 6000, 4342 );
	INSERT INTO MAP_APP_TAG VALUES( 6000, 4295 );

INSERT INTO APP_TABLE	 VALUES( 6010, 'Indiana_Jones¢ç_and_the_Fate_of_Atlantis¢â', 'The Man With The Hat Is Back In His Greatest Adventure Yet! 1939 - The eve of World War II. Nazi agents are about to get their hands on a weapon more dangerous than the atom bomb. Only Indy can stop them before they unleash the deadly secret that sank Atlantis.', SYSDATE ,6500, '' );
	INSERT INTO MAP_APP_CATEGORY VALUES( 6010, 3 );
	INSERT INTO MAP_APP_CATEGORY VALUES( 6010, 23 );
	INSERT INTO MAP_APP_CATEGORY VALUES( 6010, 8 );

	INSERT INTO MAP_APP_DEVELOPER VALUES( 6010, 61 );

	INSERT INTO MAP_APP_GENRE VALUES( 6010, 3 );

	INSERT INTO MAP_APP_LANG VALUES ( 6010, 2,  'Y', 'N', 'N' );

	INSERT INTO MAP_APP_PUBLISHER VALUES( 6010, 61 );

	INSERT INTO MAP_APP_TAG VALUES( 6010, 21 );
	INSERT INTO MAP_APP_TAG VALUES( 6010, 1698 );
	INSERT INTO MAP_APP_TAG VALUES( 6010, 1693 );
	INSERT INTO MAP_APP_TAG VALUES( 6010, 4182 );
	INSERT INTO MAP_APP_TAG VALUES( 6010, 6691 );
	INSERT INTO MAP_APP_TAG VALUES( 6010, 3964 );
	INSERT INTO MAP_APP_TAG VALUES( 6010, 4004 );
	INSERT INTO MAP_APP_TAG VALUES( 6010, 1697 );

INSERT INTO APP_TABLE	 VALUES( 6020, 'STAR_WARS¢â_Jedi_Knight_-_Jedi_Academy¢â', 'Forge your weapon and follow the path of the Jedi Jedi Knight: Jedi Academy is the latest installment of the highly acclaimed Jedi Knight series. Take on the role of a new student eager to learn the ways of the Force from Jedi Master Luke Skywalker.', SYSDATE ,-1, '' );
	INSERT INTO MAP_APP_CATEGORY VALUES( 6020, 3 );
	INSERT INTO MAP_APP_CATEGORY VALUES( 6020, 19 );
	INSERT INTO MAP_APP_CATEGORY VALUES( 6020, 22 );
	INSERT INTO MAP_APP_CATEGORY VALUES( 6020, 7 );
	INSERT INTO MAP_APP_CATEGORY VALUES( 6020, 8 );

	INSERT INTO MAP_APP_DEVELOPER VALUES( 6020, 16 );
	INSERT INTO MAP_APP_DEVELOPER VALUES( 6020, 24 );

	INSERT INTO MAP_APP_GENRE VALUES( 6020, 1 );

	INSERT INTO MAP_APP_LANG VALUES ( 6020, 2,  'Y', 'Y', 'Y' );
	INSERT INTO MAP_APP_LANG VALUES ( 6020, 4,  'Y', 'Y', 'Y' );
	INSERT INTO MAP_APP_LANG VALUES ( 6020, 6,  'Y', 'Y', 'Y' );
	INSERT INTO MAP_APP_LANG VALUES ( 6020, 7,  'Y', 'Y', 'Y' );

	INSERT INTO MAP_APP_PUBLISHER VALUES( 6020, 61 );
	INSERT INTO MAP_APP_PUBLISHER VALUES( 6020, 24 );

	INSERT INTO MAP_APP_TAG VALUES( 6020, 1735 );
	INSERT INTO MAP_APP_TAG VALUES( 6020, 19 );
	INSERT INTO MAP_APP_TAG VALUES( 6020, 3942 );
	INSERT INTO MAP_APP_TAG VALUES( 6020, 3859 );
	INSERT INTO MAP_APP_TAG VALUES( 6020, 1697 );
	INSERT INTO MAP_APP_TAG VALUES( 6020, 4182 );
	INSERT INTO MAP_APP_TAG VALUES( 6020, 1693 );
	INSERT INTO MAP_APP_TAG VALUES( 6020, 1663 );
	INSERT INTO MAP_APP_TAG VALUES( 6020, 4747 );
	INSERT INTO MAP_APP_TAG VALUES( 6020, 1669 );
	INSERT INTO MAP_APP_TAG VALUES( 6020, 21 );
	INSERT INTO MAP_APP_TAG VALUES( 6020, 1774 );
	INSERT INTO MAP_APP_TAG VALUES( 6020, 4608 );
	INSERT INTO MAP_APP_TAG VALUES( 6020, 3839 );
	INSERT INTO MAP_APP_TAG VALUES( 6020, 122 );
	INSERT INTO MAP_APP_TAG VALUES( 6020, 3814 );
	INSERT INTO MAP_APP_TAG VALUES( 6020, 1756 );
	INSERT INTO MAP_APP_TAG VALUES( 6020, 1646 );
	INSERT INTO MAP_APP_TAG VALUES( 6020, 1743 );
	INSERT INTO MAP_APP_TAG VALUES( 6020, 7208 );

INSERT INTO APP_TABLE	 VALUES( 6030, 'STAR_WARS¢â_Jedi_Knight_II_-_Jedi_Outcast¢â', 'The Legacy of Star Wars Dark Forces¢â and Star Wars¢ç Jedi Knight lives on in the intense first-person action of Jedi Outcast.', SYSDATE ,-1, '' );
	INSERT INTO MAP_APP_CATEGORY VALUES( 6030, 3 );
	INSERT INTO MAP_APP_CATEGORY VALUES( 6030, 19 );
	INSERT INTO MAP_APP_CATEGORY VALUES( 6030, 22 );
	INSERT INTO MAP_APP_CATEGORY VALUES( 6030, 7 );
	INSERT INTO MAP_APP_CATEGORY VALUES( 6030, 8 );

	INSERT INTO MAP_APP_DEVELOPER VALUES( 6030, 16 );
	INSERT INTO MAP_APP_DEVELOPER VALUES( 6030, 24 );

	INSERT INTO MAP_APP_GENRE VALUES( 6030, 1 );

	INSERT INTO MAP_APP_LANG VALUES ( 6030, 2,  'Y', 'Y', 'Y' );
	INSERT INTO MAP_APP_LANG VALUES ( 6030, 4,  'Y', 'Y', 'Y' );
	INSERT INTO MAP_APP_LANG VALUES ( 6030, 6,  'Y', 'Y', 'Y' );
	INSERT INTO MAP_APP_LANG VALUES ( 6030, 7,  'Y', 'N', 'Y' );
	INSERT INTO MAP_APP_LANG VALUES ( 6030, 8,  'Y', 'N', 'Y' );

	INSERT INTO MAP_APP_PUBLISHER VALUES( 6030, 61 );
	INSERT INTO MAP_APP_PUBLISHER VALUES( 6030, 24 );

	INSERT INTO MAP_APP_TAG VALUES( 6030, 1735 );
	INSERT INTO MAP_APP_TAG VALUES( 6030, 19 );
	INSERT INTO MAP_APP_TAG VALUES( 6030, 1693 );
	INSERT INTO MAP_APP_TAG VALUES( 6030, 3942 );
	INSERT INTO MAP_APP_TAG VALUES( 6030, 1663 );
	INSERT INTO MAP_APP_TAG VALUES( 6030, 3859 );
	INSERT INTO MAP_APP_TAG VALUES( 6030, 1697 );
	INSERT INTO MAP_APP_TAG VALUES( 6030, 1774 );
	INSERT INTO MAP_APP_TAG VALUES( 6030, 4182 );
	INSERT INTO MAP_APP_TAG VALUES( 6030, 3814 );
	INSERT INTO MAP_APP_TAG VALUES( 6030, 1756 );
	INSERT INTO MAP_APP_TAG VALUES( 6030, 1742 );
	INSERT INTO MAP_APP_TAG VALUES( 6030, 21 );
	INSERT INTO MAP_APP_TAG VALUES( 6030, 3839 );
	INSERT INTO MAP_APP_TAG VALUES( 6030, 7782 );
	INSERT INTO MAP_APP_TAG VALUES( 6030, 4608 );
	INSERT INTO MAP_APP_TAG VALUES( 6030, 1669 );
	INSERT INTO MAP_APP_TAG VALUES( 6030, 1755 );
	INSERT INTO MAP_APP_TAG VALUES( 6030, 4166 );

INSERT INTO APP_TABLE	 VALUES( 6040, 'The_Dig¢ç', 'An asteroid the size of a small moon is on a crash course toward Earth. Once the wayward asteroid is nuked into a safe orbit, a trio conducts a routine examination of the rocky surface. What they uncover is anything but routine.', SYSDATE ,6500, '' );
	INSERT INTO MAP_APP_CATEGORY VALUES( 6040, 3 );
	INSERT INTO MAP_APP_CATEGORY VALUES( 6040, 8 );

	INSERT INTO MAP_APP_DEVELOPER VALUES( 6040, 61 );

	INSERT INTO MAP_APP_GENRE VALUES( 6040, 3 );

	INSERT INTO MAP_APP_LANG VALUES ( 6040, 2,  'Y', 'Y', 'Y' );
	INSERT INTO MAP_APP_LANG VALUES ( 6040, 3,  'Y', 'Y', 'Y' );
	INSERT INTO MAP_APP_LANG VALUES ( 6040, 4,  'Y', 'Y', 'Y' );
	INSERT INTO MAP_APP_LANG VALUES ( 6040, 6,  'Y', 'Y', 'Y' );
	INSERT INTO MAP_APP_LANG VALUES ( 6040, 7,  'Y', 'Y', 'Y' );

	INSERT INTO MAP_APP_PUBLISHER VALUES( 6040, 61 );

	INSERT INTO MAP_APP_TAG VALUES( 6040, 21 );
	INSERT INTO MAP_APP_TAG VALUES( 6040, 1698 );
	INSERT INTO MAP_APP_TAG VALUES( 6040, 3942 );
	INSERT INTO MAP_APP_TAG VALUES( 6040, 1693 );
	INSERT INTO MAP_APP_TAG VALUES( 6040, 1755 );
	INSERT INTO MAP_APP_TAG VALUES( 6040, 1756 );
	INSERT INTO MAP_APP_TAG VALUES( 6040, 3964 );
	INSERT INTO MAP_APP_TAG VALUES( 6040, 4166 );
	INSERT INTO MAP_APP_TAG VALUES( 6040, 1742 );
	INSERT INTO MAP_APP_TAG VALUES( 6040, 4182 );
	INSERT INTO MAP_APP_TAG VALUES( 6040, 6691 );
	INSERT INTO MAP_APP_TAG VALUES( 6040, 1697 );
	INSERT INTO MAP_APP_TAG VALUES( 6040, 1673 );
	INSERT INTO MAP_APP_TAG VALUES( 6040, 4004 );

INSERT INTO APP_TABLE	 VALUES( 6060, 'Star_Wars:_Battlefront_2_(Classic,_2005)', 'Join the rise of Darth Vader¡¯s elite 501st Legion of Stormtroopers as you fight through an all new story-based saga where every action you take impacts the battlefront and, ultimately, the fate of the Star Wars galaxy.', SYSDATE ,-1, '' );
	INSERT INTO MAP_APP_CATEGORY VALUES( 6060, 3 );
	INSERT INTO MAP_APP_CATEGORY VALUES( 6060, 7 );
	INSERT INTO MAP_APP_CATEGORY VALUES( 6060, 8 );

	INSERT INTO MAP_APP_DEVELOPER VALUES( 6060, 53 );

	INSERT INTO MAP_APP_GENRE VALUES( 6060, 1 );

	INSERT INTO MAP_APP_LANG VALUES ( 6060, 2,  'Y', 'Y', 'Y' );

	INSERT INTO MAP_APP_PUBLISHER VALUES( 6060, 61 );

	INSERT INTO MAP_APP_TAG VALUES( 6060, 1735 );
	INSERT INTO MAP_APP_TAG VALUES( 6060, 19 );
	INSERT INTO MAP_APP_TAG VALUES( 6060, 3859 );
	INSERT INTO MAP_APP_TAG VALUES( 6060, 3814 );
	INSERT INTO MAP_APP_TAG VALUES( 6060, 1774 );
	INSERT INTO MAP_APP_TAG VALUES( 6060, 3942 );
	INSERT INTO MAP_APP_TAG VALUES( 6060, 1755 );
	INSERT INTO MAP_APP_TAG VALUES( 6060, 1693 );
	INSERT INTO MAP_APP_TAG VALUES( 6060, 1663 );
	INSERT INTO MAP_APP_TAG VALUES( 6060, 3839 );
	INSERT INTO MAP_APP_TAG VALUES( 6060, 4182 );
	INSERT INTO MAP_APP_TAG VALUES( 6060, 1669 );
	INSERT INTO MAP_APP_TAG VALUES( 6060, 1697 );
	INSERT INTO MAP_APP_TAG VALUES( 6060, 4168 );
	INSERT INTO MAP_APP_TAG VALUES( 6060, 1708 );
	INSERT INTO MAP_APP_TAG VALUES( 6060, 1685 );
	INSERT INTO MAP_APP_TAG VALUES( 6060, 9 );
	INSERT INTO MAP_APP_TAG VALUES( 6060, 1756 );
	INSERT INTO MAP_APP_TAG VALUES( 6060, 21 );
	INSERT INTO MAP_APP_TAG VALUES( 6060, 1695 );

INSERT INTO APP_TABLE	 VALUES( 6090, 'Armed_and_Dangerous¢ç', 'Meet the Lionhearts. A smack-talking rag-tag band of rebels on an impossible quest. If they can make it through an army of psychotic robots and wall-smashing Goliaths, they just might save the world... if they don''t burn it down first.', SYSDATE ,6500, '' );
	INSERT INTO MAP_APP_CATEGORY VALUES( 6090, 3 );
	INSERT INTO MAP_APP_CATEGORY VALUES( 6090, 8 );

	INSERT INTO MAP_APP_DEVELOPER VALUES( 6090, 62 );

	INSERT INTO MAP_APP_GENRE VALUES( 6090, 1 );

	INSERT INTO MAP_APP_LANG VALUES ( 6090, 2,  'Y', 'Y', 'Y' );
	INSERT INTO MAP_APP_LANG VALUES ( 6090, 3,  'Y', 'N', 'Y' );
	INSERT INTO MAP_APP_LANG VALUES ( 6090, 4,  'Y', 'Y', 'Y' );
	INSERT INTO MAP_APP_LANG VALUES ( 6090, 6,  'Y', 'Y', 'Y' );
	INSERT INTO MAP_APP_LANG VALUES ( 6090, 7,  'Y', 'N', 'Y' );

	INSERT INTO MAP_APP_PUBLISHER VALUES( 6090, 61 );

	INSERT INTO MAP_APP_TAG VALUES( 6090, 19 );
	INSERT INTO MAP_APP_TAG VALUES( 6090, 3814 );
	INSERT INTO MAP_APP_TAG VALUES( 6090, 1719 );
	INSERT INTO MAP_APP_TAG VALUES( 6090, 4136 );
	INSERT INTO MAP_APP_TAG VALUES( 6090, 1693 );
	INSERT INTO MAP_APP_TAG VALUES( 6090, 1774 );

INSERT INTO APP_TABLE	 VALUES( 6120, 'Shank', 'Shank is the cult-classic revival of the sidescrolling beat-em-up. Play as Shank in an over-the-top grindhouse game, packed to the rim with enemies, bosses, combos, and more by the award-winning team at Klei Entertainment.', SYSDATE ,10500, '' );
	INSERT INTO MAP_APP_CATEGORY VALUES( 6120, 3 );
	INSERT INTO MAP_APP_CATEGORY VALUES( 6120, 21 );
	INSERT INTO MAP_APP_CATEGORY VALUES( 6120, 4 );
	INSERT INTO MAP_APP_CATEGORY VALUES( 6120, 17 );
	INSERT INTO MAP_APP_CATEGORY VALUES( 6120, 8 );

	INSERT INTO MAP_APP_DEVELOPER VALUES( 6120, 63 );

	INSERT INTO MAP_APP_GENRE VALUES( 6120, 1 );
	INSERT INTO MAP_APP_GENRE VALUES( 6120, 4 );

	INSERT INTO MAP_APP_LANG VALUES ( 6120, 2,  'Y', 'Y', 'N' );

	INSERT INTO MAP_APP_PUBLISHER VALUES( 6120, 63 );

	INSERT INTO MAP_APP_TAG VALUES( 6120, 19 );
	INSERT INTO MAP_APP_TAG VALUES( 6120, 492 );
	INSERT INTO MAP_APP_TAG VALUES( 6120, 4158 );
	INSERT INTO MAP_APP_TAG VALUES( 6120, 3841 );
	INSERT INTO MAP_APP_TAG VALUES( 6120, 3798 );
	INSERT INTO MAP_APP_TAG VALUES( 6120, 3871 );
	INSERT INTO MAP_APP_TAG VALUES( 6120, 1625 );
	INSERT INTO MAP_APP_TAG VALUES( 6120, 4345 );
	INSERT INTO MAP_APP_TAG VALUES( 6120, 4182 );
	INSERT INTO MAP_APP_TAG VALUES( 6120, 4234 );
	INSERT INTO MAP_APP_TAG VALUES( 6120, 21 );
	INSERT INTO MAP_APP_TAG VALUES( 6120, 1685 );
	INSERT INTO MAP_APP_TAG VALUES( 6120, 7481 );
	INSERT INTO MAP_APP_TAG VALUES( 6120, 3859 );

INSERT INTO APP_TABLE	 VALUES( 6200, 'Ghost_Master¢ç', 'Grim spectres, howling banshees, and sly gremlins are yours to command as you unleash ghastly spirits on the town of Gravenville and scare the wits out of its citizens. In the world of the Ghost Master, spooks do your bidding, as you solve puzzles and unlock mysteries in a challenge that combines the best of strategy, adventure, and...', SYSDATE ,5500, '' );
	INSERT INTO MAP_APP_CATEGORY VALUES( 6200, 3 );

	INSERT INTO MAP_APP_DEVELOPER VALUES( 6200, 64 );

	INSERT INTO MAP_APP_GENRE VALUES( 6200, 5 );

	INSERT INTO MAP_APP_LANG VALUES ( 6200, 2,  'Y', 'N', 'N' );
	INSERT INTO MAP_APP_LANG VALUES ( 6200, 3,  'Y', 'N', 'N' );
	INSERT INTO MAP_APP_LANG VALUES ( 6200, 4,  'Y', 'N', 'N' );
	INSERT INTO MAP_APP_LANG VALUES ( 6200, 6,  'Y', 'N', 'N' );

	INSERT INTO MAP_APP_PUBLISHER VALUES( 6200, 9 );

	INSERT INTO MAP_APP_TAG VALUES( 6200, 9 );
	INSERT INTO MAP_APP_TAG VALUES( 6200, 1719 );
	INSERT INTO MAP_APP_TAG VALUES( 6200, 1664 );
	INSERT INTO MAP_APP_TAG VALUES( 6200, 599 );
	INSERT INTO MAP_APP_TAG VALUES( 6200, 1693 );
	INSERT INTO MAP_APP_TAG VALUES( 6200, 4182 );
	INSERT INTO MAP_APP_TAG VALUES( 6200, 4136 );
	INSERT INTO MAP_APP_TAG VALUES( 6200, 1708 );
	INSERT INTO MAP_APP_TAG VALUES( 6200, 1667 );
	INSERT INTO MAP_APP_TAG VALUES( 6200, 3810 );
	INSERT INTO MAP_APP_TAG VALUES( 6200, 1756 );

INSERT INTO APP_TABLE	 VALUES( 6210, 'Vegas:_Make_It_Big¢â', 'Develop a state-of-the art Las Vegas resort complex, using all the money and management skill you can. Customers on the living, breathing Las Vegas boulevard are Notoriously hard to satisfy - can you win the hearts and wallets of Vegas? Amazing real-time 3D graphics show off your resort to the max.', SYSDATE ,5500, '' );
	INSERT INTO MAP_APP_CATEGORY VALUES( 6210, 3 );

	INSERT INTO MAP_APP_DEVELOPER VALUES( 6210, 65 );

	INSERT INTO MAP_APP_GENRE VALUES( 6210, 5 );

	INSERT INTO MAP_APP_LANG VALUES ( 6210, 2,  'Y', 'N', 'N' );

	INSERT INTO MAP_APP_PUBLISHER VALUES( 6210, 9 );

	INSERT INTO MAP_APP_TAG VALUES( 6210, 9 );
	INSERT INTO MAP_APP_TAG VALUES( 6210, 599 );
	INSERT INTO MAP_APP_TAG VALUES( 6210, 12472 );

INSERT INTO APP_TABLE	 VALUES( 6220, 'FlatOut', 'FlatOut is adrenaline-filled muscle car racing game packed with explosive physics, spectacular effects and graphics, innovative game play mechanics and good old fun! Eight players or AI cars on track for close pack racing Single player Career, Quick race and Time trial modes Multiplayer mayhem with up to 8 players 16 different fully...', SYSDATE ,8500, '' );
	INSERT INTO MAP_APP_CATEGORY VALUES( 6220, 3 );
	INSERT INTO MAP_APP_CATEGORY VALUES( 6220, 1 );

	INSERT INTO MAP_APP_DEVELOPER VALUES( 6220, 66 );

	INSERT INTO MAP_APP_GENRE VALUES( 6220, 9 );

	INSERT INTO MAP_APP_LANG VALUES ( 6220, 2,  'Y', 'N', 'N' );
	INSERT INTO MAP_APP_LANG VALUES ( 6220, 3,  'Y', 'N', 'N' );
	INSERT INTO MAP_APP_LANG VALUES ( 6220, 4,  'Y', 'N', 'N' );
	INSERT INTO MAP_APP_LANG VALUES ( 6220, 6,  'Y', 'N', 'N' );
	INSERT INTO MAP_APP_LANG VALUES ( 6220, 7,  'Y', 'N', 'N' );

	INSERT INTO MAP_APP_PUBLISHER VALUES( 6220, 9 );

	INSERT INTO MAP_APP_TAG VALUES( 6220, 699 );
	INSERT INTO MAP_APP_TAG VALUES( 6220, 5363 );
	INSERT INTO MAP_APP_TAG VALUES( 6220, 1644 );
	INSERT INTO MAP_APP_TAG VALUES( 6220, 3859 );
	INSERT INTO MAP_APP_TAG VALUES( 6220, 1693 );
	INSERT INTO MAP_APP_TAG VALUES( 6220, 1773 );
	INSERT INTO MAP_APP_TAG VALUES( 6220, 4136 );
	INSERT INTO MAP_APP_TAG VALUES( 6220, 19 );
	INSERT INTO MAP_APP_TAG VALUES( 6220, 4182 );
	INSERT INTO MAP_APP_TAG VALUES( 6220, 1756 );

INSERT INTO APP_TABLE	 VALUES( 6250, 'Making_History:_The_Calm_&_the_Storm', 'Making History¢ç delivers the open-ended gameplay of strategy-game classics, but with compelling new economic, military, and diplomatic systems and deep research that lets you play with real historical challenges.', SYSDATE ,5500, '' );
	INSERT INTO MAP_APP_CATEGORY VALUES( 6250, 3 );
	INSERT INTO MAP_APP_CATEGORY VALUES( 6250, 1 );

	INSERT INTO MAP_APP_DEVELOPER VALUES( 6250, 67 );

	INSERT INTO MAP_APP_GENRE VALUES( 6250, 1 );
	INSERT INTO MAP_APP_GENRE VALUES( 6250, 5 );

	INSERT INTO MAP_APP_LANG VALUES ( 6250, 2,  'Y', 'N', 'N' );

	INSERT INTO MAP_APP_PUBLISHER VALUES( 6250, 9 );

	INSERT INTO MAP_APP_TAG VALUES( 6250, 9 );
	INSERT INTO MAP_APP_TAG VALUES( 6250, 19 );
	INSERT INTO MAP_APP_TAG VALUES( 6250, 1741 );
	INSERT INTO MAP_APP_TAG VALUES( 6250, 4364 );
	INSERT INTO MAP_APP_TAG VALUES( 6250, 4150 );
	INSERT INTO MAP_APP_TAG VALUES( 6250, 3987 );
	INSERT INTO MAP_APP_TAG VALUES( 6250, 4182 );
	INSERT INTO MAP_APP_TAG VALUES( 6250, 3859 );

INSERT INTO APP_TABLE	 VALUES( 6270, 'Ducati_World_Championship', 'Feel the rush of motorcycle racing with Ducati World Championship. Select your machine from over 70 original Ducati models, perfectly simulated replicas of the real thing. With Ducati World Championship you don''t have to settle on one model - you can have them all!', SYSDATE ,5500, '' );
	INSERT INTO MAP_APP_CATEGORY VALUES( 6270, 3 );
	INSERT INTO MAP_APP_CATEGORY VALUES( 6270, 1 );

	INSERT INTO MAP_APP_DEVELOPER VALUES( 6270, 68 );

	INSERT INTO MAP_APP_GENRE VALUES( 6270, 9 );

	INSERT INTO MAP_APP_LANG VALUES ( 6270, 2,  'Y', 'N', 'N' );
	INSERT INTO MAP_APP_LANG VALUES ( 6270, 4,  'Y', 'N', 'N' );
	INSERT INTO MAP_APP_LANG VALUES ( 6270, 7,  'Y', 'N', 'N' );

	INSERT INTO MAP_APP_PUBLISHER VALUES( 6270, 9 );

	INSERT INTO MAP_APP_TAG VALUES( 6270, 699 );
	INSERT INTO MAP_APP_TAG VALUES( 6270, 599 );

INSERT INTO APP_TABLE	 VALUES( 6300, 'Dreamfall:_The_Longest_Journey', 'Dreamfall: The Longest Journey, winner of multiple E3 awards as the best game in its genre, is the continuation of a saga that began in the award-winning The Longest Journey, considered to be one of the finest adventure games ever made.', SYSDATE ,21000, '' );
	INSERT INTO MAP_APP_CATEGORY VALUES( 6300, 3 );

	INSERT INTO MAP_APP_DEVELOPER VALUES( 6300, 69 );

	INSERT INTO MAP_APP_GENRE VALUES( 6300, 3 );
	INSERT INTO MAP_APP_GENRE VALUES( 6300, 6 );

	INSERT INTO MAP_APP_LANG VALUES ( 6300, 2,  'Y', 'N', 'N' );

	INSERT INTO MAP_APP_PUBLISHER VALUES( 6300, 69 );

	INSERT INTO MAP_APP_TAG VALUES( 6300, 21 );
	INSERT INTO MAP_APP_TAG VALUES( 6300, 7208 );
	INSERT INTO MAP_APP_TAG VALUES( 6300, 1742 );
	INSERT INTO MAP_APP_TAG VALUES( 6300, 1684 );
	INSERT INTO MAP_APP_TAG VALUES( 6300, 3942 );
	INSERT INTO MAP_APP_TAG VALUES( 6300, 4182 );
	INSERT INTO MAP_APP_TAG VALUES( 6300, 1697 );
	INSERT INTO MAP_APP_TAG VALUES( 6300, 122 );
	INSERT INTO MAP_APP_TAG VALUES( 6300, 4295 );
	INSERT INTO MAP_APP_TAG VALUES( 6300, 1756 );
	INSERT INTO MAP_APP_TAG VALUES( 6300, 4166 );
	INSERT INTO MAP_APP_TAG VALUES( 6300, 4115 );

INSERT INTO APP_TABLE	 VALUES( 6310, 'The_Longest_Journey', 'The Longest Journey is an amazing graphical adventure, where the player controls the protagonist, April Ryan, on her journey between parallel universes. Embark on an exciting and original journey of discovery, where you will explore, solve puzzles, meet new people, face terrifying monsters, learn, grow, and live the adventure of a...', SYSDATE ,10500, '' );
	INSERT INTO MAP_APP_CATEGORY VALUES( 6310, 3 );

	INSERT INTO MAP_APP_DEVELOPER VALUES( 6310, 69 );

	INSERT INTO MAP_APP_GENRE VALUES( 6310, 1 );
	INSERT INTO MAP_APP_GENRE VALUES( 6310, 3 );
	INSERT INTO MAP_APP_GENRE VALUES( 6310, 6 );

	INSERT INTO MAP_APP_LANG VALUES ( 6310, 2,  'Y', 'N', 'N' );

	INSERT INTO MAP_APP_PUBLISHER VALUES( 6310, 69 );

	INSERT INTO MAP_APP_TAG VALUES( 6310, 21 );
	INSERT INTO MAP_APP_TAG VALUES( 6310, 1698 );
	INSERT INTO MAP_APP_TAG VALUES( 6310, 7208 );
	INSERT INTO MAP_APP_TAG VALUES( 6310, 1742 );
	INSERT INTO MAP_APP_TAG VALUES( 6310, 1684 );
	INSERT INTO MAP_APP_TAG VALUES( 6310, 1693 );
	INSERT INTO MAP_APP_TAG VALUES( 6310, 3942 );
	INSERT INTO MAP_APP_TAG VALUES( 6310, 4295 );
	INSERT INTO MAP_APP_TAG VALUES( 6310, 4182 );
	INSERT INTO MAP_APP_TAG VALUES( 6310, 4115 );
	INSERT INTO MAP_APP_TAG VALUES( 6310, 4136 );
	INSERT INTO MAP_APP_TAG VALUES( 6310, 1664 );
	INSERT INTO MAP_APP_TAG VALUES( 6310, 4166 );
	INSERT INTO MAP_APP_TAG VALUES( 6310, 122 );
	INSERT INTO MAP_APP_TAG VALUES( 6310, 19 );
	INSERT INTO MAP_APP_TAG VALUES( 6310, 1756 );
	INSERT INTO MAP_APP_TAG VALUES( 6310, 1697 );

INSERT INTO APP_TABLE	 VALUES( 39110, 'SEASON_OF_MYSTERY:_The_Cherry_Blossom_Murders', 'Your husband Richard lies dead beneath the cherry blossoms of Old Japan, and the police are of no help. Step into history and uncover the truth when no one else will. Find devilishly hidden clues, explore exotic locales, and bring the killer to justice!', SYSDATE ,-1, '' );
	INSERT INTO MAP_APP_CATEGORY VALUES( 39110, 3 );
	INSERT INTO MAP_APP_CATEGORY VALUES( 39110, 4 );

	INSERT INTO MAP_APP_DEVELOPER VALUES( 39110, 239 );

	INSERT INTO MAP_APP_GENRE VALUES( 39110, 7 );

	INSERT INTO MAP_APP_LANG VALUES ( 39110, 2,  'Y', 'N', 'N' );
	INSERT INTO MAP_APP_LANG VALUES ( 39110, 4,  'Y', 'N', 'N' );
	INSERT INTO MAP_APP_LANG VALUES ( 39110, 6,  'Y', 'N', 'N' );
	INSERT INTO MAP_APP_LANG VALUES ( 39110, 7,  'Y', 'N', 'N' );
	INSERT INTO MAP_APP_LANG VALUES ( 39110, 11,  'Y', 'N', 'N' );

	INSERT INTO MAP_APP_PUBLISHER VALUES( 39110, 344 );

	INSERT INTO MAP_APP_TAG VALUES( 39110, 597 );
	INSERT INTO MAP_APP_TAG VALUES( 39110, 1738 );
	INSERT INTO MAP_APP_TAG VALUES( 39110, 21 );
	INSERT INTO MAP_APP_TAG VALUES( 39110, 5716 );
	INSERT INTO MAP_APP_TAG VALUES( 39110, 1698 );
	INSERT INTO MAP_APP_TAG VALUES( 39110, 7208 );

INSERT INTO APP_TABLE	 VALUES( 39140, 'FINAL_FANTASY_VII', 'In Midgar, a city controlled by the mega-conglomerate Shinra Inc., the No. 1 Mako Reactor has been blown up by a rebel group, AVALANCHE.AVALANCHE was secretly formed to wage a rebellion against Shinra Inc., an organisation which is absorbing Mako energy, destroying the natural resources of the planet.', SYSDATE ,-1, '' );
	INSERT INTO MAP_APP_CATEGORY VALUES( 39140, 3 );
	INSERT INTO MAP_APP_CATEGORY VALUES( 39140, 4 );
	INSERT INTO MAP_APP_CATEGORY VALUES( 39140, 7 );

	INSERT INTO MAP_APP_DEVELOPER VALUES( 39140, 344 );

	INSERT INTO MAP_APP_GENRE VALUES( 39140, 6 );

	INSERT INTO MAP_APP_LANG VALUES ( 39140, 2,  'Y', 'N', 'N' );
	INSERT INTO MAP_APP_LANG VALUES ( 39140, 4,  'Y', 'N', 'N' );
	INSERT INTO MAP_APP_LANG VALUES ( 39140, 6,  'Y', 'N', 'N' );
	INSERT INTO MAP_APP_LANG VALUES ( 39140, 7,  'Y', 'N', 'N' );

	INSERT INTO MAP_APP_PUBLISHER VALUES( 39140, 344 );

	INSERT INTO MAP_APP_TAG VALUES( 39140, 4434 );
	INSERT INTO MAP_APP_TAG VALUES( 39140, 122 );
	INSERT INTO MAP_APP_TAG VALUES( 39140, 1693 );
	INSERT INTO MAP_APP_TAG VALUES( 39140, 1677 );
	INSERT INTO MAP_APP_TAG VALUES( 39140, 4182 );
	INSERT INTO MAP_APP_TAG VALUES( 39140, 1742 );
	INSERT INTO MAP_APP_TAG VALUES( 39140, 1756 );
	INSERT INTO MAP_APP_TAG VALUES( 39140, 1684 );
	INSERT INTO MAP_APP_TAG VALUES( 39140, 4004 );
	INSERT INTO MAP_APP_TAG VALUES( 39140, 21 );
	INSERT INTO MAP_APP_TAG VALUES( 39140, 3942 );
	INSERT INTO MAP_APP_TAG VALUES( 39140, 1695 );
	INSERT INTO MAP_APP_TAG VALUES( 39140, 4166 );
	INSERT INTO MAP_APP_TAG VALUES( 39140, 4115 );
	INSERT INTO MAP_APP_TAG VALUES( 39140, 10695 );
	INSERT INTO MAP_APP_TAG VALUES( 39140, 3834 );
	INSERT INTO MAP_APP_TAG VALUES( 39140, 9 );
	INSERT INTO MAP_APP_TAG VALUES( 39140, 6691 );
	INSERT INTO MAP_APP_TAG VALUES( 39140, 1741 );

INSERT INTO APP_TABLE	 VALUES( 39160, 'Dungeon_Siege_III', 'Fight hordes of dangerous creatures in a mystical fantasy world.', SYSDATE ,16000, '' );
	INSERT INTO MAP_APP_CATEGORY VALUES( 39160, 3 );
	INSERT INTO MAP_APP_CATEGORY VALUES( 39160, 1 );
	INSERT INTO MAP_APP_CATEGORY VALUES( 39160, 16 );
	INSERT INTO MAP_APP_CATEGORY VALUES( 39160, 4 );
	INSERT INTO MAP_APP_CATEGORY VALUES( 39160, 8 );

	INSERT INTO MAP_APP_DEVELOPER VALUES( 39160, 232 );

	INSERT INTO MAP_APP_GENRE VALUES( 39160, 1 );
	INSERT INTO MAP_APP_GENRE VALUES( 39160, 6 );

	INSERT INTO MAP_APP_LANG VALUES ( 39160, 2,  'Y', 'N', 'N' );
	INSERT INTO MAP_APP_LANG VALUES ( 39160, 3,  'Y', 'N', 'N' );
	INSERT INTO MAP_APP_LANG VALUES ( 39160, 4,  'Y', 'N', 'N' );
	INSERT INTO MAP_APP_LANG VALUES ( 39160, 10,  'Y', 'N', 'N' );
	INSERT INTO MAP_APP_LANG VALUES ( 39160, 9,  'Y', 'N', 'N' );
	INSERT INTO MAP_APP_LANG VALUES ( 39160, 6,  'Y', 'N', 'N' );
	INSERT INTO MAP_APP_LANG VALUES ( 39160, 7,  'Y', 'N', 'N' );


	INSERT INTO MAP_APP_TAG VALUES( 39160, 122 );
	INSERT INTO MAP_APP_TAG VALUES( 39160, 19 );
	INSERT INTO MAP_APP_TAG VALUES( 39160, 1684 );
	INSERT INTO MAP_APP_TAG VALUES( 39160, 4231 );
	INSERT INTO MAP_APP_TAG VALUES( 39160, 1685 );
	INSERT INTO MAP_APP_TAG VALUES( 39160, 3841 );
	INSERT INTO MAP_APP_TAG VALUES( 39160, 4182 );
	INSERT INTO MAP_APP_TAG VALUES( 39160, 7208 );
	INSERT INTO MAP_APP_TAG VALUES( 39160, 1720 );

INSERT INTO APP_TABLE	 VALUES( 6400, 'Joint_Task_Force', 'Joint Task Force is the real-time strategy (RTS) game where you command the frontline forces in tomorrow''s most hazardous conflicts. Lead twenty dramatic missions in explosive war-zones including the Middle East, Central Asia, and the Balkans.', SYSDATE ,10500, '' );
	INSERT INTO MAP_APP_CATEGORY VALUES( 6400, 3 );
	INSERT INTO MAP_APP_CATEGORY VALUES( 6400, 1 );
	INSERT INTO MAP_APP_CATEGORY VALUES( 6400, 16 );
	INSERT INTO MAP_APP_CATEGORY VALUES( 6400, 21 );

	INSERT INTO MAP_APP_DEVELOPER VALUES( 6400, 70 );

	INSERT INTO MAP_APP_GENRE VALUES( 6400, 1 );
	INSERT INTO MAP_APP_GENRE VALUES( 6400, 5 );

	INSERT INTO MAP_APP_LANG VALUES ( 6400, 2,  'Y', 'N', 'N' );
	INSERT INTO MAP_APP_LANG VALUES ( 6400, 3,  'Y', 'N', 'N' );
	INSERT INTO MAP_APP_LANG VALUES ( 6400, 4,  'Y', 'N', 'N' );
	INSERT INTO MAP_APP_LANG VALUES ( 6400, 6,  'Y', 'N', 'N' );
	INSERT INTO MAP_APP_LANG VALUES ( 6400, 7,  'Y', 'N', 'N' );


	INSERT INTO MAP_APP_TAG VALUES( 6400, 9 );
	INSERT INTO MAP_APP_TAG VALUES( 6400, 19 );
	INSERT INTO MAP_APP_TAG VALUES( 6400, 1676 );

INSERT INTO APP_TABLE	 VALUES( 6420, 'Nexus_-_The_Jupiter_Incident', 'At the dawn of the 22nd century, the conquest of space and the colonization of the solar system is being monopolized by several huge and ambitious mega-corporations. Although extremely delicate and vulnerable, a balance is maintained by these companies.', SYSDATE ,10000, '' );
	INSERT INTO MAP_APP_CATEGORY VALUES( 6420, 3 );
	INSERT INTO MAP_APP_CATEGORY VALUES( 6420, 1 );
	INSERT INTO MAP_APP_CATEGORY VALUES( 6420, 13 );

	INSERT INTO MAP_APP_DEVELOPER VALUES( 6420, 71 );
	INSERT INTO MAP_APP_DEVELOPER VALUES( 6420, 72 );

	INSERT INTO MAP_APP_GENRE VALUES( 6420, 4 );
	INSERT INTO MAP_APP_GENRE VALUES( 6420, 8 );
	INSERT INTO MAP_APP_GENRE VALUES( 6420, 5 );

	INSERT INTO MAP_APP_LANG VALUES ( 6420, 2,  'Y', 'Y', 'Y' );
	INSERT INTO MAP_APP_LANG VALUES ( 6420, 3,  'Y', 'N', 'Y' );
	INSERT INTO MAP_APP_LANG VALUES ( 6420, 4,  'Y', 'N', 'Y' );
	INSERT INTO MAP_APP_LANG VALUES ( 6420, 9,  'Y', 'Y', 'Y' );
	INSERT INTO MAP_APP_LANG VALUES ( 6420, 6,  'Y', 'Y', 'Y' );
	INSERT INTO MAP_APP_LANG VALUES ( 6420, 25,  'Y', 'N', 'Y' );

	INSERT INTO MAP_APP_PUBLISHER VALUES( 6420, 72 );

	INSERT INTO MAP_APP_TAG VALUES( 6420, 9 );
	INSERT INTO MAP_APP_TAG VALUES( 6420, 1755 );
	INSERT INTO MAP_APP_TAG VALUES( 6420, 3942 );
	INSERT INTO MAP_APP_TAG VALUES( 6420, 599 );
	INSERT INTO MAP_APP_TAG VALUES( 6420, 1676 );
	INSERT INTO MAP_APP_TAG VALUES( 6420, 492 );
	INSERT INTO MAP_APP_TAG VALUES( 6420, 4182 );
	INSERT INTO MAP_APP_TAG VALUES( 6420, 4166 );
	INSERT INTO MAP_APP_TAG VALUES( 6420, 3859 );
	INSERT INTO MAP_APP_TAG VALUES( 6420, 1693 );
	INSERT INTO MAP_APP_TAG VALUES( 6420, 1708 );
	INSERT INTO MAP_APP_TAG VALUES( 6420, 1669 );
	INSERT INTO MAP_APP_TAG VALUES( 6420, 7782 );
	INSERT INTO MAP_APP_TAG VALUES( 6420, 3813 );

INSERT INTO APP_TABLE	 VALUES( 39190, 'Dungeon_Siege', 'Dungeon Siege¢ç combines the immersive elements of a role-playing game with over-the-top intensity and non-stop action. Dungeon Siege plunges you into a continuous 3D fantasy world where you face off against an army of evil that has been unleashed.', SYSDATE ,7500, '' );
	INSERT INTO MAP_APP_CATEGORY VALUES( 39190, 3 );

	INSERT INTO MAP_APP_DEVELOPER VALUES( 39190, 99 );

	INSERT INTO MAP_APP_GENRE VALUES( 39190, 6 );

	INSERT INTO MAP_APP_LANG VALUES ( 39190, 2,  'Y', 'N', 'N' );
	INSERT INTO MAP_APP_LANG VALUES ( 39190, 3,  'Y', 'N', 'N' );
	INSERT INTO MAP_APP_LANG VALUES ( 39190, 4,  'Y', 'N', 'N' );
	INSERT INTO MAP_APP_LANG VALUES ( 39190, 6,  'Y', 'N', 'N' );
	INSERT INTO MAP_APP_LANG VALUES ( 39190, 7,  'Y', 'N', 'N' );
	INSERT INTO MAP_APP_LANG VALUES ( 39190, 11,  'Y', 'N', 'N' );

	INSERT INTO MAP_APP_PUBLISHER VALUES( 39190, 344 );

	INSERT INTO MAP_APP_TAG VALUES( 39190, 122 );
	INSERT INTO MAP_APP_TAG VALUES( 39190, 1684 );
	INSERT INTO MAP_APP_TAG VALUES( 39190, 4231 );
	INSERT INTO MAP_APP_TAG VALUES( 39190, 1693 );
	INSERT INTO MAP_APP_TAG VALUES( 39190, 10695 );
	INSERT INTO MAP_APP_TAG VALUES( 39190, 1646 );
	INSERT INTO MAP_APP_TAG VALUES( 39190, 21 );
	INSERT INTO MAP_APP_TAG VALUES( 39190, 4182 );
	INSERT INTO MAP_APP_TAG VALUES( 39190, 5851 );
	INSERT INTO MAP_APP_TAG VALUES( 39190, 19 );
	INSERT INTO MAP_APP_TAG VALUES( 39190, 1720 );
	INSERT INTO MAP_APP_TAG VALUES( 39190, 1685 );
	INSERT INTO MAP_APP_TAG VALUES( 39190, 4236 );
	INSERT INTO MAP_APP_TAG VALUES( 39190, 3859 );
	INSERT INTO MAP_APP_TAG VALUES( 39190, 7107 );

INSERT INTO APP_TABLE	 VALUES( 39200, 'Dungeon_Siege_II', 'It¡¯s been a generation since you vanquished the evil that plagued the Land of Ehb, and now¡¦a new menace has awakened. In Dungeon Siege II, the sequel to the best-selling RPG from Gas Powered Games, you will be called on to again wield sword and spell to save the world from a growing abomination many years in the making.', SYSDATE ,7500, '' );
	INSERT INTO MAP_APP_CATEGORY VALUES( 39200, 3 );

	INSERT INTO MAP_APP_DEVELOPER VALUES( 39200, 99 );

	INSERT INTO MAP_APP_GENRE VALUES( 39200, 6 );

	INSERT INTO MAP_APP_LANG VALUES ( 39200, 2,  'Y', 'N', 'N' );
	INSERT INTO MAP_APP_LANG VALUES ( 39200, 3,  'Y', 'N', 'N' );
	INSERT INTO MAP_APP_LANG VALUES ( 39200, 4,  'Y', 'N', 'N' );
	INSERT INTO MAP_APP_LANG VALUES ( 39200, 6,  'Y', 'N', 'N' );
	INSERT INTO MAP_APP_LANG VALUES ( 39200, 7,  'Y', 'N', 'N' );
	INSERT INTO MAP_APP_LANG VALUES ( 39200, 11,  'Y', 'N', 'N' );

	INSERT INTO MAP_APP_PUBLISHER VALUES( 39200, 344 );

	INSERT INTO MAP_APP_TAG VALUES( 39200, 122 );
	INSERT INTO MAP_APP_TAG VALUES( 39200, 1684 );
	INSERT INTO MAP_APP_TAG VALUES( 39200, 4231 );
	INSERT INTO MAP_APP_TAG VALUES( 39200, 1646 );
	INSERT INTO MAP_APP_TAG VALUES( 39200, 4182 );
	INSERT INTO MAP_APP_TAG VALUES( 39200, 21 );
	INSERT INTO MAP_APP_TAG VALUES( 39200, 19 );
	INSERT INTO MAP_APP_TAG VALUES( 39200, 1693 );
	INSERT INTO MAP_APP_TAG VALUES( 39200, 1685 );
	INSERT INTO MAP_APP_TAG VALUES( 39200, 10695 );
	INSERT INTO MAP_APP_TAG VALUES( 39200, 5851 );

INSERT INTO APP_TABLE	 VALUES( 6510, 'Lost_Planet¢â:_Extreme_Condition', 'Driven to the brink of extinction on ice-covered wastelands, humankind fights to survive. Battle to survive against gargantuan alien Akrid and treacherous Snow Pirates on the vast and frozen landscape of EDN III. With no allies at your side, the only thing you can trust is your instincts.', SYSDATE ,14000, '' );
	INSERT INTO MAP_APP_CATEGORY VALUES( 6510, 3 );
	INSERT INTO MAP_APP_CATEGORY VALUES( 6510, 1 );
	INSERT INTO MAP_APP_CATEGORY VALUES( 6510, 7 );
	INSERT INTO MAP_APP_CATEGORY VALUES( 6510, 2 );

	INSERT INTO MAP_APP_DEVELOPER VALUES( 6510, 73 );

	INSERT INTO MAP_APP_GENRE VALUES( 6510, 1 );
	INSERT INTO MAP_APP_GENRE VALUES( 6510, 3 );

	INSERT INTO MAP_APP_LANG VALUES ( 6510, 2,  'Y', 'Y', 'Y' );
	INSERT INTO MAP_APP_LANG VALUES ( 6510, 3,  'Y', 'N', 'Y' );
	INSERT INTO MAP_APP_LANG VALUES ( 6510, 4,  'Y', 'N', 'Y' );
	INSERT INTO MAP_APP_LANG VALUES ( 6510, 5,  'Y', 'N', 'Y' );
	INSERT INTO MAP_APP_LANG VALUES ( 6510, 6,  'Y', 'N', 'Y' );
	INSERT INTO MAP_APP_LANG VALUES ( 6510, 7,  'Y', 'N', 'Y' );
	INSERT INTO MAP_APP_LANG VALUES ( 6510, 11,  'Y', 'N', 'Y' );

	INSERT INTO MAP_APP_PUBLISHER VALUES( 6510, 221 );

	INSERT INTO MAP_APP_TAG VALUES( 6510, 19 );
	INSERT INTO MAP_APP_TAG VALUES( 6510, 21 );
	INSERT INTO MAP_APP_TAG VALUES( 6510, 3814 );
	INSERT INTO MAP_APP_TAG VALUES( 6510, 4821 );
	INSERT INTO MAP_APP_TAG VALUES( 6510, 3942 );
	INSERT INTO MAP_APP_TAG VALUES( 6510, 1774 );
	INSERT INTO MAP_APP_TAG VALUES( 6510, 1697 );
	INSERT INTO MAP_APP_TAG VALUES( 6510, 4166 );
	INSERT INTO MAP_APP_TAG VALUES( 6510, 3859 );

INSERT INTO APP_TABLE	 VALUES( 6550, 'Devil_May_Cry¢ç_3_Special_Edition', 'Dante''s past is now revealed as Devil May Cry returns to its roots. Master Dante''s multiple fighting styles while battling never before seen demons and new characters as you fight your way towards a brutal confrontation with Dante''s mysterious twin brother, Vergil.', SYSDATE ,19000, '' );
	INSERT INTO MAP_APP_CATEGORY VALUES( 6550, 3 );
	INSERT INTO MAP_APP_CATEGORY VALUES( 6550, 7 );

	INSERT INTO MAP_APP_DEVELOPER VALUES( 6550, 73 );

	INSERT INTO MAP_APP_GENRE VALUES( 6550, 1 );

	INSERT INTO MAP_APP_LANG VALUES ( 6550, 2,  'Y', 'Y', 'Y' );
	INSERT INTO MAP_APP_LANG VALUES ( 6550, 3,  'Y', 'N', 'Y' );
	INSERT INTO MAP_APP_LANG VALUES ( 6550, 4,  'Y', 'N', 'Y' );
	INSERT INTO MAP_APP_LANG VALUES ( 6550, 6,  'Y', 'N', 'Y' );
	INSERT INTO MAP_APP_LANG VALUES ( 6550, 7,  'Y', 'N', 'Y' );

	INSERT INTO MAP_APP_PUBLISHER VALUES( 6550, 221 );

	INSERT INTO MAP_APP_TAG VALUES( 6550, 19 );
	INSERT INTO MAP_APP_TAG VALUES( 6550, 1646 );
	INSERT INTO MAP_APP_TAG VALUES( 6550, 4252 );
	INSERT INTO MAP_APP_TAG VALUES( 6550, 1756 );
	INSERT INTO MAP_APP_TAG VALUES( 6550, 4777 );
	INSERT INTO MAP_APP_TAG VALUES( 6550, 3955 );
	INSERT INTO MAP_APP_TAG VALUES( 6550, 1693 );
	INSERT INTO MAP_APP_TAG VALUES( 6550, 4182 );
	INSERT INTO MAP_APP_TAG VALUES( 6550, 4026 );
	INSERT INTO MAP_APP_TAG VALUES( 6550, 1697 );
	INSERT INTO MAP_APP_TAG VALUES( 6550, 21 );
	INSERT INTO MAP_APP_TAG VALUES( 6550, 4158 );
	INSERT INTO MAP_APP_TAG VALUES( 6550, 1684 );
	INSERT INTO MAP_APP_TAG VALUES( 6550, 1742 );
	INSERT INTO MAP_APP_TAG VALUES( 6550, 4166 );
	INSERT INTO MAP_APP_TAG VALUES( 6550, 7481 );
	INSERT INTO MAP_APP_TAG VALUES( 6550, 9541 );
	INSERT INTO MAP_APP_TAG VALUES( 6550, 1719 );
	INSERT INTO MAP_APP_TAG VALUES( 6550, 4136 );
	INSERT INTO MAP_APP_TAG VALUES( 6550, 1667 );

INSERT INTO APP_TABLE	 VALUES( 6600, 'Bullet_Candy', 'Bullet Candy is a fast paced, action packed arena shooter. There are a variety of combo systems and many secret techniques that you can employ to get the best score and weapon upgrades possible. Viewed from a top-down perspective, Bullet Candy allows for a true 360¡Æ shoot-em-up experience.', SYSDATE ,-1, '' );
	INSERT INTO MAP_APP_CATEGORY VALUES( 6600, 3 );
	INSERT INTO MAP_APP_CATEGORY VALUES( 6600, 4 );

	INSERT INTO MAP_APP_DEVELOPER VALUES( 6600, 74 );

	INSERT INTO MAP_APP_GENRE VALUES( 6600, 7 );
	INSERT INTO MAP_APP_GENRE VALUES( 6600, 4 );

	INSERT INTO MAP_APP_LANG VALUES ( 6600, 2,  'Y', 'N', 'N' );


	INSERT INTO MAP_APP_TAG VALUES( 6600, 492 );
	INSERT INTO MAP_APP_TAG VALUES( 6600, 597 );
	INSERT INTO MAP_APP_TAG VALUES( 6600, 4758 );
	INSERT INTO MAP_APP_TAG VALUES( 6600, 4255 );
	INSERT INTO MAP_APP_TAG VALUES( 6600, 1773 );
	INSERT INTO MAP_APP_TAG VALUES( 6600, 4885 );

INSERT INTO APP_TABLE	 VALUES( 39391, 'Freeze_Tag_Fun_Pack_#1', 'img.border { border: 0px solid #333333 ; padding: 7px 15px 7px 7px ; } Traverse a map of an ancient land and solve plenty of puzzles on the way. Control the chameleon idol and, using its magic power, blast gems before they reach the hole.', SYSDATE ,-1, '' );
	INSERT INTO MAP_APP_CATEGORY VALUES( 39391, 3 );

	INSERT INTO MAP_APP_DEVELOPER VALUES( 39391, 345 );
	INSERT INTO MAP_APP_DEVELOPER VALUES( 39391, 346 );
	INSERT INTO MAP_APP_DEVELOPER VALUES( 39391, 347 );
	INSERT INTO MAP_APP_DEVELOPER VALUES( 39391, 348 );

	INSERT INTO MAP_APP_GENRE VALUES( 39391, 7 );

	INSERT INTO MAP_APP_LANG VALUES ( 39391, 2,  'Y', 'N', 'N' );

	INSERT INTO MAP_APP_PUBLISHER VALUES( 39391, 345 );


INSERT INTO APP_TABLE	 VALUES( 39392, 'Freeze_Tag_Fun_Pack_#2', 'img.border { border: 0px solid #333333 ; padding: 7px 15px 7px 7px ; } Grizelda the witch has shaken things up inside the Etch A Sketch, and Knobby¢â must restore draw and order. Help Knobby save his kidnapped friend. Stop Grizelda''s evil plan to turn everything in the Land of Aha! to Dullsville.', SYSDATE ,-1, '' );
	INSERT INTO MAP_APP_CATEGORY VALUES( 39392, 3 );

	INSERT INTO MAP_APP_DEVELOPER VALUES( 39392, 345 );
	INSERT INTO MAP_APP_DEVELOPER VALUES( 39392, 349 );

	INSERT INTO MAP_APP_GENRE VALUES( 39392, 7 );

	INSERT INTO MAP_APP_LANG VALUES ( 39392, 2,  'Y', 'N', 'N' );

	INSERT INTO MAP_APP_PUBLISHER VALUES( 39392, 345 );


INSERT INTO APP_TABLE	 VALUES( 39500, 'Gothic¢ç_3', 'A nameless hero becomes a legend! Myrtana, a world in upheaval: overrun by orcs from the dark lands in the north, King Rhobar is defending Vengard, the former stronghold of the humans, with his last troop of followers.', SYSDATE ,10000, '' );
	INSERT INTO MAP_APP_CATEGORY VALUES( 39500, 3 );

	INSERT INTO MAP_APP_DEVELOPER VALUES( 39500, 350 );

	INSERT INTO MAP_APP_GENRE VALUES( 39500, 1 );
	INSERT INTO MAP_APP_GENRE VALUES( 39500, 6 );

	INSERT INTO MAP_APP_LANG VALUES ( 39500, 2,  'Y', 'N', 'N' );
	INSERT INTO MAP_APP_LANG VALUES ( 39500, 3,  'Y', 'N', 'N' );
	INSERT INTO MAP_APP_LANG VALUES ( 39500, 4,  'Y', 'N', 'N' );
	INSERT INTO MAP_APP_LANG VALUES ( 39500, 6,  'Y', 'N', 'N' );
	INSERT INTO MAP_APP_LANG VALUES ( 39500, 7,  'Y', 'N', 'N' );

	INSERT INTO MAP_APP_PUBLISHER VALUES( 39500, 72 );

	INSERT INTO MAP_APP_TAG VALUES( 39500, 122 );
	INSERT INTO MAP_APP_TAG VALUES( 39500, 1695 );
	INSERT INTO MAP_APP_TAG VALUES( 39500, 19 );
	INSERT INTO MAP_APP_TAG VALUES( 39500, 1684 );
	INSERT INTO MAP_APP_TAG VALUES( 39500, 1697 );
	INSERT INTO MAP_APP_TAG VALUES( 39500, 4166 );
	INSERT INTO MAP_APP_TAG VALUES( 39500, 4182 );
	INSERT INTO MAP_APP_TAG VALUES( 39500, 3952 );
	INSERT INTO MAP_APP_TAG VALUES( 39500, 4172 );
	INSERT INTO MAP_APP_TAG VALUES( 39500, 21 );
	INSERT INTO MAP_APP_TAG VALUES( 39500, 1756 );
	INSERT INTO MAP_APP_TAG VALUES( 39500, 1742 );
	INSERT INTO MAP_APP_TAG VALUES( 39500, 3810 );
	INSERT INTO MAP_APP_TAG VALUES( 39500, 4057 );
	INSERT INTO MAP_APP_TAG VALUES( 39500, 4231 );
	INSERT INTO MAP_APP_TAG VALUES( 39500, 1693 );
	INSERT INTO MAP_APP_TAG VALUES( 39500, 3839 );
	INSERT INTO MAP_APP_TAG VALUES( 39500, 4711 );

INSERT INTO APP_TABLE	 VALUES( 39510, 'Gothic_II:_Gold_Edition', 'Gothic II: Gold Edition brings together the excitement of Gothic II and the add-on Night of the Raven to your fingertips! You have torn down the magical barrier and released the prisoners of the Mine Valley. Now the former criminals of the forests and mountains are causing trouble around the capital of Khorinis.', SYSDATE ,10000, '' );
	INSERT INTO MAP_APP_CATEGORY VALUES( 39510, 3 );

	INSERT INTO MAP_APP_DEVELOPER VALUES( 39510, 350 );

	INSERT INTO MAP_APP_GENRE VALUES( 39510, 1 );
	INSERT INTO MAP_APP_GENRE VALUES( 39510, 6 );

	INSERT INTO MAP_APP_LANG VALUES ( 39510, 2,  'Y', 'N', 'N' );
	INSERT INTO MAP_APP_LANG VALUES ( 39510, 3,  'Y', 'N', 'N' );
	INSERT INTO MAP_APP_LANG VALUES ( 39510, 4,  'Y', 'N', 'N' );
	INSERT INTO MAP_APP_LANG VALUES ( 39510, 6,  'Y', 'N', 'N' );
	INSERT INTO MAP_APP_LANG VALUES ( 39510, 7,  'Y', 'N', 'N' );

	INSERT INTO MAP_APP_PUBLISHER VALUES( 39510, 72 );

	INSERT INTO MAP_APP_TAG VALUES( 39510, 122 );
	INSERT INTO MAP_APP_TAG VALUES( 39510, 1693 );
	INSERT INTO MAP_APP_TAG VALUES( 39510, 1695 );
	INSERT INTO MAP_APP_TAG VALUES( 39510, 4166 );
	INSERT INTO MAP_APP_TAG VALUES( 39510, 4182 );
	INSERT INTO MAP_APP_TAG VALUES( 39510, 3952 );
	INSERT INTO MAP_APP_TAG VALUES( 39510, 19 );
	INSERT INTO MAP_APP_TAG VALUES( 39510, 4604 );
	INSERT INTO MAP_APP_TAG VALUES( 39510, 1684 );
	INSERT INTO MAP_APP_TAG VALUES( 39510, 1742 );
	INSERT INTO MAP_APP_TAG VALUES( 39510, 1697 );
	INSERT INTO MAP_APP_TAG VALUES( 39510, 4711 );
	INSERT INTO MAP_APP_TAG VALUES( 39510, 4172 );
	INSERT INTO MAP_APP_TAG VALUES( 39510, 21 );
	INSERT INTO MAP_APP_TAG VALUES( 39510, 4046 );
	INSERT INTO MAP_APP_TAG VALUES( 39510, 4026 );
	INSERT INTO MAP_APP_TAG VALUES( 39510, 1756 );
	INSERT INTO MAP_APP_TAG VALUES( 39510, 4231 );
	INSERT INTO MAP_APP_TAG VALUES( 39510, 4057 );
	INSERT INTO MAP_APP_TAG VALUES( 39510, 1681 );

INSERT INTO APP_TABLE	 VALUES( 39520, 'The_Guild_Gold_Edition', 'It¡¯s the year 1400- the late Middle Ages. Europe sees the dawn of the golden age of the new departures and the free spirit. Under the rule of the bourgeoisie and businessmen, more and more towns are emerging from the clutches of the aristocracy and are achieving independence, power and wealth.', SYSDATE ,10000, '' );
	INSERT INTO MAP_APP_CATEGORY VALUES( 39520, 3 );
	INSERT INTO MAP_APP_CATEGORY VALUES( 39520, 1 );

	INSERT INTO MAP_APP_DEVELOPER VALUES( 39520, 351 );

	INSERT INTO MAP_APP_GENRE VALUES( 39520, 8 );
	INSERT INTO MAP_APP_GENRE VALUES( 39520, 5 );

	INSERT INTO MAP_APP_LANG VALUES ( 39520, 2,  'Y', 'Y', 'Y' );
	INSERT INTO MAP_APP_LANG VALUES ( 39520, 6,  'Y', 'Y', 'Y' );

	INSERT INTO MAP_APP_PUBLISHER VALUES( 39520, 72 );

	INSERT INTO MAP_APP_TAG VALUES( 39520, 9 );
	INSERT INTO MAP_APP_TAG VALUES( 39520, 599 );
	INSERT INTO MAP_APP_TAG VALUES( 39520, 4695 );
	INSERT INTO MAP_APP_TAG VALUES( 39520, 4172 );

INSERT INTO APP_TABLE	 VALUES( 39540, 'SpellForce_-_Platinum_Edition', 'Included in the Platinum Edition are three titles:SpellForce: The Order of DawnIn a world beyond imagination...In their immeasurable greed and constant thirst for power, the thirteen most powerful Mages of all time doomed the land, hurling it into an endless spiral of chaos and despair.', SYSDATE ,10000, '' );
	INSERT INTO MAP_APP_CATEGORY VALUES( 39540, 3 );

	INSERT INTO MAP_APP_DEVELOPER VALUES( 39540, 352 );

	INSERT INTO MAP_APP_GENRE VALUES( 39540, 1 );
	INSERT INTO MAP_APP_GENRE VALUES( 39540, 6 );

	INSERT INTO MAP_APP_LANG VALUES ( 39540, 2,  'Y', 'N', 'N' );
	INSERT INTO MAP_APP_LANG VALUES ( 39540, 4,  'Y', 'N', 'N' );
	INSERT INTO MAP_APP_LANG VALUES ( 39540, 6,  'Y', 'N', 'N' );

	INSERT INTO MAP_APP_PUBLISHER VALUES( 39540, 72 );

	INSERT INTO MAP_APP_TAG VALUES( 39540, 122 );
	INSERT INTO MAP_APP_TAG VALUES( 39540, 9 );
	INSERT INTO MAP_APP_TAG VALUES( 39540, 19 );
	INSERT INTO MAP_APP_TAG VALUES( 39540, 1684 );
	INSERT INTO MAP_APP_TAG VALUES( 39540, 1676 );
	INSERT INTO MAP_APP_TAG VALUES( 39540, 4182 );

INSERT INTO APP_TABLE	 VALUES( 39550, 'SpellForce_2_-_Anniversary_Edition', 'SpellForce 2 - Anniversary Edition presents the award-winning SpellForce saga hits: "SpellForce 2 ? Shadow Wars" and the add-on "SpellForce 2 ? Dragon Storm" for a spectacular game experience!', SYSDATE ,15000, '' );
	INSERT INTO MAP_APP_CATEGORY VALUES( 39550, 3 );
	INSERT INTO MAP_APP_CATEGORY VALUES( 39550, 1 );
	INSERT INTO MAP_APP_CATEGORY VALUES( 39550, 19 );
	INSERT INTO MAP_APP_CATEGORY VALUES( 39550, 20 );
	INSERT INTO MAP_APP_CATEGORY VALUES( 39550, 8 );
	INSERT INTO MAP_APP_CATEGORY VALUES( 39550, 13 );

	INSERT INTO MAP_APP_DEVELOPER VALUES( 39550, 352 );
	INSERT INTO MAP_APP_DEVELOPER VALUES( 39550, 72 );

	INSERT INTO MAP_APP_GENRE VALUES( 39550, 6 );
	INSERT INTO MAP_APP_GENRE VALUES( 39550, 5 );

	INSERT INTO MAP_APP_LANG VALUES ( 39550, 2,  'Y', 'Y', 'Y' );
	INSERT INTO MAP_APP_LANG VALUES ( 39550, 3,  'Y', 'N', 'Y' );
	INSERT INTO MAP_APP_LANG VALUES ( 39550, 4,  'Y', 'Y', 'Y' );
	INSERT INTO MAP_APP_LANG VALUES ( 39550, 10,  'Y', 'N', 'Y' );
	INSERT INTO MAP_APP_LANG VALUES ( 39550, 9,  'Y', 'Y', 'Y' );
	INSERT INTO MAP_APP_LANG VALUES ( 39550, 6,  'Y', 'Y', 'Y' );
	INSERT INTO MAP_APP_LANG VALUES ( 39550, 7,  'Y', 'Y', 'Y' );

	INSERT INTO MAP_APP_PUBLISHER VALUES( 39550, 72 );

	INSERT INTO MAP_APP_TAG VALUES( 39550, 9 );
	INSERT INTO MAP_APP_TAG VALUES( 39550, 122 );
	INSERT INTO MAP_APP_TAG VALUES( 39550, 1676 );
	INSERT INTO MAP_APP_TAG VALUES( 39550, 19 );
	INSERT INTO MAP_APP_TAG VALUES( 39550, 1684 );
	INSERT INTO MAP_APP_TAG VALUES( 39550, 4182 );

INSERT INTO APP_TABLE	 VALUES( 39560, 'Painkiller:_Resurrection', 'William "Bill" Sherman has a problem - he''s dead. Blown to pieces by his own C4 payload, which he wanted to eliminate a South American druglord with on behalf of some shady secret service people.', SYSDATE ,10000, '' );
	INSERT INTO MAP_APP_CATEGORY VALUES( 39560, 3 );
	INSERT INTO MAP_APP_CATEGORY VALUES( 39560, 1 );

	INSERT INTO MAP_APP_DEVELOPER VALUES( 39560, 353 );

	INSERT INTO MAP_APP_GENRE VALUES( 39560, 1 );

	INSERT INTO MAP_APP_LANG VALUES ( 39560, 2,  'Y', 'N', 'N' );
	INSERT INTO MAP_APP_LANG VALUES ( 39560, 3,  'Y', 'N', 'N' );
	INSERT INTO MAP_APP_LANG VALUES ( 39560, 4,  'Y', 'N', 'N' );
	INSERT INTO MAP_APP_LANG VALUES ( 39560, 6,  'Y', 'N', 'N' );
	INSERT INTO MAP_APP_LANG VALUES ( 39560, 7,  'Y', 'N', 'N' );

	INSERT INTO MAP_APP_PUBLISHER VALUES( 39560, 72 );

	INSERT INTO MAP_APP_TAG VALUES( 39560, 19 );
	INSERT INTO MAP_APP_TAG VALUES( 39560, 1663 );

INSERT INTO APP_TABLE	 VALUES( 6800, 'Commandos:_Behind_Enemy_Lines', 'Commandos: Behind Enemy Lines is a real-time tactics game set in World War II that puts you in command of a small squad of elite troopers. Send them behind enemy lines on a series of hazardous missions, and bring them back alive. Clever strategy has never been so furiously action-packed.', SYSDATE ,5500, '' );
	INSERT INTO MAP_APP_CATEGORY VALUES( 6800, 3 );
	INSERT INTO MAP_APP_CATEGORY VALUES( 6800, 1 );
	INSERT INTO MAP_APP_CATEGORY VALUES( 6800, 16 );

	INSERT INTO MAP_APP_DEVELOPER VALUES( 6800, 75 );

	INSERT INTO MAP_APP_GENRE VALUES( 6800, 1 );

	INSERT INTO MAP_APP_LANG VALUES ( 6800, 2,  'Y', 'N', 'N' );


	INSERT INTO MAP_APP_TAG VALUES( 6800, 9 );
	INSERT INTO MAP_APP_TAG VALUES( 6800, 1687 );
	INSERT INTO MAP_APP_TAG VALUES( 6800, 19 );
	INSERT INTO MAP_APP_TAG VALUES( 6800, 1708 );
	INSERT INTO MAP_APP_TAG VALUES( 6800, 4150 );
	INSERT INTO MAP_APP_TAG VALUES( 6800, 1676 );
	INSERT INTO MAP_APP_TAG VALUES( 6800, 1693 );
	INSERT INTO MAP_APP_TAG VALUES( 6800, 4026 );
	INSERT INTO MAP_APP_TAG VALUES( 6800, 5851 );
	INSERT INTO MAP_APP_TAG VALUES( 6800, 4168 );
	INSERT INTO MAP_APP_TAG VALUES( 6800, 1685 );
	INSERT INTO MAP_APP_TAG VALUES( 6800, 3813 );
	INSERT INTO MAP_APP_TAG VALUES( 6800, 6691 );

INSERT INTO APP_TABLE	 VALUES( 6810, 'Commandos:_Beyond_the_Call_of_Duty', 'You have been selected for active service in the Commandos Corps, and must now mobilize in a series of 8 new dangerous missions. You may come with experience of action ''Behind Enemy Lines'' or perhaps you are just a rookie - whatever you are, you will be given the opportunity to push your daring and tactical ability to the limit.', SYSDATE ,5500, '' );
	INSERT INTO MAP_APP_CATEGORY VALUES( 6810, 3 );
	INSERT INTO MAP_APP_CATEGORY VALUES( 6810, 1 );
	INSERT INTO MAP_APP_CATEGORY VALUES( 6810, 16 );

	INSERT INTO MAP_APP_DEVELOPER VALUES( 6810, 75 );

	INSERT INTO MAP_APP_GENRE VALUES( 6810, 1 );

	INSERT INTO MAP_APP_LANG VALUES ( 6810, 2,  'Y', 'N', 'N' );


	INSERT INTO MAP_APP_TAG VALUES( 6810, 19 );
	INSERT INTO MAP_APP_TAG VALUES( 6810, 9 );
	INSERT INTO MAP_APP_TAG VALUES( 6810, 4150 );
	INSERT INTO MAP_APP_TAG VALUES( 6810, 1708 );
	INSERT INTO MAP_APP_TAG VALUES( 6810, 1687 );
	INSERT INTO MAP_APP_TAG VALUES( 6810, 1676 );
	INSERT INTO MAP_APP_TAG VALUES( 6810, 1693 );
	INSERT INTO MAP_APP_TAG VALUES( 6810, 4168 );
	INSERT INTO MAP_APP_TAG VALUES( 6810, 6691 );

INSERT INTO APP_TABLE	 VALUES( 6830, 'Commandos_2:_Men_of_Courage', 'Commandos 2: Men of Courage is a tactical action/strategy game set against the backdrop of World War II. Take control of an elite group of commandos who must venture deep into enemy territory and utilize their combined expertise to complete a series of mission-based objectives.', SYSDATE ,5500, '' );
	INSERT INTO MAP_APP_CATEGORY VALUES( 6830, 3 );
	INSERT INTO MAP_APP_CATEGORY VALUES( 6830, 1 );
	INSERT INTO MAP_APP_CATEGORY VALUES( 6830, 16 );

	INSERT INTO MAP_APP_DEVELOPER VALUES( 6830, 75 );

	INSERT INTO MAP_APP_GENRE VALUES( 6830, 1 );

	INSERT INTO MAP_APP_LANG VALUES ( 6830, 2,  'Y', 'N', 'N' );


	INSERT INTO MAP_APP_TAG VALUES( 6830, 9 );
	INSERT INTO MAP_APP_TAG VALUES( 6830, 1708 );
	INSERT INTO MAP_APP_TAG VALUES( 6830, 1687 );
	INSERT INTO MAP_APP_TAG VALUES( 6830, 19 );
	INSERT INTO MAP_APP_TAG VALUES( 6830, 4150 );
	INSERT INTO MAP_APP_TAG VALUES( 6830, 1693 );
	INSERT INTO MAP_APP_TAG VALUES( 6830, 1685 );
	INSERT INTO MAP_APP_TAG VALUES( 6830, 1676 );
	INSERT INTO MAP_APP_TAG VALUES( 6830, 5851 );
	INSERT INTO MAP_APP_TAG VALUES( 6830, 4168 );
	INSERT INTO MAP_APP_TAG VALUES( 6830, 4026 );
	INSERT INTO MAP_APP_TAG VALUES( 6830, 3813 );
	INSERT INTO MAP_APP_TAG VALUES( 6830, 3859 );

INSERT INTO APP_TABLE	 VALUES( 6840, 'Commandos_3:_Destination_Berlin', 'Commandos 3: Destination Berlin is a game of real-time tactics that places you in command of an elite unit of Special Forces behind enemy lines in the European theater of World War II. From the shores of France to the heart of the Third Reich, strike fast from land or sea infiltrating hostile territories and conducting raids to disrupt...', SYSDATE ,5500, '' );
	INSERT INTO MAP_APP_CATEGORY VALUES( 6840, 3 );
	INSERT INTO MAP_APP_CATEGORY VALUES( 6840, 1 );
	INSERT INTO MAP_APP_CATEGORY VALUES( 6840, 16 );

	INSERT INTO MAP_APP_DEVELOPER VALUES( 6840, 75 );

	INSERT INTO MAP_APP_GENRE VALUES( 6840, 1 );

	INSERT INTO MAP_APP_LANG VALUES ( 6840, 2,  'Y', 'N', 'N' );


	INSERT INTO MAP_APP_TAG VALUES( 6840, 9 );
	INSERT INTO MAP_APP_TAG VALUES( 6840, 19 );
	INSERT INTO MAP_APP_TAG VALUES( 6840, 1708 );
	INSERT INTO MAP_APP_TAG VALUES( 6840, 1687 );
	INSERT INTO MAP_APP_TAG VALUES( 6840, 4150 );
	INSERT INTO MAP_APP_TAG VALUES( 6840, 1676 );
	INSERT INTO MAP_APP_TAG VALUES( 6840, 4168 );
	INSERT INTO MAP_APP_TAG VALUES( 6840, 1685 );
	INSERT INTO MAP_APP_TAG VALUES( 6840, 3813 );

INSERT INTO APP_TABLE	 VALUES( 6850, 'Hitman_2:_Silent_Assassin', 'Enter the realm of a retired assassin, forced back into action by treason. You may be a hired killer but you still have a sense of loyalty and justice. Visit the dark recesses of a world corrupted by crime, greed, degradation and dishonor. And a past that catches up with you.', SYSDATE ,7500, '' );
	INSERT INTO MAP_APP_CATEGORY VALUES( 6850, 3 );

	INSERT INTO MAP_APP_DEVELOPER VALUES( 6850, 76 );

	INSERT INTO MAP_APP_GENRE VALUES( 6850, 1 );

	INSERT INTO MAP_APP_LANG VALUES ( 6850, 2,  'Y', 'N', 'N' );

	INSERT INTO MAP_APP_PUBLISHER VALUES( 6850, 76 );

	INSERT INTO MAP_APP_TAG VALUES( 6850, 1687 );
	INSERT INTO MAP_APP_TAG VALUES( 6850, 19 );
	INSERT INTO MAP_APP_TAG VALUES( 6850, 1697 );
	INSERT INTO MAP_APP_TAG VALUES( 6850, 4182 );
	INSERT INTO MAP_APP_TAG VALUES( 6850, 4376 );
	INSERT INTO MAP_APP_TAG VALUES( 6850, 1693 );
	INSERT INTO MAP_APP_TAG VALUES( 6850, 1774 );
	INSERT INTO MAP_APP_TAG VALUES( 6850, 3810 );
	INSERT INTO MAP_APP_TAG VALUES( 6850, 1756 );
	INSERT INTO MAP_APP_TAG VALUES( 6850, 4026 );
	INSERT INTO MAP_APP_TAG VALUES( 6850, 1663 );
	INSERT INTO MAP_APP_TAG VALUES( 6850, 21 );
	INSERT INTO MAP_APP_TAG VALUES( 6850, 3839 );
	INSERT INTO MAP_APP_TAG VALUES( 6850, 4345 );
	INSERT INTO MAP_APP_TAG VALUES( 6850, 6378 );

INSERT INTO APP_TABLE	 VALUES( 6860, 'Hitman:_Blood_Money', 'Money Talks. Silence Pays. Prepare to Make a Killing. When assassins from Agent 47''s contract agency, The ICA, are eliminated in a series of hits, it seems a larger, more powerful agency has entered the fray. Sensing he may be a target, 47 travels to America, and prepares to make a killing.', SYSDATE ,9500, '' );
	INSERT INTO MAP_APP_CATEGORY VALUES( 6860, 3 );

	INSERT INTO MAP_APP_DEVELOPER VALUES( 6860, 76 );

	INSERT INTO MAP_APP_GENRE VALUES( 6860, 1 );

	INSERT INTO MAP_APP_LANG VALUES ( 6860, 2,  'Y', 'N', 'N' );

	INSERT INTO MAP_APP_PUBLISHER VALUES( 6860, 76 );

	INSERT INTO MAP_APP_TAG VALUES( 6860, 1687 );
	INSERT INTO MAP_APP_TAG VALUES( 6860, 19 );
	INSERT INTO MAP_APP_TAG VALUES( 6860, 1697 );
	INSERT INTO MAP_APP_TAG VALUES( 6860, 4182 );
	INSERT INTO MAP_APP_TAG VALUES( 6860, 4376 );
	INSERT INTO MAP_APP_TAG VALUES( 6860, 1693 );
	INSERT INTO MAP_APP_TAG VALUES( 6860, 1756 );
	INSERT INTO MAP_APP_TAG VALUES( 6860, 3814 );
	INSERT INTO MAP_APP_TAG VALUES( 6860, 1664 );
	INSERT INTO MAP_APP_TAG VALUES( 6860, 7782 );
	INSERT INTO MAP_APP_TAG VALUES( 6860, 3810 );
	INSERT INTO MAP_APP_TAG VALUES( 6860, 1774 );
	INSERT INTO MAP_APP_TAG VALUES( 6860, 4711 );
	INSERT INTO MAP_APP_TAG VALUES( 6860, 4166 );
	INSERT INTO MAP_APP_TAG VALUES( 6860, 6378 );
	INSERT INTO MAP_APP_TAG VALUES( 6860, 4026 );
	INSERT INTO MAP_APP_TAG VALUES( 6860, 3839 );
	INSERT INTO MAP_APP_TAG VALUES( 6860, 9 );
	INSERT INTO MAP_APP_TAG VALUES( 6860, 4342 );
	INSERT INTO MAP_APP_TAG VALUES( 6860, 599 );

INSERT INTO APP_TABLE	 VALUES( 39630, 'AquaNox', 'The water is no longer calm. The undersea world has undergone a transformation from tranquil environment to a place of unspeakable violence, graphic murder and horrific danger.', SYSDATE ,5000, '' );
	INSERT INTO MAP_APP_CATEGORY VALUES( 39630, 3 );
	INSERT INTO MAP_APP_CATEGORY VALUES( 39630, 1 );

	INSERT INTO MAP_APP_DEVELOPER VALUES( 39630, 72 );

	INSERT INTO MAP_APP_GENRE VALUES( 39630, 1 );

	INSERT INTO MAP_APP_LANG VALUES ( 39630, 2,  'Y', 'N', 'N' );
	INSERT INTO MAP_APP_LANG VALUES ( 39630, 3,  'Y', 'N', 'N' );
	INSERT INTO MAP_APP_LANG VALUES ( 39630, 6,  'Y', 'N', 'N' );
	INSERT INTO MAP_APP_LANG VALUES ( 39630, 7,  'Y', 'N', 'N' );

	INSERT INTO MAP_APP_PUBLISHER VALUES( 39630, 72 );

	INSERT INTO MAP_APP_TAG VALUES( 39630, 19 );
	INSERT INTO MAP_APP_TAG VALUES( 39630, 9157 );
	INSERT INTO MAP_APP_TAG VALUES( 39630, 4182 );
	INSERT INTO MAP_APP_TAG VALUES( 39630, 3942 );
	INSERT INTO MAP_APP_TAG VALUES( 39630, 4115 );
	INSERT INTO MAP_APP_TAG VALUES( 39630, 4835 );
	INSERT INTO MAP_APP_TAG VALUES( 39630, 3859 );
	INSERT INTO MAP_APP_TAG VALUES( 39630, 1774 );
	INSERT INTO MAP_APP_TAG VALUES( 39630, 599 );

INSERT INTO APP_TABLE	 VALUES( 6870, 'Battlestations:_Midway', 'Battlestations: Midway is an immense action game that drops players into massive air, sea, and undersea battles from Pearl Harbor to the Battle of Midway.', SYSDATE ,7500, '' );
	INSERT INTO MAP_APP_CATEGORY VALUES( 6870, 3 );

	INSERT INTO MAP_APP_DEVELOPER VALUES( 6870, 77 );

	INSERT INTO MAP_APP_GENRE VALUES( 6870, 1 );

	INSERT INTO MAP_APP_LANG VALUES ( 6870, 2,  'Y', 'N', 'N' );
	INSERT INTO MAP_APP_LANG VALUES ( 6870, 3,  'Y', 'N', 'N' );
	INSERT INTO MAP_APP_LANG VALUES ( 6870, 4,  'Y', 'N', 'N' );
	INSERT INTO MAP_APP_LANG VALUES ( 6870, 6,  'Y', 'N', 'N' );
	INSERT INTO MAP_APP_LANG VALUES ( 6870, 7,  'Y', 'N', 'N' );

	INSERT INTO MAP_APP_PUBLISHER VALUES( 6870, 344 );

	INSERT INTO MAP_APP_TAG VALUES( 6870, 19 );
	INSERT INTO MAP_APP_TAG VALUES( 6870, 4150 );
	INSERT INTO MAP_APP_TAG VALUES( 6870, 9 );
	INSERT INTO MAP_APP_TAG VALUES( 6870, 6910 );
	INSERT INTO MAP_APP_TAG VALUES( 6870, 3859 );
	INSERT INTO MAP_APP_TAG VALUES( 6870, 599 );
	INSERT INTO MAP_APP_TAG VALUES( 6870, 1678 );
	INSERT INTO MAP_APP_TAG VALUES( 6870, 15045 );
	INSERT INTO MAP_APP_TAG VALUES( 6870, 4182 );

INSERT INTO APP_TABLE	 VALUES( 6880, 'Just_Cause', 'Your world...Your rules! In Just Cause, you are a Latin field operative and specialist in regime change backed by top secret US government agency who will overthrow the corrupt government of San Esperito.', SYSDATE ,7500, '' );
	INSERT INTO MAP_APP_CATEGORY VALUES( 6880, 3 );

	INSERT INTO MAP_APP_DEVELOPER VALUES( 6880, 78 );

	INSERT INTO MAP_APP_GENRE VALUES( 6880, 1 );

	INSERT INTO MAP_APP_LANG VALUES ( 6880, 2,  'Y', 'N', 'N' );
	INSERT INTO MAP_APP_LANG VALUES ( 6880, 3,  'Y', 'N', 'N' );
	INSERT INTO MAP_APP_LANG VALUES ( 6880, 4,  'Y', 'N', 'N' );
	INSERT INTO MAP_APP_LANG VALUES ( 6880, 6,  'Y', 'N', 'N' );
	INSERT INTO MAP_APP_LANG VALUES ( 6880, 7,  'Y', 'N', 'N' );

	INSERT INTO MAP_APP_PUBLISHER VALUES( 6880, 344 );

	INSERT INTO MAP_APP_TAG VALUES( 6880, 19 );
	INSERT INTO MAP_APP_TAG VALUES( 6880, 1695 );
	INSERT INTO MAP_APP_TAG VALUES( 6880, 1774 );
	INSERT INTO MAP_APP_TAG VALUES( 6880, 1697 );
	INSERT INTO MAP_APP_TAG VALUES( 6880, 4182 );
	INSERT INTO MAP_APP_TAG VALUES( 6880, 21 );
	INSERT INTO MAP_APP_TAG VALUES( 6880, 3810 );
	INSERT INTO MAP_APP_TAG VALUES( 6880, 3814 );
	INSERT INTO MAP_APP_TAG VALUES( 6880, 1693 );
	INSERT INTO MAP_APP_TAG VALUES( 6880, 3859 );
	INSERT INTO MAP_APP_TAG VALUES( 6880, 4166 );

INSERT INTO APP_TABLE	 VALUES( 39650, 'The_Guild_II', 'The Guild 2 is the shining successor of the ultra successful medieval life sim, Europe 1400. The Guild 2 is a unique mixture of RPG and life simulation in an immersive middle ages scenario. The player and his party become part of history and can even change it in real-time. Go back to the dark middle ages and found a new dynasty!', SYSDATE ,10000, '' );
	INSERT INTO MAP_APP_CATEGORY VALUES( 39650, 3 );

	INSERT INTO MAP_APP_DEVELOPER VALUES( 39650, 354 );

	INSERT INTO MAP_APP_GENRE VALUES( 39650, 8 );
	INSERT INTO MAP_APP_GENRE VALUES( 39650, 5 );

	INSERT INTO MAP_APP_LANG VALUES ( 39650, 2,  'Y', 'N', 'N' );
	INSERT INTO MAP_APP_LANG VALUES ( 39650, 3,  'Y', 'N', 'N' );
	INSERT INTO MAP_APP_LANG VALUES ( 39650, 4,  'Y', 'N', 'N' );
	INSERT INTO MAP_APP_LANG VALUES ( 39650, 6,  'Y', 'N', 'N' );
	INSERT INTO MAP_APP_LANG VALUES ( 39650, 7,  'Y', 'N', 'N' );

	INSERT INTO MAP_APP_PUBLISHER VALUES( 39650, 72 );

	INSERT INTO MAP_APP_TAG VALUES( 39650, 599 );
	INSERT INTO MAP_APP_TAG VALUES( 39650, 9 );
	INSERT INTO MAP_APP_TAG VALUES( 39650, 4172 );
	INSERT INTO MAP_APP_TAG VALUES( 39650, 122 );
	INSERT INTO MAP_APP_TAG VALUES( 39650, 4202 );
	INSERT INTO MAP_APP_TAG VALUES( 39650, 4182 );
	INSERT INTO MAP_APP_TAG VALUES( 39650, 4695 );
	INSERT INTO MAP_APP_TAG VALUES( 39650, 3810 );
	INSERT INTO MAP_APP_TAG VALUES( 39650, 12472 );

INSERT INTO APP_TABLE	 VALUES( 39660, 'The_Guild_II_-_Pirates_of_the_European_Seas', 'The first true life simulation series set in the fascinating medieval Europe! The Addon expands and transforms the game into an even greater experience by adding a huge area including the cities of "The Hanse" located at the shores of the European seas.', SYSDATE ,10000, '' );
	INSERT INTO MAP_APP_CATEGORY VALUES( 39660, 3 );

	INSERT INTO MAP_APP_DEVELOPER VALUES( 39660, 354 );

	INSERT INTO MAP_APP_GENRE VALUES( 39660, 8 );
	INSERT INTO MAP_APP_GENRE VALUES( 39660, 5 );

	INSERT INTO MAP_APP_LANG VALUES ( 39660, 2,  'Y', 'N', 'N' );
	INSERT INTO MAP_APP_LANG VALUES ( 39660, 3,  'Y', 'N', 'N' );
	INSERT INTO MAP_APP_LANG VALUES ( 39660, 4,  'Y', 'N', 'N' );
	INSERT INTO MAP_APP_LANG VALUES ( 39660, 6,  'Y', 'N', 'N' );
	INSERT INTO MAP_APP_LANG VALUES ( 39660, 7,  'Y', 'N', 'N' );

	INSERT INTO MAP_APP_PUBLISHER VALUES( 39660, 72 );

	INSERT INTO MAP_APP_TAG VALUES( 39660, 599 );
	INSERT INTO MAP_APP_TAG VALUES( 39660, 9 );
	INSERT INTO MAP_APP_TAG VALUES( 39660, 4172 );
	INSERT INTO MAP_APP_TAG VALUES( 39660, 1681 );
	INSERT INTO MAP_APP_TAG VALUES( 39660, 122 );

INSERT INTO APP_TABLE	 VALUES( 6900, 'Hitman:_Codename_47', 'As the enigmatic Hitman, you must use stealth and tactical problem solving to enter, execute and exit your assignment with minimum attention and maximum effectiveness. For a price, you have access to the most devious devices, but how you use them will determine if you retire as a millionaire or get permanently retired.', SYSDATE ,7500, '' );
	INSERT INTO MAP_APP_CATEGORY VALUES( 6900, 3 );

	INSERT INTO MAP_APP_DEVELOPER VALUES( 6900, 76 );

	INSERT INTO MAP_APP_GENRE VALUES( 6900, 1 );

	INSERT INTO MAP_APP_LANG VALUES ( 6900, 2,  'Y', 'Y', 'Y' );
	INSERT INTO MAP_APP_LANG VALUES ( 6900, 3,  'Y', 'N', 'Y' );
	INSERT INTO MAP_APP_LANG VALUES ( 6900, 4,  'Y', 'N', 'Y' );
	INSERT INTO MAP_APP_LANG VALUES ( 6900, 6,  'Y', 'N', 'Y' );
	INSERT INTO MAP_APP_LANG VALUES ( 6900, 7,  'Y', 'N', 'Y' );

	INSERT INTO MAP_APP_PUBLISHER VALUES( 6900, 76 );

	INSERT INTO MAP_APP_TAG VALUES( 6900, 1687 );
	INSERT INTO MAP_APP_TAG VALUES( 6900, 19 );
	INSERT INTO MAP_APP_TAG VALUES( 6900, 1693 );
	INSERT INTO MAP_APP_TAG VALUES( 6900, 4376 );
	INSERT INTO MAP_APP_TAG VALUES( 6900, 4182 );
	INSERT INTO MAP_APP_TAG VALUES( 6900, 1697 );
	INSERT INTO MAP_APP_TAG VALUES( 6900, 1774 );
	INSERT INTO MAP_APP_TAG VALUES( 6900, 3814 );
	INSERT INTO MAP_APP_TAG VALUES( 6900, 4026 );
	INSERT INTO MAP_APP_TAG VALUES( 6900, 3810 );
	INSERT INTO MAP_APP_TAG VALUES( 6900, 4166 );

INSERT INTO APP_TABLE	 VALUES( 39670, 'Chaser', 'Mars, 2044. The UN establishes MARSCORP (Martian Security and Economics Committee) under the leadership of Samuel Longwood. In the years that follow, the UN gradually loses control of MARSCORP, mainly due to the non-transparent licence policy of its director.', SYSDATE ,5000, '' );
	INSERT INTO MAP_APP_CATEGORY VALUES( 39670, 3 );
	INSERT INTO MAP_APP_CATEGORY VALUES( 39670, 1 );

	INSERT INTO MAP_APP_DEVELOPER VALUES( 39670, 355 );

	INSERT INTO MAP_APP_GENRE VALUES( 39670, 1 );

	INSERT INTO MAP_APP_LANG VALUES ( 39670, 2,  'Y', 'N', 'N' );
	INSERT INTO MAP_APP_LANG VALUES ( 39670, 4,  'Y', 'N', 'N' );
	INSERT INTO MAP_APP_LANG VALUES ( 39670, 9,  'Y', 'N', 'N' );
	INSERT INTO MAP_APP_LANG VALUES ( 39670, 6,  'Y', 'N', 'N' );
	INSERT INTO MAP_APP_LANG VALUES ( 39670, 25,  'Y', 'N', 'N' );
	INSERT INTO MAP_APP_LANG VALUES ( 39670, 7,  'Y', 'N', 'N' );
	INSERT INTO MAP_APP_LANG VALUES ( 39670, 11,  'Y', 'N', 'N' );

	INSERT INTO MAP_APP_PUBLISHER VALUES( 39670, 72 );

	INSERT INTO MAP_APP_TAG VALUES( 39670, 19 );
	INSERT INTO MAP_APP_TAG VALUES( 39670, 1663 );
	INSERT INTO MAP_APP_TAG VALUES( 39670, 3942 );
	INSERT INTO MAP_APP_TAG VALUES( 39670, 4182 );
	INSERT INTO MAP_APP_TAG VALUES( 39670, 3839 );
	INSERT INTO MAP_APP_TAG VALUES( 39670, 3859 );
	INSERT INTO MAP_APP_TAG VALUES( 39670, 4115 );
	INSERT INTO MAP_APP_TAG VALUES( 39670, 1693 );
	INSERT INTO MAP_APP_TAG VALUES( 39670, 1774 );
	INSERT INTO MAP_APP_TAG VALUES( 39670, 4295 );
	INSERT INTO MAP_APP_TAG VALUES( 39670, 4166 );
	INSERT INTO MAP_APP_TAG VALUES( 39670, 5796 );

INSERT INTO APP_TABLE	 VALUES( 6910, 'Deus_Ex:_Game_of_the_Year_Edition', 'The year is 2052 and the world is a dangerous and chaotic place. Terrorists operate openly - killing thousands; drugs, disease and pollution kill even more. The world''s economies are close to collapse and the gap between the insanely wealthy and the desperately poor grows ever wider.', SYSDATE ,7500, '' );
	INSERT INTO MAP_APP_CATEGORY VALUES( 6910, 3 );
	INSERT INTO MAP_APP_CATEGORY VALUES( 6910, 1 );

	INSERT INTO MAP_APP_DEVELOPER VALUES( 6910, 79 );

	INSERT INTO MAP_APP_GENRE VALUES( 6910, 1 );

	INSERT INTO MAP_APP_LANG VALUES ( 6910, 2,  'Y', 'N', 'N' );

	INSERT INTO MAP_APP_PUBLISHER VALUES( 6910, 344 );

	INSERT INTO MAP_APP_TAG VALUES( 6910, 4115 );
	INSERT INTO MAP_APP_TAG VALUES( 6910, 122 );
	INSERT INTO MAP_APP_TAG VALUES( 6910, 1687 );
	INSERT INTO MAP_APP_TAG VALUES( 6910, 1693 );
	INSERT INTO MAP_APP_TAG VALUES( 6910, 1663 );
	INSERT INTO MAP_APP_TAG VALUES( 6910, 3942 );
	INSERT INTO MAP_APP_TAG VALUES( 6910, 19 );
	INSERT INTO MAP_APP_TAG VALUES( 6910, 7782 );
	INSERT INTO MAP_APP_TAG VALUES( 6910, 4182 );
	INSERT INTO MAP_APP_TAG VALUES( 6910, 6276 );
	INSERT INTO MAP_APP_TAG VALUES( 6910, 1742 );
	INSERT INTO MAP_APP_TAG VALUES( 6910, 1756 );
	INSERT INTO MAP_APP_TAG VALUES( 6910, 1669 );
	INSERT INTO MAP_APP_TAG VALUES( 6910, 3839 );
	INSERT INTO MAP_APP_TAG VALUES( 6910, 4166 );
	INSERT INTO MAP_APP_TAG VALUES( 6910, 5372 );
	INSERT INTO MAP_APP_TAG VALUES( 6910, 1774 );
	INSERT INTO MAP_APP_TAG VALUES( 6910, 4231 );
	INSERT INTO MAP_APP_TAG VALUES( 6910, 21 );

INSERT INTO APP_TABLE	 VALUES( 39680, 'The_Guild_II_Renaissance', 'For centuries Europe has been dominated by the church and nobility. On the shoulders of ordinary people the servants of god and the noble families justified their power and wealth. This was the incontrovertible, divine world order. A truly dark era¡¦ In the 14th Century the world order is beginning to transform itself.', SYSDATE ,10000, '' );
	INSERT INTO MAP_APP_CATEGORY VALUES( 39680, 3 );

	INSERT INTO MAP_APP_DEVELOPER VALUES( 39680, 356 );

	INSERT INTO MAP_APP_GENRE VALUES( 39680, 8 );
	INSERT INTO MAP_APP_GENRE VALUES( 39680, 5 );

	INSERT INTO MAP_APP_LANG VALUES ( 39680, 2,  'Y', 'N', 'N' );
	INSERT INTO MAP_APP_LANG VALUES ( 39680, 3,  'Y', 'N', 'N' );
	INSERT INTO MAP_APP_LANG VALUES ( 39680, 4,  'Y', 'N', 'N' );
	INSERT INTO MAP_APP_LANG VALUES ( 39680, 6,  'Y', 'N', 'N' );
	INSERT INTO MAP_APP_LANG VALUES ( 39680, 7,  'Y', 'N', 'N' );

	INSERT INTO MAP_APP_PUBLISHER VALUES( 39680, 72 );

	INSERT INTO MAP_APP_TAG VALUES( 39680, 9 );
	INSERT INTO MAP_APP_TAG VALUES( 39680, 599 );
	INSERT INTO MAP_APP_TAG VALUES( 39680, 4695 );
	INSERT INTO MAP_APP_TAG VALUES( 39680, 4172 );
	INSERT INTO MAP_APP_TAG VALUES( 39680, 122 );
	INSERT INTO MAP_APP_TAG VALUES( 39680, 4754 );
	INSERT INTO MAP_APP_TAG VALUES( 39680, 4202 );
	INSERT INTO MAP_APP_TAG VALUES( 39680, 4328 );
	INSERT INTO MAP_APP_TAG VALUES( 39680, 3810 );
	INSERT INTO MAP_APP_TAG VALUES( 39680, 4182 );
	INSERT INTO MAP_APP_TAG VALUES( 39680, 12472 );
	INSERT INTO MAP_APP_TAG VALUES( 39680, 3859 );
	INSERT INTO MAP_APP_TAG VALUES( 39680, 8945 );
	INSERT INTO MAP_APP_TAG VALUES( 39680, 1695 );
	INSERT INTO MAP_APP_TAG VALUES( 39680, 3987 );

INSERT INTO APP_TABLE	 VALUES( 6920, 'Deus_Ex:_Invisible_War', 'Approximately 20 years after the events depicted in Deus Ex, The World is only beginning to recover from a Catastrophic worldwide depression. In the Chaotic period of recovery, several religious and political factions see an opportunity to re-shape a worldwide government to their agendas, understanding that the right moves now could...', SYSDATE ,7500, '' );
	INSERT INTO MAP_APP_CATEGORY VALUES( 6920, 3 );

	INSERT INTO MAP_APP_DEVELOPER VALUES( 6920, 79 );

	INSERT INTO MAP_APP_GENRE VALUES( 6920, 1 );

	INSERT INTO MAP_APP_LANG VALUES ( 6920, 2,  'Y', 'N', 'N' );

	INSERT INTO MAP_APP_PUBLISHER VALUES( 6920, 344 );

	INSERT INTO MAP_APP_TAG VALUES( 6920, 4115 );
	INSERT INTO MAP_APP_TAG VALUES( 6920, 19 );
	INSERT INTO MAP_APP_TAG VALUES( 6920, 1663 );
	INSERT INTO MAP_APP_TAG VALUES( 6920, 3942 );
	INSERT INTO MAP_APP_TAG VALUES( 6920, 122 );
	INSERT INTO MAP_APP_TAG VALUES( 6920, 1687 );
	INSERT INTO MAP_APP_TAG VALUES( 6920, 4182 );
	INSERT INTO MAP_APP_TAG VALUES( 6920, 4137 );
	INSERT INTO MAP_APP_TAG VALUES( 6920, 7208 );
	INSERT INTO MAP_APP_TAG VALUES( 6920, 3839 );
	INSERT INTO MAP_APP_TAG VALUES( 6920, 1774 );
	INSERT INTO MAP_APP_TAG VALUES( 6920, 1742 );
	INSERT INTO MAP_APP_TAG VALUES( 6920, 4166 );
	INSERT INTO MAP_APP_TAG VALUES( 6920, 7478 );
	INSERT INTO MAP_APP_TAG VALUES( 6920, 1693 );
	INSERT INTO MAP_APP_TAG VALUES( 6920, 4231 );
	INSERT INTO MAP_APP_TAG VALUES( 6920, 5372 );

INSERT INTO APP_TABLE	 VALUES( 39690, 'ArcaniA', 'War covers the southern islands until it finally reaches the idyllic isle of Feshyr. You take on the role as the new nameless hero after your village has been pillaged and destroyed by paladins of the king. Seeking revenge, you soon realize that this cowardly attack did not just happen on a reckless mercenary`s whim.', SYSDATE ,20000, '' );
	INSERT INTO MAP_APP_CATEGORY VALUES( 39690, 3 );

	INSERT INTO MAP_APP_DEVELOPER VALUES( 39690, 357 );

	INSERT INTO MAP_APP_GENRE VALUES( 39690, 6 );

	INSERT INTO MAP_APP_LANG VALUES ( 39690, 2,  'Y', 'N', 'N' );
	INSERT INTO MAP_APP_LANG VALUES ( 39690, 3,  'Y', 'N', 'N' );
	INSERT INTO MAP_APP_LANG VALUES ( 39690, 4,  'Y', 'N', 'N' );
	INSERT INTO MAP_APP_LANG VALUES ( 39690, 6,  'Y', 'N', 'N' );
	INSERT INTO MAP_APP_LANG VALUES ( 39690, 7,  'Y', 'N', 'N' );

	INSERT INTO MAP_APP_PUBLISHER VALUES( 39690, 72 );

	INSERT INTO MAP_APP_TAG VALUES( 39690, 122 );
	INSERT INTO MAP_APP_TAG VALUES( 39690, 1695 );
	INSERT INTO MAP_APP_TAG VALUES( 39690, 4182 );
	INSERT INTO MAP_APP_TAG VALUES( 39690, 1684 );
	INSERT INTO MAP_APP_TAG VALUES( 39690, 1697 );
	INSERT INTO MAP_APP_TAG VALUES( 39690, 21 );
	INSERT INTO MAP_APP_TAG VALUES( 39690, 19 );
	INSERT INTO MAP_APP_TAG VALUES( 39690, 4231 );
	INSERT INTO MAP_APP_TAG VALUES( 39690, 3952 );
	INSERT INTO MAP_APP_TAG VALUES( 39690, 4057 );
	INSERT INTO MAP_APP_TAG VALUES( 39690, 4172 );

INSERT INTO APP_TABLE	 VALUES( 6980, 'Thief:_Deadly_Shadows', 'You are Garrett, the master thief. Rarely seen and never caught, Garrett is the best that ever was. Able to sneak past any guard, pick any lock, and break into the most ingeniously secured residences. Garrett steals from the wealthy and gives to himself, making his living in the dark and foreboding City.', SYSDATE ,9500, '' );
	INSERT INTO MAP_APP_CATEGORY VALUES( 6980, 3 );

	INSERT INTO MAP_APP_DEVELOPER VALUES( 6980, 79 );

	INSERT INTO MAP_APP_GENRE VALUES( 6980, 1 );

	INSERT INTO MAP_APP_LANG VALUES ( 6980, 2,  'Y', 'N', 'N' );

	INSERT INTO MAP_APP_PUBLISHER VALUES( 6980, 344 );

	INSERT INTO MAP_APP_TAG VALUES( 6980, 1687 );
	INSERT INTO MAP_APP_TAG VALUES( 6980, 4166 );
	INSERT INTO MAP_APP_TAG VALUES( 6980, 19 );
	INSERT INTO MAP_APP_TAG VALUES( 6980, 1777 );
	INSERT INTO MAP_APP_TAG VALUES( 6980, 3839 );
	INSERT INTO MAP_APP_TAG VALUES( 6980, 1693 );
	INSERT INTO MAP_APP_TAG VALUES( 6980, 4342 );
	INSERT INTO MAP_APP_TAG VALUES( 6980, 1697 );
	INSERT INTO MAP_APP_TAG VALUES( 6980, 1742 );
	INSERT INTO MAP_APP_TAG VALUES( 6980, 1684 );
	INSERT INTO MAP_APP_TAG VALUES( 6980, 1667 );
	INSERT INTO MAP_APP_TAG VALUES( 6980, 4182 );
	INSERT INTO MAP_APP_TAG VALUES( 6980, 21 );
	INSERT INTO MAP_APP_TAG VALUES( 6980, 4604 );
	INSERT INTO MAP_APP_TAG VALUES( 6980, 4172 );
	INSERT INTO MAP_APP_TAG VALUES( 6980, 1695 );

INSERT INTO APP_TABLE	 VALUES( 7000, 'Tomb_Raider:_Legend', 'The gaming world''s sexiest and most intrepid adventurer makes her triumphant return in Lara Croft Tomb Raider: Legend! Follow Lara down a path of discovery as she travels the globe to remote, exotic locales in search of one of history''s greatest artifacts that unleash unwelcome figures from Lara''s mysterious past.', SYSDATE ,7500, '' );
	INSERT INTO MAP_APP_CATEGORY VALUES( 7000, 3 );
	INSERT INTO MAP_APP_CATEGORY VALUES( 7000, 7 );

	INSERT INTO MAP_APP_DEVELOPER VALUES( 7000, 80 );

	INSERT INTO MAP_APP_GENRE VALUES( 7000, 1 );
	INSERT INTO MAP_APP_GENRE VALUES( 7000, 3 );

	INSERT INTO MAP_APP_LANG VALUES ( 7000, 2,  'Y', 'N', 'N' );
	INSERT INTO MAP_APP_LANG VALUES ( 7000, 3,  'Y', 'N', 'N' );
	INSERT INTO MAP_APP_LANG VALUES ( 7000, 4,  'Y', 'N', 'N' );
	INSERT INTO MAP_APP_LANG VALUES ( 7000, 6,  'Y', 'N', 'N' );
	INSERT INTO MAP_APP_LANG VALUES ( 7000, 7,  'Y', 'N', 'N' );

	INSERT INTO MAP_APP_PUBLISHER VALUES( 7000, 344 );

	INSERT INTO MAP_APP_TAG VALUES( 7000, 21 );
	INSERT INTO MAP_APP_TAG VALUES( 7000, 19 );
	INSERT INTO MAP_APP_TAG VALUES( 7000, 7208 );
	INSERT INTO MAP_APP_TAG VALUES( 7000, 1697 );
	INSERT INTO MAP_APP_TAG VALUES( 7000, 1664 );
	INSERT INTO MAP_APP_TAG VALUES( 7000, 21722 );
	INSERT INTO MAP_APP_TAG VALUES( 7000, 1625 );
	INSERT INTO MAP_APP_TAG VALUES( 7000, 4182 );
	INSERT INTO MAP_APP_TAG VALUES( 7000, 1774 );
	INSERT INTO MAP_APP_TAG VALUES( 7000, 4106 );
	INSERT INTO MAP_APP_TAG VALUES( 7000, 3814 );
	INSERT INTO MAP_APP_TAG VALUES( 7000, 7481 );

INSERT INTO APP_TABLE	 VALUES( 7010, 'Project:_Snowblind', 'Experience the dramatic intensity of the frontlines of a war through the eyes of the first of a new breed of super soldiers in this gritty and epic first-person action game. An augmented super-soldier must stop a renegade regime from eradicating the civilized world. Hong Kong, 2065. 2nd Lt.', SYSDATE ,6500, '' );
	INSERT INTO MAP_APP_CATEGORY VALUES( 7010, 3 );
	INSERT INTO MAP_APP_CATEGORY VALUES( 7010, 1 );

	INSERT INTO MAP_APP_DEVELOPER VALUES( 7010, 80 );

	INSERT INTO MAP_APP_GENRE VALUES( 7010, 1 );

	INSERT INTO MAP_APP_LANG VALUES ( 7010, 2,  'Y', 'N', 'N' );

	INSERT INTO MAP_APP_PUBLISHER VALUES( 7010, 344 );

	INSERT INTO MAP_APP_TAG VALUES( 7010, 19 );
	INSERT INTO MAP_APP_TAG VALUES( 7010, 4115 );
	INSERT INTO MAP_APP_TAG VALUES( 7010, 1663 );

INSERT INTO APP_TABLE	 VALUES( 7020, 'Rogue_Trooper', 'Nu Earth: a poisoned planet where endless war rages between the Norts and the Southers. A futile struggle on a hostile planet with no end in sight. But there are tales of a lone warrior. A man who knows no allegiance, the Rogue Trooper!', SYSDATE ,10500, '' );
	INSERT INTO MAP_APP_CATEGORY VALUES( 7020, 3 );
	INSERT INTO MAP_APP_CATEGORY VALUES( 7020, 1 );
	INSERT INTO MAP_APP_CATEGORY VALUES( 7020, 16 );

	INSERT INTO MAP_APP_DEVELOPER VALUES( 7020, 40 );

	INSERT INTO MAP_APP_GENRE VALUES( 7020, 1 );

	INSERT INTO MAP_APP_LANG VALUES ( 7020, 2,  'Y', 'N', 'N' );
	INSERT INTO MAP_APP_LANG VALUES ( 7020, 3,  'Y', 'N', 'N' );
	INSERT INTO MAP_APP_LANG VALUES ( 7020, 4,  'Y', 'N', 'N' );
	INSERT INTO MAP_APP_LANG VALUES ( 7020, 6,  'Y', 'N', 'N' );
	INSERT INTO MAP_APP_LANG VALUES ( 7020, 7,  'Y', 'N', 'N' );

	INSERT INTO MAP_APP_PUBLISHER VALUES( 7020, 40 );

	INSERT INTO MAP_APP_TAG VALUES( 7020, 19 );
	INSERT INTO MAP_APP_TAG VALUES( 7020, 3814 );
	INSERT INTO MAP_APP_TAG VALUES( 7020, 3942 );
	INSERT INTO MAP_APP_TAG VALUES( 7020, 1697 );
	INSERT INTO MAP_APP_TAG VALUES( 7020, 1774 );
	INSERT INTO MAP_APP_TAG VALUES( 7020, 1693 );
	INSERT INTO MAP_APP_TAG VALUES( 7020, 3859 );

INSERT INTO APP_TABLE	 VALUES( 39800, 'Nation_Red', 'Nation Red is an ultra fast infinite play arena-based shooter providing an exceptional close-quarter battlefield experience. Fight thousands of zombie mutants and their bosses in frantic bloody gameplay while earning close to 100 perks. Fight in Barricade, Survival or Free Play mode.', SYSDATE ,2200, '' );
	INSERT INTO MAP_APP_CATEGORY VALUES( 39800, 3 );
	INSERT INTO MAP_APP_CATEGORY VALUES( 39800, 1 );
	INSERT INTO MAP_APP_CATEGORY VALUES( 39800, 16 );
	INSERT INTO MAP_APP_CATEGORY VALUES( 39800, 20 );
	INSERT INTO MAP_APP_CATEGORY VALUES( 39800, 23 );
	INSERT INTO MAP_APP_CATEGORY VALUES( 39800, 21 );
	INSERT INTO MAP_APP_CATEGORY VALUES( 39800, 10 );
	INSERT INTO MAP_APP_CATEGORY VALUES( 39800, 4 );
	INSERT INTO MAP_APP_CATEGORY VALUES( 39800, 17 );
	INSERT INTO MAP_APP_CATEGORY VALUES( 39800, 5 );
	INSERT INTO MAP_APP_CATEGORY VALUES( 39800, 8 );
	INSERT INTO MAP_APP_CATEGORY VALUES( 39800, 18 );

	INSERT INTO MAP_APP_DEVELOPER VALUES( 39800, 358 );

	INSERT INTO MAP_APP_GENRE VALUES( 39800, 1 );
	INSERT INTO MAP_APP_GENRE VALUES( 39800, 4 );

	INSERT INTO MAP_APP_LANG VALUES ( 39800, 1,  'Y', 'N', 'N' );
	INSERT INTO MAP_APP_LANG VALUES ( 39800, 2,  'Y', 'N', 'N' );
	INSERT INTO MAP_APP_LANG VALUES ( 39800, 3,  'Y', 'N', 'N' );
	INSERT INTO MAP_APP_LANG VALUES ( 39800, 4,  'Y', 'N', 'N' );
	INSERT INTO MAP_APP_LANG VALUES ( 39800, 9,  'Y', 'N', 'N' );
	INSERT INTO MAP_APP_LANG VALUES ( 39800, 13,  'Y', 'N', 'N' );
	INSERT INTO MAP_APP_LANG VALUES ( 39800, 6,  'Y', 'N', 'N' );
	INSERT INTO MAP_APP_LANG VALUES ( 39800, 7,  'Y', 'N', 'N' );
	INSERT INTO MAP_APP_LANG VALUES ( 39800, 11,  'Y', 'N', 'N' );
	INSERT INTO MAP_APP_LANG VALUES ( 39800, 8,  'Y', 'N', 'N' );

	INSERT INTO MAP_APP_PUBLISHER VALUES( 39800, 358 );

	INSERT INTO MAP_APP_TAG VALUES( 39800, 1659 );
	INSERT INTO MAP_APP_TAG VALUES( 39800, 19 );
	INSERT INTO MAP_APP_TAG VALUES( 39800, 492 );
	INSERT INTO MAP_APP_TAG VALUES( 39800, 4637 );
	INSERT INTO MAP_APP_TAG VALUES( 39800, 3843 );
	INSERT INTO MAP_APP_TAG VALUES( 39800, 4758 );
	INSERT INTO MAP_APP_TAG VALUES( 39800, 1662 );
	INSERT INTO MAP_APP_TAG VALUES( 39800, 3841 );
	INSERT INTO MAP_APP_TAG VALUES( 39800, 1685 );
	INSERT INTO MAP_APP_TAG VALUES( 39800, 4791 );
	INSERT INTO MAP_APP_TAG VALUES( 39800, 4345 );
	INSERT INTO MAP_APP_TAG VALUES( 39800, 1773 );
	INSERT INTO MAP_APP_TAG VALUES( 39800, 4840 );
	INSERT INTO MAP_APP_TAG VALUES( 39800, 3859 );
	INSERT INTO MAP_APP_TAG VALUES( 39800, 4255 );
	INSERT INTO MAP_APP_TAG VALUES( 39800, 1667 );

INSERT INTO APP_TABLE	 VALUES( 7110, 'Jade_Empire¢â:_Special_Edition', 'Step into the role of an aspiring martial-arts master and follow the path of the open palm or the closed fist. In this multi-award-winning action-RPG, your choices and actions will determine the fate of the entire Jade Empire. Will you prevent the destruction of this beautiful land, or will you crush it beneath your heel?', SYSDATE ,16000, '' );
	INSERT INTO MAP_APP_CATEGORY VALUES( 7110, 3 );
	INSERT INTO MAP_APP_CATEGORY VALUES( 7110, 7 );

	INSERT INTO MAP_APP_DEVELOPER VALUES( 7110, 81 );

	INSERT INTO MAP_APP_GENRE VALUES( 7110, 6 );

	INSERT INTO MAP_APP_LANG VALUES ( 7110, 2,  'Y', 'N', 'N' );
	INSERT INTO MAP_APP_LANG VALUES ( 7110, 3,  'Y', 'N', 'N' );
	INSERT INTO MAP_APP_LANG VALUES ( 7110, 4,  'Y', 'N', 'N' );
	INSERT INTO MAP_APP_LANG VALUES ( 7110, 6,  'Y', 'N', 'N' );
	INSERT INTO MAP_APP_LANG VALUES ( 7110, 7,  'Y', 'N', 'N' );

	INSERT INTO MAP_APP_PUBLISHER VALUES( 7110, 81 );
	INSERT INTO MAP_APP_PUBLISHER VALUES( 7110, 427 );

	INSERT INTO MAP_APP_TAG VALUES( 7110, 122 );
	INSERT INTO MAP_APP_TAG VALUES( 7110, 1684 );
	INSERT INTO MAP_APP_TAG VALUES( 7110, 1742 );
	INSERT INTO MAP_APP_TAG VALUES( 7110, 1697 );
	INSERT INTO MAP_APP_TAG VALUES( 7110, 6915 );
	INSERT INTO MAP_APP_TAG VALUES( 7110, 4182 );
	INSERT INTO MAP_APP_TAG VALUES( 7110, 19 );
	INSERT INTO MAP_APP_TAG VALUES( 7110, 4231 );
	INSERT INTO MAP_APP_TAG VALUES( 7110, 10695 );
	INSERT INTO MAP_APP_TAG VALUES( 7110, 7208 );
	INSERT INTO MAP_APP_TAG VALUES( 7110, 1756 );
	INSERT INTO MAP_APP_TAG VALUES( 7110, 4947 );
	INSERT INTO MAP_APP_TAG VALUES( 7110, 21 );
	INSERT INTO MAP_APP_TAG VALUES( 7110, 6426 );
	INSERT INTO MAP_APP_TAG VALUES( 7110, 4166 );
	INSERT INTO MAP_APP_TAG VALUES( 7110, 4747 );
	INSERT INTO MAP_APP_TAG VALUES( 7110, 16094 );
	INSERT INTO MAP_APP_TAG VALUES( 7110, 6971 );

INSERT INTO APP_TABLE	 VALUES( 39900, 'Coniclysm', 'Coniclysm is an abstract third person shooter where the player assumes the role of an intelligence adapting for survival in a strange new universe.Key FeaturesThis isn¡¯t your typical shooter--you will need much more than quick reflexes! Explore the strange universe where everything has a purpose.', SYSDATE ,-1, '' );
	INSERT INTO MAP_APP_CATEGORY VALUES( 39900, 3 );
	INSERT INTO MAP_APP_CATEGORY VALUES( 39900, 17 );
	INSERT INTO MAP_APP_CATEGORY VALUES( 39900, 7 );

	INSERT INTO MAP_APP_DEVELOPER VALUES( 39900, 359 );

	INSERT INTO MAP_APP_GENRE VALUES( 39900, 1 );

	INSERT INTO MAP_APP_LANG VALUES ( 39900, 2,  'Y', 'Y', 'Y' );

	INSERT INTO MAP_APP_PUBLISHER VALUES( 39900, 359 );

	INSERT INTO MAP_APP_TAG VALUES( 39900, 19 );

INSERT INTO APP_TABLE	 VALUES( 7200, 'Trackmania_United_Forever_Star_Edition', 'TrackMania is the most entertaining car racing game ever. Millions of players play it in single or multiplayer modes. TrackMania United Forever is the ultimate TrackMania edition thanks to the numerous additions and innovations it has to offer.', SYSDATE ,35000, '' );
	INSERT INTO MAP_APP_CATEGORY VALUES( 7200, 3 );
	INSERT INTO MAP_APP_CATEGORY VALUES( 7200, 1 );
	INSERT INTO MAP_APP_CATEGORY VALUES( 7200, 13 );

	INSERT INTO MAP_APP_DEVELOPER VALUES( 7200, 82 );

	INSERT INTO MAP_APP_GENRE VALUES( 7200, 9 );

	INSERT INTO MAP_APP_LANG VALUES ( 7200, 3,  'Y', 'N', 'N' );
	INSERT INTO MAP_APP_LANG VALUES ( 7200, 9,  'Y', 'N', 'N' );
	INSERT INTO MAP_APP_LANG VALUES ( 7200, 10,  'Y', 'N', 'N' );
	INSERT INTO MAP_APP_LANG VALUES ( 7200, 5,  'Y', 'N', 'N' );
	INSERT INTO MAP_APP_LANG VALUES ( 7200, 6,  'Y', 'N', 'N' );
	INSERT INTO MAP_APP_LANG VALUES ( 7200, 27,  'Y', 'N', 'N' );
	INSERT INTO MAP_APP_LANG VALUES ( 7200, 11,  'Y', 'N', 'N' );
	INSERT INTO MAP_APP_LANG VALUES ( 7200, 2,  'Y', 'N', 'N' );
	INSERT INTO MAP_APP_LANG VALUES ( 7200, 4,  'Y', 'N', 'N' );
	INSERT INTO MAP_APP_LANG VALUES ( 7200, 13,  'Y', 'N', 'N' );
	INSERT INTO MAP_APP_LANG VALUES ( 7200, 7,  'Y', 'N', 'N' );
	INSERT INTO MAP_APP_LANG VALUES ( 7200, 25,  'Y', 'N', 'N' );
	INSERT INTO MAP_APP_LANG VALUES ( 7200, 24,  'Y', 'N', 'N' );
	INSERT INTO MAP_APP_LANG VALUES ( 7200, 17,  'Y', 'N', 'N' );
	INSERT INTO MAP_APP_LANG VALUES ( 7200, 8,  'Y', 'N', 'N' );

	INSERT INTO MAP_APP_PUBLISHER VALUES( 7200, 160 );

	INSERT INTO MAP_APP_TAG VALUES( 7200, 699 );
	INSERT INTO MAP_APP_TAG VALUES( 7200, 3859 );
	INSERT INTO MAP_APP_TAG VALUES( 7200, 8122 );
	INSERT INTO MAP_APP_TAG VALUES( 7200, 4182 );
	INSERT INTO MAP_APP_TAG VALUES( 7200, 5390 );
	INSERT INTO MAP_APP_TAG VALUES( 7200, 1773 );
	INSERT INTO MAP_APP_TAG VALUES( 7200, 3878 );
	INSERT INTO MAP_APP_TAG VALUES( 7200, 113 );

INSERT INTO APP_TABLE	 VALUES( 7210, 'Runaway,_A_Road_Adventure', 'New York, 2000......Without knowing how or why, Brian, a student on the verge of graduating from college, is attacked by Mafia gangsters. During his desperate getaway, in the company of a mysterious striptease dancer, he ends up meeting a wide range of unusual characters.', SYSDATE ,10500, '' );
	INSERT INTO MAP_APP_CATEGORY VALUES( 7210, 3 );

	INSERT INTO MAP_APP_DEVELOPER VALUES( 7210, 83 );

	INSERT INTO MAP_APP_GENRE VALUES( 7210, 3 );

	INSERT INTO MAP_APP_LANG VALUES ( 7210, 2,  'Y', 'Y', 'Y' );
	INSERT INTO MAP_APP_LANG VALUES ( 7210, 4,  'Y', 'Y', 'Y' );


	INSERT INTO MAP_APP_TAG VALUES( 7210, 21 );
	INSERT INTO MAP_APP_TAG VALUES( 7210, 1698 );
	INSERT INTO MAP_APP_TAG VALUES( 7210, 5716 );
	INSERT INTO MAP_APP_TAG VALUES( 7210, 4182 );
	INSERT INTO MAP_APP_TAG VALUES( 7210, 1664 );

INSERT INTO APP_TABLE	 VALUES( 7220, 'Runaway,_The_Dream_of_The_Turtle', 'Travel to the four corners of the world with Brian and Gina in a crazy story packed full of surprises. Pirates, spies, surfers, soldiers, and even aliens get in on the act - all combining to create a wonderfully rewarding experience to savour and remember forever!', SYSDATE ,10500, '' );
	INSERT INTO MAP_APP_CATEGORY VALUES( 7220, 3 );

	INSERT INTO MAP_APP_DEVELOPER VALUES( 7220, 83 );

	INSERT INTO MAP_APP_GENRE VALUES( 7220, 3 );

	INSERT INTO MAP_APP_LANG VALUES ( 7220, 2,  'Y', 'N', 'N' );
	INSERT INTO MAP_APP_LANG VALUES ( 7220, 4,  'Y', 'N', 'N' );


	INSERT INTO MAP_APP_TAG VALUES( 7220, 21 );
	INSERT INTO MAP_APP_TAG VALUES( 7220, 1698 );
	INSERT INTO MAP_APP_TAG VALUES( 7220, 5716 );

INSERT INTO APP_TABLE	 VALUES( 7260, 'Loki', 'A fantasy voyage through the great mythologies, Loki allows the player to take on the role of one of the four heroes of the game, each drawn from a different mythology: a mighty Norse fighter, a fierce Greek warrior, a powerful Egyptian magician or an Aztec shaman who masters the secrets of the spirit world.', SYSDATE ,10500, '' );
	INSERT INTO MAP_APP_CATEGORY VALUES( 7260, 3 );
	INSERT INTO MAP_APP_CATEGORY VALUES( 7260, 1 );

	INSERT INTO MAP_APP_DEVELOPER VALUES( 7260, 84 );

	INSERT INTO MAP_APP_GENRE VALUES( 7260, 6 );

	INSERT INTO MAP_APP_LANG VALUES ( 7260, 2,  'Y', 'N', 'N' );


	INSERT INTO MAP_APP_TAG VALUES( 7260, 122 );
	INSERT INTO MAP_APP_TAG VALUES( 7260, 1646 );
	INSERT INTO MAP_APP_TAG VALUES( 7260, 19 );

INSERT INTO APP_TABLE	 VALUES( 40100, 'Supreme_Commander_2', 'Includes 47 Steam achievements, leaderboards, and stats!', SYSDATE ,1030690, '' );
	INSERT INTO MAP_APP_CATEGORY VALUES( 40100, 3 );
	INSERT INTO MAP_APP_CATEGORY VALUES( 40100, 1 );
	INSERT INTO MAP_APP_CATEGORY VALUES( 40100, 4 );
	INSERT INTO MAP_APP_CATEGORY VALUES( 40100, 11 );
	INSERT INTO MAP_APP_CATEGORY VALUES( 40100, 18 );

	INSERT INTO MAP_APP_DEVELOPER VALUES( 40100, 99 );

	INSERT INTO MAP_APP_GENRE VALUES( 40100, 5 );

	INSERT INTO MAP_APP_LANG VALUES ( 40100, 2,  'Y', 'N', 'N' );
	INSERT INTO MAP_APP_LANG VALUES ( 40100, 3,  'Y', 'N', 'N' );
	INSERT INTO MAP_APP_LANG VALUES ( 40100, 4,  'Y', 'N', 'N' );
	INSERT INTO MAP_APP_LANG VALUES ( 40100, 6,  'Y', 'N', 'N' );
	INSERT INTO MAP_APP_LANG VALUES ( 40100, 7,  'Y', 'N', 'N' );

	INSERT INTO MAP_APP_PUBLISHER VALUES( 40100, 344 );

	INSERT INTO MAP_APP_TAG VALUES( 40100, 9 );
	INSERT INTO MAP_APP_TAG VALUES( 40100, 1676 );
	INSERT INTO MAP_APP_TAG VALUES( 40100, 3942 );
	INSERT INTO MAP_APP_TAG VALUES( 40100, 3859 );
	INSERT INTO MAP_APP_TAG VALUES( 40100, 5752 );
	INSERT INTO MAP_APP_TAG VALUES( 40100, 1685 );
	INSERT INTO MAP_APP_TAG VALUES( 40100, 4182 );
	INSERT INTO MAP_APP_TAG VALUES( 40100, 4364 );
	INSERT INTO MAP_APP_TAG VALUES( 40100, 7332 );
	INSERT INTO MAP_APP_TAG VALUES( 40100, 19 );
	INSERT INTO MAP_APP_TAG VALUES( 40100, 4161 );
	INSERT INTO MAP_APP_TAG VALUES( 40100, 4168 );
	INSERT INTO MAP_APP_TAG VALUES( 40100, 4295 );
	INSERT INTO MAP_APP_TAG VALUES( 40100, 1708 );

INSERT INTO APP_TABLE	 VALUES( 7340, 'Azada', 'Trapped in a magical puzzle book, the adventurous Titus needs your help to release him from his spell. To do this, you must solve the tricky puzzles of Azada¢â. Crack the series of puzzles and fill in the missing pages of the enchanted book to free Titus from his prison. Loads of unique puzzles to solve.', SYSDATE ,10500, '' );
	INSERT INTO MAP_APP_CATEGORY VALUES( 7340, 3 );

	INSERT INTO MAP_APP_DEVELOPER VALUES( 7340, 85 );

	INSERT INTO MAP_APP_GENRE VALUES( 7340, 7 );
	INSERT INTO MAP_APP_GENRE VALUES( 7340, 4 );

	INSERT INTO MAP_APP_LANG VALUES ( 7340, 2,  'Y', 'N', 'N' );

	INSERT INTO MAP_APP_PUBLISHER VALUES( 7340, 85 );

	INSERT INTO MAP_APP_TAG VALUES( 7340, 597 );
	INSERT INTO MAP_APP_TAG VALUES( 7340, 492 );
	INSERT INTO MAP_APP_TAG VALUES( 7340, 1664 );

INSERT INTO APP_TABLE	 VALUES( 40200, 'ItzaBitza', 'In the award winning game ItzaBitza¢â , drawings truly come to life. Kids help their Sketchy by using Living Ink¢â - a unique drawing recognition system ? to draw one-of-a kind interactive objects that form the centerpiece of the game''s action.', SYSDATE ,-1, '' );
	INSERT INTO MAP_APP_CATEGORY VALUES( 40200, 3 );

	INSERT INTO MAP_APP_DEVELOPER VALUES( 40200, 360 );

	INSERT INTO MAP_APP_GENRE VALUES( 40200, 7 );

	INSERT INTO MAP_APP_LANG VALUES ( 40200, 2,  'Y', 'N', 'N' );

	INSERT INTO MAP_APP_PUBLISHER VALUES( 40200, 360 );

	INSERT INTO MAP_APP_TAG VALUES( 40200, 5350 );

INSERT INTO APP_TABLE	 VALUES( 40210, 'ItzaZoo', 'Children jump right into a drawing adventure with friendly animals that are ready to play and help them learn to read! Using Living Ink¢â ? Sabi¡¯s unique drawing recognition system - kid''s drawings become one-of-a kind interactive objects that form the centerpiece of the game''s action.', SYSDATE ,-1, '' );
	INSERT INTO MAP_APP_CATEGORY VALUES( 40210, 3 );

	INSERT INTO MAP_APP_DEVELOPER VALUES( 40210, 360 );

	INSERT INTO MAP_APP_GENRE VALUES( 40210, 7 );

	INSERT INTO MAP_APP_LANG VALUES ( 40210, 2,  'Y', 'N', 'N' );

	INSERT INTO MAP_APP_PUBLISHER VALUES( 40210, 360 );

	INSERT INTO MAP_APP_TAG VALUES( 40210, 5350 );

INSERT INTO APP_TABLE	 VALUES( 7510, 'X-Blades', '', SYSDATE ,-1, '' );






INSERT INTO APP_TABLE	 VALUES( 7520, 'Two_Worlds_II_HD', '', SYSDATE ,-1, '' );






INSERT INTO APP_TABLE	 VALUES( 7530, 'Two_Worlds_II_Castle_Defense', 'While the bloody battle between Gandohar¡¯s troops and the armies of the Orcs is raging in front of the gates of Oswaroth, the emperor waits in the depths of his palace on the outcome of the struggle for power.', SYSDATE ,-1, '' );
	INSERT INTO MAP_APP_CATEGORY VALUES( 7530, 3 );

	INSERT INTO MAP_APP_DEVELOPER VALUES( 7530, 11 );

	INSERT INTO MAP_APP_GENRE VALUES( 7530, 5 );

	INSERT INTO MAP_APP_LANG VALUES ( 7530, 2,  'Y', 'N', 'N' );
	INSERT INTO MAP_APP_LANG VALUES ( 7530, 3,  'Y', 'N', 'N' );
	INSERT INTO MAP_APP_LANG VALUES ( 7530, 4,  'Y', 'N', 'N' );
	INSERT INTO MAP_APP_LANG VALUES ( 7530, 9,  'Y', 'N', 'N' );
	INSERT INTO MAP_APP_LANG VALUES ( 7530, 6,  'Y', 'N', 'N' );
	INSERT INTO MAP_APP_LANG VALUES ( 7530, 7,  'Y', 'N', 'N' );


	INSERT INTO MAP_APP_TAG VALUES( 7530, 9 );
	INSERT INTO MAP_APP_TAG VALUES( 7530, 1645 );
	INSERT INTO MAP_APP_TAG VALUES( 7530, 1684 );

INSERT INTO APP_TABLE	 VALUES( 40300, 'Risen', 'The island Faranga needs a new hero, you! Delve into a gritty, raw and atmospheric fantasy world in which every action has a consequence. In the epic world of Risen, filled with mysterious earthquakes, fearsome monsters and unimaginable treasures, forge your path with the sword, learn the art of staff fighting or become a powerful mage.', SYSDATE ,10500, '' );
	INSERT INTO MAP_APP_CATEGORY VALUES( 40300, 3 );
	INSERT INTO MAP_APP_CATEGORY VALUES( 40300, 5 );

	INSERT INTO MAP_APP_DEVELOPER VALUES( 40300, 350 );

	INSERT INTO MAP_APP_GENRE VALUES( 40300, 6 );

	INSERT INTO MAP_APP_LANG VALUES ( 40300, 2,  'Y', 'N', 'N' );
	INSERT INTO MAP_APP_LANG VALUES ( 40300, 3,  'Y', 'N', 'N' );
	INSERT INTO MAP_APP_LANG VALUES ( 40300, 4,  'Y', 'N', 'N' );
	INSERT INTO MAP_APP_LANG VALUES ( 40300, 6,  'Y', 'N', 'N' );
	INSERT INTO MAP_APP_LANG VALUES ( 40300, 7,  'Y', 'N', 'N' );


	INSERT INTO MAP_APP_TAG VALUES( 40300, 122 );
	INSERT INTO MAP_APP_TAG VALUES( 40300, 1695 );
	INSERT INTO MAP_APP_TAG VALUES( 40300, 3952 );
	INSERT INTO MAP_APP_TAG VALUES( 40300, 1684 );
	INSERT INTO MAP_APP_TAG VALUES( 40300, 21 );
	INSERT INTO MAP_APP_TAG VALUES( 40300, 4166 );
	INSERT INTO MAP_APP_TAG VALUES( 40300, 1697 );
	INSERT INTO MAP_APP_TAG VALUES( 40300, 4182 );
	INSERT INTO MAP_APP_TAG VALUES( 40300, 3834 );
	INSERT INTO MAP_APP_TAG VALUES( 40300, 19 );
	INSERT INTO MAP_APP_TAG VALUES( 40300, 4057 );
	INSERT INTO MAP_APP_TAG VALUES( 40300, 4604 );
	INSERT INTO MAP_APP_TAG VALUES( 40300, 1756 );
	INSERT INTO MAP_APP_TAG VALUES( 40300, 4231 );
	INSERT INTO MAP_APP_TAG VALUES( 40300, 4172 );
	INSERT INTO MAP_APP_TAG VALUES( 40300, 4026 );
	INSERT INTO MAP_APP_TAG VALUES( 40300, 3810 );
	INSERT INTO MAP_APP_TAG VALUES( 40300, 1742 );
	INSERT INTO MAP_APP_TAG VALUES( 40300, 4747 );
	INSERT INTO MAP_APP_TAG VALUES( 40300, 1693 );

INSERT INTO APP_TABLE	 VALUES( 40320, 'Rush_for_Berlin_Gold', 'By the creators of Panzer Elite Action: Stormregion; this real-time strategy title will once more take you onto the European battlefields of the Second World War. 1944?1945: In a race for the German capital Berlin, you take command of American, British, French and Soviet Red Army forces.', SYSDATE ,5500, '' );
	INSERT INTO MAP_APP_CATEGORY VALUES( 40320, 3 );
	INSERT INTO MAP_APP_CATEGORY VALUES( 40320, 1 );

	INSERT INTO MAP_APP_DEVELOPER VALUES( 40320, 106 );

	INSERT INTO MAP_APP_GENRE VALUES( 40320, 5 );

	INSERT INTO MAP_APP_LANG VALUES ( 40320, 2,  'Y', 'N', 'N' );
	INSERT INTO MAP_APP_LANG VALUES ( 40320, 3,  'Y', 'N', 'N' );
	INSERT INTO MAP_APP_LANG VALUES ( 40320, 4,  'Y', 'N', 'N' );
	INSERT INTO MAP_APP_LANG VALUES ( 40320, 6,  'Y', 'N', 'N' );


	INSERT INTO MAP_APP_TAG VALUES( 40320, 9 );
	INSERT INTO MAP_APP_TAG VALUES( 40320, 1676 );
	INSERT INTO MAP_APP_TAG VALUES( 40320, 4150 );

INSERT INTO APP_TABLE	 VALUES( 40330, 'Secret_Files:_Tunguska', 'Unravel one of the greatest mysteries of our time! On the 30th June 1908 an explosion with the combined energy of 2000 Hiroshima bombs rocked the region of Tunguska in Central Siberia and felled over 6,000 square km of trees. The explosion could be heard from as far as 1,000km away.', SYSDATE ,10500, '' );
	INSERT INTO MAP_APP_CATEGORY VALUES( 40330, 3 );

	INSERT INTO MAP_APP_DEVELOPER VALUES( 40330, 361 );

	INSERT INTO MAP_APP_GENRE VALUES( 40330, 3 );

	INSERT INTO MAP_APP_LANG VALUES ( 40330, 2,  'Y', 'N', 'N' );
	INSERT INTO MAP_APP_LANG VALUES ( 40330, 3,  'Y', 'N', 'N' );
	INSERT INTO MAP_APP_LANG VALUES ( 40330, 4,  'Y', 'N', 'N' );
	INSERT INTO MAP_APP_LANG VALUES ( 40330, 6,  'Y', 'N', 'N' );


	INSERT INTO MAP_APP_TAG VALUES( 40330, 21 );
	INSERT INTO MAP_APP_TAG VALUES( 40330, 1698 );
	INSERT INTO MAP_APP_TAG VALUES( 40330, 7208 );
	INSERT INTO MAP_APP_TAG VALUES( 40330, 5716 );

INSERT INTO APP_TABLE	 VALUES( 40340, 'Secret_Files_2:_Puritas_Cordis', 'The sequel to the award winning adventure hit Secret Files Tunguska. Famine in Africa, floods in Southeast Asia, economic crisis in Europe, and civil wars in South America, the world is on the brink of disaster.', SYSDATE ,10500, '' );
	INSERT INTO MAP_APP_CATEGORY VALUES( 40340, 3 );

	INSERT INTO MAP_APP_DEVELOPER VALUES( 40340, 361 );

	INSERT INTO MAP_APP_GENRE VALUES( 40340, 3 );

	INSERT INTO MAP_APP_LANG VALUES ( 40340, 2,  'Y', 'N', 'N' );
	INSERT INTO MAP_APP_LANG VALUES ( 40340, 3,  'Y', 'N', 'N' );
	INSERT INTO MAP_APP_LANG VALUES ( 40340, 4,  'Y', 'N', 'N' );
	INSERT INTO MAP_APP_LANG VALUES ( 40340, 6,  'Y', 'N', 'N' );
	INSERT INTO MAP_APP_LANG VALUES ( 40340, 7,  'Y', 'N', 'N' );


	INSERT INTO MAP_APP_TAG VALUES( 40340, 21 );
	INSERT INTO MAP_APP_TAG VALUES( 40340, 1698 );
	INSERT INTO MAP_APP_TAG VALUES( 40340, 7208 );

INSERT INTO APP_TABLE	 VALUES( 40350, 'Lost_Horizon', '1936: Soldiers of the Third Reich roam the world seeking occult weapons for their insane plans of conquest. When Fenton Paddock, a former British soldier and hapless smuggler, is asked to look for his friend Richard, who went missing in Tibet, he has no idea that this search will lead him across three continents to a secret that could...', SYSDATE ,10500, '' );
	INSERT INTO MAP_APP_CATEGORY VALUES( 40350, 3 );

	INSERT INTO MAP_APP_DEVELOPER VALUES( 40350, 361 );

	INSERT INTO MAP_APP_GENRE VALUES( 40350, 3 );

	INSERT INTO MAP_APP_LANG VALUES ( 40350, 2,  'Y', 'N', 'N' );
	INSERT INTO MAP_APP_LANG VALUES ( 40350, 3,  'Y', 'N', 'N' );
	INSERT INTO MAP_APP_LANG VALUES ( 40350, 4,  'Y', 'N', 'N' );
	INSERT INTO MAP_APP_LANG VALUES ( 40350, 6,  'Y', 'N', 'N' );
	INSERT INTO MAP_APP_LANG VALUES ( 40350, 7,  'Y', 'N', 'N' );


	INSERT INTO MAP_APP_TAG VALUES( 40350, 21 );
	INSERT INTO MAP_APP_TAG VALUES( 40350, 1698 );

INSERT INTO APP_TABLE	 VALUES( 7600, 'Sid_Meier''s_Railroads!', 'Sid Meier''s Railroads! marks the return of the watershed title in simulation/strategy gaming that launched the popular "tycoon" genre, and inspired a new generation of games. Sid Meier''s Railroads!', SYSDATE ,10500, '' );
	INSERT INTO MAP_APP_CATEGORY VALUES( 7600, 3 );
	INSERT INTO MAP_APP_CATEGORY VALUES( 7600, 1 );

	INSERT INTO MAP_APP_DEVELOPER VALUES( 7600, 45 );
	INSERT INTO MAP_APP_DEVELOPER VALUES( 7600, 56 );

	INSERT INTO MAP_APP_GENRE VALUES( 7600, 5 );

	INSERT INTO MAP_APP_LANG VALUES ( 7600, 2,  'Y', 'N', 'N' );
	INSERT INTO MAP_APP_LANG VALUES ( 7600, 3,  'Y', 'N', 'N' );
	INSERT INTO MAP_APP_LANG VALUES ( 7600, 4,  'Y', 'N', 'N' );
	INSERT INTO MAP_APP_LANG VALUES ( 7600, 6,  'Y', 'N', 'N' );
	INSERT INTO MAP_APP_LANG VALUES ( 7600, 7,  'Y', 'N', 'N' );

	INSERT INTO MAP_APP_PUBLISHER VALUES( 7600, 56 );

	INSERT INTO MAP_APP_TAG VALUES( 7600, 9 );
	INSERT INTO MAP_APP_TAG VALUES( 7600, 1616 );
	INSERT INTO MAP_APP_TAG VALUES( 7600, 12472 );
	INSERT INTO MAP_APP_TAG VALUES( 7600, 4695 );
	INSERT INTO MAP_APP_TAG VALUES( 7600, 599 );
	INSERT INTO MAP_APP_TAG VALUES( 7600, 4182 );
	INSERT INTO MAP_APP_TAG VALUES( 7600, 3859 );
	INSERT INTO MAP_APP_TAG VALUES( 7600, 7107 );
	INSERT INTO MAP_APP_TAG VALUES( 7600, 1693 );
	INSERT INTO MAP_APP_TAG VALUES( 7600, 597 );

INSERT INTO APP_TABLE	 VALUES( 40380, 'nail''d', 'Constant sense of ultimate speed is your only companion, and fast reflexes and tactical skills are what stands between victory and defeat. Buy before Dec. 7 10AM PST and get 10% off.', SYSDATE ,5500, '' );
	INSERT INTO MAP_APP_CATEGORY VALUES( 40380, 3 );
	INSERT INTO MAP_APP_CATEGORY VALUES( 40380, 7 );

	INSERT INTO MAP_APP_DEVELOPER VALUES( 40380, 31 );

	INSERT INTO MAP_APP_GENRE VALUES( 40380, 9 );

	INSERT INTO MAP_APP_LANG VALUES ( 40380, 2,  'Y', 'N', 'N' );
	INSERT INTO MAP_APP_LANG VALUES ( 40380, 3,  'Y', 'N', 'N' );
	INSERT INTO MAP_APP_LANG VALUES ( 40380, 4,  'Y', 'N', 'N' );
	INSERT INTO MAP_APP_LANG VALUES ( 40380, 6,  'Y', 'N', 'N' );
	INSERT INTO MAP_APP_LANG VALUES ( 40380, 7,  'Y', 'N', 'N' );


	INSERT INTO MAP_APP_TAG VALUES( 40380, 699 );
	INSERT INTO MAP_APP_TAG VALUES( 40380, 7622 );
	INSERT INTO MAP_APP_TAG VALUES( 40380, 19 );
	INSERT INTO MAP_APP_TAG VALUES( 40380, 1756 );

INSERT INTO APP_TABLE	 VALUES( 40390, 'Risen_2:_Dark_Waters', 'Set several years after the end of Risen, raging titans have devastated the world and pushed humanity to the brink of existence. Subsequently, monstrous creatures have risen from the watery depths of the sea and their attacks have brought all seafaring to a grinding halt.', SYSDATE ,10500, '' );
	INSERT INTO MAP_APP_CATEGORY VALUES( 40390, 3 );
	INSERT INTO MAP_APP_CATEGORY VALUES( 40390, 4 );
	INSERT INTO MAP_APP_CATEGORY VALUES( 40390, 5 );
	INSERT INTO MAP_APP_CATEGORY VALUES( 40390, 7 );
	INSERT INTO MAP_APP_CATEGORY VALUES( 40390, 11 );

	INSERT INTO MAP_APP_DEVELOPER VALUES( 40390, 350 );

	INSERT INTO MAP_APP_GENRE VALUES( 40390, 6 );

	INSERT INTO MAP_APP_LANG VALUES ( 40390, 2,  'Y', 'Y', 'Y' );
	INSERT INTO MAP_APP_LANG VALUES ( 40390, 3,  'Y', 'N', 'Y' );
	INSERT INTO MAP_APP_LANG VALUES ( 40390, 4,  'Y', 'N', 'Y' );
	INSERT INTO MAP_APP_LANG VALUES ( 40390, 9,  'Y', 'Y', 'Y' );
	INSERT INTO MAP_APP_LANG VALUES ( 40390, 10,  'Y', 'Y', 'Y' );
	INSERT INTO MAP_APP_LANG VALUES ( 40390, 6,  'Y', 'Y', 'Y' );
	INSERT INTO MAP_APP_LANG VALUES ( 40390, 7,  'Y', 'N', 'Y' );
	INSERT INTO MAP_APP_LANG VALUES ( 40390, 24,  'Y', 'N', 'Y' );


	INSERT INTO MAP_APP_TAG VALUES( 40390, 122 );
	INSERT INTO MAP_APP_TAG VALUES( 40390, 1681 );
	INSERT INTO MAP_APP_TAG VALUES( 40390, 1695 );
	INSERT INTO MAP_APP_TAG VALUES( 40390, 21 );
	INSERT INTO MAP_APP_TAG VALUES( 40390, 1697 );
	INSERT INTO MAP_APP_TAG VALUES( 40390, 1684 );
	INSERT INTO MAP_APP_TAG VALUES( 40390, 4166 );
	INSERT INTO MAP_APP_TAG VALUES( 40390, 4182 );
	INSERT INTO MAP_APP_TAG VALUES( 40390, 19 );
	INSERT INTO MAP_APP_TAG VALUES( 40390, 3952 );
	INSERT INTO MAP_APP_TAG VALUES( 40390, 3834 );
	INSERT INTO MAP_APP_TAG VALUES( 40390, 4604 );
	INSERT INTO MAP_APP_TAG VALUES( 40390, 1742 );
	INSERT INTO MAP_APP_TAG VALUES( 40390, 4231 );
	INSERT INTO MAP_APP_TAG VALUES( 40390, 3810 );
	INSERT INTO MAP_APP_TAG VALUES( 40390, 1756 );

INSERT INTO APP_TABLE	 VALUES( 40400, 'AI_War:_Fleet_Command', '"You are outgunned. You are massively outnumbered. You must win." These are your orders. Humanity has already fought its war against the machines -- and lost. AI death squads stand watch over every planet and every wormhole, the few remaining human settlements are held captive in orbiting bubbles, and the AIs have turned their...', SYSDATE ,10500, '' );
	INSERT INTO MAP_APP_CATEGORY VALUES( 40400, 3 );
	INSERT INTO MAP_APP_CATEGORY VALUES( 40400, 1 );
	INSERT INTO MAP_APP_CATEGORY VALUES( 40400, 16 );
	INSERT INTO MAP_APP_CATEGORY VALUES( 40400, 10 );
	INSERT INTO MAP_APP_CATEGORY VALUES( 40400, 4 );
	INSERT INTO MAP_APP_CATEGORY VALUES( 40400, 5 );

	INSERT INTO MAP_APP_DEVELOPER VALUES( 40400, 362 );

	INSERT INTO MAP_APP_GENRE VALUES( 40400, 4 );
	INSERT INTO MAP_APP_GENRE VALUES( 40400, 5 );

	INSERT INTO MAP_APP_LANG VALUES ( 40400, 2,  'Y', 'Y', 'N' );

	INSERT INTO MAP_APP_PUBLISHER VALUES( 40400, 362 );

	INSERT INTO MAP_APP_TAG VALUES( 40400, 9 );
	INSERT INTO MAP_APP_TAG VALUES( 40400, 1676 );
	INSERT INTO MAP_APP_TAG VALUES( 40400, 1755 );
	INSERT INTO MAP_APP_TAG VALUES( 40400, 1685 );
	INSERT INTO MAP_APP_TAG VALUES( 40400, 492 );
	INSERT INTO MAP_APP_TAG VALUES( 40400, 3942 );
	INSERT INTO MAP_APP_TAG VALUES( 40400, 4364 );
	INSERT INTO MAP_APP_TAG VALUES( 40400, 1670 );
	INSERT INTO MAP_APP_TAG VALUES( 40400, 4026 );
	INSERT INTO MAP_APP_TAG VALUES( 40400, 1708 );
	INSERT INTO MAP_APP_TAG VALUES( 40400, 1756 );
	INSERT INTO MAP_APP_TAG VALUES( 40400, 4182 );
	INSERT INTO MAP_APP_TAG VALUES( 40400, 3859 );
	INSERT INTO MAP_APP_TAG VALUES( 40400, 1693 );
	INSERT INTO MAP_APP_TAG VALUES( 40400, 1645 );

INSERT INTO APP_TABLE	 VALUES( 40420, 'Tidalis', 'Tidalis is a block-based puzzle game with casual appeal, hardcore depth, and an addictive new "streams" mechanic. The game is brimming over with riffs and variants on that core mechanic with 20 game modes, dozens of special blocks and items, and 115 levels in the adventure mode alone.', SYSDATE ,5500, '' );
	INSERT INTO MAP_APP_CATEGORY VALUES( 40420, 3 );
	INSERT INTO MAP_APP_CATEGORY VALUES( 40420, 1 );
	INSERT INTO MAP_APP_CATEGORY VALUES( 40420, 16 );
	INSERT INTO MAP_APP_CATEGORY VALUES( 40420, 21 );
	INSERT INTO MAP_APP_CATEGORY VALUES( 40420, 10 );
	INSERT INTO MAP_APP_CATEGORY VALUES( 40420, 4 );
	INSERT INTO MAP_APP_CATEGORY VALUES( 40420, 13 );

	INSERT INTO MAP_APP_DEVELOPER VALUES( 40420, 362 );

	INSERT INTO MAP_APP_GENRE VALUES( 40420, 7 );
	INSERT INTO MAP_APP_GENRE VALUES( 40420, 4 );

	INSERT INTO MAP_APP_LANG VALUES ( 40420, 2,  'Y', 'N', 'N' );

	INSERT INTO MAP_APP_PUBLISHER VALUES( 40420, 362 );

	INSERT INTO MAP_APP_TAG VALUES( 40420, 597 );
	INSERT INTO MAP_APP_TAG VALUES( 40420, 492 );
	INSERT INTO MAP_APP_TAG VALUES( 40420, 1664 );
	INSERT INTO MAP_APP_TAG VALUES( 40420, 4182 );

INSERT INTO APP_TABLE	 VALUES( 40500, 'Sacraboar', 'Sacraboar is an RTS game in which players have to capture their opponent''s boar trophy. Featuring an intuitive and easy to use resource management system, the game offers fast-paced game play without lengthy and tedious construction phases.', SYSDATE ,3300, '' );
	INSERT INTO MAP_APP_CATEGORY VALUES( 40500, 3 );
	INSERT INTO MAP_APP_CATEGORY VALUES( 40500, 1 );
	INSERT INTO MAP_APP_CATEGORY VALUES( 40500, 4 );
	INSERT INTO MAP_APP_CATEGORY VALUES( 40500, 8 );

	INSERT INTO MAP_APP_DEVELOPER VALUES( 40500, 363 );

	INSERT INTO MAP_APP_GENRE VALUES( 40500, 1 );
	INSERT INTO MAP_APP_GENRE VALUES( 40500, 5 );
	INSERT INTO MAP_APP_GENRE VALUES( 40500, 4 );

	INSERT INTO MAP_APP_LANG VALUES ( 40500, 2,  'Y', 'N', 'N' );
	INSERT INTO MAP_APP_LANG VALUES ( 40500, 6,  'Y', 'N', 'N' );

	INSERT INTO MAP_APP_PUBLISHER VALUES( 40500, 363 );

	INSERT INTO MAP_APP_TAG VALUES( 40500, 9 );
	INSERT INTO MAP_APP_TAG VALUES( 40500, 19 );
	INSERT INTO MAP_APP_TAG VALUES( 40500, 492 );

INSERT INTO APP_TABLE	 VALUES( 7830, 'Men_of_War¢â', 'Men of War is a stunning Real-Time Strategy game that takes place during the height of World War II. Intense battles span Europe and North Africa as gamers play as Soviet, Allied or German forces across 19 massive single-player missions.', SYSDATE ,5500, '' );
	INSERT INTO MAP_APP_CATEGORY VALUES( 7830, 3 );
	INSERT INTO MAP_APP_CATEGORY VALUES( 7830, 1 );
	INSERT INTO MAP_APP_CATEGORY VALUES( 7830, 8 );
	INSERT INTO MAP_APP_CATEGORY VALUES( 7830, 13 );

	INSERT INTO MAP_APP_DEVELOPER VALUES( 7830, 86 );

	INSERT INTO MAP_APP_GENRE VALUES( 7830, 5 );

	INSERT INTO MAP_APP_LANG VALUES ( 7830, 2,  'Y', 'Y', 'N' );
	INSERT INTO MAP_APP_LANG VALUES ( 7830, 3,  'Y', 'Y', 'N' );
	INSERT INTO MAP_APP_LANG VALUES ( 7830, 9,  'Y', 'Y', 'N' );
	INSERT INTO MAP_APP_LANG VALUES ( 7830, 4,  'Y', 'Y', 'N' );
	INSERT INTO MAP_APP_LANG VALUES ( 7830, 7,  'Y', 'Y', 'N' );
	INSERT INTO MAP_APP_LANG VALUES ( 7830, 6,  'Y', 'Y', 'N' );

	INSERT INTO MAP_APP_PUBLISHER VALUES( 7830, 32 );

	INSERT INTO MAP_APP_TAG VALUES( 7830, 9 );
	INSERT INTO MAP_APP_TAG VALUES( 7830, 4150 );
	INSERT INTO MAP_APP_TAG VALUES( 7830, 1676 );
	INSERT INTO MAP_APP_TAG VALUES( 7830, 1708 );
	INSERT INTO MAP_APP_TAG VALUES( 7830, 3859 );
	INSERT INTO MAP_APP_TAG VALUES( 7830, 3813 );
	INSERT INTO MAP_APP_TAG VALUES( 7830, 4168 );
	INSERT INTO MAP_APP_TAG VALUES( 7830, 4175 );
	INSERT INTO MAP_APP_TAG VALUES( 7830, 1669 );
	INSERT INTO MAP_APP_TAG VALUES( 7830, 1685 );
	INSERT INTO MAP_APP_TAG VALUES( 7830, 1678 );
	INSERT INTO MAP_APP_TAG VALUES( 7830, 19 );
	INSERT INTO MAP_APP_TAG VALUES( 7830, 599 );
	INSERT INTO MAP_APP_TAG VALUES( 7830, 3987 );
	INSERT INTO MAP_APP_TAG VALUES( 7830, 5348 );
	INSERT INTO MAP_APP_TAG VALUES( 7830, 8122 );
	INSERT INTO MAP_APP_TAG VALUES( 7830, 4182 );
	INSERT INTO MAP_APP_TAG VALUES( 7830, 1774 );

INSERT INTO APP_TABLE	 VALUES( 7840, 'Death_Track¢ç:_Resurrection', 'Do you have what it takes to Survive? Death Track: Resurrection is a racing/action title that takes players into a post-apocalyptic, not-too-distant future where traditional sports have been replaced by far more violent entertainment.', SYSDATE ,3300, '' );
	INSERT INTO MAP_APP_CATEGORY VALUES( 7840, 3 );
	INSERT INTO MAP_APP_CATEGORY VALUES( 7840, 8 );

	INSERT INTO MAP_APP_DEVELOPER VALUES( 7840, 87 );

	INSERT INTO MAP_APP_GENRE VALUES( 7840, 9 );

	INSERT INTO MAP_APP_LANG VALUES ( 7840, 2,  'Y', 'N', 'N' );
	INSERT INTO MAP_APP_LANG VALUES ( 7840, 3,  'Y', 'N', 'N' );
	INSERT INTO MAP_APP_LANG VALUES ( 7840, 4,  'Y', 'N', 'N' );
	INSERT INTO MAP_APP_LANG VALUES ( 7840, 6,  'Y', 'N', 'N' );
	INSERT INTO MAP_APP_LANG VALUES ( 7840, 7,  'Y', 'N', 'N' );

	INSERT INTO MAP_APP_PUBLISHER VALUES( 7840, 32 );

	INSERT INTO MAP_APP_TAG VALUES( 7840, 699 );
	INSERT INTO MAP_APP_TAG VALUES( 7840, 19 );

INSERT INTO APP_TABLE	 VALUES( 40700, 'Machinarium', 'Machinarium is the award-winning independent adventure game developed by the makers of Samorost series and Botanicula. Help Josef the robot save his girlfriend Berta kidnapped by the Black Cap Brotherhood gang!', SYSDATE ,10000, '' );
	INSERT INTO MAP_APP_CATEGORY VALUES( 40700, 3 );
	INSERT INTO MAP_APP_CATEGORY VALUES( 40700, 4 );
	INSERT INTO MAP_APP_CATEGORY VALUES( 40700, 17 );
	INSERT INTO MAP_APP_CATEGORY VALUES( 40700, 5 );
	INSERT INTO MAP_APP_CATEGORY VALUES( 40700, 8 );
	INSERT INTO MAP_APP_CATEGORY VALUES( 40700, 18 );

	INSERT INTO MAP_APP_DEVELOPER VALUES( 40700, 364 );

	INSERT INTO MAP_APP_GENRE VALUES( 40700, 3 );
	INSERT INTO MAP_APP_GENRE VALUES( 40700, 4 );

	INSERT INTO MAP_APP_LANG VALUES ( 40700, 1,  'Y', 'Y', 'N' );
	INSERT INTO MAP_APP_LANG VALUES ( 40700, 20,  'Y', 'Y', 'N' );
	INSERT INTO MAP_APP_LANG VALUES ( 40700, 3,  'Y', 'Y', 'N' );
	INSERT INTO MAP_APP_LANG VALUES ( 40700, 10,  'Y', 'Y', 'N' );
	INSERT INTO MAP_APP_LANG VALUES ( 40700, 9,  'Y', 'Y', 'N' );
	INSERT INTO MAP_APP_LANG VALUES ( 40700, 5,  'Y', 'Y', 'N' );
	INSERT INTO MAP_APP_LANG VALUES ( 40700, 6,  'Y', 'Y', 'N' );
	INSERT INTO MAP_APP_LANG VALUES ( 40700, 11,  'Y', 'Y', 'N' );
	INSERT INTO MAP_APP_LANG VALUES ( 40700, 19,  'Y', 'Y', 'N' );
	INSERT INTO MAP_APP_LANG VALUES ( 40700, 2,  'Y', 'Y', 'N' );
	INSERT INTO MAP_APP_LANG VALUES ( 40700, 4,  'Y', 'Y', 'N' );
	INSERT INTO MAP_APP_LANG VALUES ( 40700, 13,  'Y', 'Y', 'N' );
	INSERT INTO MAP_APP_LANG VALUES ( 40700, 7,  'Y', 'Y', 'N' );
	INSERT INTO MAP_APP_LANG VALUES ( 40700, 24,  'Y', 'Y', 'N' );
	INSERT INTO MAP_APP_LANG VALUES ( 40700, 8,  'Y', 'Y', 'N' );

	INSERT INTO MAP_APP_PUBLISHER VALUES( 40700, 364 );

	INSERT INTO MAP_APP_TAG VALUES( 40700, 1698 );
	INSERT INTO MAP_APP_TAG VALUES( 40700, 21 );
	INSERT INTO MAP_APP_TAG VALUES( 40700, 1664 );
	INSERT INTO MAP_APP_TAG VALUES( 40700, 492 );
	INSERT INTO MAP_APP_TAG VALUES( 40700, 1756 );
	INSERT INTO MAP_APP_TAG VALUES( 40700, 1777 );
	INSERT INTO MAP_APP_TAG VALUES( 40700, 4182 );
	INSERT INTO MAP_APP_TAG VALUES( 40700, 4166 );
	INSERT INTO MAP_APP_TAG VALUES( 40700, 5752 );
	INSERT INTO MAP_APP_TAG VALUES( 40700, 6815 );
	INSERT INTO MAP_APP_TAG VALUES( 40700, 3871 );
	INSERT INTO MAP_APP_TAG VALUES( 40700, 4252 );
	INSERT INTO MAP_APP_TAG VALUES( 40700, 597 );
	INSERT INTO MAP_APP_TAG VALUES( 40700, 4726 );
	INSERT INTO MAP_APP_TAG VALUES( 40700, 1742 );
	INSERT INTO MAP_APP_TAG VALUES( 40700, 1693 );
	INSERT INTO MAP_APP_TAG VALUES( 40700, 25085 );
	INSERT INTO MAP_APP_TAG VALUES( 40700, 1738 );
	INSERT INTO MAP_APP_TAG VALUES( 40700, 4026 );
	INSERT INTO MAP_APP_TAG VALUES( 40700, 3942 );

INSERT INTO APP_TABLE	 VALUES( 7940, 'Call_of_Duty¢ç_4:_Modern_Warfare¢ç', 'The new action-thriller from the award-winning team at Infinity Ward, the creators of the Call of Duty¢ç series, delivers the most intense and cinematic action experience ever. Call of Duty 4: Modern Warfare arms gamers with an arsenal of advanced and powerful modern day firepower and transports them to the most treacherous hotspots...', SYSDATE ,21000, '' );
	INSERT INTO MAP_APP_CATEGORY VALUES( 7940, 3 );
	INSERT INTO MAP_APP_CATEGORY VALUES( 7940, 1 );

	INSERT INTO MAP_APP_DEVELOPER VALUES( 7940, 23 );
	INSERT INTO MAP_APP_DEVELOPER VALUES( 7940, 24 );

	INSERT INTO MAP_APP_GENRE VALUES( 7940, 1 );

	INSERT INTO MAP_APP_LANG VALUES ( 7940, 2,  'Y', 'N', 'N' );
	INSERT INTO MAP_APP_LANG VALUES ( 7940, 3,  'Y', 'N', 'N' );
	INSERT INTO MAP_APP_LANG VALUES ( 7940, 4,  'Y', 'N', 'N' );
	INSERT INTO MAP_APP_LANG VALUES ( 7940, 6,  'Y', 'N', 'N' );
	INSERT INTO MAP_APP_LANG VALUES ( 7940, 7,  'Y', 'N', 'N' );

	INSERT INTO MAP_APP_PUBLISHER VALUES( 7940, 24 );

	INSERT INTO MAP_APP_TAG VALUES( 7940, 1663 );
	INSERT INTO MAP_APP_TAG VALUES( 7940, 19 );
	INSERT INTO MAP_APP_TAG VALUES( 7940, 3859 );
	INSERT INTO MAP_APP_TAG VALUES( 7940, 1774 );
	INSERT INTO MAP_APP_TAG VALUES( 7940, 3839 );
	INSERT INTO MAP_APP_TAG VALUES( 7940, 1693 );
	INSERT INTO MAP_APP_TAG VALUES( 7940, 4182 );
	INSERT INTO MAP_APP_TAG VALUES( 7940, 4168 );
	INSERT INTO MAP_APP_TAG VALUES( 7940, 1678 );
	INSERT INTO MAP_APP_TAG VALUES( 7940, 1775 );
	INSERT INTO MAP_APP_TAG VALUES( 7940, 7250 );
	INSERT INTO MAP_APP_TAG VALUES( 7940, 1756 );
	INSERT INTO MAP_APP_TAG VALUES( 7940, 5673 );
	INSERT INTO MAP_APP_TAG VALUES( 7940, 1742 );
	INSERT INTO MAP_APP_TAG VALUES( 7940, 1685 );
	INSERT INTO MAP_APP_TAG VALUES( 7940, 4166 );
	INSERT INTO MAP_APP_TAG VALUES( 7940, 1669 );
	INSERT INTO MAP_APP_TAG VALUES( 7940, 3878 );
	INSERT INTO MAP_APP_TAG VALUES( 7940, 7481 );
	INSERT INTO MAP_APP_TAG VALUES( 7940, 1659 );

INSERT INTO APP_TABLE	 VALUES( 40720, 'Samorost_2', 'Samorost 2, the sequel to free browser based game Samorost 1 is a short point-and-click adventure in which you must help out a little space gnome as he searches for his dog, which has been taken away by aliens.', SYSDATE ,5000, '' );
	INSERT INTO MAP_APP_CATEGORY VALUES( 40720, 3 );

	INSERT INTO MAP_APP_DEVELOPER VALUES( 40720, 364 );

	INSERT INTO MAP_APP_GENRE VALUES( 40720, 3 );
	INSERT INTO MAP_APP_GENRE VALUES( 40720, 7 );
	INSERT INTO MAP_APP_GENRE VALUES( 40720, 4 );

	INSERT INTO MAP_APP_LANG VALUES ( 40720, 2,  'Y', 'Y', 'N' );

	INSERT INTO MAP_APP_PUBLISHER VALUES( 40720, 364 );

	INSERT INTO MAP_APP_TAG VALUES( 40720, 21 );
	INSERT INTO MAP_APP_TAG VALUES( 40720, 1698 );
	INSERT INTO MAP_APP_TAG VALUES( 40720, 492 );
	INSERT INTO MAP_APP_TAG VALUES( 40720, 1664 );
	INSERT INTO MAP_APP_TAG VALUES( 40720, 4234 );
	INSERT INTO MAP_APP_TAG VALUES( 40720, 597 );
	INSERT INTO MAP_APP_TAG VALUES( 40720, 1710 );
	INSERT INTO MAP_APP_TAG VALUES( 40720, 4182 );
	INSERT INTO MAP_APP_TAG VALUES( 40720, 3871 );
	INSERT INTO MAP_APP_TAG VALUES( 40720, 4166 );
	INSERT INTO MAP_APP_TAG VALUES( 40720, 3942 );
	INSERT INTO MAP_APP_TAG VALUES( 40720, 1684 );
	INSERT INTO MAP_APP_TAG VALUES( 40720, 1756 );
	INSERT INTO MAP_APP_TAG VALUES( 40720, 6815 );

INSERT INTO APP_TABLE	 VALUES( 8000, 'Tomb_Raider:_Anniversary', 'Tomb Raider: Anniversary retraces Lara Croft''s original genre-defining adventure ? globe-trotting 3rd person action-adventure in pursuit of the legendary Scion artifact. Using an enhanced ''Tomb Raider: Legend'' game engine, the graphics, technology and physics bring Lara''s adventure and pursuit of a mystical artifact known only as the...', SYSDATE ,9500, '' );
	INSERT INTO MAP_APP_CATEGORY VALUES( 8000, 3 );
	INSERT INTO MAP_APP_CATEGORY VALUES( 8000, 7 );

	INSERT INTO MAP_APP_DEVELOPER VALUES( 8000, 80 );
	INSERT INTO MAP_APP_DEVELOPER VALUES( 8000, 56 );

	INSERT INTO MAP_APP_GENRE VALUES( 8000, 1 );
	INSERT INTO MAP_APP_GENRE VALUES( 8000, 3 );

	INSERT INTO MAP_APP_LANG VALUES ( 8000, 2,  'Y', 'N', 'N' );
	INSERT INTO MAP_APP_LANG VALUES ( 8000, 3,  'Y', 'N', 'N' );
	INSERT INTO MAP_APP_LANG VALUES ( 8000, 4,  'Y', 'N', 'N' );
	INSERT INTO MAP_APP_LANG VALUES ( 8000, 6,  'Y', 'N', 'N' );
	INSERT INTO MAP_APP_LANG VALUES ( 8000, 7,  'Y', 'N', 'N' );

	INSERT INTO MAP_APP_PUBLISHER VALUES( 8000, 344 );
	INSERT INTO MAP_APP_PUBLISHER VALUES( 8000, 56 );

	INSERT INTO MAP_APP_TAG VALUES( 8000, 21 );
	INSERT INTO MAP_APP_TAG VALUES( 8000, 19 );
	INSERT INTO MAP_APP_TAG VALUES( 8000, 7208 );
	INSERT INTO MAP_APP_TAG VALUES( 8000, 1697 );
	INSERT INTO MAP_APP_TAG VALUES( 8000, 1664 );
	INSERT INTO MAP_APP_TAG VALUES( 8000, 21722 );
	INSERT INTO MAP_APP_TAG VALUES( 8000, 1625 );
	INSERT INTO MAP_APP_TAG VALUES( 8000, 5708 );
	INSERT INTO MAP_APP_TAG VALUES( 8000, 4182 );
	INSERT INTO MAP_APP_TAG VALUES( 8000, 1693 );
	INSERT INTO MAP_APP_TAG VALUES( 8000, 4106 );
	INSERT INTO MAP_APP_TAG VALUES( 8000, 5160 );
	INSERT INTO MAP_APP_TAG VALUES( 8000, 3814 );
	INSERT INTO MAP_APP_TAG VALUES( 8000, 4036 );
	INSERT INTO MAP_APP_TAG VALUES( 8000, 1774 );
	INSERT INTO MAP_APP_TAG VALUES( 8000, 29363 );
	INSERT INTO MAP_APP_TAG VALUES( 8000, 7481 );

INSERT INTO APP_TABLE	 VALUES( 40800, 'Super_Meat_Boy', 'The infamous, tough-as-nails platformer comes to Steam with a playable Head Crab character (Steam-exclusive)!', SYSDATE ,16000, '' );
	INSERT INTO MAP_APP_CATEGORY VALUES( 40800, 3 );
	INSERT INTO MAP_APP_CATEGORY VALUES( 40800, 4 );
	INSERT INTO MAP_APP_CATEGORY VALUES( 40800, 17 );
	INSERT INTO MAP_APP_CATEGORY VALUES( 40800, 5 );
	INSERT INTO MAP_APP_CATEGORY VALUES( 40800, 18 );

	INSERT INTO MAP_APP_DEVELOPER VALUES( 40800, 365 );

	INSERT INTO MAP_APP_GENRE VALUES( 40800, 4 );

	INSERT INTO MAP_APP_LANG VALUES ( 40800, 2,  'Y', 'N', 'N' );
	INSERT INTO MAP_APP_LANG VALUES ( 40800, 9,  'Y', 'N', 'N' );


	INSERT INTO MAP_APP_TAG VALUES( 40800, 1625 );
	INSERT INTO MAP_APP_TAG VALUES( 40800, 492 );
	INSERT INTO MAP_APP_TAG VALUES( 40800, 4026 );
	INSERT INTO MAP_APP_TAG VALUES( 40800, 3871 );
	INSERT INTO MAP_APP_TAG VALUES( 40800, 1756 );
	INSERT INTO MAP_APP_TAG VALUES( 40800, 4182 );
	INSERT INTO MAP_APP_TAG VALUES( 40800, 1734 );
	INSERT INTO MAP_APP_TAG VALUES( 40800, 4004 );
	INSERT INTO MAP_APP_TAG VALUES( 40800, 7481 );
	INSERT INTO MAP_APP_TAG VALUES( 40800, 3964 );
	INSERT INTO MAP_APP_TAG VALUES( 40800, 19 );
	INSERT INTO MAP_APP_TAG VALUES( 40800, 4345 );
	INSERT INTO MAP_APP_TAG VALUES( 40800, 5390 );
	INSERT INTO MAP_APP_TAG VALUES( 40800, 4136 );
	INSERT INTO MAP_APP_TAG VALUES( 40800, 1719 );
	INSERT INTO MAP_APP_TAG VALUES( 40800, 3798 );
	INSERT INTO MAP_APP_TAG VALUES( 40800, 21 );
	INSERT INTO MAP_APP_TAG VALUES( 40800, 4711 );
	INSERT INTO MAP_APP_TAG VALUES( 40800, 597 );
	INSERT INTO MAP_APP_TAG VALUES( 40800, 8122 );

INSERT INTO APP_TABLE	 VALUES( 8080, 'Kane_and_Lynch:_Dead_Men¢â', 'Kane and Lynch: Dead Men is the new action shooter franchise by Io-Interactive, creators of the multi-million selling Hitman series. Kane & Lynch: Dead Men follows the violent and chaotic journey of two men - a flawed mercenary and a medicated psychopath - and their brutal attitude towards right and wrong.', SYSDATE ,7500, '' );
	INSERT INTO MAP_APP_CATEGORY VALUES( 8080, 3 );
	INSERT INTO MAP_APP_CATEGORY VALUES( 8080, 1 );
	INSERT INTO MAP_APP_CATEGORY VALUES( 8080, 21 );
	INSERT INTO MAP_APP_CATEGORY VALUES( 8080, 7 );

	INSERT INTO MAP_APP_DEVELOPER VALUES( 8080, 88 );

	INSERT INTO MAP_APP_GENRE VALUES( 8080, 1 );

	INSERT INTO MAP_APP_LANG VALUES ( 8080, 2,  'Y', 'N', 'N' );
	INSERT INTO MAP_APP_LANG VALUES ( 8080, 3,  'Y', 'Y', 'N' );
	INSERT INTO MAP_APP_LANG VALUES ( 8080, 4,  'Y', 'Y', 'N' );
	INSERT INTO MAP_APP_LANG VALUES ( 8080, 6,  'Y', 'Y', 'N' );
	INSERT INTO MAP_APP_LANG VALUES ( 8080, 7,  'Y', 'Y', 'N' );

	INSERT INTO MAP_APP_PUBLISHER VALUES( 8080, 344 );

	INSERT INTO MAP_APP_TAG VALUES( 8080, 19 );
	INSERT INTO MAP_APP_TAG VALUES( 8080, 3814 );
	INSERT INTO MAP_APP_TAG VALUES( 8080, 6378 );
	INSERT INTO MAP_APP_TAG VALUES( 8080, 1774 );
	INSERT INTO MAP_APP_TAG VALUES( 8080, 3841 );
	INSERT INTO MAP_APP_TAG VALUES( 8080, 1697 );
	INSERT INTO MAP_APP_TAG VALUES( 8080, 1685 );
	INSERT INTO MAP_APP_TAG VALUES( 8080, 1742 );
	INSERT INTO MAP_APP_TAG VALUES( 8080, 4166 );
	INSERT INTO MAP_APP_TAG VALUES( 8080, 4667 );
	INSERT INTO MAP_APP_TAG VALUES( 8080, 1680 );
	INSERT INTO MAP_APP_TAG VALUES( 8080, 4182 );
	INSERT INTO MAP_APP_TAG VALUES( 8080, 3859 );
	INSERT INTO MAP_APP_TAG VALUES( 8080, 10816 );
	INSERT INTO MAP_APP_TAG VALUES( 8080, 7481 );

INSERT INTO APP_TABLE	 VALUES( 8100, 'Conflict:_Denied_Ops', '*This is a single player only title*Venezuela is left in a state of civil war after the government was brutally overthrown by a military coup. With factions fighting to reinstate democracy, the U.S. government has offered their assistance, though the new government regime has threatened to deploy nuclear weapons if the U.S.', SYSDATE ,6500, '' );
	INSERT INTO MAP_APP_CATEGORY VALUES( 8100, 3 );

	INSERT INTO MAP_APP_DEVELOPER VALUES( 8100, 89 );

	INSERT INTO MAP_APP_GENRE VALUES( 8100, 1 );

	INSERT INTO MAP_APP_LANG VALUES ( 8100, 2,  'Y', 'N', 'N' );
	INSERT INTO MAP_APP_LANG VALUES ( 8100, 3,  'Y', 'N', 'N' );
	INSERT INTO MAP_APP_LANG VALUES ( 8100, 4,  'Y', 'N', 'N' );
	INSERT INTO MAP_APP_LANG VALUES ( 8100, 7,  'Y', 'N', 'N' );

	INSERT INTO MAP_APP_PUBLISHER VALUES( 8100, 344 );

	INSERT INTO MAP_APP_TAG VALUES( 8100, 19 );
	INSERT INTO MAP_APP_TAG VALUES( 8100, 1663 );
	INSERT INTO MAP_APP_TAG VALUES( 8100, 4182 );
	INSERT INTO MAP_APP_TAG VALUES( 8100, 1685 );
	INSERT INTO MAP_APP_TAG VALUES( 8100, 3859 );

INSERT INTO APP_TABLE	 VALUES( 8140, 'Tomb_Raider:_Underworld', 'Tomb Raider: Underworld represents a new advancement in exploration-based gameplay. As fearless adventurer Lara Croft explore exotic locations around the world, each designed with an incredible attention to detail resulting in breathtaking high-definition visual fidelity that creates a truly believable world and delivers a new level of...', SYSDATE ,9500, '' );
	INSERT INTO MAP_APP_CATEGORY VALUES( 8140, 3 );

	INSERT INTO MAP_APP_DEVELOPER VALUES( 8140, 80 );

	INSERT INTO MAP_APP_GENRE VALUES( 8140, 1 );
	INSERT INTO MAP_APP_GENRE VALUES( 8140, 3 );

	INSERT INTO MAP_APP_LANG VALUES ( 8140, 2,  'Y', 'N', 'N' );
	INSERT INTO MAP_APP_LANG VALUES ( 8140, 3,  'Y', 'N', 'N' );
	INSERT INTO MAP_APP_LANG VALUES ( 8140, 4,  'Y', 'N', 'N' );
	INSERT INTO MAP_APP_LANG VALUES ( 8140, 6,  'Y', 'N', 'N' );
	INSERT INTO MAP_APP_LANG VALUES ( 8140, 7,  'Y', 'N', 'N' );

	INSERT INTO MAP_APP_PUBLISHER VALUES( 8140, 344 );

	INSERT INTO MAP_APP_TAG VALUES( 8140, 21 );
	INSERT INTO MAP_APP_TAG VALUES( 8140, 19 );
	INSERT INTO MAP_APP_TAG VALUES( 8140, 7208 );
	INSERT INTO MAP_APP_TAG VALUES( 8140, 1697 );
	INSERT INTO MAP_APP_TAG VALUES( 8140, 21722 );
	INSERT INTO MAP_APP_TAG VALUES( 8140, 1664 );
	INSERT INTO MAP_APP_TAG VALUES( 8140, 1625 );
	INSERT INTO MAP_APP_TAG VALUES( 8140, 4182 );
	INSERT INTO MAP_APP_TAG VALUES( 8140, 4106 );
	INSERT INTO MAP_APP_TAG VALUES( 8140, 1774 );
	INSERT INTO MAP_APP_TAG VALUES( 8140, 3834 );
	INSERT INTO MAP_APP_TAG VALUES( 8140, 3814 );
	INSERT INTO MAP_APP_TAG VALUES( 8140, 4036 );
	INSERT INTO MAP_APP_TAG VALUES( 8140, 4166 );
	INSERT INTO MAP_APP_TAG VALUES( 8140, 29363 );

INSERT INTO APP_TABLE	 VALUES( 8170, 'Battlestations_Pacific', 'Experience one war through two epic sagas where you will be a part of history or change it. Feel the power of the historically authentic and decisive battles of the Pacific War. Relive some of the grandest and most critical naval battles of recent history and for the first time, choose to lead your fleet to a completely different ending...', SYSDATE ,9500, '' );
	INSERT INTO MAP_APP_CATEGORY VALUES( 8170, 3 );
	INSERT INTO MAP_APP_CATEGORY VALUES( 8170, 1 );
	INSERT INTO MAP_APP_CATEGORY VALUES( 8170, 7 );

	INSERT INTO MAP_APP_DEVELOPER VALUES( 8170, 90 );

	INSERT INTO MAP_APP_GENRE VALUES( 8170, 1 );
	INSERT INTO MAP_APP_GENRE VALUES( 8170, 5 );

	INSERT INTO MAP_APP_LANG VALUES ( 8170, 2,  'Y', 'N', 'N' );
	INSERT INTO MAP_APP_LANG VALUES ( 8170, 3,  'Y', 'N', 'N' );
	INSERT INTO MAP_APP_LANG VALUES ( 8170, 4,  'Y', 'N', 'N' );
	INSERT INTO MAP_APP_LANG VALUES ( 8170, 6,  'Y', 'N', 'N' );
	INSERT INTO MAP_APP_LANG VALUES ( 8170, 7,  'Y', 'N', 'N' );

	INSERT INTO MAP_APP_PUBLISHER VALUES( 8170, 344 );

	INSERT INTO MAP_APP_TAG VALUES( 8170, 4150 );
	INSERT INTO MAP_APP_TAG VALUES( 8170, 9 );
	INSERT INTO MAP_APP_TAG VALUES( 8170, 19 );
	INSERT INTO MAP_APP_TAG VALUES( 8170, 6910 );
	INSERT INTO MAP_APP_TAG VALUES( 8170, 599 );
	INSERT INTO MAP_APP_TAG VALUES( 8170, 1676 );
	INSERT INTO MAP_APP_TAG VALUES( 8170, 3859 );
	INSERT INTO MAP_APP_TAG VALUES( 8170, 15045 );
	INSERT INTO MAP_APP_TAG VALUES( 8170, 4168 );
	INSERT INTO MAP_APP_TAG VALUES( 8170, 4182 );
	INSERT INTO MAP_APP_TAG VALUES( 8170, 1695 );

INSERT INTO APP_TABLE	 VALUES( 40950, 'Stronghold_HD', 'The original castle sim, Stronghold HD allows you to design, build and destroy historical castles. Engage in medieval warfare against the AI in one of two single player campaigns or online with up to 8 players.', SYSDATE ,6500, '' );
	INSERT INTO MAP_APP_CATEGORY VALUES( 40950, 3 );
	INSERT INTO MAP_APP_CATEGORY VALUES( 40950, 1 );
	INSERT INTO MAP_APP_CATEGORY VALUES( 40950, 5 );
	INSERT INTO MAP_APP_CATEGORY VALUES( 40950, 8 );
	INSERT INTO MAP_APP_CATEGORY VALUES( 40950, 13 );

	INSERT INTO MAP_APP_DEVELOPER VALUES( 40950, 46 );

	INSERT INTO MAP_APP_GENRE VALUES( 40950, 8 );
	INSERT INTO MAP_APP_GENRE VALUES( 40950, 5 );

	INSERT INTO MAP_APP_LANG VALUES ( 40950, 1,  'Y', 'N', 'Y' );
	INSERT INTO MAP_APP_LANG VALUES ( 40950, 2,  'Y', 'Y', 'Y' );
	INSERT INTO MAP_APP_LANG VALUES ( 40950, 20,  'Y', 'Y', 'Y' );
	INSERT INTO MAP_APP_LANG VALUES ( 40950, 3,  'Y', 'Y', 'Y' );
	INSERT INTO MAP_APP_LANG VALUES ( 40950, 4,  'Y', 'Y', 'Y' );
	INSERT INTO MAP_APP_LANG VALUES ( 40950, 10,  'Y', 'Y', 'Y' );
	INSERT INTO MAP_APP_LANG VALUES ( 40950, 9,  'Y', 'Y', 'Y' );
	INSERT INTO MAP_APP_LANG VALUES ( 40950, 6,  'Y', 'Y', 'Y' );
	INSERT INTO MAP_APP_LANG VALUES ( 40950, 7,  'Y', 'Y', 'Y' );
	INSERT INTO MAP_APP_LANG VALUES ( 40950, 11,  'Y', 'N', 'Y' );

	INSERT INTO MAP_APP_PUBLISHER VALUES( 40950, 46 );

	INSERT INTO MAP_APP_TAG VALUES( 40950, 9 );
	INSERT INTO MAP_APP_TAG VALUES( 40950, 4172 );
	INSERT INTO MAP_APP_TAG VALUES( 40950, 1676 );
	INSERT INTO MAP_APP_TAG VALUES( 40950, 1693 );
	INSERT INTO MAP_APP_TAG VALUES( 40950, 7332 );
	INSERT INTO MAP_APP_TAG VALUES( 40950, 599 );
	INSERT INTO MAP_APP_TAG VALUES( 40950, 4695 );
	INSERT INTO MAP_APP_TAG VALUES( 40950, 4328 );
	INSERT INTO MAP_APP_TAG VALUES( 40950, 8945 );
	INSERT INTO MAP_APP_TAG VALUES( 40950, 3859 );
	INSERT INTO MAP_APP_TAG VALUES( 40950, 4182 );
	INSERT INTO MAP_APP_TAG VALUES( 40950, 3987 );
	INSERT INTO MAP_APP_TAG VALUES( 40950, 1756 );
	INSERT INTO MAP_APP_TAG VALUES( 40950, 4166 );
	INSERT INTO MAP_APP_TAG VALUES( 40950, 3871 );
	INSERT INTO MAP_APP_TAG VALUES( 40950, 5851 );
	INSERT INTO MAP_APP_TAG VALUES( 40950, 1645 );

INSERT INTO APP_TABLE	 VALUES( 8190, 'Just_Cause_2', 'Dive into an adrenaline-fuelled free-roaming adventure with 400 square miles of rugged terrain and hundreds of weapons and vehicles.', SYSDATE ,15500, '' );
	INSERT INTO MAP_APP_CATEGORY VALUES( 8190, 3 );
	INSERT INTO MAP_APP_CATEGORY VALUES( 8190, 4 );
	INSERT INTO MAP_APP_CATEGORY VALUES( 8190, 17 );
	INSERT INTO MAP_APP_CATEGORY VALUES( 8190, 8 );

	INSERT INTO MAP_APP_DEVELOPER VALUES( 8190, 78 );

	INSERT INTO MAP_APP_GENRE VALUES( 8190, 1 );
	INSERT INTO MAP_APP_GENRE VALUES( 8190, 3 );

	INSERT INTO MAP_APP_LANG VALUES ( 8190, 2,  'Y', 'Y', 'N' );
	INSERT INTO MAP_APP_LANG VALUES ( 8190, 3,  'Y', 'Y', 'N' );
	INSERT INTO MAP_APP_LANG VALUES ( 8190, 4,  'Y', 'Y', 'N' );
	INSERT INTO MAP_APP_LANG VALUES ( 8190, 10,  'Y', 'N', 'N' );
	INSERT INTO MAP_APP_LANG VALUES ( 8190, 9,  'Y', 'N', 'N' );
	INSERT INTO MAP_APP_LANG VALUES ( 8190, 6,  'Y', 'Y', 'N' );
	INSERT INTO MAP_APP_LANG VALUES ( 8190, 7,  'Y', 'Y', 'N' );

	INSERT INTO MAP_APP_PUBLISHER VALUES( 8190, 344 );

	INSERT INTO MAP_APP_TAG VALUES( 8190, 1695 );
	INSERT INTO MAP_APP_TAG VALUES( 8190, 19 );
	INSERT INTO MAP_APP_TAG VALUES( 8190, 3810 );
	INSERT INTO MAP_APP_TAG VALUES( 8190, 1697 );
	INSERT INTO MAP_APP_TAG VALUES( 8190, 3859 );
	INSERT INTO MAP_APP_TAG VALUES( 8190, 21 );
	INSERT INTO MAP_APP_TAG VALUES( 8190, 3814 );
	INSERT INTO MAP_APP_TAG VALUES( 8190, 1774 );
	INSERT INTO MAP_APP_TAG VALUES( 8190, 4182 );
	INSERT INTO MAP_APP_TAG VALUES( 8190, 3834 );
	INSERT INTO MAP_APP_TAG VALUES( 8190, 5363 );
	INSERT INTO MAP_APP_TAG VALUES( 8190, 4136 );
	INSERT INTO MAP_APP_TAG VALUES( 8190, 1669 );
	INSERT INTO MAP_APP_TAG VALUES( 8190, 1685 );
	INSERT INTO MAP_APP_TAG VALUES( 8190, 4166 );
	INSERT INTO MAP_APP_TAG VALUES( 8190, 29363 );
	INSERT INTO MAP_APP_TAG VALUES( 8190, 3968 );
	INSERT INTO MAP_APP_TAG VALUES( 8190, 1719 );
	INSERT INTO MAP_APP_TAG VALUES( 8190, 128 );
	INSERT INTO MAP_APP_TAG VALUES( 8190, 1663 );

INSERT INTO APP_TABLE	 VALUES( 40960, 'The_Stronghold_Collection', 'Enjoy the complete medieval experience in The Stronghold Collection, featuring five real-time strategy games. Create and defend your castle stronghold as you expand your lands, survey the castle life in your domain, host great jousting festivals and feasts, or conduct public executions to keep the peasantry in line.', SYSDATE ,21000, '' );
	INSERT INTO MAP_APP_CATEGORY VALUES( 40960, 3 );
	INSERT INTO MAP_APP_CATEGORY VALUES( 40960, 1 );

	INSERT INTO MAP_APP_DEVELOPER VALUES( 40960, 46 );

	INSERT INTO MAP_APP_GENRE VALUES( 40960, 5 );

	INSERT INTO MAP_APP_LANG VALUES ( 40960, 2,  'Y', 'N', 'N' );
	INSERT INTO MAP_APP_LANG VALUES ( 40960, 3,  'Y', 'N', 'N' );
	INSERT INTO MAP_APP_LANG VALUES ( 40960, 6,  'Y', 'N', 'N' );
	INSERT INTO MAP_APP_LANG VALUES ( 40960, 7,  'Y', 'N', 'N' );

	INSERT INTO MAP_APP_PUBLISHER VALUES( 40960, 46 );

	INSERT INTO MAP_APP_TAG VALUES( 40960, 9 );
	INSERT INTO MAP_APP_TAG VALUES( 40960, 4172 );
	INSERT INTO MAP_APP_TAG VALUES( 40960, 599 );
	INSERT INTO MAP_APP_TAG VALUES( 40960, 1676 );
	INSERT INTO MAP_APP_TAG VALUES( 40960, 3859 );
	INSERT INTO MAP_APP_TAG VALUES( 40960, 1693 );
	INSERT INTO MAP_APP_TAG VALUES( 40960, 4182 );
	INSERT INTO MAP_APP_TAG VALUES( 40960, 4695 );

INSERT INTO APP_TABLE	 VALUES( 8200, 'Sam_&_Max:_Season_One', 'Includes all Six Episodes from Season One: Episode 1: Culture Shock Episode 2: Situation: Comedy Episode 3: The Mole, the Mod, and the Meatball Episode 4: Abe Lincoln Must Die! Episode 5: Reality 2.0 Episode 6: Bright Side of the Moon Episode 1 - Culture Shock - The former child stars of the Soda Poppers TV show are wreaking havoc all...', SYSDATE ,32000, '' );
	INSERT INTO MAP_APP_CATEGORY VALUES( 8200, 3 );

	INSERT INTO MAP_APP_DEVELOPER VALUES( 8200, 91 );


	INSERT INTO MAP_APP_LANG VALUES ( 8200, 2,  'Y', 'N', 'N' );
	INSERT INTO MAP_APP_LANG VALUES ( 8200, 3,  'Y', 'N', 'N' );
	INSERT INTO MAP_APP_LANG VALUES ( 8200, 4,  'Y', 'N', 'N' );
	INSERT INTO MAP_APP_LANG VALUES ( 8200, 6,  'Y', 'N', 'N' );

	INSERT INTO MAP_APP_PUBLISHER VALUES( 8200, 91 );

	INSERT INTO MAP_APP_TAG VALUES( 8200, 1698 );
	INSERT INTO MAP_APP_TAG VALUES( 8200, 1719 );
	INSERT INTO MAP_APP_TAG VALUES( 8200, 21 );
	INSERT INTO MAP_APP_TAG VALUES( 8200, 5613 );
	INSERT INTO MAP_APP_TAG VALUES( 8200, 5716 );
	INSERT INTO MAP_APP_TAG VALUES( 8200, 4242 );
	INSERT INTO MAP_APP_TAG VALUES( 8200, 4136 );

INSERT INTO APP_TABLE	 VALUES( 40970, 'Stronghold_Crusader_HD', 'The highly anticipated sequel to the best-selling Stronghold, Stronghold Crusader HD throws you into historic battles and castle sieges from the Crusades with fiendish AI opponents, new units, 4 historical campaigns and over 100 unique skirmish missions.', SYSDATE ,10500, '' );
	INSERT INTO MAP_APP_CATEGORY VALUES( 40970, 3 );
	INSERT INTO MAP_APP_CATEGORY VALUES( 40970, 1 );
	INSERT INTO MAP_APP_CATEGORY VALUES( 40970, 5 );
	INSERT INTO MAP_APP_CATEGORY VALUES( 40970, 8 );
	INSERT INTO MAP_APP_CATEGORY VALUES( 40970, 13 );

	INSERT INTO MAP_APP_DEVELOPER VALUES( 40970, 46 );

	INSERT INTO MAP_APP_GENRE VALUES( 40970, 8 );
	INSERT INTO MAP_APP_GENRE VALUES( 40970, 5 );

	INSERT INTO MAP_APP_LANG VALUES ( 40970, 1,  'Y', 'N', 'Y' );
	INSERT INTO MAP_APP_LANG VALUES ( 40970, 2,  'Y', 'Y', 'Y' );
	INSERT INTO MAP_APP_LANG VALUES ( 40970, 3,  'Y', 'Y', 'Y' );
	INSERT INTO MAP_APP_LANG VALUES ( 40970, 4,  'Y', 'Y', 'Y' );
	INSERT INTO MAP_APP_LANG VALUES ( 40970, 10,  'Y', 'Y', 'Y' );
	INSERT INTO MAP_APP_LANG VALUES ( 40970, 9,  'Y', 'Y', 'Y' );
	INSERT INTO MAP_APP_LANG VALUES ( 40970, 6,  'Y', 'Y', 'Y' );
	INSERT INTO MAP_APP_LANG VALUES ( 40970, 7,  'Y', 'Y', 'Y' );
	INSERT INTO MAP_APP_LANG VALUES ( 40970, 11,  'Y', 'N', 'Y' );

	INSERT INTO MAP_APP_PUBLISHER VALUES( 40970, 46 );

	INSERT INTO MAP_APP_TAG VALUES( 40970, 9 );
	INSERT INTO MAP_APP_TAG VALUES( 40970, 4172 );
	INSERT INTO MAP_APP_TAG VALUES( 40970, 1676 );
	INSERT INTO MAP_APP_TAG VALUES( 40970, 1693 );
	INSERT INTO MAP_APP_TAG VALUES( 40970, 3859 );
	INSERT INTO MAP_APP_TAG VALUES( 40970, 1708 );
	INSERT INTO MAP_APP_TAG VALUES( 40970, 599 );
	INSERT INTO MAP_APP_TAG VALUES( 40970, 3987 );
	INSERT INTO MAP_APP_TAG VALUES( 40970, 4695 );
	INSERT INTO MAP_APP_TAG VALUES( 40970, 4328 );
	INSERT INTO MAP_APP_TAG VALUES( 40970, 4182 );
	INSERT INTO MAP_APP_TAG VALUES( 40970, 21 );
	INSERT INTO MAP_APP_TAG VALUES( 40970, 3810 );
	INSERT INTO MAP_APP_TAG VALUES( 40970, 1643 );
	INSERT INTO MAP_APP_TAG VALUES( 40970, 5708 );
	INSERT INTO MAP_APP_TAG VALUES( 40970, 19 );
	INSERT INTO MAP_APP_TAG VALUES( 40970, 1685 );
	INSERT INTO MAP_APP_TAG VALUES( 40970, 3871 );
	INSERT INTO MAP_APP_TAG VALUES( 40970, 4136 );
	INSERT INTO MAP_APP_TAG VALUES( 40970, 1756 );

INSERT INTO APP_TABLE	 VALUES( 8210, 'Sam_&_Max_102:_Situation:_Comedy', 'Sam & Max: Episode 2 - Situation: Comedy - Talk show host Myra Stump has gone berzerk! Sam & Max head down to the WARP TV studio to find out why she''s holding her audience hostage. But getting onto Myra''s stage isn''t going to be easy. First the Freelance Police will have to prove they''re worthy of fifteen minutes of fame.', SYSDATE ,32000, '' );
	INSERT INTO MAP_APP_CATEGORY VALUES( 8210, 3 );

	INSERT INTO MAP_APP_DEVELOPER VALUES( 8210, 91 );

	INSERT INTO MAP_APP_GENRE VALUES( 8210, 1 );
	INSERT INTO MAP_APP_GENRE VALUES( 8210, 3 );

	INSERT INTO MAP_APP_LANG VALUES ( 8210, 2,  'Y', 'N', 'N' );
	INSERT INTO MAP_APP_LANG VALUES ( 8210, 3,  'Y', 'N', 'N' );
	INSERT INTO MAP_APP_LANG VALUES ( 8210, 6,  'Y', 'N', 'N' );

	INSERT INTO MAP_APP_PUBLISHER VALUES( 8210, 91 );

	INSERT INTO MAP_APP_TAG VALUES( 8210, 21 );
	INSERT INTO MAP_APP_TAG VALUES( 8210, 19 );

INSERT INTO APP_TABLE	 VALUES( 40980, 'Stronghold_Legends:_Steam_Edition', 'Catapult werewolves over castle walls, incinerate troops with dragon fire and command the Knights of the Round Table! This remaster of the mythical ¡®castle sim¡¯ features Steam multiplayer, Workshop support, new maps, achievements and DLC campaigns.', SYSDATE ,16000, '' );
	INSERT INTO MAP_APP_CATEGORY VALUES( 40980, 3 );
	INSERT INTO MAP_APP_CATEGORY VALUES( 40980, 1 );
	INSERT INTO MAP_APP_CATEGORY VALUES( 40980, 16 );
	INSERT INTO MAP_APP_CATEGORY VALUES( 40980, 4 );
	INSERT INTO MAP_APP_CATEGORY VALUES( 40980, 5 );
	INSERT INTO MAP_APP_CATEGORY VALUES( 40980, 14 );
	INSERT INTO MAP_APP_CATEGORY VALUES( 40980, 8 );
	INSERT INTO MAP_APP_CATEGORY VALUES( 40980, 13 );

	INSERT INTO MAP_APP_DEVELOPER VALUES( 40980, 46 );

	INSERT INTO MAP_APP_GENRE VALUES( 40980, 8 );
	INSERT INTO MAP_APP_GENRE VALUES( 40980, 5 );

	INSERT INTO MAP_APP_LANG VALUES ( 40980, 2,  'Y', 'Y', 'Y' );
	INSERT INTO MAP_APP_LANG VALUES ( 40980, 3,  'Y', 'Y', 'Y' );
	INSERT INTO MAP_APP_LANG VALUES ( 40980, 4,  'Y', 'Y', 'Y' );
	INSERT INTO MAP_APP_LANG VALUES ( 40980, 10,  'Y', 'N', 'Y' );
	INSERT INTO MAP_APP_LANG VALUES ( 40980, 9,  'Y', 'Y', 'Y' );
	INSERT INTO MAP_APP_LANG VALUES ( 40980, 6,  'Y', 'Y', 'Y' );
	INSERT INTO MAP_APP_LANG VALUES ( 40980, 7,  'Y', 'Y', 'Y' );

	INSERT INTO MAP_APP_PUBLISHER VALUES( 40980, 46 );

	INSERT INTO MAP_APP_TAG VALUES( 40980, 9 );
	INSERT INTO MAP_APP_TAG VALUES( 40980, 599 );
	INSERT INTO MAP_APP_TAG VALUES( 40980, 4328 );
	INSERT INTO MAP_APP_TAG VALUES( 40980, 3859 );
	INSERT INTO MAP_APP_TAG VALUES( 40980, 7332 );
	INSERT INTO MAP_APP_TAG VALUES( 40980, 4172 );
	INSERT INTO MAP_APP_TAG VALUES( 40980, 8945 );
	INSERT INTO MAP_APP_TAG VALUES( 40980, 4695 );
	INSERT INTO MAP_APP_TAG VALUES( 40980, 3987 );
	INSERT INTO MAP_APP_TAG VALUES( 40980, 4182 );
	INSERT INTO MAP_APP_TAG VALUES( 40980, 1676 );
	INSERT INTO MAP_APP_TAG VALUES( 40980, 1684 );

INSERT INTO APP_TABLE	 VALUES( 8220, 'Sam_&_Max_103:_The_Mole,_the_Mob_and_the_Meatball', 'Sam & Max Episode 3 - The Mole, The Mob, and The Meatball - The commissioner is looking into an underground operation at the Ted E. Bear Mafia-Free Playland and Casino, but the mole he sent in has suddenly gone quiet. To find the mole, Sam & Max must infiltrate the operation and become members of the Toy Mafia themselves.', SYSDATE ,32000, '' );
	INSERT INTO MAP_APP_CATEGORY VALUES( 8220, 3 );

	INSERT INTO MAP_APP_DEVELOPER VALUES( 8220, 91 );

	INSERT INTO MAP_APP_GENRE VALUES( 8220, 1 );
	INSERT INTO MAP_APP_GENRE VALUES( 8220, 3 );

	INSERT INTO MAP_APP_LANG VALUES ( 8220, 2,  'Y', 'N', 'N' );
	INSERT INTO MAP_APP_LANG VALUES ( 8220, 3,  'Y', 'N', 'N' );
	INSERT INTO MAP_APP_LANG VALUES ( 8220, 4,  'Y', 'N', 'N' );
	INSERT INTO MAP_APP_LANG VALUES ( 8220, 6,  'Y', 'N', 'N' );

	INSERT INTO MAP_APP_PUBLISHER VALUES( 8220, 91 );

	INSERT INTO MAP_APP_TAG VALUES( 8220, 21 );
	INSERT INTO MAP_APP_TAG VALUES( 8220, 19 );
	INSERT INTO MAP_APP_TAG VALUES( 8220, 1698 );

INSERT INTO APP_TABLE	 VALUES( 8230, 'Sam_&_Max_104:_Abe_Lincoln_Must_Die!', 'Sam & Max Episode 4 - Abe Lincoln Must Die - The president''s lost it. Federally mandated group hugs, a pudding embargo... what''s next, gun control? Sam & Max are off to Washington to take care of this bozo, but the political climate will only get stormier... and a new power will rise...', SYSDATE ,32000, '' );
	INSERT INTO MAP_APP_CATEGORY VALUES( 8230, 3 );

	INSERT INTO MAP_APP_DEVELOPER VALUES( 8230, 91 );

	INSERT INTO MAP_APP_GENRE VALUES( 8230, 1 );
	INSERT INTO MAP_APP_GENRE VALUES( 8230, 3 );

	INSERT INTO MAP_APP_LANG VALUES ( 8230, 2,  'Y', 'N', 'N' );
	INSERT INTO MAP_APP_LANG VALUES ( 8230, 3,  'Y', 'N', 'N' );
	INSERT INTO MAP_APP_LANG VALUES ( 8230, 4,  'Y', 'N', 'N' );
	INSERT INTO MAP_APP_LANG VALUES ( 8230, 6,  'Y', 'N', 'N' );

	INSERT INTO MAP_APP_PUBLISHER VALUES( 8230, 91 );

	INSERT INTO MAP_APP_TAG VALUES( 8230, 21 );
	INSERT INTO MAP_APP_TAG VALUES( 8230, 19 );
	INSERT INTO MAP_APP_TAG VALUES( 8230, 1698 );
	INSERT INTO MAP_APP_TAG VALUES( 8230, 113 );
	INSERT INTO MAP_APP_TAG VALUES( 8230, 1719 );

INSERT INTO APP_TABLE	 VALUES( 41000, 'Serious_Sam_HD:_The_First_Encounter', 'Serious Sam HD: The First Encounter is a visually upgraded and fully Steam supported remake version of the original high-adrenaline single-play and 16-player co-operative arcade-action FPS which was Gamespot''s Game of the Year 2001 and which scored overall of 87% on Metacritic!', SYSDATE ,16000, '' );
	INSERT INTO MAP_APP_CATEGORY VALUES( 41000, 3 );
	INSERT INTO MAP_APP_CATEGORY VALUES( 41000, 1 );
	INSERT INTO MAP_APP_CATEGORY VALUES( 41000, 16 );
	INSERT INTO MAP_APP_CATEGORY VALUES( 41000, 4 );
	INSERT INTO MAP_APP_CATEGORY VALUES( 41000, 5 );
	INSERT INTO MAP_APP_CATEGORY VALUES( 41000, 7 );
	INSERT INTO MAP_APP_CATEGORY VALUES( 41000, 8 );
	INSERT INTO MAP_APP_CATEGORY VALUES( 41000, 18 );

	INSERT INTO MAP_APP_DEVELOPER VALUES( 41000, 366 );

	INSERT INTO MAP_APP_GENRE VALUES( 41000, 1 );
	INSERT INTO MAP_APP_GENRE VALUES( 41000, 4 );

	INSERT INTO MAP_APP_LANG VALUES ( 41000, 2,  'Y', 'N', 'N' );
	INSERT INTO MAP_APP_LANG VALUES ( 41000, 3,  'Y', 'N', 'N' );
	INSERT INTO MAP_APP_LANG VALUES ( 41000, 4,  'Y', 'N', 'N' );
	INSERT INTO MAP_APP_LANG VALUES ( 41000, 9,  'Y', 'N', 'N' );
	INSERT INTO MAP_APP_LANG VALUES ( 41000, 6,  'Y', 'N', 'N' );
	INSERT INTO MAP_APP_LANG VALUES ( 41000, 7,  'Y', 'N', 'N' );


	INSERT INTO MAP_APP_TAG VALUES( 41000, 1663 );
	INSERT INTO MAP_APP_TAG VALUES( 41000, 19 );
	INSERT INTO MAP_APP_TAG VALUES( 41000, 1685 );
	INSERT INTO MAP_APP_TAG VALUES( 41000, 1774 );
	INSERT INTO MAP_APP_TAG VALUES( 41000, 1719 );
	INSERT INTO MAP_APP_TAG VALUES( 41000, 3843 );
	INSERT INTO MAP_APP_TAG VALUES( 41000, 492 );
	INSERT INTO MAP_APP_TAG VALUES( 41000, 3859 );
	INSERT INTO MAP_APP_TAG VALUES( 41000, 4345 );
	INSERT INTO MAP_APP_TAG VALUES( 41000, 1693 );
	INSERT INTO MAP_APP_TAG VALUES( 41000, 3839 );
	INSERT INTO MAP_APP_TAG VALUES( 41000, 4182 );
	INSERT INTO MAP_APP_TAG VALUES( 41000, 4136 );
	INSERT INTO MAP_APP_TAG VALUES( 41000, 1673 );
	INSERT INTO MAP_APP_TAG VALUES( 41000, 21 );
	INSERT INTO MAP_APP_TAG VALUES( 41000, 4305 );
	INSERT INTO MAP_APP_TAG VALUES( 41000, 5708 );
	INSERT INTO MAP_APP_TAG VALUES( 41000, 4026 );
	INSERT INTO MAP_APP_TAG VALUES( 41000, 3942 );
	INSERT INTO MAP_APP_TAG VALUES( 41000, 5154 );

INSERT INTO APP_TABLE	 VALUES( 8240, 'Sam_&_Max_105:_Reality_2.0', 'With an internet crisis looming and a viral video game holding its players hostage, Sam & Max will need to slip into a new reality to set things right. But can the Freelance Police crack this virtual case in time to avoid worldwide system failure?One of six self-contained cases with an overarching story arc.', SYSDATE ,32000, '' );
	INSERT INTO MAP_APP_CATEGORY VALUES( 8240, 3 );

	INSERT INTO MAP_APP_DEVELOPER VALUES( 8240, 91 );

	INSERT INTO MAP_APP_GENRE VALUES( 8240, 1 );
	INSERT INTO MAP_APP_GENRE VALUES( 8240, 3 );

	INSERT INTO MAP_APP_LANG VALUES ( 8240, 2,  'Y', 'N', 'N' );
	INSERT INTO MAP_APP_LANG VALUES ( 8240, 3,  'Y', 'N', 'N' );
	INSERT INTO MAP_APP_LANG VALUES ( 8240, 4,  'Y', 'N', 'N' );
	INSERT INTO MAP_APP_LANG VALUES ( 8240, 6,  'Y', 'N', 'N' );

	INSERT INTO MAP_APP_PUBLISHER VALUES( 8240, 91 );

	INSERT INTO MAP_APP_TAG VALUES( 8240, 21 );
	INSERT INTO MAP_APP_TAG VALUES( 8240, 19 );

INSERT INTO APP_TABLE	 VALUES( 41014, 'Serious_Sam_HD:_The_Second_Encounter', 'Serious Sam HD: The Second Encounter is a visually upgraded and fully Steam supported remake of the original high-adrenaline single-play and 16-player co-operative arcade-action FPS and Gamespot''s Game of the Month!', SYSDATE ,21000, '' );
	INSERT INTO MAP_APP_CATEGORY VALUES( 41014, 3 );
	INSERT INTO MAP_APP_CATEGORY VALUES( 41014, 1 );
	INSERT INTO MAP_APP_CATEGORY VALUES( 41014, 16 );
	INSERT INTO MAP_APP_CATEGORY VALUES( 41014, 4 );
	INSERT INTO MAP_APP_CATEGORY VALUES( 41014, 17 );
	INSERT INTO MAP_APP_CATEGORY VALUES( 41014, 14 );
	INSERT INTO MAP_APP_CATEGORY VALUES( 41014, 8 );
	INSERT INTO MAP_APP_CATEGORY VALUES( 41014, 18 );
	INSERT INTO MAP_APP_CATEGORY VALUES( 41014, 13 );

	INSERT INTO MAP_APP_DEVELOPER VALUES( 41014, 366 );

	INSERT INTO MAP_APP_GENRE VALUES( 41014, 1 );
	INSERT INTO MAP_APP_GENRE VALUES( 41014, 4 );

	INSERT INTO MAP_APP_LANG VALUES ( 41014, 2,  'Y', 'Y', 'Y' );
	INSERT INTO MAP_APP_LANG VALUES ( 41014, 3,  'Y', 'N', 'Y' );
	INSERT INTO MAP_APP_LANG VALUES ( 41014, 4,  'Y', 'N', 'Y' );
	INSERT INTO MAP_APP_LANG VALUES ( 41014, 9,  'Y', 'N', 'Y' );
	INSERT INTO MAP_APP_LANG VALUES ( 41014, 6,  'Y', 'N', 'Y' );
	INSERT INTO MAP_APP_LANG VALUES ( 41014, 7,  'Y', 'N', 'Y' );


	INSERT INTO MAP_APP_TAG VALUES( 41014, 1663 );
	INSERT INTO MAP_APP_TAG VALUES( 41014, 19 );
	INSERT INTO MAP_APP_TAG VALUES( 41014, 1685 );
	INSERT INTO MAP_APP_TAG VALUES( 41014, 492 );
	INSERT INTO MAP_APP_TAG VALUES( 41014, 1719 );
	INSERT INTO MAP_APP_TAG VALUES( 41014, 3859 );
	INSERT INTO MAP_APP_TAG VALUES( 41014, 1774 );
	INSERT INTO MAP_APP_TAG VALUES( 41014, 3843 );
	INSERT INTO MAP_APP_TAG VALUES( 41014, 1756 );
	INSERT INTO MAP_APP_TAG VALUES( 41014, 4182 );
	INSERT INTO MAP_APP_TAG VALUES( 41014, 1693 );
	INSERT INTO MAP_APP_TAG VALUES( 41014, 3839 );
	INSERT INTO MAP_APP_TAG VALUES( 41014, 7782 );
	INSERT INTO MAP_APP_TAG VALUES( 41014, 4345 );
	INSERT INTO MAP_APP_TAG VALUES( 41014, 3942 );
	INSERT INTO MAP_APP_TAG VALUES( 41014, 1673 );
	INSERT INTO MAP_APP_TAG VALUES( 41014, 4305 );
	INSERT INTO MAP_APP_TAG VALUES( 41014, 5708 );
	INSERT INTO MAP_APP_TAG VALUES( 41014, 4136 );
	INSERT INTO MAP_APP_TAG VALUES( 41014, 5547 );

INSERT INTO APP_TABLE	 VALUES( 8250, 'Sam_&_Max_106:_Bright_Side_of_the_Moon', 'Sam & Max: Episode 6 - Bright Side of the Moon - What started out as a local mind-control scheme has grown to global proportions, and Sam & Max are off to the moon to save the entire planet from a lifetime of hypnotic enslavement. But when chaos collides with tranquility, have the Freelance Police finally met their match?', SYSDATE ,32000, '' );
	INSERT INTO MAP_APP_CATEGORY VALUES( 8250, 3 );

	INSERT INTO MAP_APP_DEVELOPER VALUES( 8250, 91 );

	INSERT INTO MAP_APP_GENRE VALUES( 8250, 1 );
	INSERT INTO MAP_APP_GENRE VALUES( 8250, 3 );

	INSERT INTO MAP_APP_LANG VALUES ( 8250, 2,  'Y', 'N', 'N' );
	INSERT INTO MAP_APP_LANG VALUES ( 8250, 3,  'Y', 'N', 'N' );
	INSERT INTO MAP_APP_LANG VALUES ( 8250, 4,  'Y', 'N', 'N' );
	INSERT INTO MAP_APP_LANG VALUES ( 8250, 6,  'Y', 'N', 'N' );

	INSERT INTO MAP_APP_PUBLISHER VALUES( 8250, 91 );

	INSERT INTO MAP_APP_TAG VALUES( 8250, 21 );
	INSERT INTO MAP_APP_TAG VALUES( 8250, 19 );

INSERT INTO APP_TABLE	 VALUES( 8260, 'Sam_&_Max:_Season_Two', 'Includes all Five Episodes from Season Two: Episode 1: Ice Station Santa Episode 2: Moai Better Blues Episode 3: Night of the Raving Dead Episode 4: Chariots of the Dogs Episode 5: What''s New Beelzebub? Episode 1: Ice Station Santa - He¡¯s the most ancient and powerful opponent they¡¯ve ever faced, a hairy, bloated, pagan God - Santa Claus!', SYSDATE ,32000, '' );
	INSERT INTO MAP_APP_CATEGORY VALUES( 8260, 3 );

	INSERT INTO MAP_APP_DEVELOPER VALUES( 8260, 91 );

	INSERT INTO MAP_APP_GENRE VALUES( 8260, 3 );

	INSERT INTO MAP_APP_LANG VALUES ( 8260, 2,  'Y', 'N', 'N' );

	INSERT INTO MAP_APP_PUBLISHER VALUES( 8260, 91 );

	INSERT INTO MAP_APP_TAG VALUES( 8260, 21 );

INSERT INTO APP_TABLE	 VALUES( 8270, 'Sam_&_Max_202:_Moai_Better_Blues', 'A surprise trip to the tropics turns into a working vacation when Sam & Max sign up to stop a massive volcano eruption. Will their special blend of bewildering wit and renegade justice be enough to win over the gods? (Not to mention the locals?', SYSDATE ,32000, '' );
	INSERT INTO MAP_APP_CATEGORY VALUES( 8270, 3 );

	INSERT INTO MAP_APP_DEVELOPER VALUES( 8270, 91 );

	INSERT INTO MAP_APP_GENRE VALUES( 8270, 3 );

	INSERT INTO MAP_APP_LANG VALUES ( 8270, 2,  'Y', 'N', 'N' );

	INSERT INTO MAP_APP_PUBLISHER VALUES( 8270, 91 );

	INSERT INTO MAP_APP_TAG VALUES( 8270, 21 );

INSERT INTO APP_TABLE	 VALUES( 8280, 'Sam_&_Max_203:_Night_of_the_Raving_Dead', 'Zombie attack! Droves of undead are converging in the streets. Now Sam & Max must confront their leader - a Eurotrash vampire with a style all his own. Are the Freelance Police cool enough to outsmart this emo before his flesh-eating army usurps the western world?', SYSDATE ,32000, '' );
	INSERT INTO MAP_APP_CATEGORY VALUES( 8280, 3 );

	INSERT INTO MAP_APP_DEVELOPER VALUES( 8280, 91 );

	INSERT INTO MAP_APP_GENRE VALUES( 8280, 3 );

	INSERT INTO MAP_APP_LANG VALUES ( 8280, 2,  'Y', 'N', 'N' );

	INSERT INTO MAP_APP_PUBLISHER VALUES( 8280, 91 );

	INSERT INTO MAP_APP_TAG VALUES( 8280, 21 );

INSERT INTO APP_TABLE	 VALUES( 8290, 'Sam_&_Max_204:_Chariots_of_the_Dogs', 'Bosco''s vanished from the face of the Earth - literally! When Sam & Max manage to track him down, what they find is so mind boggling, you''ll have to see it to believe it. Can the Freelance Police set things right, or will life as they know it fall victim to the capricious whims of T-H-E-M?', SYSDATE ,32000, '' );
	INSERT INTO MAP_APP_CATEGORY VALUES( 8290, 3 );

	INSERT INTO MAP_APP_DEVELOPER VALUES( 8290, 91 );

	INSERT INTO MAP_APP_GENRE VALUES( 8290, 3 );

	INSERT INTO MAP_APP_LANG VALUES ( 8290, 2,  'Y', 'N', 'N' );

	INSERT INTO MAP_APP_PUBLISHER VALUES( 8290, 91 );

	INSERT INTO MAP_APP_TAG VALUES( 8290, 21 );

INSERT INTO APP_TABLE	 VALUES( 8300, 'Sam_&_Max_205:_What&#146;s_New_Beelzebub?', 'Judgment day is at hand, and it?s time for a showdown with the guy downstairs to bargain for Bosco''s soul. But in the corporate wasteland known as Hell, not even the Freelance Police are safe from eternal damnation. Can Sam & Max fight free from Satan''s grasp, or have they reached the end of the line?', SYSDATE ,32000, '' );
	INSERT INTO MAP_APP_CATEGORY VALUES( 8300, 3 );

	INSERT INTO MAP_APP_DEVELOPER VALUES( 8300, 91 );

	INSERT INTO MAP_APP_GENRE VALUES( 8300, 3 );

	INSERT INTO MAP_APP_LANG VALUES ( 8300, 2,  'Y', 'N', 'N' );

	INSERT INTO MAP_APP_PUBLISHER VALUES( 8300, 91 );

	INSERT INTO MAP_APP_TAG VALUES( 8300, 21 );

INSERT INTO APP_TABLE	 VALUES( 41070, 'Serious_Sam_3:_BFE', 'Serious Sam 3: BFE is a prequel to the original indie fast action FPS and Game of the Year sensation - Serious Sam: The First Encounter!', SYSDATE ,43000, '' );
	INSERT INTO MAP_APP_CATEGORY VALUES( 41070, 3 );
	INSERT INTO MAP_APP_CATEGORY VALUES( 41070, 1 );
	INSERT INTO MAP_APP_CATEGORY VALUES( 41070, 16 );
	INSERT INTO MAP_APP_CATEGORY VALUES( 41070, 21 );
	INSERT INTO MAP_APP_CATEGORY VALUES( 41070, 10 );
	INSERT INTO MAP_APP_CATEGORY VALUES( 41070, 4 );
	INSERT INTO MAP_APP_CATEGORY VALUES( 41070, 17 );
	INSERT INTO MAP_APP_CATEGORY VALUES( 41070, 5 );
	INSERT INTO MAP_APP_CATEGORY VALUES( 41070, 14 );
	INSERT INTO MAP_APP_CATEGORY VALUES( 41070, 8 );
	INSERT INTO MAP_APP_CATEGORY VALUES( 41070, 18 );
	INSERT INTO MAP_APP_CATEGORY VALUES( 41070, 13 );

	INSERT INTO MAP_APP_DEVELOPER VALUES( 41070, 366 );

	INSERT INTO MAP_APP_GENRE VALUES( 41070, 1 );
	INSERT INTO MAP_APP_GENRE VALUES( 41070, 4 );

	INSERT INTO MAP_APP_LANG VALUES ( 41070, 1,  'Y', 'N', 'Y' );
	INSERT INTO MAP_APP_LANG VALUES ( 41070, 2,  'Y', 'Y', 'Y' );
	INSERT INTO MAP_APP_LANG VALUES ( 41070, 3,  'Y', 'N', 'Y' );
	INSERT INTO MAP_APP_LANG VALUES ( 41070, 4,  'Y', 'N', 'Y' );
	INSERT INTO MAP_APP_LANG VALUES ( 41070, 9,  'Y', 'Y', 'Y' );
	INSERT INTO MAP_APP_LANG VALUES ( 41070, 23,  'Y', 'N', 'Y' );
	INSERT INTO MAP_APP_LANG VALUES ( 41070, 6,  'Y', 'N', 'Y' );
	INSERT INTO MAP_APP_LANG VALUES ( 41070, 7,  'Y', 'N', 'Y' );
	INSERT INTO MAP_APP_LANG VALUES ( 41070, 11,  'Y', 'N', 'Y' );


	INSERT INTO MAP_APP_TAG VALUES( 41070, 1663 );
	INSERT INTO MAP_APP_TAG VALUES( 41070, 19 );
	INSERT INTO MAP_APP_TAG VALUES( 41070, 1685 );
	INSERT INTO MAP_APP_TAG VALUES( 41070, 4345 );
	INSERT INTO MAP_APP_TAG VALUES( 41070, 1719 );
	INSERT INTO MAP_APP_TAG VALUES( 41070, 3843 );
	INSERT INTO MAP_APP_TAG VALUES( 41070, 1673 );
	INSERT INTO MAP_APP_TAG VALUES( 41070, 3839 );
	INSERT INTO MAP_APP_TAG VALUES( 41070, 1774 );
	INSERT INTO MAP_APP_TAG VALUES( 41070, 3859 );
	INSERT INTO MAP_APP_TAG VALUES( 41070, 3841 );
	INSERT INTO MAP_APP_TAG VALUES( 41070, 492 );
	INSERT INTO MAP_APP_TAG VALUES( 41070, 10816 );
	INSERT INTO MAP_APP_TAG VALUES( 41070, 4026 );
	INSERT INTO MAP_APP_TAG VALUES( 41070, 4182 );
	INSERT INTO MAP_APP_TAG VALUES( 41070, 4136 );
	INSERT INTO MAP_APP_TAG VALUES( 41070, 3942 );
	INSERT INTO MAP_APP_TAG VALUES( 41070, 21 );
	INSERT INTO MAP_APP_TAG VALUES( 41070, 7368 );
	INSERT INTO MAP_APP_TAG VALUES( 41070, 6650 );

INSERT INTO APP_TABLE	 VALUES( 8310, 'Bone:_Out_From_Boneville', 'After an attack by a swarm of locusts leaves Fone Bone lost in the mountains, he sets out to find his cousins, with a little help from a mysterious red dragon, a couple of talking bugs, and a pretty girl named Thorn. But with hungry rat creatures on his tail, will Fone Bone ever make his way back to Boneville?', SYSDATE ,10500, '' );
	INSERT INTO MAP_APP_CATEGORY VALUES( 8310, 3 );

	INSERT INTO MAP_APP_DEVELOPER VALUES( 8310, 91 );

	INSERT INTO MAP_APP_GENRE VALUES( 8310, 3 );

	INSERT INTO MAP_APP_LANG VALUES ( 8310, 2,  'Y', 'N', 'N' );

	INSERT INTO MAP_APP_PUBLISHER VALUES( 8310, 91 );

	INSERT INTO MAP_APP_TAG VALUES( 8310, 21 );
	INSERT INTO MAP_APP_TAG VALUES( 8310, 1698 );

INSERT INTO APP_TABLE	 VALUES( 8320, 'Bone:_The_Great_Cow_Race', 'It''s spring fair time and The Great Cow Race is about to begin! Play carnival games. Write love poetry. Outsmart a really big bee. Cheat the locals out of their hard-earned eggs. Bang on some pots and pans. Escape from an angry mob. Oh, and dress up like a cow. (Not necessarily in that order.', SYSDATE ,10500, '' );
	INSERT INTO MAP_APP_CATEGORY VALUES( 8320, 3 );

	INSERT INTO MAP_APP_DEVELOPER VALUES( 8320, 91 );

	INSERT INTO MAP_APP_GENRE VALUES( 8320, 3 );

	INSERT INTO MAP_APP_LANG VALUES ( 8320, 2,  'Y', 'N', 'N' );

	INSERT INTO MAP_APP_PUBLISHER VALUES( 8320, 91 );

	INSERT INTO MAP_APP_TAG VALUES( 8320, 21 );
	INSERT INTO MAP_APP_TAG VALUES( 8320, 1698 );

INSERT INTO APP_TABLE	 VALUES( 8330, 'Telltale_Texas_Hold_¡®Em', 'Join poker''s most outspoken players for a hand of Telltale Texas Hold''em, the card game stacked high with personality. Quips will fly, chips will fall, and you may just end up rolling in the aisles.This is your chance to play in a poker tournament against four characters of such lethal absurdity, you''ll either die laughing or die trying.', SYSDATE ,3300, '' );
	INSERT INTO MAP_APP_CATEGORY VALUES( 8330, 3 );

	INSERT INTO MAP_APP_DEVELOPER VALUES( 8330, 91 );

	INSERT INTO MAP_APP_GENRE VALUES( 8330, 7 );

	INSERT INTO MAP_APP_LANG VALUES ( 8330, 2,  'Y', 'N', 'N' );

	INSERT INTO MAP_APP_PUBLISHER VALUES( 8330, 91 );

	INSERT INTO MAP_APP_TAG VALUES( 8330, 597 );
	INSERT INTO MAP_APP_TAG VALUES( 8330, 1666 );

INSERT INTO APP_TABLE	 VALUES( 41100, 'Hammerfight', 'Hammerfight is about 2D battles of flying machines equipped with various slashing, piercing and blunt weaponry.A unique combat system is based on realistic physics simulation, and it ties the movements of the rider to the movements of your mouse. As you wave the mouse, your rider swings his warhammer, smashing the foe into the wall!', SYSDATE ,5500, '' );
	INSERT INTO MAP_APP_CATEGORY VALUES( 41100, 3 );

	INSERT INTO MAP_APP_DEVELOPER VALUES( 41100, 367 );

	INSERT INTO MAP_APP_GENRE VALUES( 41100, 1 );
	INSERT INTO MAP_APP_GENRE VALUES( 41100, 4 );

	INSERT INTO MAP_APP_LANG VALUES ( 41100, 2,  'Y', 'N', 'N' );

	INSERT INTO MAP_APP_PUBLISHER VALUES( 41100, 270 );

	INSERT INTO MAP_APP_TAG VALUES( 41100, 19 );
	INSERT INTO MAP_APP_TAG VALUES( 41100, 492 );
	INSERT INTO MAP_APP_TAG VALUES( 41100, 3968 );
	INSERT INTO MAP_APP_TAG VALUES( 41100, 11123 );
	INSERT INTO MAP_APP_TAG VALUES( 41100, 3871 );
	INSERT INTO MAP_APP_TAG VALUES( 41100, 4182 );
	INSERT INTO MAP_APP_TAG VALUES( 41100, 13782 );
	INSERT INTO MAP_APP_TAG VALUES( 41100, 6971 );
	INSERT INTO MAP_APP_TAG VALUES( 41100, 4026 );
	INSERT INTO MAP_APP_TAG VALUES( 41100, 1743 );
	INSERT INTO MAP_APP_TAG VALUES( 41100, 7368 );
	INSERT INTO MAP_APP_TAG VALUES( 41100, 1777 );

INSERT INTO APP_TABLE	 VALUES( 8340, 'Strong_Bad''s_Cool_Game_for_Attractive_People:_Season_1', 'Enjoy Strong Bad''s wacky comedic adventures over 5 full episodes!', SYSDATE ,32000, '' );
	INSERT INTO MAP_APP_CATEGORY VALUES( 8340, 3 );

	INSERT INTO MAP_APP_DEVELOPER VALUES( 8340, 91 );

	INSERT INTO MAP_APP_GENRE VALUES( 8340, 3 );

	INSERT INTO MAP_APP_LANG VALUES ( 8340, 2,  'Y', 'N', 'N' );

	INSERT INTO MAP_APP_PUBLISHER VALUES( 8340, 91 );

	INSERT INTO MAP_APP_TAG VALUES( 8340, 21 );
	INSERT INTO MAP_APP_TAG VALUES( 8340, 1698 );
	INSERT INTO MAP_APP_TAG VALUES( 8340, 1719 );
	INSERT INTO MAP_APP_TAG VALUES( 8340, 4136 );
	INSERT INTO MAP_APP_TAG VALUES( 8340, 1710 );
	INSERT INTO MAP_APP_TAG VALUES( 8340, 4242 );
	INSERT INTO MAP_APP_TAG VALUES( 8340, 4182 );

INSERT INTO APP_TABLE	 VALUES( 8350, 'Strong_Bad''s_Cool_Game_for_Attractive_People:_Episode_2', '', SYSDATE ,32000, '' );

	INSERT INTO MAP_APP_DEVELOPER VALUES( 8350, 91 );

	INSERT INTO MAP_APP_GENRE VALUES( 8350, 3 );

	INSERT INTO MAP_APP_LANG VALUES ( 8350, 2,  'N', 'N', 'N' );

	INSERT INTO MAP_APP_PUBLISHER VALUES( 8350, 91 );

	INSERT INTO MAP_APP_TAG VALUES( 8350, 21 );

INSERT INTO APP_TABLE	 VALUES( 8360, 'Strong_Bad''s_Cool_Game_for_Attractive_People:_Episode_3', '', SYSDATE ,32000, '' );

	INSERT INTO MAP_APP_DEVELOPER VALUES( 8360, 91 );

	INSERT INTO MAP_APP_GENRE VALUES( 8360, 3 );

	INSERT INTO MAP_APP_LANG VALUES ( 8360, 2,  'N', 'N', 'N' );

	INSERT INTO MAP_APP_PUBLISHER VALUES( 8360, 91 );

	INSERT INTO MAP_APP_TAG VALUES( 8360, 21 );

INSERT INTO APP_TABLE	 VALUES( 8370, 'Strong_Bad''s_Cool_Game_for_Attractive_People:_Episode_4', '', SYSDATE ,32000, '' );

	INSERT INTO MAP_APP_DEVELOPER VALUES( 8370, 91 );

	INSERT INTO MAP_APP_GENRE VALUES( 8370, 3 );

	INSERT INTO MAP_APP_LANG VALUES ( 8370, 2,  'N', 'N', 'N' );

	INSERT INTO MAP_APP_PUBLISHER VALUES( 8370, 91 );

	INSERT INTO MAP_APP_TAG VALUES( 8370, 21 );

INSERT INTO APP_TABLE	 VALUES( 8380, 'Strong_Bad''s_Cool_Game_for_Attractive_People:_Episode_5', '', SYSDATE ,32000, '' );

	INSERT INTO MAP_APP_DEVELOPER VALUES( 8380, 91 );

	INSERT INTO MAP_APP_GENRE VALUES( 8380, 3 );

	INSERT INTO MAP_APP_LANG VALUES ( 8380, 2,  'N', 'N', 'N' );

	INSERT INTO MAP_APP_PUBLISHER VALUES( 8380, 91 );

	INSERT INTO MAP_APP_TAG VALUES( 8380, 21 );

INSERT INTO APP_TABLE	 VALUES( 8400, 'Geometry_Wars:_Retro_Evolved', 'Geometry Wars: Retro Evolved is a old school style shooter, but remixed for the 21st century with next generation graphics and deep, modern gameplay. Playing is simple: you are a geometric "ship" trapped in a grid world, facing off against waves of deadly wanderers, snakes, and repulsars.', SYSDATE ,4400, '' );
	INSERT INTO MAP_APP_CATEGORY VALUES( 8400, 3 );
	INSERT INTO MAP_APP_CATEGORY VALUES( 8400, 17 );

	INSERT INTO MAP_APP_DEVELOPER VALUES( 8400, 92 );

	INSERT INTO MAP_APP_GENRE VALUES( 8400, 7 );

	INSERT INTO MAP_APP_LANG VALUES ( 8400, 2,  'Y', 'N', 'N' );


	INSERT INTO MAP_APP_TAG VALUES( 8400, 1773 );
	INSERT INTO MAP_APP_TAG VALUES( 8400, 4758 );
	INSERT INTO MAP_APP_TAG VALUES( 8400, 597 );
	INSERT INTO MAP_APP_TAG VALUES( 8400, 4004 );
	INSERT INTO MAP_APP_TAG VALUES( 8400, 4885 );
	INSERT INTO MAP_APP_TAG VALUES( 8400, 4182 );
	INSERT INTO MAP_APP_TAG VALUES( 8400, 3871 );
	INSERT INTO MAP_APP_TAG VALUES( 8400, 4255 );
	INSERT INTO MAP_APP_TAG VALUES( 8400, 492 );
	INSERT INTO MAP_APP_TAG VALUES( 8400, 1774 );
	INSERT INTO MAP_APP_TAG VALUES( 8400, 1693 );
	INSERT INTO MAP_APP_TAG VALUES( 8400, 5547 );
	INSERT INTO MAP_APP_TAG VALUES( 8400, 1714 );
	INSERT INTO MAP_APP_TAG VALUES( 8400, 19 );
	INSERT INTO MAP_APP_TAG VALUES( 8400, 1756 );
	INSERT INTO MAP_APP_TAG VALUES( 8400, 5154 );

INSERT INTO APP_TABLE	 VALUES( 8500, 'EVE_Online', 'EVE Online is a community-driven spaceship MMO where players can play for free, choosing their own path from countless options. Experience space exploration, immense PvP and PvE battles, mining, industry and a thriving player economy in an ever-expanding sandbox.', SYSDATE ,13560, '' );
	INSERT INTO MAP_APP_CATEGORY VALUES( 8500, 1 );
	INSERT INTO MAP_APP_CATEGORY VALUES( 8500, 19 );
	INSERT INTO MAP_APP_CATEGORY VALUES( 8500, 24 );
	INSERT INTO MAP_APP_CATEGORY VALUES( 8500, 16 );
	INSERT INTO MAP_APP_CATEGORY VALUES( 8500, 20 );
	INSERT INTO MAP_APP_CATEGORY VALUES( 8500, 5 );

	INSERT INTO MAP_APP_DEVELOPER VALUES( 8500, 93 );

	INSERT INTO MAP_APP_GENRE VALUES( 8500, 1 );
	INSERT INTO MAP_APP_GENRE VALUES( 8500, 2 );
	INSERT INTO MAP_APP_GENRE VALUES( 8500, 10 );
	INSERT INTO MAP_APP_GENRE VALUES( 8500, 6 );
	INSERT INTO MAP_APP_GENRE VALUES( 8500, 5 );

	INSERT INTO MAP_APP_LANG VALUES ( 8500, 2,  'Y', 'Y', 'N' );
	INSERT INTO MAP_APP_LANG VALUES ( 8500, 9,  'Y', 'Y', 'N' );
	INSERT INTO MAP_APP_LANG VALUES ( 8500, 4,  'Y', 'Y', 'N' );
	INSERT INTO MAP_APP_LANG VALUES ( 8500, 6,  'Y', 'Y', 'N' );

	INSERT INTO MAP_APP_PUBLISHER VALUES( 8500, 93 );

	INSERT INTO MAP_APP_TAG VALUES( 8500, 1755 );
	INSERT INTO MAP_APP_TAG VALUES( 8500, 128 );
	INSERT INTO MAP_APP_TAG VALUES( 8500, 3942 );
	INSERT INTO MAP_APP_TAG VALUES( 8500, 3810 );
	INSERT INTO MAP_APP_TAG VALUES( 8500, 1754 );
	INSERT INTO MAP_APP_TAG VALUES( 8500, 1695 );
	INSERT INTO MAP_APP_TAG VALUES( 8500, 122 );
	INSERT INTO MAP_APP_TAG VALUES( 8500, 1775 );
	INSERT INTO MAP_APP_TAG VALUES( 8500, 3859 );
	INSERT INTO MAP_APP_TAG VALUES( 8500, 9 );
	INSERT INTO MAP_APP_TAG VALUES( 8500, 4695 );
	INSERT INTO MAP_APP_TAG VALUES( 8500, 16598 );
	INSERT INTO MAP_APP_TAG VALUES( 8500, 19 );
	INSERT INTO MAP_APP_TAG VALUES( 8500, 4026 );
	INSERT INTO MAP_APP_TAG VALUES( 8500, 599 );
	INSERT INTO MAP_APP_TAG VALUES( 8500, 113 );
	INSERT INTO MAP_APP_TAG VALUES( 8500, 1708 );
	INSERT INTO MAP_APP_TAG VALUES( 8500, 4845 );
	INSERT INTO MAP_APP_TAG VALUES( 8500, 4166 );
	INSERT INTO MAP_APP_TAG VALUES( 8500, 6730 );

INSERT INTO APP_TABLE	 VALUES( 8600, 'RACE_07', 'UpdateSimBin Studios expands the hit racing game, RACE 07 with the Andy Priaulx Crowne Plaza Raceway free add-on. Free for owners of RACE 07, this add-on features a brand new island track and new cars from triple World Champion Andy Priaulx in his BMW 320si WTCC and Fabrizio Giovanardi in his Vauxhall Vectra VXR.Real Cars, Real Racing...', SYSDATE ,-1, '' );
	INSERT INTO MAP_APP_CATEGORY VALUES( 8600, 3 );
	INSERT INTO MAP_APP_CATEGORY VALUES( 8600, 1 );

	INSERT INTO MAP_APP_DEVELOPER VALUES( 8600, 49 );

	INSERT INTO MAP_APP_GENRE VALUES( 8600, 9 );

	INSERT INTO MAP_APP_LANG VALUES ( 8600, 2,  'Y', 'N', 'N' );
	INSERT INTO MAP_APP_LANG VALUES ( 8600, 3,  'Y', 'N', 'N' );
	INSERT INTO MAP_APP_LANG VALUES ( 8600, 4,  'Y', 'N', 'N' );
	INSERT INTO MAP_APP_LANG VALUES ( 8600, 6,  'Y', 'N', 'N' );
	INSERT INTO MAP_APP_LANG VALUES ( 8600, 7,  'Y', 'N', 'N' );

	INSERT INTO MAP_APP_PUBLISHER VALUES( 8600, 49 );

	INSERT INTO MAP_APP_TAG VALUES( 8600, 699 );
	INSERT INTO MAP_APP_TAG VALUES( 8600, 599 );
	INSERT INTO MAP_APP_TAG VALUES( 8600, 1644 );
	INSERT INTO MAP_APP_TAG VALUES( 8600, 3859 );
	INSERT INTO MAP_APP_TAG VALUES( 8600, 701 );
	INSERT INTO MAP_APP_TAG VALUES( 8600, 4182 );

INSERT INTO APP_TABLE	 VALUES( 41400, 'Doom_Rails', 'Doom Rails is a new casual-style 3D multiplayer cart battle game where you select one of nine characters, and zip around hazardous roller coaster tracks. Blast opponent¡¯s carts to bits using rockets, force fields, pulse waves, and mines. While battling others avoid spiked pendulums, metal fists, and exploding debris.', SYSDATE ,-1, '' );
	INSERT INTO MAP_APP_CATEGORY VALUES( 41400, 3 );
	INSERT INTO MAP_APP_CATEGORY VALUES( 41400, 1 );

	INSERT INTO MAP_APP_DEVELOPER VALUES( 41400, 368 );

	INSERT INTO MAP_APP_GENRE VALUES( 41400, 1 );
	INSERT INTO MAP_APP_GENRE VALUES( 41400, 4 );

	INSERT INTO MAP_APP_LANG VALUES ( 41400, 2,  'Y', 'N', 'N' );

	INSERT INTO MAP_APP_PUBLISHER VALUES( 41400, 368 );

	INSERT INTO MAP_APP_TAG VALUES( 41400, 19 );
	INSERT INTO MAP_APP_TAG VALUES( 41400, 492 );

INSERT INTO APP_TABLE	 VALUES( 41500, 'Torchlight', 'Adventure awaits in the award-winning Action RPG debut from Runic Games! Explore the randomized depths of this boom town, collect loot, and level up to save Torchlight - and possibly the world.', SYSDATE ,16000, '' );
	INSERT INTO MAP_APP_CATEGORY VALUES( 41500, 3 );
	INSERT INTO MAP_APP_CATEGORY VALUES( 41500, 4 );
	INSERT INTO MAP_APP_CATEGORY VALUES( 41500, 8 );
	INSERT INTO MAP_APP_CATEGORY VALUES( 41500, 13 );

	INSERT INTO MAP_APP_DEVELOPER VALUES( 41500, 369 );

	INSERT INTO MAP_APP_GENRE VALUES( 41500, 6 );

	INSERT INTO MAP_APP_LANG VALUES ( 41500, 2,  'Y', 'Y', 'N' );

	INSERT INTO MAP_APP_PUBLISHER VALUES( 41500, 369 );

	INSERT INTO MAP_APP_TAG VALUES( 41500, 122 );
	INSERT INTO MAP_APP_TAG VALUES( 41500, 4231 );
	INSERT INTO MAP_APP_TAG VALUES( 41500, 1646 );
	INSERT INTO MAP_APP_TAG VALUES( 41500, 1720 );
	INSERT INTO MAP_APP_TAG VALUES( 41500, 1684 );
	INSERT INTO MAP_APP_TAG VALUES( 41500, 4182 );
	INSERT INTO MAP_APP_TAG VALUES( 41500, 4236 );
	INSERT INTO MAP_APP_TAG VALUES( 41500, 492 );
	INSERT INTO MAP_APP_TAG VALUES( 41500, 1669 );
	INSERT INTO MAP_APP_TAG VALUES( 41500, 19 );
	INSERT INTO MAP_APP_TAG VALUES( 41500, 21 );
	INSERT INTO MAP_APP_TAG VALUES( 41500, 4562 );
	INSERT INTO MAP_APP_TAG VALUES( 41500, 4057 );
	INSERT INTO MAP_APP_TAG VALUES( 41500, 7208 );
	INSERT INTO MAP_APP_TAG VALUES( 41500, 5851 );
	INSERT INTO MAP_APP_TAG VALUES( 41500, 1777 );
	INSERT INTO MAP_APP_TAG VALUES( 41500, 3834 );
	INSERT INTO MAP_APP_TAG VALUES( 41500, 1685 );

INSERT INTO APP_TABLE	 VALUES( 8790, 'GTR_2_FIA_GT_Racing_Game', 'The Game That Revolutionized the Racing Genre.', SYSDATE ,-1, '' );
	INSERT INTO MAP_APP_CATEGORY VALUES( 8790, 3 );
	INSERT INTO MAP_APP_CATEGORY VALUES( 8790, 1 );

	INSERT INTO MAP_APP_DEVELOPER VALUES( 8790, 94 );

	INSERT INTO MAP_APP_GENRE VALUES( 8790, 9 );
	INSERT INTO MAP_APP_GENRE VALUES( 8790, 8 );
	INSERT INTO MAP_APP_GENRE VALUES( 8790, 11 );

	INSERT INTO MAP_APP_LANG VALUES ( 8790, 2,  'Y', 'Y', 'N' );

	INSERT INTO MAP_APP_PUBLISHER VALUES( 8790, 49 );

	INSERT INTO MAP_APP_TAG VALUES( 8790, 699 );
	INSERT INTO MAP_APP_TAG VALUES( 8790, 599 );
	INSERT INTO MAP_APP_TAG VALUES( 8790, 701 );
	INSERT INTO MAP_APP_TAG VALUES( 8790, 3859 );
	INSERT INTO MAP_APP_TAG VALUES( 8790, 4182 );

INSERT INTO APP_TABLE	 VALUES( 8800, 'Civilization_IV:_Beyond_the_Sword', 'Sid Meier''s Civilization IV¢ç: Beyond the Sword is the second expansion pack for Civilization IV - the 2005 PC Game of the Year that has become a worldwide hit. The expansion focuses on the time periods after the invention of gunpowder and delivers 11 unique and challenging scenarios created by the development team at Firaxis as well as...', SYSDATE ,10500, '' );
	INSERT INTO MAP_APP_CATEGORY VALUES( 8800, 3 );

	INSERT INTO MAP_APP_DEVELOPER VALUES( 8800, 45 );

	INSERT INTO MAP_APP_GENRE VALUES( 8800, 5 );

	INSERT INTO MAP_APP_LANG VALUES ( 8800, 2,  'Y', 'N', 'N' );
	INSERT INTO MAP_APP_LANG VALUES ( 8800, 3,  'Y', 'N', 'N' );
	INSERT INTO MAP_APP_LANG VALUES ( 8800, 4,  'Y', 'N', 'N' );
	INSERT INTO MAP_APP_LANG VALUES ( 8800, 6,  'Y', 'N', 'N' );
	INSERT INTO MAP_APP_LANG VALUES ( 8800, 7,  'Y', 'N', 'N' );


	INSERT INTO MAP_APP_TAG VALUES( 8800, 9 );
	INSERT INTO MAP_APP_TAG VALUES( 8800, 1741 );
	INSERT INTO MAP_APP_TAG VALUES( 8800, 1670 );
	INSERT INTO MAP_APP_TAG VALUES( 8800, 1677 );
	INSERT INTO MAP_APP_TAG VALUES( 8800, 4182 );
	INSERT INTO MAP_APP_TAG VALUES( 8800, 3987 );
	INSERT INTO MAP_APP_TAG VALUES( 8800, 3859 );
	INSERT INTO MAP_APP_TAG VALUES( 8800, 1669 );
	INSERT INTO MAP_APP_TAG VALUES( 8800, 4364 );

INSERT INTO APP_TABLE	 VALUES( 41600, 'Earthworm_Jim_3D', 'Earthworm Jim, spineless superhero, wriggles back into action as the Groovy Guardian of Goodness in an incredible journey of cheese-curdling proportions. Left unconscious by a massive cow-induced blow to the head and clad in his indestructible, high-tech super suit, Earthworm Jim continues the battle for truth, justice and well aerated...', SYSDATE ,21000, '' );
	INSERT INTO MAP_APP_CATEGORY VALUES( 41600, 3 );

	INSERT INTO MAP_APP_DEVELOPER VALUES( 41600, 370 );

	INSERT INTO MAP_APP_GENRE VALUES( 41600, 1 );
	INSERT INTO MAP_APP_GENRE VALUES( 41600, 3 );

	INSERT INTO MAP_APP_LANG VALUES ( 41600, 2,  'Y', 'N', 'N' );

	INSERT INTO MAP_APP_PUBLISHER VALUES( 41600, 338 );

	INSERT INTO MAP_APP_TAG VALUES( 41600, 21 );
	INSERT INTO MAP_APP_TAG VALUES( 41600, 19 );
	INSERT INTO MAP_APP_TAG VALUES( 41600, 1625 );
	INSERT INTO MAP_APP_TAG VALUES( 41600, 5395 );
	INSERT INTO MAP_APP_TAG VALUES( 41600, 1693 );
	INSERT INTO MAP_APP_TAG VALUES( 41600, 4182 );

INSERT INTO APP_TABLE	 VALUES( 8870, 'BioShock_Infinite', 'Indebted to the wrong people, with his life on the line, veteran of the U.S. Cavalry and now hired gun, Booker DeWitt has only one opportunity to wipe his slate clean. He must rescue Elizabeth, a mysterious girl imprisoned since childhood and locked up in the flying city of Columbia.', SYSDATE ,32000, '' );
	INSERT INTO MAP_APP_CATEGORY VALUES( 8870, 3 );
	INSERT INTO MAP_APP_CATEGORY VALUES( 8870, 4 );
	INSERT INTO MAP_APP_CATEGORY VALUES( 8870, 17 );
	INSERT INTO MAP_APP_CATEGORY VALUES( 8870, 5 );
	INSERT INTO MAP_APP_CATEGORY VALUES( 8870, 8 );

	INSERT INTO MAP_APP_DEVELOPER VALUES( 8870, 95 );
	INSERT INTO MAP_APP_DEVELOPER VALUES( 8870, 24 );
	INSERT INTO MAP_APP_DEVELOPER VALUES( 8870, 96 );

	INSERT INTO MAP_APP_GENRE VALUES( 8870, 1 );

	INSERT INTO MAP_APP_LANG VALUES ( 8870, 2,  'Y', 'Y', 'Y' );
	INSERT INTO MAP_APP_LANG VALUES ( 8870, 20,  'Y', 'N', 'Y' );
	INSERT INTO MAP_APP_LANG VALUES ( 8870, 3,  'Y', 'Y', 'Y' );
	INSERT INTO MAP_APP_LANG VALUES ( 8870, 4,  'Y', 'Y', 'Y' );
	INSERT INTO MAP_APP_LANG VALUES ( 8870, 10,  'Y', 'N', 'Y' );
	INSERT INTO MAP_APP_LANG VALUES ( 8870, 9,  'Y', 'N', 'Y' );
	INSERT INTO MAP_APP_LANG VALUES ( 8870, 5,  'Y', 'N', 'Y' );
	INSERT INTO MAP_APP_LANG VALUES ( 8870, 6,  'Y', 'Y', 'Y' );
	INSERT INTO MAP_APP_LANG VALUES ( 8870, 7,  'Y', 'Y', 'Y' );
	INSERT INTO MAP_APP_LANG VALUES ( 8870, 11,  'Y', 'Y', 'Y' );
	INSERT INTO MAP_APP_LANG VALUES ( 8870, 8,  'Y', 'N', 'Y' );

	INSERT INTO MAP_APP_PUBLISHER VALUES( 8870, 24 );

	INSERT INTO MAP_APP_TAG VALUES( 8870, 1663 );
	INSERT INTO MAP_APP_TAG VALUES( 8870, 19 );
	INSERT INTO MAP_APP_TAG VALUES( 8870, 1742 );
	INSERT INTO MAP_APP_TAG VALUES( 8870, 4182 );
	INSERT INTO MAP_APP_TAG VALUES( 8870, 1777 );
	INSERT INTO MAP_APP_TAG VALUES( 8870, 4166 );
	INSERT INTO MAP_APP_TAG VALUES( 8870, 1774 );
	INSERT INTO MAP_APP_TAG VALUES( 8870, 3839 );
	INSERT INTO MAP_APP_TAG VALUES( 8870, 4598 );
	INSERT INTO MAP_APP_TAG VALUES( 8870, 21 );
	INSERT INTO MAP_APP_TAG VALUES( 8870, 1756 );
	INSERT INTO MAP_APP_TAG VALUES( 8870, 3942 );
	INSERT INTO MAP_APP_TAG VALUES( 8870, 10679 );
	INSERT INTO MAP_APP_TAG VALUES( 8870, 1684 );
	INSERT INTO MAP_APP_TAG VALUES( 8870, 7250 );
	INSERT INTO MAP_APP_TAG VALUES( 8870, 4345 );
	INSERT INTO MAP_APP_TAG VALUES( 8870, 122 );
	INSERT INTO MAP_APP_TAG VALUES( 8870, 4853 );
	INSERT INTO MAP_APP_TAG VALUES( 8870, 7481 );

INSERT INTO APP_TABLE	 VALUES( 41660, 'Tommy_Tronic', 'Tommy Tronic - an old-skool platformer that isn''t trying to be anything else! Jumping, shooting, dodging and exploring is all that''s required to help get Tommy to his destination and free his tiny puppy from the clutches of an insane genius school-kid and his brutal sidekick ''Biffa''.', SYSDATE ,10500, '' );
	INSERT INTO MAP_APP_CATEGORY VALUES( 41660, 3 );

	INSERT INTO MAP_APP_DEVELOPER VALUES( 41660, 371 );

	INSERT INTO MAP_APP_GENRE VALUES( 41660, 1 );
	INSERT INTO MAP_APP_GENRE VALUES( 41660, 3 );
	INSERT INTO MAP_APP_GENRE VALUES( 41660, 4 );

	INSERT INTO MAP_APP_LANG VALUES ( 41660, 2,  'Y', 'N', 'N' );
	INSERT INTO MAP_APP_LANG VALUES ( 41660, 4,  'Y', 'N', 'N' );
	INSERT INTO MAP_APP_LANG VALUES ( 41660, 7,  'Y', 'N', 'N' );
	INSERT INTO MAP_APP_LANG VALUES ( 41660, 6,  'Y', 'N', 'N' );

	INSERT INTO MAP_APP_PUBLISHER VALUES( 41660, 338 );

	INSERT INTO MAP_APP_TAG VALUES( 41660, 19 );
	INSERT INTO MAP_APP_TAG VALUES( 41660, 21 );
	INSERT INTO MAP_APP_TAG VALUES( 41660, 492 );

INSERT INTO APP_TABLE	 VALUES( 41680, 'Death_and_the_Fly', 'Players will control two very different characters, Death and the Fly. Each character has special skills that must be used to navigate the many traps and puzzles contained in each level. With many interesting ways to die and numerous opponents to face, the player will be challenged and entertained for hours.', SYSDATE ,10500, '' );
	INSERT INTO MAP_APP_CATEGORY VALUES( 41680, 3 );

	INSERT INTO MAP_APP_DEVELOPER VALUES( 41680, 372 );

	INSERT INTO MAP_APP_GENRE VALUES( 41680, 4 );

	INSERT INTO MAP_APP_LANG VALUES ( 41680, 2,  'Y', 'N', 'N' );

	INSERT INTO MAP_APP_PUBLISHER VALUES( 41680, 338 );

	INSERT INTO MAP_APP_TAG VALUES( 41680, 492 );

INSERT INTO APP_TABLE	 VALUES( 8930, 'Sid_Meier''s_Civilization¢ç_V', 'Create, discover, and download new player-created maps, scenarios, interfaces, and more!', SYSDATE ,32000, '' );
	INSERT INTO MAP_APP_CATEGORY VALUES( 8930, 3 );
	INSERT INTO MAP_APP_CATEGORY VALUES( 8930, 1 );
	INSERT INTO MAP_APP_CATEGORY VALUES( 8930, 4 );
	INSERT INTO MAP_APP_CATEGORY VALUES( 8930, 5 );
	INSERT INTO MAP_APP_CATEGORY VALUES( 8930, 8 );

	INSERT INTO MAP_APP_DEVELOPER VALUES( 8930, 45 );
	INSERT INTO MAP_APP_DEVELOPER VALUES( 8930, 97 );

	INSERT INTO MAP_APP_GENRE VALUES( 8930, 5 );

	INSERT INTO MAP_APP_LANG VALUES ( 8930, 2,  'Y', 'Y', 'Y' );
	INSERT INTO MAP_APP_LANG VALUES ( 8930, 3,  'Y', 'Y', 'Y' );
	INSERT INTO MAP_APP_LANG VALUES ( 8930, 4,  'Y', 'Y', 'Y' );
	INSERT INTO MAP_APP_LANG VALUES ( 8930, 10,  'Y', 'N', 'Y' );
	INSERT INTO MAP_APP_LANG VALUES ( 8930, 9,  'Y', 'N', 'Y' );
	INSERT INTO MAP_APP_LANG VALUES ( 8930, 5,  'Y', 'N', 'Y' );
	INSERT INTO MAP_APP_LANG VALUES ( 8930, 6,  'Y', 'Y', 'Y' );
	INSERT INTO MAP_APP_LANG VALUES ( 8930, 7,  'Y', 'Y', 'Y' );
	INSERT INTO MAP_APP_LANG VALUES ( 8930, 11,  'Y', 'N', 'Y' );
	INSERT INTO MAP_APP_LANG VALUES ( 8930, 8,  'Y', 'N', 'Y' );

	INSERT INTO MAP_APP_PUBLISHER VALUES( 8930, 97 );

	INSERT INTO MAP_APP_TAG VALUES( 8930, 1741 );
	INSERT INTO MAP_APP_TAG VALUES( 8930, 9 );
	INSERT INTO MAP_APP_TAG VALUES( 8930, 1677 );
	INSERT INTO MAP_APP_TAG VALUES( 8930, 3859 );
	INSERT INTO MAP_APP_TAG VALUES( 8930, 3987 );
	INSERT INTO MAP_APP_TAG VALUES( 8930, 1670 );
	INSERT INTO MAP_APP_TAG VALUES( 8930, 4182 );
	INSERT INTO MAP_APP_TAG VALUES( 8930, 1717 );
	INSERT INTO MAP_APP_TAG VALUES( 8930, 4364 );
	INSERT INTO MAP_APP_TAG VALUES( 8930, 4711 );
	INSERT INTO MAP_APP_TAG VALUES( 8930, 1685 );
	INSERT INTO MAP_APP_TAG VALUES( 8930, 1708 );
	INSERT INTO MAP_APP_TAG VALUES( 8930, 4695 );
	INSERT INTO MAP_APP_TAG VALUES( 8930, 1669 );
	INSERT INTO MAP_APP_TAG VALUES( 8930, 6310 );
	INSERT INTO MAP_APP_TAG VALUES( 8930, 599 );
	INSERT INTO MAP_APP_TAG VALUES( 8930, 1756 );
	INSERT INTO MAP_APP_TAG VALUES( 8930, 1693 );
	INSERT INTO MAP_APP_TAG VALUES( 8930, 25085 );
	INSERT INTO MAP_APP_TAG VALUES( 8930, 1036 );

INSERT INTO APP_TABLE	 VALUES( 41700, 'S.T.A.L.K.E.R.:_Call_of_Pripyat', 'With over 2 million copies sold, the new episode of the most internationally successful S.T.A.L.K.E.R. series seamlessly connects to the first part of the Shadow of Chernobyl. S.T.A.L.K.E.R.: Call of Pripyat takes PC gamers once again into the vicinity of the Chernobyl nuclear reactor that exploded in 1986.', SYSDATE ,21000, '' );
	INSERT INTO MAP_APP_CATEGORY VALUES( 41700, 3 );
	INSERT INTO MAP_APP_CATEGORY VALUES( 41700, 1 );

	INSERT INTO MAP_APP_DEVELOPER VALUES( 41700, 52 );

	INSERT INTO MAP_APP_GENRE VALUES( 41700, 1 );
	INSERT INTO MAP_APP_GENRE VALUES( 41700, 6 );

	INSERT INTO MAP_APP_LANG VALUES ( 41700, 2,  'Y', 'N', 'N' );
	INSERT INTO MAP_APP_LANG VALUES ( 41700, 3,  'Y', 'N', 'N' );
	INSERT INTO MAP_APP_LANG VALUES ( 41700, 4,  'Y', 'N', 'N' );
	INSERT INTO MAP_APP_LANG VALUES ( 41700, 9,  'Y', 'N', 'N' );
	INSERT INTO MAP_APP_LANG VALUES ( 41700, 6,  'Y', 'N', 'N' );
	INSERT INTO MAP_APP_LANG VALUES ( 41700, 7,  'Y', 'N', 'N' );

	INSERT INTO MAP_APP_PUBLISHER VALUES( 41700, 52 );

	INSERT INTO MAP_APP_TAG VALUES( 41700, 4166 );
	INSERT INTO MAP_APP_TAG VALUES( 41700, 1695 );
	INSERT INTO MAP_APP_TAG VALUES( 41700, 3835 );
	INSERT INTO MAP_APP_TAG VALUES( 41700, 1663 );
	INSERT INTO MAP_APP_TAG VALUES( 41700, 1662 );
	INSERT INTO MAP_APP_TAG VALUES( 41700, 19 );
	INSERT INTO MAP_APP_TAG VALUES( 41700, 4182 );
	INSERT INTO MAP_APP_TAG VALUES( 41700, 122 );
	INSERT INTO MAP_APP_TAG VALUES( 41700, 3978 );
	INSERT INTO MAP_APP_TAG VALUES( 41700, 1774 );
	INSERT INTO MAP_APP_TAG VALUES( 41700, 1669 );
	INSERT INTO MAP_APP_TAG VALUES( 41700, 3839 );
	INSERT INTO MAP_APP_TAG VALUES( 41700, 1667 );
	INSERT INTO MAP_APP_TAG VALUES( 41700, 1659 );
	INSERT INTO MAP_APP_TAG VALUES( 41700, 3942 );
	INSERT INTO MAP_APP_TAG VALUES( 41700, 1693 );
	INSERT INTO MAP_APP_TAG VALUES( 41700, 21 );
	INSERT INTO MAP_APP_TAG VALUES( 41700, 3859 );
	INSERT INTO MAP_APP_TAG VALUES( 41700, 3810 );
	INSERT INTO MAP_APP_TAG VALUES( 41700, 4231 );

INSERT INTO APP_TABLE	 VALUES( 8970, 'Axel_&_Pixel', 'Axel and Pixel are trapped in a beautiful but dangerous dream world. If they plan to get out they must solve its mysteries. Drawn by hand and rendered in full high-definition, Axel & Pixel is a unique journey through an artist''s dream.', SYSDATE ,5500, '' );
	INSERT INTO MAP_APP_CATEGORY VALUES( 8970, 3 );
	INSERT INTO MAP_APP_CATEGORY VALUES( 8970, 4 );

	INSERT INTO MAP_APP_DEVELOPER VALUES( 8970, 98 );

	INSERT INTO MAP_APP_GENRE VALUES( 8970, 4 );

	INSERT INTO MAP_APP_LANG VALUES ( 8970, 2,  'Y', 'N', 'N' );
	INSERT INTO MAP_APP_LANG VALUES ( 8970, 3,  'Y', 'N', 'N' );
	INSERT INTO MAP_APP_LANG VALUES ( 8970, 4,  'Y', 'N', 'N' );
	INSERT INTO MAP_APP_LANG VALUES ( 8970, 6,  'Y', 'N', 'N' );
	INSERT INTO MAP_APP_LANG VALUES ( 8970, 7,  'Y', 'N', 'N' );


	INSERT INTO MAP_APP_TAG VALUES( 8970, 492 );
	INSERT INTO MAP_APP_TAG VALUES( 8970, 1698 );

INSERT INTO APP_TABLE	 VALUES( 41740, 'Cargo!_The_Quest_for_Gravity', 'Create crazy, yet functional, custom vehicles to solve missions with your own unique style!', SYSDATE ,10500, '' );
	INSERT INTO MAP_APP_CATEGORY VALUES( 41740, 3 );
	INSERT INTO MAP_APP_CATEGORY VALUES( 41740, 4 );
	INSERT INTO MAP_APP_CATEGORY VALUES( 41740, 18 );

	INSERT INTO MAP_APP_DEVELOPER VALUES( 41740, 373 );

	INSERT INTO MAP_APP_GENRE VALUES( 41740, 1 );
	INSERT INTO MAP_APP_GENRE VALUES( 41740, 3 );
	INSERT INTO MAP_APP_GENRE VALUES( 41740, 8 );

	INSERT INTO MAP_APP_LANG VALUES ( 41740, 2,  'Y', 'Y', 'N' );
	INSERT INTO MAP_APP_LANG VALUES ( 41740, 3,  'Y', 'N', 'Y' );
	INSERT INTO MAP_APP_LANG VALUES ( 41740, 4,  'Y', 'N', 'N' );
	INSERT INTO MAP_APP_LANG VALUES ( 41740, 9,  'Y', 'Y', 'N' );
	INSERT INTO MAP_APP_LANG VALUES ( 41740, 10,  'Y', 'N', 'Y' );
	INSERT INTO MAP_APP_LANG VALUES ( 41740, 6,  'Y', 'Y', 'N' );
	INSERT INTO MAP_APP_LANG VALUES ( 41740, 7,  'Y', 'N', 'Y' );

	INSERT INTO MAP_APP_PUBLISHER VALUES( 41740, 458 );
	INSERT INTO MAP_APP_PUBLISHER VALUES( 41740, 373 );

	INSERT INTO MAP_APP_TAG VALUES( 41740, 21 );
	INSERT INTO MAP_APP_TAG VALUES( 41740, 19 );
	INSERT INTO MAP_APP_TAG VALUES( 41740, 3968 );
	INSERT INTO MAP_APP_TAG VALUES( 41740, 3810 );
	INSERT INTO MAP_APP_TAG VALUES( 41740, 599 );
	INSERT INTO MAP_APP_TAG VALUES( 41740, 1710 );
	INSERT INTO MAP_APP_TAG VALUES( 41740, 7208 );
	INSERT INTO MAP_APP_TAG VALUES( 41740, 4182 );

INSERT INTO APP_TABLE	 VALUES( 8980, 'Borderlands', '', SYSDATE ,-1, '' );






INSERT INTO APP_TABLE	 VALUES( 9000, 'Spear_of_Destiny', 'It''s World War II and you are B.J. Blazkowicz, the Allies'' most valuable agent. In the midst of the German Blitzkrieg, the Spear that pierced the side of Christ is taken from Versailles by the Nazis and secured in the impregnable Castle Wolfenstein. According to legend, no man can be defeated when he has the Spear.', SYSDATE ,3450, '' );
	INSERT INTO MAP_APP_CATEGORY VALUES( 9000, 3 );
	INSERT INTO MAP_APP_CATEGORY VALUES( 9000, 8 );

	INSERT INTO MAP_APP_DEVELOPER VALUES( 9000, 12 );

	INSERT INTO MAP_APP_GENRE VALUES( 9000, 1 );

	INSERT INTO MAP_APP_LANG VALUES ( 9000, 2,  'Y', 'N', 'N' );

	INSERT INTO MAP_APP_PUBLISHER VALUES( 9000, 12 );

	INSERT INTO MAP_APP_TAG VALUES( 9000, 19 );
	INSERT INTO MAP_APP_TAG VALUES( 9000, 1663 );
	INSERT INTO MAP_APP_TAG VALUES( 9000, 1693 );
	INSERT INTO MAP_APP_TAG VALUES( 9000, 4150 );
	INSERT INTO MAP_APP_TAG VALUES( 9000, 4004 );
	INSERT INTO MAP_APP_TAG VALUES( 9000, 1774 );
	INSERT INTO MAP_APP_TAG VALUES( 9000, 4182 );
	INSERT INTO MAP_APP_TAG VALUES( 9000, 6691 );

INSERT INTO APP_TABLE	 VALUES( 9010, 'Return_to_Castle_Wolfenstein', 'World War II rages and nations fall. SS head Himmler has Hitler''s full backing to twist science and the occult into an army capable of annihilating the Allies once and for all. Battling alone, you''re on an intense mission to pierce the black heart of the Third Reich and stop Himmler -- or die trying.', SYSDATE ,5760, '' );
	INSERT INTO MAP_APP_CATEGORY VALUES( 9010, 3 );
	INSERT INTO MAP_APP_CATEGORY VALUES( 9010, 1 );
	INSERT INTO MAP_APP_CATEGORY VALUES( 9010, 8 );

	INSERT INTO MAP_APP_DEVELOPER VALUES( 9010, 25 );

	INSERT INTO MAP_APP_GENRE VALUES( 9010, 1 );

	INSERT INTO MAP_APP_LANG VALUES ( 9010, 2,  'Y', 'N', 'N' );

	INSERT INTO MAP_APP_PUBLISHER VALUES( 9010, 12 );

	INSERT INTO MAP_APP_TAG VALUES( 9010, 1663 );
	INSERT INTO MAP_APP_TAG VALUES( 9010, 19 );
	INSERT INTO MAP_APP_TAG VALUES( 9010, 1693 );
	INSERT INTO MAP_APP_TAG VALUES( 9010, 4150 );
	INSERT INTO MAP_APP_TAG VALUES( 9010, 10808 );
	INSERT INTO MAP_APP_TAG VALUES( 9010, 4598 );
	INSERT INTO MAP_APP_TAG VALUES( 9010, 4182 );
	INSERT INTO MAP_APP_TAG VALUES( 9010, 1774 );
	INSERT INTO MAP_APP_TAG VALUES( 9010, 3839 );
	INSERT INTO MAP_APP_TAG VALUES( 9010, 4166 );
	INSERT INTO MAP_APP_TAG VALUES( 9010, 3859 );
	INSERT INTO MAP_APP_TAG VALUES( 9010, 1667 );
	INSERT INTO MAP_APP_TAG VALUES( 9010, 4345 );
	INSERT INTO MAP_APP_TAG VALUES( 9010, 3942 );
	INSERT INTO MAP_APP_TAG VALUES( 9010, 1687 );
	INSERT INTO MAP_APP_TAG VALUES( 9010, 1659 );
	INSERT INTO MAP_APP_TAG VALUES( 9010, 21 );
	INSERT INTO MAP_APP_TAG VALUES( 9010, 1756 );
	INSERT INTO MAP_APP_TAG VALUES( 9010, 4004 );

INSERT INTO APP_TABLE	 VALUES( 9030, 'QUAKE_Mission_Pack_2:_Dissolution_of_Eternity', 'TWO NEW EPISODES. SIXTEEN NEW LEVELS. ONE WAY OUT. Your journey has led you down a path of no return. The acrid smell of death fills the air. And you know the road ahead may lead to your grave. But Quake, with his insidious, apocalyptic plans, must be crushed. If you fail, evil will shroud the universe for all eternity.', SYSDATE ,3450, '' );
	INSERT INTO MAP_APP_CATEGORY VALUES( 9030, 3 );
	INSERT INTO MAP_APP_CATEGORY VALUES( 9030, 1 );
	INSERT INTO MAP_APP_CATEGORY VALUES( 9030, 8 );

	INSERT INTO MAP_APP_DEVELOPER VALUES( 9030, 15 );

	INSERT INTO MAP_APP_GENRE VALUES( 9030, 1 );

	INSERT INTO MAP_APP_LANG VALUES ( 9030, 2,  'Y', 'N', 'N' );

	INSERT INTO MAP_APP_PUBLISHER VALUES( 9030, 12 );

	INSERT INTO MAP_APP_TAG VALUES( 9030, 19 );
	INSERT INTO MAP_APP_TAG VALUES( 9030, 1663 );
	INSERT INTO MAP_APP_TAG VALUES( 9030, 1774 );
	INSERT INTO MAP_APP_TAG VALUES( 9030, 1693 );
	INSERT INTO MAP_APP_TAG VALUES( 9030, 3839 );

INSERT INTO APP_TABLE	 VALUES( 41800, 'Gratuitous_Space_Battles', 'Who needs backstory? Who needs resource-gathering? Diplomacy is so last year. Gratuitous Space Battles cuts right to the chase of sci-fi strategy games, and deals with large, completely unjustified space battles between huge opposing space fleets.', SYSDATE ,15500, '' );
	INSERT INTO MAP_APP_CATEGORY VALUES( 41800, 3 );
	INSERT INTO MAP_APP_CATEGORY VALUES( 41800, 1 );
	INSERT INTO MAP_APP_CATEGORY VALUES( 41800, 5 );

	INSERT INTO MAP_APP_DEVELOPER VALUES( 41800, 374 );

	INSERT INTO MAP_APP_GENRE VALUES( 41800, 4 );
	INSERT INTO MAP_APP_GENRE VALUES( 41800, 8 );
	INSERT INTO MAP_APP_GENRE VALUES( 41800, 5 );

	INSERT INTO MAP_APP_LANG VALUES ( 41800, 2,  'Y', 'N', 'N' );

	INSERT INTO MAP_APP_PUBLISHER VALUES( 41800, 374 );

	INSERT INTO MAP_APP_TAG VALUES( 41800, 9 );
	INSERT INTO MAP_APP_TAG VALUES( 41800, 492 );
	INSERT INTO MAP_APP_TAG VALUES( 41800, 599 );
	INSERT INTO MAP_APP_TAG VALUES( 41800, 3942 );
	INSERT INTO MAP_APP_TAG VALUES( 41800, 1755 );
	INSERT INTO MAP_APP_TAG VALUES( 41800, 3871 );
	INSERT INTO MAP_APP_TAG VALUES( 41800, 3810 );
	INSERT INTO MAP_APP_TAG VALUES( 41800, 4182 );
	INSERT INTO MAP_APP_TAG VALUES( 41800, 1643 );
	INSERT INTO MAP_APP_TAG VALUES( 41800, 1669 );
	INSERT INTO MAP_APP_TAG VALUES( 41800, 3859 );

INSERT INTO APP_TABLE	 VALUES( 9040, 'QUAKE_Mission_Pack_1:_Scourge_of_Armagon', 'After defeating Shub-Niggurath, you arrive back at your home base on Earth, but it''s not all blue skies and butterflies. Apparently, not all QUAKE forces have been subdued. Chaos ensues as you blast your way through the QUAKE minions and toward the infested gateway. Your only choice is to find the source of evil and shut it down.', SYSDATE ,3450, '' );
	INSERT INTO MAP_APP_CATEGORY VALUES( 9040, 3 );
	INSERT INTO MAP_APP_CATEGORY VALUES( 9040, 1 );
	INSERT INTO MAP_APP_CATEGORY VALUES( 9040, 8 );

	INSERT INTO MAP_APP_DEVELOPER VALUES( 9040, 5 );

	INSERT INTO MAP_APP_GENRE VALUES( 9040, 1 );

	INSERT INTO MAP_APP_LANG VALUES ( 9040, 2,  'Y', 'N', 'N' );

	INSERT INTO MAP_APP_PUBLISHER VALUES( 9040, 12 );

	INSERT INTO MAP_APP_TAG VALUES( 9040, 19 );
	INSERT INTO MAP_APP_TAG VALUES( 9040, 1663 );
	INSERT INTO MAP_APP_TAG VALUES( 9040, 1693 );
	INSERT INTO MAP_APP_TAG VALUES( 9040, 1774 );
	INSERT INTO MAP_APP_TAG VALUES( 9040, 3839 );
	INSERT INTO MAP_APP_TAG VALUES( 9040, 1667 );

INSERT INTO APP_TABLE	 VALUES( 9050, 'DOOM_3', 'A massive demonic invasion has overwhelmed the Union Aerospace Corporation''s (UAC) Mars Research Facility, leaving only chaos and horror in its wake. As one of only a few survivors, you must fight your way to hell and back against a horde of evil monsters.', SYSDATE ,5760, '' );
	INSERT INTO MAP_APP_CATEGORY VALUES( 9050, 3 );
	INSERT INTO MAP_APP_CATEGORY VALUES( 9050, 1 );
	INSERT INTO MAP_APP_CATEGORY VALUES( 9050, 8 );

	INSERT INTO MAP_APP_DEVELOPER VALUES( 9050, 12 );

	INSERT INTO MAP_APP_GENRE VALUES( 9050, 1 );

	INSERT INTO MAP_APP_LANG VALUES ( 9050, 2,  'Y', 'N', 'N' );
	INSERT INTO MAP_APP_LANG VALUES ( 9050, 3,  'Y', 'N', 'N' );
	INSERT INTO MAP_APP_LANG VALUES ( 9050, 4,  'Y', 'N', 'N' );
	INSERT INTO MAP_APP_LANG VALUES ( 9050, 6,  'Y', 'N', 'N' );
	INSERT INTO MAP_APP_LANG VALUES ( 9050, 7,  'Y', 'N', 'N' );

	INSERT INTO MAP_APP_PUBLISHER VALUES( 9050, 12 );

	INSERT INTO MAP_APP_TAG VALUES( 9050, 1667 );
	INSERT INTO MAP_APP_TAG VALUES( 9050, 1663 );
	INSERT INTO MAP_APP_TAG VALUES( 9050, 19 );
	INSERT INTO MAP_APP_TAG VALUES( 9050, 3942 );
	INSERT INTO MAP_APP_TAG VALUES( 9050, 4342 );
	INSERT INTO MAP_APP_TAG VALUES( 9050, 3839 );
	INSERT INTO MAP_APP_TAG VALUES( 9050, 1693 );
	INSERT INTO MAP_APP_TAG VALUES( 9050, 1774 );
	INSERT INTO MAP_APP_TAG VALUES( 9050, 4182 );
	INSERT INTO MAP_APP_TAG VALUES( 9050, 4166 );
	INSERT INTO MAP_APP_TAG VALUES( 9050, 9541 );
	INSERT INTO MAP_APP_TAG VALUES( 9050, 4345 );
	INSERT INTO MAP_APP_TAG VALUES( 9050, 1659 );
	INSERT INTO MAP_APP_TAG VALUES( 9050, 3978 );
	INSERT INTO MAP_APP_TAG VALUES( 9050, 4295 );
	INSERT INTO MAP_APP_TAG VALUES( 9050, 6702 );
	INSERT INTO MAP_APP_TAG VALUES( 9050, 1669 );
	INSERT INTO MAP_APP_TAG VALUES( 9050, 3859 );
	INSERT INTO MAP_APP_TAG VALUES( 9050, 1685 );
	INSERT INTO MAP_APP_TAG VALUES( 9050, 21 );

INSERT INTO APP_TABLE	 VALUES( 9060, 'HeXen_II', 'The Four Horsemen of the Apocalypse lurk in the shadows before you. They are Death, Pestilence, Famine, and War. They are the root of all that is evil. They are the least of your worries. The last know Serpent Rider, Eidolon, lives.', SYSDATE ,5500, '' );
	INSERT INTO MAP_APP_CATEGORY VALUES( 9060, 3 );
	INSERT INTO MAP_APP_CATEGORY VALUES( 9060, 1 );
	INSERT INTO MAP_APP_CATEGORY VALUES( 9060, 16 );
	INSERT INTO MAP_APP_CATEGORY VALUES( 9060, 8 );

	INSERT INTO MAP_APP_DEVELOPER VALUES( 9060, 16 );

	INSERT INTO MAP_APP_GENRE VALUES( 9060, 1 );

	INSERT INTO MAP_APP_LANG VALUES ( 9060, 2,  'Y', 'N', 'N' );

	INSERT INTO MAP_APP_PUBLISHER VALUES( 9060, 12 );

	INSERT INTO MAP_APP_TAG VALUES( 9060, 19 );
	INSERT INTO MAP_APP_TAG VALUES( 9060, 1663 );
	INSERT INTO MAP_APP_TAG VALUES( 9060, 1693 );
	INSERT INTO MAP_APP_TAG VALUES( 9060, 1684 );
	INSERT INTO MAP_APP_TAG VALUES( 9060, 3952 );
	INSERT INTO MAP_APP_TAG VALUES( 9060, 3839 );
	INSERT INTO MAP_APP_TAG VALUES( 9060, 4604 );
	INSERT INTO MAP_APP_TAG VALUES( 9060, 1774 );
	INSERT INTO MAP_APP_TAG VALUES( 9060, 4182 );
	INSERT INTO MAP_APP_TAG VALUES( 9060, 4004 );
	INSERT INTO MAP_APP_TAG VALUES( 9060, 6691 );
	INSERT INTO MAP_APP_TAG VALUES( 9060, 122 );

INSERT INTO APP_TABLE	 VALUES( 41900, 'The_Bard''s_Tale', 'You are the Bard, a selfish rogue weary of pointless sub-quests and rat-infested cellars. Now includes original classic games The Bard¡¯s Tale 1, 2 & 3!', SYSDATE ,10500, '' );
	INSERT INTO MAP_APP_CATEGORY VALUES( 41900, 3 );
	INSERT INTO MAP_APP_CATEGORY VALUES( 41900, 4 );
	INSERT INTO MAP_APP_CATEGORY VALUES( 41900, 5 );
	INSERT INTO MAP_APP_CATEGORY VALUES( 41900, 7 );

	INSERT INTO MAP_APP_DEVELOPER VALUES( 41900, 233 );

	INSERT INTO MAP_APP_GENRE VALUES( 41900, 1 );
	INSERT INTO MAP_APP_GENRE VALUES( 41900, 3 );
	INSERT INTO MAP_APP_GENRE VALUES( 41900, 6 );

	INSERT INTO MAP_APP_LANG VALUES ( 41900, 2,  'Y', 'Y', 'Y' );
	INSERT INTO MAP_APP_LANG VALUES ( 41900, 3,  'Y', 'N', 'Y' );
	INSERT INTO MAP_APP_LANG VALUES ( 41900, 4,  'Y', 'N', 'Y' );
	INSERT INTO MAP_APP_LANG VALUES ( 41900, 10,  'Y', 'N', 'Y' );
	INSERT INTO MAP_APP_LANG VALUES ( 41900, 9,  'Y', 'N', 'Y' );
	INSERT INTO MAP_APP_LANG VALUES ( 41900, 6,  'Y', 'Y', 'Y' );
	INSERT INTO MAP_APP_LANG VALUES ( 41900, 7,  'Y', 'N', 'Y' );

	INSERT INTO MAP_APP_PUBLISHER VALUES( 41900, 233 );

	INSERT INTO MAP_APP_TAG VALUES( 41900, 122 );
	INSERT INTO MAP_APP_TAG VALUES( 41900, 21 );
	INSERT INTO MAP_APP_TAG VALUES( 41900, 1719 );
	INSERT INTO MAP_APP_TAG VALUES( 41900, 19 );
	INSERT INTO MAP_APP_TAG VALUES( 41900, 1684 );
	INSERT INTO MAP_APP_TAG VALUES( 41900, 4136 );
	INSERT INTO MAP_APP_TAG VALUES( 41900, 4231 );
	INSERT INTO MAP_APP_TAG VALUES( 41900, 1693 );
	INSERT INTO MAP_APP_TAG VALUES( 41900, 4182 );
	INSERT INTO MAP_APP_TAG VALUES( 41900, 1646 );

INSERT INTO APP_TABLE	 VALUES( 9160, 'Master_Levels_for_Doom_II', 'Introducing the Master Levels for DOOM II. Twenty never-before-seen levels all with the same acid drenched, hell spawned horror of the originals. Each was created by independent designers and supervised by the demented minds of id Software. You might as well forget about seeing the light of day ever again.', SYSDATE ,16000, '' );
	INSERT INTO MAP_APP_CATEGORY VALUES( 9160, 3 );
	INSERT INTO MAP_APP_CATEGORY VALUES( 9160, 8 );

	INSERT INTO MAP_APP_DEVELOPER VALUES( 9160, 12 );

	INSERT INTO MAP_APP_GENRE VALUES( 9160, 1 );

	INSERT INTO MAP_APP_LANG VALUES ( 9160, 2,  'Y', 'N', 'N' );

	INSERT INTO MAP_APP_PUBLISHER VALUES( 9160, 12 );

	INSERT INTO MAP_APP_TAG VALUES( 9160, 19 );
	INSERT INTO MAP_APP_TAG VALUES( 9160, 1663 );
	INSERT INTO MAP_APP_TAG VALUES( 9160, 1693 );
	INSERT INTO MAP_APP_TAG VALUES( 9160, 1774 );
	INSERT INTO MAP_APP_TAG VALUES( 9160, 3839 );
	INSERT INTO MAP_APP_TAG VALUES( 9160, 4004 );
	INSERT INTO MAP_APP_TAG VALUES( 9160, 3942 );
	INSERT INTO MAP_APP_TAG VALUES( 9160, 4182 );
	INSERT INTO MAP_APP_TAG VALUES( 9160, 6691 );
	INSERT INTO MAP_APP_TAG VALUES( 9160, 4345 );
	INSERT INTO MAP_APP_TAG VALUES( 9160, 1659 );
	INSERT INTO MAP_APP_TAG VALUES( 9160, 9541 );
	INSERT INTO MAP_APP_TAG VALUES( 9160, 1669 );
	INSERT INTO MAP_APP_TAG VALUES( 9160, 1756 );
	INSERT INTO MAP_APP_TAG VALUES( 9160, 1667 );
	INSERT INTO MAP_APP_TAG VALUES( 9160, 4026 );

INSERT INTO APP_TABLE	 VALUES( 9180, 'Commander_Keen', 'Commander Keen: Invasion of the Vorticons: Episode 1: Marooned on Mars (Dec. 14th 1990) Episode 2: The Earth Explodes (1991) Episode 3: Keen Must Die! (1991) Commander Keen''s very first adventure, and the debut of id''s groundbreaking side-scrolling technology.', SYSDATE ,5500, '' );
	INSERT INTO MAP_APP_CATEGORY VALUES( 9180, 3 );
	INSERT INTO MAP_APP_CATEGORY VALUES( 9180, 8 );

	INSERT INTO MAP_APP_DEVELOPER VALUES( 9180, 12 );

	INSERT INTO MAP_APP_GENRE VALUES( 9180, 1 );

	INSERT INTO MAP_APP_LANG VALUES ( 9180, 2,  'Y', 'N', 'N' );

	INSERT INTO MAP_APP_PUBLISHER VALUES( 9180, 12 );

	INSERT INTO MAP_APP_TAG VALUES( 9180, 1625 );
	INSERT INTO MAP_APP_TAG VALUES( 9180, 1693 );
	INSERT INTO MAP_APP_TAG VALUES( 9180, 19 );
	INSERT INTO MAP_APP_TAG VALUES( 9180, 3871 );
	INSERT INTO MAP_APP_TAG VALUES( 9180, 4004 );
	INSERT INTO MAP_APP_TAG VALUES( 9180, 6691 );
	INSERT INTO MAP_APP_TAG VALUES( 9180, 3942 );
	INSERT INTO MAP_APP_TAG VALUES( 9180, 4182 );
	INSERT INTO MAP_APP_TAG VALUES( 9180, 5350 );

INSERT INTO APP_TABLE	 VALUES( 9200, 'RAGE', 'Powered by id¡¯s revolutionary id Tech¢ç 5 technology, RAGE is an intense first-person shooter with breakneck vehicle combat, an expansive world to explore, and jaw-dropping graphics!', SYSDATE ,11530, '' );
	INSERT INTO MAP_APP_CATEGORY VALUES( 9200, 3 );
	INSERT INTO MAP_APP_CATEGORY VALUES( 9200, 1 );
	INSERT INTO MAP_APP_CATEGORY VALUES( 9200, 16 );
	INSERT INTO MAP_APP_CATEGORY VALUES( 9200, 4 );
	INSERT INTO MAP_APP_CATEGORY VALUES( 9200, 7 );

	INSERT INTO MAP_APP_DEVELOPER VALUES( 9200, 12 );

	INSERT INTO MAP_APP_GENRE VALUES( 9200, 1 );

	INSERT INTO MAP_APP_LANG VALUES ( 9200, 2,  'Y', 'N', 'N' );
	INSERT INTO MAP_APP_LANG VALUES ( 9200, 3,  'Y', 'N', 'N' );
	INSERT INTO MAP_APP_LANG VALUES ( 9200, 4,  'Y', 'N', 'N' );
	INSERT INTO MAP_APP_LANG VALUES ( 9200, 10,  'Y', 'N', 'N' );
	INSERT INTO MAP_APP_LANG VALUES ( 9200, 9,  'Y', 'N', 'N' );
	INSERT INTO MAP_APP_LANG VALUES ( 9200, 24,  'Y', 'N', 'N' );
	INSERT INTO MAP_APP_LANG VALUES ( 9200, 6,  'Y', 'N', 'N' );
	INSERT INTO MAP_APP_LANG VALUES ( 9200, 7,  'Y', 'N', 'N' );
	INSERT INTO MAP_APP_LANG VALUES ( 9200, 11,  'Y', 'N', 'N' );


	INSERT INTO MAP_APP_TAG VALUES( 9200, 1663 );
	INSERT INTO MAP_APP_TAG VALUES( 9200, 3835 );
	INSERT INTO MAP_APP_TAG VALUES( 9200, 19 );
	INSERT INTO MAP_APP_TAG VALUES( 9200, 1695 );
	INSERT INTO MAP_APP_TAG VALUES( 9200, 1774 );
	INSERT INTO MAP_APP_TAG VALUES( 9200, 699 );
	INSERT INTO MAP_APP_TAG VALUES( 9200, 3839 );
	INSERT INTO MAP_APP_TAG VALUES( 9200, 4182 );
	INSERT INTO MAP_APP_TAG VALUES( 9200, 1685 );
	INSERT INTO MAP_APP_TAG VALUES( 9200, 3942 );
	INSERT INTO MAP_APP_TAG VALUES( 9200, 4166 );
	INSERT INTO MAP_APP_TAG VALUES( 9200, 3859 );
	INSERT INTO MAP_APP_TAG VALUES( 9200, 21 );
	INSERT INTO MAP_APP_TAG VALUES( 9200, 122 );
	INSERT INTO MAP_APP_TAG VALUES( 9200, 4345 );
	INSERT INTO MAP_APP_TAG VALUES( 9200, 1667 );
	INSERT INTO MAP_APP_TAG VALUES( 9200, 1702 );
	INSERT INTO MAP_APP_TAG VALUES( 9200, 3843 );
	INSERT INTO MAP_APP_TAG VALUES( 9200, 1662 );
	INSERT INTO MAP_APP_TAG VALUES( 9200, 7250 );

INSERT INTO APP_TABLE	 VALUES( 42000, 'Trino', 'Trino, an evolving alien, must escape an insidious nano-robot swarm that have imprisoned him for his powers. Includes 37 Steam Achievements!', SYSDATE ,-1, '' );
	INSERT INTO MAP_APP_CATEGORY VALUES( 42000, 3 );
	INSERT INTO MAP_APP_CATEGORY VALUES( 42000, 4 );
	INSERT INTO MAP_APP_CATEGORY VALUES( 42000, 7 );
	INSERT INTO MAP_APP_CATEGORY VALUES( 42000, 18 );

	INSERT INTO MAP_APP_DEVELOPER VALUES( 42000, 375 );

	INSERT INTO MAP_APP_GENRE VALUES( 42000, 7 );
	INSERT INTO MAP_APP_GENRE VALUES( 42000, 4 );

	INSERT INTO MAP_APP_LANG VALUES ( 42000, 2,  'Y', 'N', 'N' );


	INSERT INTO MAP_APP_TAG VALUES( 42000, 492 );
	INSERT INTO MAP_APP_TAG VALUES( 42000, 597 );

INSERT INTO APP_TABLE	 VALUES( 9310, 'Warhammer¢ç_40,000:_Dawn_of_War¢ç_?_Winter_Assault', 'This expansion adds all-new units and strategies to the exciting gameplay offered by Dawn of War. The Imperial Guard brings new weaponry, including heavy armor, new troop units as well as defensive and ranged tactics overwhelming numbers. Coupled with new abilities, this fighting force is as lethal as they come.', SYSDATE ,14000, '' );
	INSERT INTO MAP_APP_CATEGORY VALUES( 9310, 3 );
	INSERT INTO MAP_APP_CATEGORY VALUES( 9310, 1 );

	INSERT INTO MAP_APP_DEVELOPER VALUES( 9310, 54 );

	INSERT INTO MAP_APP_GENRE VALUES( 9310, 5 );

	INSERT INTO MAP_APP_LANG VALUES ( 9310, 2,  'Y', 'N', 'N' );
	INSERT INTO MAP_APP_LANG VALUES ( 9310, 3,  'Y', 'N', 'N' );
	INSERT INTO MAP_APP_LANG VALUES ( 9310, 4,  'Y', 'N', 'N' );
	INSERT INTO MAP_APP_LANG VALUES ( 9310, 6,  'Y', 'N', 'N' );
	INSERT INTO MAP_APP_LANG VALUES ( 9310, 7,  'Y', 'N', 'N' );

	INSERT INTO MAP_APP_PUBLISHER VALUES( 9310, 302 );

	INSERT INTO MAP_APP_TAG VALUES( 9310, 9 );
	INSERT INTO MAP_APP_TAG VALUES( 9310, 12286 );
	INSERT INTO MAP_APP_TAG VALUES( 9310, 1676 );
	INSERT INTO MAP_APP_TAG VALUES( 9310, 3942 );
	INSERT INTO MAP_APP_TAG VALUES( 9310, 5310 );
	INSERT INTO MAP_APP_TAG VALUES( 9310, 7332 );
	INSERT INTO MAP_APP_TAG VALUES( 9310, 4182 );
	INSERT INTO MAP_APP_TAG VALUES( 9310, 3859 );
	INSERT INTO MAP_APP_TAG VALUES( 9310, 4161 );
	INSERT INTO MAP_APP_TAG VALUES( 9310, 1708 );
	INSERT INTO MAP_APP_TAG VALUES( 9310, 4295 );
	INSERT INTO MAP_APP_TAG VALUES( 9310, 19 );

INSERT INTO APP_TABLE	 VALUES( 9340, 'Company_of_Heroes:_Opposing_Fronts', 'The next chapter in the #1 rated RTS franchise thrusts players into a hellish war torn landscape to command two battle-hardened armies in relentless campaigns for honor and country. Players lead the tenacious British 2nd Army during the heroic World War II liberation of Caen, France, and command the German Panzer Elite as they struggle...', SYSDATE ,21000, '' );
	INSERT INTO MAP_APP_CATEGORY VALUES( 9340, 3 );
	INSERT INTO MAP_APP_CATEGORY VALUES( 9340, 1 );
	INSERT INTO MAP_APP_CATEGORY VALUES( 9340, 8 );

	INSERT INTO MAP_APP_DEVELOPER VALUES( 9340, 54 );

	INSERT INTO MAP_APP_GENRE VALUES( 9340, 1 );
	INSERT INTO MAP_APP_GENRE VALUES( 9340, 5 );

	INSERT INTO MAP_APP_LANG VALUES ( 9340, 2,  'Y', 'N', 'N' );

	INSERT INTO MAP_APP_PUBLISHER VALUES( 9340, 302 );

	INSERT INTO MAP_APP_TAG VALUES( 9340, 9 );
	INSERT INTO MAP_APP_TAG VALUES( 9340, 1676 );
	INSERT INTO MAP_APP_TAG VALUES( 9340, 19 );
	INSERT INTO MAP_APP_TAG VALUES( 9340, 4150 );
	INSERT INTO MAP_APP_TAG VALUES( 9340, 3859 );
	INSERT INTO MAP_APP_TAG VALUES( 9340, 4168 );
	INSERT INTO MAP_APP_TAG VALUES( 9340, 4182 );
	INSERT INTO MAP_APP_TAG VALUES( 9340, 1708 );
	INSERT INTO MAP_APP_TAG VALUES( 9340, 7332 );
	INSERT INTO MAP_APP_TAG VALUES( 9340, 13276 );
	INSERT INTO MAP_APP_TAG VALUES( 9340, 1678 );

INSERT INTO APP_TABLE	 VALUES( 9350, 'Supreme_Commander', 'For a thousand years, three opposing forces have waged war for what they believe is true. There can be no room for compromise: their way is the only way. Dubbed The Infinite War, this devastating conflict has taken its toll on a once-peaceful galaxy and has only served to deepen the hatred between the factions.', SYSDATE ,15000, '' );
	INSERT INTO MAP_APP_CATEGORY VALUES( 9350, 3 );
	INSERT INTO MAP_APP_CATEGORY VALUES( 9350, 1 );

	INSERT INTO MAP_APP_DEVELOPER VALUES( 9350, 99 );

	INSERT INTO MAP_APP_GENRE VALUES( 9350, 5 );

	INSERT INTO MAP_APP_LANG VALUES ( 9350, 2,  'Y', 'N', 'N' );
	INSERT INTO MAP_APP_LANG VALUES ( 9350, 3,  'Y', 'N', 'N' );
	INSERT INTO MAP_APP_LANG VALUES ( 9350, 4,  'Y', 'N', 'N' );
	INSERT INTO MAP_APP_LANG VALUES ( 9350, 10,  'Y', 'N', 'N' );
	INSERT INTO MAP_APP_LANG VALUES ( 9350, 9,  'Y', 'N', 'N' );
	INSERT INTO MAP_APP_LANG VALUES ( 9350, 24,  'Y', 'N', 'N' );
	INSERT INTO MAP_APP_LANG VALUES ( 9350, 6,  'Y', 'N', 'N' );
	INSERT INTO MAP_APP_LANG VALUES ( 9350, 7,  'Y', 'N', 'N' );
	INSERT INTO MAP_APP_LANG VALUES ( 9350, 8,  'Y', 'N', 'N' );

	INSERT INTO MAP_APP_PUBLISHER VALUES( 9350, 72 );

	INSERT INTO MAP_APP_TAG VALUES( 9350, 9 );
	INSERT INTO MAP_APP_TAG VALUES( 9350, 1676 );
	INSERT INTO MAP_APP_TAG VALUES( 9350, 3942 );
	INSERT INTO MAP_APP_TAG VALUES( 9350, 3859 );
	INSERT INTO MAP_APP_TAG VALUES( 9350, 4161 );
	INSERT INTO MAP_APP_TAG VALUES( 9350, 1685 );
	INSERT INTO MAP_APP_TAG VALUES( 9350, 7107 );
	INSERT INTO MAP_APP_TAG VALUES( 9350, 4182 );
	INSERT INTO MAP_APP_TAG VALUES( 9350, 19 );
	INSERT INTO MAP_APP_TAG VALUES( 9350, 7332 );
	INSERT INTO MAP_APP_TAG VALUES( 9350, 5752 );
	INSERT INTO MAP_APP_TAG VALUES( 9350, 1693 );
	INSERT INTO MAP_APP_TAG VALUES( 9350, 1755 );

INSERT INTO APP_TABLE	 VALUES( 42120, 'Lead_and_Gold:_Gangs_of_the_Wild_West', 'Lead and Gold: Gangs of the Wild West is a third-person shooter that delivers an intense team-based multiplayer experience. Relive the violent era of the Wild West with adrenaline-fueled action and fast-paced gunfights. Engage in gritty battles in beautifully rendered classic Western settings.', SYSDATE ,11480, '' );
	INSERT INTO MAP_APP_CATEGORY VALUES( 42120, 1 );
	INSERT INTO MAP_APP_CATEGORY VALUES( 42120, 4 );
	INSERT INTO MAP_APP_CATEGORY VALUES( 42120, 7 );
	INSERT INTO MAP_APP_CATEGORY VALUES( 42120, 8 );
	INSERT INTO MAP_APP_CATEGORY VALUES( 42120, 11 );
	INSERT INTO MAP_APP_CATEGORY VALUES( 42120, 18 );

	INSERT INTO MAP_APP_DEVELOPER VALUES( 42120, 376 );

	INSERT INTO MAP_APP_GENRE VALUES( 42120, 1 );

	INSERT INTO MAP_APP_LANG VALUES ( 42120, 2,  'Y', 'N', 'N' );
	INSERT INTO MAP_APP_LANG VALUES ( 42120, 3,  'Y', 'N', 'N' );
	INSERT INTO MAP_APP_LANG VALUES ( 42120, 4,  'Y', 'N', 'N' );
	INSERT INTO MAP_APP_LANG VALUES ( 42120, 6,  'Y', 'N', 'N' );
	INSERT INTO MAP_APP_LANG VALUES ( 42120, 7,  'Y', 'N', 'N' );

	INSERT INTO MAP_APP_PUBLISHER VALUES( 42120, 376 );

	INSERT INTO MAP_APP_TAG VALUES( 42120, 1647 );
	INSERT INTO MAP_APP_TAG VALUES( 42120, 19 );
	INSERT INTO MAP_APP_TAG VALUES( 42120, 3859 );
	INSERT INTO MAP_APP_TAG VALUES( 42120, 3814 );
	INSERT INTO MAP_APP_TAG VALUES( 42120, 1697 );
	INSERT INTO MAP_APP_TAG VALUES( 42120, 1774 );

INSERT INTO APP_TABLE	 VALUES( 42140, 'Hamilton''s_Great_Adventure', 'All new DLC, Retro Fever, Now Available!', SYSDATE ,10500, '' );
	INSERT INTO MAP_APP_CATEGORY VALUES( 42140, 3 );
	INSERT INTO MAP_APP_CATEGORY VALUES( 42140, 21 );
	INSERT INTO MAP_APP_CATEGORY VALUES( 42140, 4 );
	INSERT INTO MAP_APP_CATEGORY VALUES( 42140, 5 );
	INSERT INTO MAP_APP_CATEGORY VALUES( 42140, 7 );
	INSERT INTO MAP_APP_CATEGORY VALUES( 42140, 8 );
	INSERT INTO MAP_APP_CATEGORY VALUES( 42140, 18 );

	INSERT INTO MAP_APP_DEVELOPER VALUES( 42140, 376 );

	INSERT INTO MAP_APP_GENRE VALUES( 42140, 3 );
	INSERT INTO MAP_APP_GENRE VALUES( 42140, 7 );
	INSERT INTO MAP_APP_GENRE VALUES( 42140, 4 );

	INSERT INTO MAP_APP_LANG VALUES ( 42140, 2,  'Y', 'N', 'N' );
	INSERT INTO MAP_APP_LANG VALUES ( 42140, 3,  'Y', 'N', 'N' );
	INSERT INTO MAP_APP_LANG VALUES ( 42140, 4,  'Y', 'N', 'N' );
	INSERT INTO MAP_APP_LANG VALUES ( 42140, 6,  'Y', 'N', 'N' );
	INSERT INTO MAP_APP_LANG VALUES ( 42140, 7,  'Y', 'N', 'N' );
	INSERT INTO MAP_APP_LANG VALUES ( 42140, 12,  'Y', 'N', 'N' );

	INSERT INTO MAP_APP_PUBLISHER VALUES( 42140, 376 );

	INSERT INTO MAP_APP_TAG VALUES( 42140, 21 );
	INSERT INTO MAP_APP_TAG VALUES( 42140, 492 );
	INSERT INTO MAP_APP_TAG VALUES( 42140, 597 );
	INSERT INTO MAP_APP_TAG VALUES( 42140, 1664 );
	INSERT INTO MAP_APP_TAG VALUES( 42140, 4182 );
	INSERT INTO MAP_APP_TAG VALUES( 42140, 5537 );

INSERT INTO APP_TABLE	 VALUES( 42147, 'Hamilton''s_Great_Adventure_-_Retro_Fever_DLC', 'This map pack contains new levels that bring back the irrepressible charm, and also that daunting touch of hardcore difficulty, that could only be found in the 80¡¯s. They are inspired by famous levels found in legendary NES titles and carry names such as It¡¯s a me, Hamilton! and Dungeon #9.', SYSDATE ,1100, '' );
	INSERT INTO MAP_APP_CATEGORY VALUES( 42147, 3 );
	INSERT INTO MAP_APP_CATEGORY VALUES( 42147, 21 );
	INSERT INTO MAP_APP_CATEGORY VALUES( 42147, 4 );
	INSERT INTO MAP_APP_CATEGORY VALUES( 42147, 7 );
	INSERT INTO MAP_APP_CATEGORY VALUES( 42147, 8 );
	INSERT INTO MAP_APP_CATEGORY VALUES( 42147, 18 );

	INSERT INTO MAP_APP_DEVELOPER VALUES( 42147, 376 );

	INSERT INTO MAP_APP_GENRE VALUES( 42147, 3 );
	INSERT INTO MAP_APP_GENRE VALUES( 42147, 7 );
	INSERT INTO MAP_APP_GENRE VALUES( 42147, 4 );

	INSERT INTO MAP_APP_LANG VALUES ( 42147, 2,  'Y', 'N', 'N' );
	INSERT INTO MAP_APP_LANG VALUES ( 42147, 3,  'Y', 'N', 'N' );
	INSERT INTO MAP_APP_LANG VALUES ( 42147, 4,  'Y', 'N', 'N' );
	INSERT INTO MAP_APP_LANG VALUES ( 42147, 6,  'Y', 'N', 'N' );
	INSERT INTO MAP_APP_LANG VALUES ( 42147, 7,  'Y', 'N', 'N' );
	INSERT INTO MAP_APP_LANG VALUES ( 42147, 12,  'Y', 'N', 'N' );

	INSERT INTO MAP_APP_PUBLISHER VALUES( 42147, 376 );

	INSERT INTO MAP_APP_TAG VALUES( 42147, 21 );
	INSERT INTO MAP_APP_TAG VALUES( 42147, 492 );
	INSERT INTO MAP_APP_TAG VALUES( 42147, 597 );

INSERT INTO APP_TABLE	 VALUES( 42170, 'Krater', 'The game brings you far into the future of a post-apocalyptic Sweden.', SYSDATE ,16000, '' );
	INSERT INTO MAP_APP_CATEGORY VALUES( 42170, 3 );
	INSERT INTO MAP_APP_CATEGORY VALUES( 42170, 16 );
	INSERT INTO MAP_APP_CATEGORY VALUES( 42170, 4 );
	INSERT INTO MAP_APP_CATEGORY VALUES( 42170, 5 );
	INSERT INTO MAP_APP_CATEGORY VALUES( 42170, 8 );

	INSERT INTO MAP_APP_DEVELOPER VALUES( 42170, 376 );

	INSERT INTO MAP_APP_GENRE VALUES( 42170, 1 );
	INSERT INTO MAP_APP_GENRE VALUES( 42170, 3 );
	INSERT INTO MAP_APP_GENRE VALUES( 42170, 4 );
	INSERT INTO MAP_APP_GENRE VALUES( 42170, 6 );
	INSERT INTO MAP_APP_GENRE VALUES( 42170, 5 );

	INSERT INTO MAP_APP_LANG VALUES ( 42170, 2,  'Y', 'Y', 'N' );
	INSERT INTO MAP_APP_LANG VALUES ( 42170, 20,  'Y', 'N', 'N' );
	INSERT INTO MAP_APP_LANG VALUES ( 42170, 9,  'Y', 'N', 'N' );
	INSERT INTO MAP_APP_LANG VALUES ( 42170, 10,  'Y', 'N', 'N' );
	INSERT INTO MAP_APP_LANG VALUES ( 42170, 13,  'Y', 'N', 'N' );
	INSERT INTO MAP_APP_LANG VALUES ( 42170, 6,  'Y', 'N', 'N' );
	INSERT INTO MAP_APP_LANG VALUES ( 42170, 25,  'Y', 'N', 'N' );

	INSERT INTO MAP_APP_PUBLISHER VALUES( 42170, 376 );

	INSERT INTO MAP_APP_TAG VALUES( 42170, 122 );
	INSERT INTO MAP_APP_TAG VALUES( 42170, 492 );
	INSERT INTO MAP_APP_TAG VALUES( 42170, 21 );
	INSERT INTO MAP_APP_TAG VALUES( 42170, 19 );
	INSERT INTO MAP_APP_TAG VALUES( 42170, 9 );
	INSERT INTO MAP_APP_TAG VALUES( 42170, 3835 );
	INSERT INTO MAP_APP_TAG VALUES( 42170, 4231 );
	INSERT INTO MAP_APP_TAG VALUES( 42170, 10695 );
	INSERT INTO MAP_APP_TAG VALUES( 42170, 3843 );
	INSERT INTO MAP_APP_TAG VALUES( 42170, 1685 );
	INSERT INTO MAP_APP_TAG VALUES( 42170, 4182 );
	INSERT INTO MAP_APP_TAG VALUES( 42170, 1646 );
	INSERT INTO MAP_APP_TAG VALUES( 42170, 4236 );

INSERT INTO APP_TABLE	 VALUES( 9420, 'Supreme_Commander:_Forged_Alliance', 'The last days of man are at hand.. Two years after the Infinite War the once great warring nations now lie in ruins, and humanity¡¯s hope for a brighter future is nothing but a bitter memory. A new, seemingly unstoppable enemy, supported by the zealots of The Order, now seeks to eradicate mankind: UEF, Aeon Loyalist, and Cybran alike.', SYSDATE ,15000, '' );
	INSERT INTO MAP_APP_CATEGORY VALUES( 9420, 3 );
	INSERT INTO MAP_APP_CATEGORY VALUES( 9420, 1 );

	INSERT INTO MAP_APP_DEVELOPER VALUES( 9420, 99 );

	INSERT INTO MAP_APP_GENRE VALUES( 9420, 5 );

	INSERT INTO MAP_APP_LANG VALUES ( 9420, 2,  'Y', 'N', 'N' );

	INSERT INTO MAP_APP_PUBLISHER VALUES( 9420, 72 );

	INSERT INTO MAP_APP_TAG VALUES( 9420, 9 );
	INSERT INTO MAP_APP_TAG VALUES( 9420, 1676 );
	INSERT INTO MAP_APP_TAG VALUES( 9420, 3942 );
	INSERT INTO MAP_APP_TAG VALUES( 9420, 3859 );
	INSERT INTO MAP_APP_TAG VALUES( 9420, 4182 );
	INSERT INTO MAP_APP_TAG VALUES( 9420, 4364 );
	INSERT INTO MAP_APP_TAG VALUES( 9420, 1685 );
	INSERT INTO MAP_APP_TAG VALUES( 9420, 1669 );
	INSERT INTO MAP_APP_TAG VALUES( 9420, 7107 );
	INSERT INTO MAP_APP_TAG VALUES( 9420, 7332 );
	INSERT INTO MAP_APP_TAG VALUES( 9420, 3878 );
	INSERT INTO MAP_APP_TAG VALUES( 9420, 5752 );
	INSERT INTO MAP_APP_TAG VALUES( 9420, 19 );
	INSERT INTO MAP_APP_TAG VALUES( 9420, 4161 );
	INSERT INTO MAP_APP_TAG VALUES( 9420, 3843 );
	INSERT INTO MAP_APP_TAG VALUES( 9420, 21 );
	INSERT INTO MAP_APP_TAG VALUES( 9420, 1756 );
	INSERT INTO MAP_APP_TAG VALUES( 9420, 1755 );

INSERT INTO APP_TABLE	 VALUES( 42200, 'Nancy_Drew¢ç_Dossier:_Resorting_to_Danger!', 'Defuse an Explosive Situation at an Exclusive Resort!', SYSDATE ,7500, '' );
	INSERT INTO MAP_APP_CATEGORY VALUES( 42200, 3 );

	INSERT INTO MAP_APP_DEVELOPER VALUES( 42200, 276 );


	INSERT INTO MAP_APP_LANG VALUES ( 42200, 2,  'Y', 'N', 'N' );

	INSERT INTO MAP_APP_PUBLISHER VALUES( 42200, 276 );

	INSERT INTO MAP_APP_TAG VALUES( 42200, 1738 );
	INSERT INTO MAP_APP_TAG VALUES( 42200, 7208 );
	INSERT INTO MAP_APP_TAG VALUES( 42200, 1664 );

INSERT INTO APP_TABLE	 VALUES( 42210, 'Nancy_Drew¢ç:_Secrets_Can_Kill_REMASTERED', 'Play the Game that Started the Award-Winning Series!', SYSDATE ,7500, '' );
	INSERT INTO MAP_APP_CATEGORY VALUES( 42210, 3 );

	INSERT INTO MAP_APP_DEVELOPER VALUES( 42210, 276 );

	INSERT INTO MAP_APP_GENRE VALUES( 42210, 3 );

	INSERT INTO MAP_APP_LANG VALUES ( 42210, 2,  'Y', 'N', 'N' );

	INSERT INTO MAP_APP_PUBLISHER VALUES( 42210, 276 );

	INSERT INTO MAP_APP_TAG VALUES( 42210, 21 );
	INSERT INTO MAP_APP_TAG VALUES( 42210, 1698 );
	INSERT INTO MAP_APP_TAG VALUES( 42210, 7208 );
	INSERT INTO MAP_APP_TAG VALUES( 42210, 5716 );
	INSERT INTO MAP_APP_TAG VALUES( 42210, 1664 );

INSERT INTO APP_TABLE	 VALUES( 9450, 'Warhammer¢ç_40,000:_Dawn_of_War¢ç_-_Soulstorm', 'The third and final expansion to the genre-defining and critically-acclaimed RTS, Dawn of War. In Soulstorm, two new armies are introduced ? Sisters of Battle and Dark Eldar - raising the total number of playable armies to nine.', SYSDATE ,14000, '' );
	INSERT INTO MAP_APP_CATEGORY VALUES( 9450, 3 );
	INSERT INTO MAP_APP_CATEGORY VALUES( 9450, 1 );
	INSERT INTO MAP_APP_CATEGORY VALUES( 9450, 8 );

	INSERT INTO MAP_APP_DEVELOPER VALUES( 9450, 54 );

	INSERT INTO MAP_APP_GENRE VALUES( 9450, 5 );

	INSERT INTO MAP_APP_LANG VALUES ( 9450, 2,  'Y', 'N', 'N' );
	INSERT INTO MAP_APP_LANG VALUES ( 9450, 4,  'Y', 'N', 'N' );
	INSERT INTO MAP_APP_LANG VALUES ( 9450, 6,  'Y', 'N', 'N' );

	INSERT INTO MAP_APP_PUBLISHER VALUES( 9450, 302 );

	INSERT INTO MAP_APP_TAG VALUES( 9450, 12286 );
	INSERT INTO MAP_APP_TAG VALUES( 9450, 9 );
	INSERT INTO MAP_APP_TAG VALUES( 9450, 1676 );
	INSERT INTO MAP_APP_TAG VALUES( 9450, 7332 );
	INSERT INTO MAP_APP_TAG VALUES( 9450, 3942 );
	INSERT INTO MAP_APP_TAG VALUES( 9450, 4161 );
	INSERT INTO MAP_APP_TAG VALUES( 9450, 3859 );
	INSERT INTO MAP_APP_TAG VALUES( 9450, 4182 );
	INSERT INTO MAP_APP_TAG VALUES( 9450, 5310 );
	INSERT INTO MAP_APP_TAG VALUES( 9450, 4295 );
	INSERT INTO MAP_APP_TAG VALUES( 9450, 1693 );
	INSERT INTO MAP_APP_TAG VALUES( 9450, 19 );
	INSERT INTO MAP_APP_TAG VALUES( 9450, 4166 );
	INSERT INTO MAP_APP_TAG VALUES( 9450, 1756 );
	INSERT INTO MAP_APP_TAG VALUES( 9450, 21 );

INSERT INTO APP_TABLE	 VALUES( 42220, 'Nancy_Drew¢ç:_The_Captive_Curse', 'A terrifying myth comes alive in Germany!', SYSDATE ,7500, '' );
	INSERT INTO MAP_APP_CATEGORY VALUES( 42220, 3 );

	INSERT INTO MAP_APP_DEVELOPER VALUES( 42220, 276 );

	INSERT INTO MAP_APP_GENRE VALUES( 42220, 3 );

	INSERT INTO MAP_APP_LANG VALUES ( 42220, 2,  'Y', 'N', 'N' );

	INSERT INTO MAP_APP_PUBLISHER VALUES( 42220, 276 );

	INSERT INTO MAP_APP_TAG VALUES( 42220, 21 );
	INSERT INTO MAP_APP_TAG VALUES( 42220, 1698 );
	INSERT INTO MAP_APP_TAG VALUES( 42220, 5716 );
	INSERT INTO MAP_APP_TAG VALUES( 42220, 7208 );
	INSERT INTO MAP_APP_TAG VALUES( 42220, 1664 );

INSERT INTO APP_TABLE	 VALUES( 9460, 'Frontlines¢â:_Fuel_of_War¢â', 'Frontlines¢â: Fuel of War¢â is an open-world First Person Shooter set on the frontlines of tomorrow. In a world ravaged by a global energy crisis, environmental decay, and economic depression, players assume the role of an elite soldier in the Western Coalition Army on an epic crusade against the Red Star Alliance to control the last of...', SYSDATE ,20000, '' );
	INSERT INTO MAP_APP_CATEGORY VALUES( 9460, 3 );
	INSERT INTO MAP_APP_CATEGORY VALUES( 9460, 16 );
	INSERT INTO MAP_APP_CATEGORY VALUES( 9460, 8 );

	INSERT INTO MAP_APP_DEVELOPER VALUES( 9460, 100 );

	INSERT INTO MAP_APP_GENRE VALUES( 9460, 1 );

	INSERT INTO MAP_APP_LANG VALUES ( 9460, 2,  'Y', 'N', 'N' );
	INSERT INTO MAP_APP_LANG VALUES ( 9460, 3,  'Y', 'N', 'N' );
	INSERT INTO MAP_APP_LANG VALUES ( 9460, 4,  'Y', 'N', 'N' );
	INSERT INTO MAP_APP_LANG VALUES ( 9460, 7,  'Y', 'N', 'N' );

	INSERT INTO MAP_APP_PUBLISHER VALUES( 9460, 72 );

	INSERT INTO MAP_APP_TAG VALUES( 9460, 19 );
	INSERT INTO MAP_APP_TAG VALUES( 9460, 1663 );
	INSERT INTO MAP_APP_TAG VALUES( 9460, 1774 );
	INSERT INTO MAP_APP_TAG VALUES( 9460, 4182 );
	INSERT INTO MAP_APP_TAG VALUES( 9460, 3859 );
	INSERT INTO MAP_APP_TAG VALUES( 9460, 1685 );
	INSERT INTO MAP_APP_TAG VALUES( 9460, 4168 );
	INSERT INTO MAP_APP_TAG VALUES( 9460, 1695 );
	INSERT INTO MAP_APP_TAG VALUES( 9460, 3839 );

INSERT INTO APP_TABLE	 VALUES( 42230, 'Nancy_Drew¢ç:_Trail_of_the_Twister', 'Apprehend a Saboteur Stirring up Turbulent Trouble!', SYSDATE ,7500, '' );
	INSERT INTO MAP_APP_CATEGORY VALUES( 42230, 3 );

	INSERT INTO MAP_APP_DEVELOPER VALUES( 42230, 276 );

	INSERT INTO MAP_APP_GENRE VALUES( 42230, 3 );

	INSERT INTO MAP_APP_LANG VALUES ( 42230, 2,  'Y', 'N', 'N' );

	INSERT INTO MAP_APP_PUBLISHER VALUES( 42230, 276 );

	INSERT INTO MAP_APP_TAG VALUES( 42230, 21 );
	INSERT INTO MAP_APP_TAG VALUES( 42230, 1698 );
	INSERT INTO MAP_APP_TAG VALUES( 42230, 7208 );
	INSERT INTO MAP_APP_TAG VALUES( 42230, 5716 );
	INSERT INTO MAP_APP_TAG VALUES( 42230, 1664 );

INSERT INTO APP_TABLE	 VALUES( 9480, 'Saints_Row_2', 'Saints Row 2 brings true freedom to open-world gaming. Players can play as who they want, how they want, and with whomever they want in this sequel to the much acclaimed and tremendously successful Saints Row.', SYSDATE ,10500, '' );
	INSERT INTO MAP_APP_CATEGORY VALUES( 9480, 3 );
	INSERT INTO MAP_APP_CATEGORY VALUES( 9480, 8 );

	INSERT INTO MAP_APP_DEVELOPER VALUES( 9480, 101 );

	INSERT INTO MAP_APP_GENRE VALUES( 9480, 1 );

	INSERT INTO MAP_APP_LANG VALUES ( 9480, 2,  'Y', 'N', 'N' );
	INSERT INTO MAP_APP_LANG VALUES ( 9480, 3,  'Y', 'N', 'N' );
	INSERT INTO MAP_APP_LANG VALUES ( 9480, 4,  'Y', 'N', 'N' );
	INSERT INTO MAP_APP_LANG VALUES ( 9480, 9,  'Y', 'N', 'N' );
	INSERT INTO MAP_APP_LANG VALUES ( 9480, 14,  'Y', 'N', 'N' );
	INSERT INTO MAP_APP_LANG VALUES ( 9480, 6,  'Y', 'N', 'N' );
	INSERT INTO MAP_APP_LANG VALUES ( 9480, 7,  'Y', 'N', 'N' );
	INSERT INTO MAP_APP_LANG VALUES ( 9480, 17,  'Y', 'N', 'N' );
	INSERT INTO MAP_APP_LANG VALUES ( 9480, 12,  'Y', 'N', 'N' );


	INSERT INTO MAP_APP_TAG VALUES( 9480, 1695 );
	INSERT INTO MAP_APP_TAG VALUES( 9480, 19 );
	INSERT INTO MAP_APP_TAG VALUES( 9480, 3810 );
	INSERT INTO MAP_APP_TAG VALUES( 9480, 4747 );
	INSERT INTO MAP_APP_TAG VALUES( 9480, 3814 );
	INSERT INTO MAP_APP_TAG VALUES( 9480, 1719 );
	INSERT INTO MAP_APP_TAG VALUES( 9480, 1685 );
	INSERT INTO MAP_APP_TAG VALUES( 9480, 1697 );
	INSERT INTO MAP_APP_TAG VALUES( 9480, 4182 );
	INSERT INTO MAP_APP_TAG VALUES( 9480, 6378 );
	INSERT INTO MAP_APP_TAG VALUES( 9480, 3843 );
	INSERT INTO MAP_APP_TAG VALUES( 9480, 3859 );
	INSERT INTO MAP_APP_TAG VALUES( 9480, 4136 );
	INSERT INTO MAP_APP_TAG VALUES( 9480, 4508 );
	INSERT INTO MAP_APP_TAG VALUES( 9480, 1774 );
	INSERT INTO MAP_APP_TAG VALUES( 9480, 4711 );
	INSERT INTO MAP_APP_TAG VALUES( 9480, 7208 );
	INSERT INTO MAP_APP_TAG VALUES( 9480, 1756 );
	INSERT INTO MAP_APP_TAG VALUES( 9480, 1669 );
	INSERT INTO MAP_APP_TAG VALUES( 9480, 21 );

INSERT INTO APP_TABLE	 VALUES( 9500, 'Gish', 'Gish isn''t your average hero. In fact, he''s not your average anything...you see, Gish is a ball of tar. A Sunday stroll with his lady friend, Brea, goes awry when a shadowy figure emerges from an open manhole and pulls Brea below ground.', SYSDATE ,-1, '' );
	INSERT INTO MAP_APP_CATEGORY VALUES( 9500, 3 );
	INSERT INTO MAP_APP_CATEGORY VALUES( 9500, 1 );

	INSERT INTO MAP_APP_DEVELOPER VALUES( 9500, 102 );

	INSERT INTO MAP_APP_GENRE VALUES( 9500, 4 );

	INSERT INTO MAP_APP_LANG VALUES ( 9500, 2,  'Y', 'N', 'N' );


	INSERT INTO MAP_APP_TAG VALUES( 9500, 492 );
	INSERT INTO MAP_APP_TAG VALUES( 9500, 1625 );
	INSERT INTO MAP_APP_TAG VALUES( 9500, 3968 );
	INSERT INTO MAP_APP_TAG VALUES( 9500, 1664 );
	INSERT INTO MAP_APP_TAG VALUES( 9500, 7368 );
	INSERT INTO MAP_APP_TAG VALUES( 9500, 3871 );
	INSERT INTO MAP_APP_TAG VALUES( 9500, 3841 );
	INSERT INTO MAP_APP_TAG VALUES( 9500, 5537 );
	INSERT INTO MAP_APP_TAG VALUES( 9500, 4182 );

INSERT INTO APP_TABLE	 VALUES( 9710, 'Desperados_2:_Cooper''s_Revenge', 'Desperados 2 is the sequel to the successful wild west title Desperados - Wanted Dead or Alive. The gameplay is based on its predecessor but with brand new tactical possibilities in a beautiful 3D environment. Switch from an isometric view to a third person view whenever you want; for example, for duels, brawls and shoot-outs.', SYSDATE ,10000, '' );
	INSERT INTO MAP_APP_CATEGORY VALUES( 9710, 3 );

	INSERT INTO MAP_APP_DEVELOPER VALUES( 9710, 103 );

	INSERT INTO MAP_APP_GENRE VALUES( 9710, 1 );

	INSERT INTO MAP_APP_LANG VALUES ( 9710, 2,  'Y', 'N', 'N' );

	INSERT INTO MAP_APP_PUBLISHER VALUES( 9710, 72 );

	INSERT INTO MAP_APP_TAG VALUES( 9710, 19 );
	INSERT INTO MAP_APP_TAG VALUES( 9710, 1647 );
	INSERT INTO MAP_APP_TAG VALUES( 9710, 9 );
	INSERT INTO MAP_APP_TAG VALUES( 9710, 1708 );

INSERT INTO APP_TABLE	 VALUES( 9730, 'Tycoon_City:_New_York', 'Here''s your chance to make it big in the Big Apple... New York City, the city that never sleeps! Go for broke building your own Manhattan empire, creating and customizing over 100 types of major businesses: run a hot nightclub, oversee a media conglomerate, open a lucrative Broadway theater - the choices are endless.', SYSDATE ,10500, '' );
	INSERT INTO MAP_APP_CATEGORY VALUES( 9730, 3 );


	INSERT INTO MAP_APP_GENRE VALUES( 9730, 8 );

	INSERT INTO MAP_APP_LANG VALUES ( 9730, 2,  'Y', 'N', 'N' );


	INSERT INTO MAP_APP_TAG VALUES( 9730, 599 );
	INSERT INTO MAP_APP_TAG VALUES( 9730, 12472 );
	INSERT INTO MAP_APP_TAG VALUES( 9730, 4328 );

INSERT INTO APP_TABLE	 VALUES( 42500, 'DogFighter', 'Take to the skies in this fast paced, arcade aerial combat game featuring arena style gameplay. Fly solo in single player or compete against other players in online multiplayer modes.', SYSDATE ,-1, '' );
	INSERT INTO MAP_APP_CATEGORY VALUES( 42500, 3 );
	INSERT INTO MAP_APP_CATEGORY VALUES( 42500, 1 );
	INSERT INTO MAP_APP_CATEGORY VALUES( 42500, 16 );
	INSERT INTO MAP_APP_CATEGORY VALUES( 42500, 4 );
	INSERT INTO MAP_APP_CATEGORY VALUES( 42500, 7 );
	INSERT INTO MAP_APP_CATEGORY VALUES( 42500, 8 );
	INSERT INTO MAP_APP_CATEGORY VALUES( 42500, 11 );
	INSERT INTO MAP_APP_CATEGORY VALUES( 42500, 18 );

	INSERT INTO MAP_APP_DEVELOPER VALUES( 42500, 377 );

	INSERT INTO MAP_APP_GENRE VALUES( 42500, 1 );
	INSERT INTO MAP_APP_GENRE VALUES( 42500, 4 );

	INSERT INTO MAP_APP_LANG VALUES ( 42500, 2,  'Y', 'N', 'N' );


	INSERT INTO MAP_APP_TAG VALUES( 42500, 19 );
	INSERT INTO MAP_APP_TAG VALUES( 42500, 492 );
	INSERT INTO MAP_APP_TAG VALUES( 42500, 1773 );
	INSERT INTO MAP_APP_TAG VALUES( 42500, 15045 );
	INSERT INTO MAP_APP_TAG VALUES( 42500, 3859 );

INSERT INTO APP_TABLE	 VALUES( 9760, 'Act_of_War:_High_Treason', 'The highly anticipated sequel to the critically acclaimed game Act of War: Direct Action picks up where the techno-thriller left off. On the eve of the U.S. Presidential elections, simultaneous terrorist attacks hit both candidates. Clues point to corrupt elements within the U.S.', SYSDATE ,3300, '' );
	INSERT INTO MAP_APP_CATEGORY VALUES( 9760, 3 );
	INSERT INTO MAP_APP_CATEGORY VALUES( 9760, 1 );

	INSERT INTO MAP_APP_DEVELOPER VALUES( 9760, 27 );

	INSERT INTO MAP_APP_GENRE VALUES( 9760, 1 );

	INSERT INTO MAP_APP_LANG VALUES ( 9760, 2,  'Y', 'N', 'N' );


	INSERT INTO MAP_APP_TAG VALUES( 9760, 19 );
	INSERT INTO MAP_APP_TAG VALUES( 9760, 9 );
	INSERT INTO MAP_APP_TAG VALUES( 9760, 1676 );

INSERT INTO APP_TABLE	 VALUES( 9800, 'Death_to_Spies', 'Smersh is Russian for "Death to Spies" and was the name of a set of counterintelligence agencies formed in the Soviet Army during World War II. Their mission was to secure the rear of the active Red Army by arresting traitors, deserters, spies and criminal cells.', SYSDATE ,5500, '' );
	INSERT INTO MAP_APP_CATEGORY VALUES( 9800, 3 );
	INSERT INTO MAP_APP_CATEGORY VALUES( 9800, 8 );

	INSERT INTO MAP_APP_DEVELOPER VALUES( 9800, 104 );

	INSERT INTO MAP_APP_GENRE VALUES( 9800, 1 );
	INSERT INTO MAP_APP_GENRE VALUES( 9800, 3 );

	INSERT INTO MAP_APP_LANG VALUES ( 9800, 2,  'Y', 'Y', 'N' );
	INSERT INTO MAP_APP_LANG VALUES ( 9800, 3,  'Y', 'Y', 'N' );
	INSERT INTO MAP_APP_LANG VALUES ( 9800, 9,  'Y', 'Y', 'N' );
	INSERT INTO MAP_APP_LANG VALUES ( 9800, 4,  'Y', 'Y', 'N' );
	INSERT INTO MAP_APP_LANG VALUES ( 9800, 6,  'Y', 'Y', 'N' );
	INSERT INTO MAP_APP_LANG VALUES ( 9800, 7,  'Y', 'Y', 'N' );

	INSERT INTO MAP_APP_PUBLISHER VALUES( 9800, 32 );

	INSERT INTO MAP_APP_TAG VALUES( 9800, 1687 );
	INSERT INTO MAP_APP_TAG VALUES( 9800, 19 );
	INSERT INTO MAP_APP_TAG VALUES( 9800, 21 );
	INSERT INTO MAP_APP_TAG VALUES( 9800, 4150 );
	INSERT INTO MAP_APP_TAG VALUES( 9800, 4182 );
	INSERT INTO MAP_APP_TAG VALUES( 9800, 1695 );
	INSERT INTO MAP_APP_TAG VALUES( 9800, 1697 );

INSERT INTO APP_TABLE	 VALUES( 9850, 'Codename:_Panzers_-_Cold_War', 'Tempelhof, Berlin, dawn of 8th April 1949.A major armed conflict is brewing between the Western powers and the Soviet bloc. The Red Army has been growing ever stronger since the end of World War II. With the growth of their army the Soviets realize that they hold the advantage, and are only waiting for the right moment to attack.', SYSDATE ,15000, '' );
	INSERT INTO MAP_APP_CATEGORY VALUES( 9850, 3 );
	INSERT INTO MAP_APP_CATEGORY VALUES( 9850, 1 );
	INSERT INTO MAP_APP_CATEGORY VALUES( 9850, 16 );

	INSERT INTO MAP_APP_DEVELOPER VALUES( 9850, 105 );
	INSERT INTO MAP_APP_DEVELOPER VALUES( 9850, 106 );
	INSERT INTO MAP_APP_DEVELOPER VALUES( 9850, 72 );

	INSERT INTO MAP_APP_GENRE VALUES( 9850, 8 );
	INSERT INTO MAP_APP_GENRE VALUES( 9850, 5 );

	INSERT INTO MAP_APP_LANG VALUES ( 9850, 2,  'Y', 'N', 'N' );
	INSERT INTO MAP_APP_LANG VALUES ( 9850, 3,  'Y', 'N', 'N' );
	INSERT INTO MAP_APP_LANG VALUES ( 9850, 4,  'Y', 'N', 'N' );
	INSERT INTO MAP_APP_LANG VALUES ( 9850, 6,  'Y', 'N', 'N' );
	INSERT INTO MAP_APP_LANG VALUES ( 9850, 7,  'Y', 'N', 'N' );

	INSERT INTO MAP_APP_PUBLISHER VALUES( 9850, 72 );

	INSERT INTO MAP_APP_TAG VALUES( 9850, 9 );
	INSERT INTO MAP_APP_TAG VALUES( 9850, 599 );
	INSERT INTO MAP_APP_TAG VALUES( 9850, 1676 );
	INSERT INTO MAP_APP_TAG VALUES( 9850, 3859 );
	INSERT INTO MAP_APP_TAG VALUES( 9850, 4182 );
	INSERT INTO MAP_APP_TAG VALUES( 9850, 1678 );
	INSERT INTO MAP_APP_TAG VALUES( 9850, 1756 );
	INSERT INTO MAP_APP_TAG VALUES( 9850, 4166 );
	INSERT INTO MAP_APP_TAG VALUES( 9850, 7782 );
	INSERT INTO MAP_APP_TAG VALUES( 9850, 1708 );
	INSERT INTO MAP_APP_TAG VALUES( 9850, 5179 );
	INSERT INTO MAP_APP_TAG VALUES( 9850, 1693 );

INSERT INTO APP_TABLE	 VALUES( 42650, 'Transformers¢â:_War_for_Cybertron¢â', 'Become the ultimate weapon. Fight to the end in the war that started it all. Wield an arsenal of lethal, high-tech weaponry and change form from robot to vehicle at any time as you battle through the living, metallic world of Cybertron.', SYSDATE ,-1, '' );
	INSERT INTO MAP_APP_CATEGORY VALUES( 42650, 3 );
	INSERT INTO MAP_APP_CATEGORY VALUES( 42650, 1 );
	INSERT INTO MAP_APP_CATEGORY VALUES( 42650, 16 );

	INSERT INTO MAP_APP_DEVELOPER VALUES( 42650, 378 );

	INSERT INTO MAP_APP_GENRE VALUES( 42650, 1 );

	INSERT INTO MAP_APP_LANG VALUES ( 42650, 2,  'Y', 'N', 'N' );
	INSERT INTO MAP_APP_LANG VALUES ( 42650, 3,  'Y', 'N', 'N' );
	INSERT INTO MAP_APP_LANG VALUES ( 42650, 4,  'Y', 'N', 'N' );
	INSERT INTO MAP_APP_LANG VALUES ( 42650, 6,  'Y', 'N', 'N' );
	INSERT INTO MAP_APP_LANG VALUES ( 42650, 7,  'Y', 'N', 'N' );


	INSERT INTO MAP_APP_TAG VALUES( 42650, 19 );
	INSERT INTO MAP_APP_TAG VALUES( 42650, 1697 );
	INSERT INTO MAP_APP_TAG VALUES( 42650, 3942 );
	INSERT INTO MAP_APP_TAG VALUES( 42650, 5752 );
	INSERT INTO MAP_APP_TAG VALUES( 42650, 3859 );
	INSERT INTO MAP_APP_TAG VALUES( 42650, 3814 );
	INSERT INTO MAP_APP_TAG VALUES( 42650, 1774 );
	INSERT INTO MAP_APP_TAG VALUES( 42650, 4182 );
	INSERT INTO MAP_APP_TAG VALUES( 42650, 1685 );
	INSERT INTO MAP_APP_TAG VALUES( 42650, 21 );
	INSERT INTO MAP_APP_TAG VALUES( 42650, 4821 );
	INSERT INTO MAP_APP_TAG VALUES( 42650, 7481 );
	INSERT INTO MAP_APP_TAG VALUES( 42650, 3843 );
	INSERT INTO MAP_APP_TAG VALUES( 42650, 1695 );

INSERT INTO APP_TABLE	 VALUES( 42670, 'Singularity¢â', 'FIGHT THE PAST TO SAVE THE FUTURE. STOP THE SINGULARITY. Learn the truth behind a massive cover-up of the catastrophic SINGULARITY, an event that fractured time and threatens the world as we know it. Armed with powerful, advanced weaponry and the experimental Time Manipulation Device, fight enemies from the past, the present, and...', SYSDATE ,32000, '' );
	INSERT INTO MAP_APP_CATEGORY VALUES( 42670, 3 );
	INSERT INTO MAP_APP_CATEGORY VALUES( 42670, 1 );

	INSERT INTO MAP_APP_DEVELOPER VALUES( 42670, 16 );

	INSERT INTO MAP_APP_GENRE VALUES( 42670, 1 );

	INSERT INTO MAP_APP_LANG VALUES ( 42670, 2,  'Y', 'N', 'N' );
	INSERT INTO MAP_APP_LANG VALUES ( 42670, 3,  'Y', 'N', 'N' );
	INSERT INTO MAP_APP_LANG VALUES ( 42670, 4,  'Y', 'N', 'N' );
	INSERT INTO MAP_APP_LANG VALUES ( 42670, 6,  'Y', 'N', 'N' );
	INSERT INTO MAP_APP_LANG VALUES ( 42670, 7,  'Y', 'N', 'N' );


	INSERT INTO MAP_APP_TAG VALUES( 42670, 1663 );
	INSERT INTO MAP_APP_TAG VALUES( 42670, 19 );
	INSERT INTO MAP_APP_TAG VALUES( 42670, 3942 );
	INSERT INTO MAP_APP_TAG VALUES( 42670, 6625 );
	INSERT INTO MAP_APP_TAG VALUES( 42670, 4182 );
	INSERT INTO MAP_APP_TAG VALUES( 42670, 4166 );
	INSERT INTO MAP_APP_TAG VALUES( 42670, 1667 );
	INSERT INTO MAP_APP_TAG VALUES( 42670, 1774 );
	INSERT INTO MAP_APP_TAG VALUES( 42670, 3839 );
	INSERT INTO MAP_APP_TAG VALUES( 42670, 4598 );
	INSERT INTO MAP_APP_TAG VALUES( 42670, 10679 );
	INSERT INTO MAP_APP_TAG VALUES( 42670, 21 );
	INSERT INTO MAP_APP_TAG VALUES( 42670, 5796 );
	INSERT INTO MAP_APP_TAG VALUES( 42670, 1742 );
	INSERT INTO MAP_APP_TAG VALUES( 42670, 3859 );
	INSERT INTO MAP_APP_TAG VALUES( 42670, 4345 );
	INSERT INTO MAP_APP_TAG VALUES( 42670, 3978 );

INSERT INTO APP_TABLE	 VALUES( 42680, 'Call_of_Duty¢ç:_Modern_Warfare¢ç_3', 'The best-selling first-person action series of all-time returns with an epic sequel to the multiple GOTY award winner Call of Duty¢ç: Modern Warfare¢ç 2', SYSDATE ,21500, '' );
	INSERT INTO MAP_APP_CATEGORY VALUES( 42680, 3 );
	INSERT INTO MAP_APP_CATEGORY VALUES( 42680, 1 );
	INSERT INTO MAP_APP_CATEGORY VALUES( 42680, 16 );
	INSERT INTO MAP_APP_CATEGORY VALUES( 42680, 4 );
	INSERT INTO MAP_APP_CATEGORY VALUES( 42680, 8 );
	INSERT INTO MAP_APP_CATEGORY VALUES( 42680, 2 );

	INSERT INTO MAP_APP_DEVELOPER VALUES( 42680, 23 );
	INSERT INTO MAP_APP_DEVELOPER VALUES( 42680, 379 );
	INSERT INTO MAP_APP_DEVELOPER VALUES( 42680, 24 );

	INSERT INTO MAP_APP_GENRE VALUES( 42680, 1 );

	INSERT INTO MAP_APP_LANG VALUES ( 42680, 2,  'Y', 'N', 'N' );
	INSERT INTO MAP_APP_LANG VALUES ( 42680, 3,  'Y', 'N', 'N' );
	INSERT INTO MAP_APP_LANG VALUES ( 42680, 4,  'Y', 'N', 'N' );
	INSERT INTO MAP_APP_LANG VALUES ( 42680, 6,  'Y', 'N', 'N' );
	INSERT INTO MAP_APP_LANG VALUES ( 42680, 7,  'Y', 'N', 'N' );

	INSERT INTO MAP_APP_PUBLISHER VALUES( 42680, 24 );

	INSERT INTO MAP_APP_TAG VALUES( 42680, 19 );
	INSERT INTO MAP_APP_TAG VALUES( 42680, 1663 );
	INSERT INTO MAP_APP_TAG VALUES( 42680, 3859 );
	INSERT INTO MAP_APP_TAG VALUES( 42680, 1774 );
	INSERT INTO MAP_APP_TAG VALUES( 42680, 3839 );
	INSERT INTO MAP_APP_TAG VALUES( 42680, 1678 );
	INSERT INTO MAP_APP_TAG VALUES( 42680, 4182 );
	INSERT INTO MAP_APP_TAG VALUES( 42680, 3843 );
	INSERT INTO MAP_APP_TAG VALUES( 42680, 4168 );
	INSERT INTO MAP_APP_TAG VALUES( 42680, 1685 );
	INSERT INTO MAP_APP_TAG VALUES( 42680, 597 );
	INSERT INTO MAP_APP_TAG VALUES( 42680, 1742 );
	INSERT INTO MAP_APP_TAG VALUES( 42680, 1662 );
	INSERT INTO MAP_APP_TAG VALUES( 42680, 1698 );
	INSERT INTO MAP_APP_TAG VALUES( 42680, 7250 );
	INSERT INTO MAP_APP_TAG VALUES( 42680, 21 );
	INSERT INTO MAP_APP_TAG VALUES( 42680, 7481 );
	INSERT INTO MAP_APP_TAG VALUES( 42680, 5350 );
	INSERT INTO MAP_APP_TAG VALUES( 42680, 1659 );
	INSERT INTO MAP_APP_TAG VALUES( 42680, 128 );

INSERT INTO APP_TABLE	 VALUES( 9930, 'Test_Drive_Unlimited_2', 'Test Drive Unlimited 2 transforms the driving genre, adding the persistency, progression and customization of the latest multiplayer games to the auto racing experience. Test Drive Unlimited 2 blends single player and multiplayer experiences seamlessly, creating a dynamic world of evolving content and challenges.', SYSDATE ,21000, '' );
	INSERT INTO MAP_APP_CATEGORY VALUES( 9930, 3 );
	INSERT INTO MAP_APP_CATEGORY VALUES( 9930, 1 );
	INSERT INTO MAP_APP_CATEGORY VALUES( 9930, 16 );
	INSERT INTO MAP_APP_CATEGORY VALUES( 9930, 4 );

	INSERT INTO MAP_APP_DEVELOPER VALUES( 9930, 107 );

	INSERT INTO MAP_APP_GENRE VALUES( 9930, 9 );

	INSERT INTO MAP_APP_LANG VALUES ( 9930, 2,  'Y', 'N', 'N' );
	INSERT INTO MAP_APP_LANG VALUES ( 9930, 3,  'Y', 'N', 'N' );
	INSERT INTO MAP_APP_LANG VALUES ( 9930, 4,  'Y', 'N', 'N' );
	INSERT INTO MAP_APP_LANG VALUES ( 9930, 6,  'Y', 'N', 'N' );
	INSERT INTO MAP_APP_LANG VALUES ( 9930, 7,  'Y', 'N', 'N' );


	INSERT INTO MAP_APP_TAG VALUES( 9930, 699 );
	INSERT INTO MAP_APP_TAG VALUES( 9930, 1695 );
	INSERT INTO MAP_APP_TAG VALUES( 9930, 1644 );
	INSERT INTO MAP_APP_TAG VALUES( 9930, 3859 );
	INSERT INTO MAP_APP_TAG VALUES( 9930, 599 );
	INSERT INTO MAP_APP_TAG VALUES( 9930, 4182 );
	INSERT INTO MAP_APP_TAG VALUES( 9930, 4166 );
	INSERT INTO MAP_APP_TAG VALUES( 9930, 4175 );
	INSERT INTO MAP_APP_TAG VALUES( 9930, 701 );
	INSERT INTO MAP_APP_TAG VALUES( 9930, 3839 );
	INSERT INTO MAP_APP_TAG VALUES( 9930, 3810 );
	INSERT INTO MAP_APP_TAG VALUES( 9930, 128 );
	INSERT INTO MAP_APP_TAG VALUES( 9930, 1685 );
	INSERT INTO MAP_APP_TAG VALUES( 9930, 1773 );
	INSERT INTO MAP_APP_TAG VALUES( 9930, 19 );
	INSERT INTO MAP_APP_TAG VALUES( 9930, 21 );

INSERT INTO APP_TABLE	 VALUES( 42700, 'Call_of_Duty¢ç:_Black_Ops', 'The biggest first-person action series of all time and the follow-up to critically acclaimed Call of Duty¢ç: Modern Warfare 2 returns with Call of Duty¢ç: Black Ops.', SYSDATE ,43000, '' );
	INSERT INTO MAP_APP_CATEGORY VALUES( 42700, 3 );
	INSERT INTO MAP_APP_CATEGORY VALUES( 42700, 1 );
	INSERT INTO MAP_APP_CATEGORY VALUES( 42700, 16 );
	INSERT INTO MAP_APP_CATEGORY VALUES( 42700, 4 );
	INSERT INTO MAP_APP_CATEGORY VALUES( 42700, 7 );
	INSERT INTO MAP_APP_CATEGORY VALUES( 42700, 2 );

	INSERT INTO MAP_APP_DEVELOPER VALUES( 42700, 112 );

	INSERT INTO MAP_APP_GENRE VALUES( 42700, 1 );

	INSERT INTO MAP_APP_LANG VALUES ( 42700, 2,  'Y', 'N', 'N' );
	INSERT INTO MAP_APP_LANG VALUES ( 42700, 3,  'Y', 'N', 'N' );
	INSERT INTO MAP_APP_LANG VALUES ( 42700, 4,  'Y', 'N', 'N' );
	INSERT INTO MAP_APP_LANG VALUES ( 42700, 6,  'Y', 'N', 'N' );
	INSERT INTO MAP_APP_LANG VALUES ( 42700, 7,  'Y', 'N', 'N' );


	INSERT INTO MAP_APP_TAG VALUES( 42700, 19 );
	INSERT INTO MAP_APP_TAG VALUES( 42700, 1663 );
	INSERT INTO MAP_APP_TAG VALUES( 42700, 1659 );
	INSERT INTO MAP_APP_TAG VALUES( 42700, 3859 );
	INSERT INTO MAP_APP_TAG VALUES( 42700, 1774 );
	INSERT INTO MAP_APP_TAG VALUES( 42700, 5179 );
	INSERT INTO MAP_APP_TAG VALUES( 42700, 4182 );
	INSERT INTO MAP_APP_TAG VALUES( 42700, 3839 );
	INSERT INTO MAP_APP_TAG VALUES( 42700, 1678 );
	INSERT INTO MAP_APP_TAG VALUES( 42700, 4168 );
	INSERT INTO MAP_APP_TAG VALUES( 42700, 3843 );
	INSERT INTO MAP_APP_TAG VALUES( 42700, 1685 );
	INSERT INTO MAP_APP_TAG VALUES( 42700, 21 );
	INSERT INTO MAP_APP_TAG VALUES( 42700, 4345 );
	INSERT INTO MAP_APP_TAG VALUES( 42700, 1742 );
	INSERT INTO MAP_APP_TAG VALUES( 42700, 7481 );
	INSERT INTO MAP_APP_TAG VALUES( 42700, 7250 );
	INSERT INTO MAP_APP_TAG VALUES( 42700, 128 );
	INSERT INTO MAP_APP_TAG VALUES( 42700, 1667 );
	INSERT INTO MAP_APP_TAG VALUES( 42700, 1698 );

INSERT INTO APP_TABLE	 VALUES( 9940, 'Blade_Kitten', 'In Blade Kitten, join Kit Ballard as she explores the mysterious world of Hollow Wish to hunt down rogue mechs and soft targets.', SYSDATE ,3300, '' );
	INSERT INTO MAP_APP_CATEGORY VALUES( 9940, 3 );
	INSERT INTO MAP_APP_CATEGORY VALUES( 9940, 4 );
	INSERT INTO MAP_APP_CATEGORY VALUES( 9940, 5 );
	INSERT INTO MAP_APP_CATEGORY VALUES( 9940, 7 );
	INSERT INTO MAP_APP_CATEGORY VALUES( 9940, 8 );

	INSERT INTO MAP_APP_DEVELOPER VALUES( 9940, 108 );

	INSERT INTO MAP_APP_GENRE VALUES( 9940, 1 );
	INSERT INTO MAP_APP_GENRE VALUES( 9940, 3 );

	INSERT INTO MAP_APP_LANG VALUES ( 9940, 2,  'Y', 'Y', 'Y' );
	INSERT INTO MAP_APP_LANG VALUES ( 9940, 3,  'Y', 'N', 'Y' );
	INSERT INTO MAP_APP_LANG VALUES ( 9940, 4,  'Y', 'N', 'Y' );
	INSERT INTO MAP_APP_LANG VALUES ( 9940, 6,  'Y', 'N', 'Y' );
	INSERT INTO MAP_APP_LANG VALUES ( 9940, 7,  'Y', 'N', 'Y' );

	INSERT INTO MAP_APP_PUBLISHER VALUES( 9940, 108 );

	INSERT INTO MAP_APP_TAG VALUES( 9940, 4085 );
	INSERT INTO MAP_APP_TAG VALUES( 9940, 1625 );
	INSERT INTO MAP_APP_TAG VALUES( 9940, 19 );
	INSERT INTO MAP_APP_TAG VALUES( 9940, 7208 );
	INSERT INTO MAP_APP_TAG VALUES( 9940, 21 );
	INSERT INTO MAP_APP_TAG VALUES( 9940, 4182 );
	INSERT INTO MAP_APP_TAG VALUES( 9940, 492 );
	INSERT INTO MAP_APP_TAG VALUES( 9940, 3942 );
	INSERT INTO MAP_APP_TAG VALUES( 9940, 1646 );
	INSERT INTO MAP_APP_TAG VALUES( 9940, 1684 );
	INSERT INTO MAP_APP_TAG VALUES( 9940, 4726 );

INSERT INTO APP_TABLE	 VALUES( 9960, 'Haunted_House¢â', 'Dare to be scared! After 30 years, Atari''s classic groundbreaking game is back - with all-new scream-worthy chills and thrills!', SYSDATE ,6500, '' );
	INSERT INTO MAP_APP_CATEGORY VALUES( 9960, 3 );
	INSERT INTO MAP_APP_CATEGORY VALUES( 9960, 7 );

	INSERT INTO MAP_APP_DEVELOPER VALUES( 9960, 109 );

	INSERT INTO MAP_APP_GENRE VALUES( 9960, 3 );

	INSERT INTO MAP_APP_LANG VALUES ( 9960, 2,  'Y', 'N', 'N' );
	INSERT INTO MAP_APP_LANG VALUES ( 9960, 4,  'Y', 'N', 'N' );
	INSERT INTO MAP_APP_LANG VALUES ( 9960, 6,  'Y', 'N', 'N' );


	INSERT INTO MAP_APP_TAG VALUES( 9960, 21 );

INSERT INTO APP_TABLE	 VALUES( 9970, 'Star_Raiders', 'Engage in epic dogfights and aerial assaults against the onslaught of the evil Zylons.', SYSDATE ,10500, '' );
	INSERT INTO MAP_APP_CATEGORY VALUES( 9970, 3 );
	INSERT INTO MAP_APP_CATEGORY VALUES( 9970, 7 );

	INSERT INTO MAP_APP_DEVELOPER VALUES( 9970, 110 );

	INSERT INTO MAP_APP_GENRE VALUES( 9970, 1 );

	INSERT INTO MAP_APP_LANG VALUES ( 9970, 2,  'Y', 'N', 'N' );
	INSERT INTO MAP_APP_LANG VALUES ( 9970, 4,  'Y', 'N', 'N' );
	INSERT INTO MAP_APP_LANG VALUES ( 9970, 6,  'Y', 'N', 'N' );


	INSERT INTO MAP_APP_TAG VALUES( 9970, 19 );
	INSERT INTO MAP_APP_TAG VALUES( 9970, 1755 );

INSERT INTO APP_TABLE	 VALUES( 9980, 'The_UnderGarden', 'The UnderGarden is a casual Zen game that challenges players to explore beautiful underground caverns filled with strange life forms, sound, music and plenty of hidden secrets. Casual gamers with an affinity towards puzzle games will enjoy The UnderGarden¡¯s modern exploration quest filled with brain teasing games that combine state of...', SYSDATE ,7500, '' );
	INSERT INTO MAP_APP_CATEGORY VALUES( 9980, 3 );

	INSERT INTO MAP_APP_DEVELOPER VALUES( 9980, 111 );

	INSERT INTO MAP_APP_GENRE VALUES( 9980, 7 );

	INSERT INTO MAP_APP_LANG VALUES ( 9980, 2,  'Y', 'N', 'N' );
	INSERT INTO MAP_APP_LANG VALUES ( 9980, 4,  'Y', 'N', 'N' );
	INSERT INTO MAP_APP_LANG VALUES ( 9980, 6,  'Y', 'N', 'N' );


	INSERT INTO MAP_APP_TAG VALUES( 9980, 597 );
	INSERT INTO MAP_APP_TAG VALUES( 9980, 1664 );
	INSERT INTO MAP_APP_TAG VALUES( 9980, 1654 );
	INSERT INTO MAP_APP_TAG VALUES( 9980, 3834 );

INSERT INTO APP_TABLE	 VALUES( 42810, 'For_The_Glory:_A_Europa_Universalis_Game', 'Take up the reigns of your country, guide domestic and foreign policy, navigate thousands of historical events, engage in various struggles and lead your country to prosperity ? all in the name of glory!', SYSDATE ,10500, '' );
	INSERT INTO MAP_APP_CATEGORY VALUES( 42810, 3 );
	INSERT INTO MAP_APP_CATEGORY VALUES( 42810, 1 );

	INSERT INTO MAP_APP_DEVELOPER VALUES( 42810, 380 );

	INSERT INTO MAP_APP_GENRE VALUES( 42810, 5 );

	INSERT INTO MAP_APP_LANG VALUES ( 42810, 2,  'Y', 'N', 'N' );


	INSERT INTO MAP_APP_TAG VALUES( 42810, 9 );
	INSERT INTO MAP_APP_TAG VALUES( 42810, 4364 );

INSERT INTO APP_TABLE	 VALUES( 42850, 'Arsenal_of_Democracy:_A_Hearts_of_Iron_Game', 'Taking place from 1936-64, Arsenal of Democracy lets you play as any nation during the era of WW2, complete with detailed models for economics, diplomacy, research, and intelligence. Warfare is also fully represented with all three branches of operations: land, sea, and air.', SYSDATE ,10500, '' );
	INSERT INTO MAP_APP_CATEGORY VALUES( 42850, 3 );
	INSERT INTO MAP_APP_CATEGORY VALUES( 42850, 1 );

	INSERT INTO MAP_APP_DEVELOPER VALUES( 42850, 381 );

	INSERT INTO MAP_APP_GENRE VALUES( 42850, 5 );

	INSERT INTO MAP_APP_LANG VALUES ( 42850, 2,  'Y', 'N', 'N' );


	INSERT INTO MAP_APP_TAG VALUES( 42850, 9 );
	INSERT INTO MAP_APP_TAG VALUES( 42850, 4364 );
	INSERT INTO MAP_APP_TAG VALUES( 42850, 4150 );

INSERT INTO APP_TABLE	 VALUES( 10090, 'Call_of_Duty:_World_at_War', 'Call of Duty is back, redefining war like you''ve never experienced before. Building on the Call of Duty 4¢ç: Modern Warfare engine, Call of Duty: World at War immerses players into the most gritty and chaotic WWII combat ever experienced.', SYSDATE ,21000, '' );
	INSERT INTO MAP_APP_CATEGORY VALUES( 10090, 3 );
	INSERT INTO MAP_APP_CATEGORY VALUES( 10090, 1 );
	INSERT INTO MAP_APP_CATEGORY VALUES( 10090, 16 );

	INSERT INTO MAP_APP_DEVELOPER VALUES( 10090, 112 );

	INSERT INTO MAP_APP_GENRE VALUES( 10090, 1 );

	INSERT INTO MAP_APP_LANG VALUES ( 10090, 2,  'Y', 'N', 'N' );
	INSERT INTO MAP_APP_LANG VALUES ( 10090, 3,  'Y', 'N', 'N' );
	INSERT INTO MAP_APP_LANG VALUES ( 10090, 4,  'Y', 'N', 'N' );
	INSERT INTO MAP_APP_LANG VALUES ( 10090, 6,  'Y', 'N', 'N' );
	INSERT INTO MAP_APP_LANG VALUES ( 10090, 7,  'Y', 'N', 'N' );


	INSERT INTO MAP_APP_TAG VALUES( 10090, 1659 );
	INSERT INTO MAP_APP_TAG VALUES( 10090, 4150 );
	INSERT INTO MAP_APP_TAG VALUES( 10090, 1663 );
	INSERT INTO MAP_APP_TAG VALUES( 10090, 19 );
	INSERT INTO MAP_APP_TAG VALUES( 10090, 3859 );
	INSERT INTO MAP_APP_TAG VALUES( 10090, 1774 );
	INSERT INTO MAP_APP_TAG VALUES( 10090, 1669 );
	INSERT INTO MAP_APP_TAG VALUES( 10090, 1685 );
	INSERT INTO MAP_APP_TAG VALUES( 10090, 3839 );
	INSERT INTO MAP_APP_TAG VALUES( 10090, 4182 );
	INSERT INTO MAP_APP_TAG VALUES( 10090, 1678 );
	INSERT INTO MAP_APP_TAG VALUES( 10090, 3843 );
	INSERT INTO MAP_APP_TAG VALUES( 10090, 4345 );
	INSERT INTO MAP_APP_TAG VALUES( 10090, 3987 );
	INSERT INTO MAP_APP_TAG VALUES( 10090, 1662 );
	INSERT INTO MAP_APP_TAG VALUES( 10090, 1693 );
	INSERT INTO MAP_APP_TAG VALUES( 10090, 13276 );
	INSERT INTO MAP_APP_TAG VALUES( 10090, 1756 );
	INSERT INTO MAP_APP_TAG VALUES( 10090, 21 );
	INSERT INTO MAP_APP_TAG VALUES( 10090, 1667 );

INSERT INTO APP_TABLE	 VALUES( 10100, 'King''s_Quest¢â_Collection', 'Seven classic games in one collection. Celebrate the golden age of adventure games all over again with the return of King''s Quest.The bravest knight in all of Daventry, Sir Graham, is appointed by the dying king to embark on a Quest for the Crown.', SYSDATE ,22410, '' );
	INSERT INTO MAP_APP_CATEGORY VALUES( 10100, 3 );

	INSERT INTO MAP_APP_DEVELOPER VALUES( 10100, 113 );

	INSERT INTO MAP_APP_GENRE VALUES( 10100, 3 );

	INSERT INTO MAP_APP_LANG VALUES ( 10100, 2,  'Y', 'N', 'N' );


	INSERT INTO MAP_APP_TAG VALUES( 10100, 21 );
	INSERT INTO MAP_APP_TAG VALUES( 10100, 1698 );
	INSERT INTO MAP_APP_TAG VALUES( 10100, 1693 );
	INSERT INTO MAP_APP_TAG VALUES( 10100, 1684 );
	INSERT INTO MAP_APP_TAG VALUES( 10100, 4004 );
	INSERT INTO MAP_APP_TAG VALUES( 10100, 3964 );
	INSERT INTO MAP_APP_TAG VALUES( 10100, 6691 );
	INSERT INTO MAP_APP_TAG VALUES( 10100, 7743 );
	INSERT INTO MAP_APP_TAG VALUES( 10100, 7208 );

INSERT INTO APP_TABLE	 VALUES( 10110, 'Space_Quest¢â_Collection', 'Experience a blast from the past with the complete, completely twisted Space Quest Collection.', SYSDATE ,21000, '' );
	INSERT INTO MAP_APP_CATEGORY VALUES( 10110, 3 );

	INSERT INTO MAP_APP_DEVELOPER VALUES( 10110, 113 );

	INSERT INTO MAP_APP_GENRE VALUES( 10110, 3 );

	INSERT INTO MAP_APP_LANG VALUES ( 10110, 2,  'Y', 'N', 'N' );


	INSERT INTO MAP_APP_TAG VALUES( 10110, 21 );
	INSERT INTO MAP_APP_TAG VALUES( 10110, 1698 );
	INSERT INTO MAP_APP_TAG VALUES( 10110, 1693 );
	INSERT INTO MAP_APP_TAG VALUES( 10110, 1719 );
	INSERT INTO MAP_APP_TAG VALUES( 10110, 3942 );
	INSERT INTO MAP_APP_TAG VALUES( 10110, 1755 );
	INSERT INTO MAP_APP_TAG VALUES( 10110, 4004 );
	INSERT INTO MAP_APP_TAG VALUES( 10110, 3964 );
	INSERT INTO MAP_APP_TAG VALUES( 10110, 6691 );
	INSERT INTO MAP_APP_TAG VALUES( 10110, 7743 );
	INSERT INTO MAP_APP_TAG VALUES( 10110, 1697 );

INSERT INTO APP_TABLE	 VALUES( 10120, 'Aces_of_the_Galaxy¢â', '3, 2, 1 Blast-Off! Launch yourself into the intense space-shooter Aces of the Galaxy¢â ? A non-stop, old-school arcade thrill-ride for the 21st century and beyond. Utilize an impressive arsenal of upgradeable weapons including high powered missile launchers, devastating torpedoes and the ever-reliant chain gun to annihilate the...', SYSDATE ,10500, '' );
	INSERT INTO MAP_APP_CATEGORY VALUES( 10120, 3 );

	INSERT INTO MAP_APP_DEVELOPER VALUES( 10120, 111 );

	INSERT INTO MAP_APP_GENRE VALUES( 10120, 1 );
	INSERT INTO MAP_APP_GENRE VALUES( 10120, 7 );

	INSERT INTO MAP_APP_LANG VALUES ( 10120, 2,  'Y', 'N', 'N' );
	INSERT INTO MAP_APP_LANG VALUES ( 10120, 3,  'Y', 'N', 'N' );
	INSERT INTO MAP_APP_LANG VALUES ( 10120, 4,  'Y', 'N', 'N' );
	INSERT INTO MAP_APP_LANG VALUES ( 10120, 6,  'Y', 'N', 'N' );
	INSERT INTO MAP_APP_LANG VALUES ( 10120, 7,  'Y', 'N', 'N' );


	INSERT INTO MAP_APP_TAG VALUES( 10120, 19 );
	INSERT INTO MAP_APP_TAG VALUES( 10120, 597 );
	INSERT INTO MAP_APP_TAG VALUES( 10120, 1755 );
	INSERT INTO MAP_APP_TAG VALUES( 10120, 56690 );

INSERT INTO APP_TABLE	 VALUES( 42890, 'Sword_of_the_Stars:_Complete_Collection', 'Sword of the Stars: Complete Collection is the original Sword of the Stars games and the three expansions Born of Blood, A Murder of Crows and Argos Naval Yard. It is the year 2405, and human scientists have discovered a new technology that allows travel from star to star at speeds faster than light.', SYSDATE ,-1, '' );
	INSERT INTO MAP_APP_CATEGORY VALUES( 42890, 3 );
	INSERT INTO MAP_APP_CATEGORY VALUES( 42890, 1 );
	INSERT INTO MAP_APP_CATEGORY VALUES( 42890, 19 );

	INSERT INTO MAP_APP_DEVELOPER VALUES( 42890, 382 );

	INSERT INTO MAP_APP_GENRE VALUES( 42890, 5 );

	INSERT INTO MAP_APP_LANG VALUES ( 42890, 2,  'Y', 'N', 'N' );


	INSERT INTO MAP_APP_TAG VALUES( 42890, 9 );
	INSERT INTO MAP_APP_TAG VALUES( 42890, 1670 );
	INSERT INTO MAP_APP_TAG VALUES( 42890, 1755 );
	INSERT INTO MAP_APP_TAG VALUES( 42890, 3942 );
	INSERT INTO MAP_APP_TAG VALUES( 42890, 1677 );
	INSERT INTO MAP_APP_TAG VALUES( 42890, 4182 );
	INSERT INTO MAP_APP_TAG VALUES( 42890, 3859 );
	INSERT INTO MAP_APP_TAG VALUES( 42890, 1741 );

INSERT INTO APP_TABLE	 VALUES( 10130, 'TimeShift¢â', 'Master time to become the ultimate weapon! Dr. Aiden Krone has made a Time Jump across the space-time continuum - a reckless act with frightening consequences. Now, a disturbing alternate reality has evolved within the bleak and rain-soaked Alpha District.', SYSDATE ,21000, '' );
	INSERT INTO MAP_APP_CATEGORY VALUES( 10130, 3 );
	INSERT INTO MAP_APP_CATEGORY VALUES( 10130, 1 );

	INSERT INTO MAP_APP_DEVELOPER VALUES( 10130, 114 );

	INSERT INTO MAP_APP_GENRE VALUES( 10130, 1 );

	INSERT INTO MAP_APP_LANG VALUES ( 10130, 2,  'Y', 'N', 'N' );


	INSERT INTO MAP_APP_TAG VALUES( 10130, 19 );
	INSERT INTO MAP_APP_TAG VALUES( 10130, 1663 );
	INSERT INTO MAP_APP_TAG VALUES( 10130, 6625 );
	INSERT INTO MAP_APP_TAG VALUES( 10130, 3942 );
	INSERT INTO MAP_APP_TAG VALUES( 10130, 3839 );
	INSERT INTO MAP_APP_TAG VALUES( 10130, 1774 );
	INSERT INTO MAP_APP_TAG VALUES( 10130, 4166 );
	INSERT INTO MAP_APP_TAG VALUES( 10130, 4182 );
	INSERT INTO MAP_APP_TAG VALUES( 10130, 5796 );
	INSERT INTO MAP_APP_TAG VALUES( 10130, 3859 );
	INSERT INTO MAP_APP_TAG VALUES( 10130, 1693 );
	INSERT INTO MAP_APP_TAG VALUES( 10130, 4295 );
	INSERT INTO MAP_APP_TAG VALUES( 10130, 10679 );

INSERT INTO APP_TABLE	 VALUES( 42900, 'Hearts_of_Iron_III:_Semper_Fi', 'It¡¯s time to dust off the field marshal''s baton and take command of any nation in World War II; the largest conflict in history. The first expansion to the critically acclaimed Hearts of Iron III lets you take charge - or delegate - at any level, from division to nation, through a variety of scenarios.', SYSDATE ,5500, '' );
	INSERT INTO MAP_APP_CATEGORY VALUES( 42900, 1 );
	INSERT INTO MAP_APP_CATEGORY VALUES( 42900, 16 );

	INSERT INTO MAP_APP_DEVELOPER VALUES( 42900, 227 );

	INSERT INTO MAP_APP_GENRE VALUES( 42900, 5 );

	INSERT INTO MAP_APP_LANG VALUES ( 42900, 2,  'Y', 'N', 'N' );


	INSERT INTO MAP_APP_TAG VALUES( 42900, 9 );
	INSERT INTO MAP_APP_TAG VALUES( 42900, 4364 );
	INSERT INTO MAP_APP_TAG VALUES( 42900, 4150 );

INSERT INTO APP_TABLE	 VALUES( 10140, '3D_Ultra¢â_Minigolf_Adventures', 'Whether you''re a seasoned player or just a beginner, get ready to tee off for a quick and fun match with four animated stylish characters. Putt your way through 36 fun-filled holes of minigolf on 3D designed courses with elevated greens, bunkers, bridges and water hazards, among other crazy obstacles.', SYSDATE ,10500, '' );
	INSERT INTO MAP_APP_CATEGORY VALUES( 10140, 3 );

	INSERT INTO MAP_APP_DEVELOPER VALUES( 10140, 115 );

	INSERT INTO MAP_APP_GENRE VALUES( 10140, 11 );

	INSERT INTO MAP_APP_LANG VALUES ( 10140, 2,  'Y', 'N', 'N' );
	INSERT INTO MAP_APP_LANG VALUES ( 10140, 3,  'Y', 'N', 'N' );
	INSERT INTO MAP_APP_LANG VALUES ( 10140, 4,  'Y', 'N', 'N' );
	INSERT INTO MAP_APP_LANG VALUES ( 10140, 6,  'Y', 'N', 'N' );
	INSERT INTO MAP_APP_LANG VALUES ( 10140, 7,  'Y', 'N', 'N' );


	INSERT INTO MAP_APP_TAG VALUES( 10140, 701 );
	INSERT INTO MAP_APP_TAG VALUES( 10140, 22955 );
	INSERT INTO MAP_APP_TAG VALUES( 10140, 7038 );

INSERT INTO APP_TABLE	 VALUES( 42910, 'Magicka', 'Magicka is a satirical action-adventure game set in a rich fantasy world based on Norse mythology. The player assumes the role of a wizard from a sacred order tasked with stopping an evil sorcerer who has thrown the world into turmoil, his foul creations besieging the forces of good.', SYSDATE ,10500, '' );
	INSERT INTO MAP_APP_CATEGORY VALUES( 42910, 3 );
	INSERT INTO MAP_APP_CATEGORY VALUES( 42910, 1 );
	INSERT INTO MAP_APP_CATEGORY VALUES( 42910, 16 );
	INSERT INTO MAP_APP_CATEGORY VALUES( 42910, 21 );
	INSERT INTO MAP_APP_CATEGORY VALUES( 42910, 4 );
	INSERT INTO MAP_APP_CATEGORY VALUES( 42910, 17 );
	INSERT INTO MAP_APP_CATEGORY VALUES( 42910, 5 );
	INSERT INTO MAP_APP_CATEGORY VALUES( 42910, 18 );

	INSERT INTO MAP_APP_DEVELOPER VALUES( 42910, 383 );

	INSERT INTO MAP_APP_GENRE VALUES( 42910, 1 );
	INSERT INTO MAP_APP_GENRE VALUES( 42910, 6 );

	INSERT INTO MAP_APP_LANG VALUES ( 42910, 2,  'Y', 'N', 'N' );
	INSERT INTO MAP_APP_LANG VALUES ( 42910, 3,  'Y', 'N', 'N' );
	INSERT INTO MAP_APP_LANG VALUES ( 42910, 9,  'Y', 'N', 'N' );
	INSERT INTO MAP_APP_LANG VALUES ( 42910, 4,  'Y', 'N', 'N' );
	INSERT INTO MAP_APP_LANG VALUES ( 42910, 10,  'Y', 'N', 'N' );
	INSERT INTO MAP_APP_LANG VALUES ( 42910, 6,  'Y', 'N', 'N' );
	INSERT INTO MAP_APP_LANG VALUES ( 42910, 7,  'Y', 'N', 'N' );


	INSERT INTO MAP_APP_TAG VALUES( 42910, 1719 );
	INSERT INTO MAP_APP_TAG VALUES( 42910, 19 );
	INSERT INTO MAP_APP_TAG VALUES( 42910, 1685 );
	INSERT INTO MAP_APP_TAG VALUES( 42910, 1684 );
	INSERT INTO MAP_APP_TAG VALUES( 42910, 122 );
	INSERT INTO MAP_APP_TAG VALUES( 42910, 3859 );
	INSERT INTO MAP_APP_TAG VALUES( 42910, 3843 );
	INSERT INTO MAP_APP_TAG VALUES( 42910, 21 );
	INSERT INTO MAP_APP_TAG VALUES( 42910, 4057 );
	INSERT INTO MAP_APP_TAG VALUES( 42910, 4136 );
	INSERT INTO MAP_APP_TAG VALUES( 42910, 3841 );
	INSERT INTO MAP_APP_TAG VALUES( 42910, 4840 );
	INSERT INTO MAP_APP_TAG VALUES( 42910, 492 );
	INSERT INTO MAP_APP_TAG VALUES( 42910, 4026 );
	INSERT INTO MAP_APP_TAG VALUES( 42910, 7368 );
	INSERT INTO MAP_APP_TAG VALUES( 42910, 4182 );
	INSERT INTO MAP_APP_TAG VALUES( 42910, 5711 );
	INSERT INTO MAP_APP_TAG VALUES( 42910, 4231 );
	INSERT INTO MAP_APP_TAG VALUES( 42910, 9 );
	INSERT INTO MAP_APP_TAG VALUES( 42910, 1773 );

INSERT INTO APP_TABLE	 VALUES( 10150, 'Prototype¢â', 'You are the Prototype, Alex Mercer, a man without memory armed with amazing shape-shifting abilities, hunting your way to the heart of the conspiracy which created you; making those responsible pay. Fast & Deadly Shape-Shifting Combat: Reconfigure your body to the situation at hand.', SYSDATE ,32000, '' );
	INSERT INTO MAP_APP_CATEGORY VALUES( 10150, 3 );

	INSERT INTO MAP_APP_DEVELOPER VALUES( 10150, 116 );

	INSERT INTO MAP_APP_GENRE VALUES( 10150, 1 );
	INSERT INTO MAP_APP_GENRE VALUES( 10150, 3 );

	INSERT INTO MAP_APP_LANG VALUES ( 10150, 2,  'Y', 'N', 'N' );
	INSERT INTO MAP_APP_LANG VALUES ( 10150, 3,  'Y', 'N', 'N' );
	INSERT INTO MAP_APP_LANG VALUES ( 10150, 4,  'Y', 'N', 'N' );
	INSERT INTO MAP_APP_LANG VALUES ( 10150, 7,  'Y', 'N', 'N' );


	INSERT INTO MAP_APP_TAG VALUES( 10150, 19 );
	INSERT INTO MAP_APP_TAG VALUES( 10150, 1695 );
	INSERT INTO MAP_APP_TAG VALUES( 10150, 21 );
	INSERT INTO MAP_APP_TAG VALUES( 10150, 1697 );
	INSERT INTO MAP_APP_TAG VALUES( 10150, 4345 );
	INSERT INTO MAP_APP_TAG VALUES( 10150, 4182 );
	INSERT INTO MAP_APP_TAG VALUES( 10150, 4036 );
	INSERT INTO MAP_APP_TAG VALUES( 10150, 1671 );
	INSERT INTO MAP_APP_TAG VALUES( 10150, 1659 );
	INSERT INTO MAP_APP_TAG VALUES( 10150, 1646 );
	INSERT INTO MAP_APP_TAG VALUES( 10150, 4106 );
	INSERT INTO MAP_APP_TAG VALUES( 10150, 4667 );
	INSERT INTO MAP_APP_TAG VALUES( 10150, 3942 );
	INSERT INTO MAP_APP_TAG VALUES( 10150, 3810 );
	INSERT INTO MAP_APP_TAG VALUES( 10150, 1742 );
	INSERT INTO MAP_APP_TAG VALUES( 10150, 1687 );
	INSERT INTO MAP_APP_TAG VALUES( 10150, 122 );
	INSERT INTO MAP_APP_TAG VALUES( 10150, 4166 );
	INSERT INTO MAP_APP_TAG VALUES( 10150, 7481 );
	INSERT INTO MAP_APP_TAG VALUES( 10150, 1667 );

INSERT INTO APP_TABLE	 VALUES( 42920, 'The_Kings''_Crusade', 'The crowned heads of Europe launch a military campaign to conquer the Holy Land. The time has come to assemble your armies and take back the land!', SYSDATE ,10500, '' );
	INSERT INTO MAP_APP_CATEGORY VALUES( 42920, 3 );
	INSERT INTO MAP_APP_CATEGORY VALUES( 42920, 1 );

	INSERT INTO MAP_APP_DEVELOPER VALUES( 42920, 384 );

	INSERT INTO MAP_APP_GENRE VALUES( 42920, 5 );

	INSERT INTO MAP_APP_LANG VALUES ( 42920, 2,  'Y', 'N', 'N' );


	INSERT INTO MAP_APP_TAG VALUES( 42920, 9 );
	INSERT INTO MAP_APP_TAG VALUES( 42920, 4172 );

INSERT INTO APP_TABLE	 VALUES( 42930, 'Elven_Legacy:_Magic', 'The era of Elven Legacy is coming to an end. The relentless wave of demonic magical energy triggered by the death of the demon Farrakh has swept the world and has now reached the free city of Sylent. Powerless, the Masters of the Academy of Magic are being driven insane.', SYSDATE ,2200, '' );
	INSERT INTO MAP_APP_CATEGORY VALUES( 42930, 3 );
	INSERT INTO MAP_APP_CATEGORY VALUES( 42930, 8 );

	INSERT INTO MAP_APP_DEVELOPER VALUES( 42930, 257 );

	INSERT INTO MAP_APP_GENRE VALUES( 42930, 5 );

	INSERT INTO MAP_APP_LANG VALUES ( 42930, 2,  'Y', 'N', 'N' );
	INSERT INTO MAP_APP_LANG VALUES ( 42930, 9,  'Y', 'N', 'N' );

	INSERT INTO MAP_APP_PUBLISHER VALUES( 42930, 32 );

	INSERT INTO MAP_APP_TAG VALUES( 42930, 9 );

INSERT INTO APP_TABLE	 VALUES( 42940, 'Elven_Legacy:_Siege', 'Several months have passed since the return of the Order of Marcus from exile to the continent and their founding of the kingdom of New Tixus in this, the second official Expansion to the epic Fantasy Strategy game Elven Legacy.', SYSDATE ,2200, '' );
	INSERT INTO MAP_APP_CATEGORY VALUES( 42940, 3 );
	INSERT INTO MAP_APP_CATEGORY VALUES( 42940, 8 );

	INSERT INTO MAP_APP_DEVELOPER VALUES( 42940, 257 );

	INSERT INTO MAP_APP_GENRE VALUES( 42940, 5 );

	INSERT INTO MAP_APP_LANG VALUES ( 42940, 2,  'Y', 'N', 'N' );
	INSERT INTO MAP_APP_LANG VALUES ( 42940, 9,  'Y', 'N', 'N' );

	INSERT INTO MAP_APP_PUBLISHER VALUES( 42940, 32 );

	INSERT INTO MAP_APP_TAG VALUES( 42940, 9 );

INSERT INTO APP_TABLE	 VALUES( 10180, 'Call_of_Duty¢ç:_Modern_Warfare¢ç_2', 'The most-anticipated game of the year and the sequel to the best-selling first-person action game of all time, Modern Warfare 2 continues the gripping and heart-racing action as players face off against a new threat dedicated to bringing the world to the brink of collapse.', SYSDATE ,21000, '' );
	INSERT INTO MAP_APP_CATEGORY VALUES( 10180, 3 );
	INSERT INTO MAP_APP_CATEGORY VALUES( 10180, 1 );
	INSERT INTO MAP_APP_CATEGORY VALUES( 10180, 16 );
	INSERT INTO MAP_APP_CATEGORY VALUES( 10180, 4 );
	INSERT INTO MAP_APP_CATEGORY VALUES( 10180, 8 );
	INSERT INTO MAP_APP_CATEGORY VALUES( 10180, 2 );

	INSERT INTO MAP_APP_DEVELOPER VALUES( 10180, 23 );
	INSERT INTO MAP_APP_DEVELOPER VALUES( 10180, 24 );

	INSERT INTO MAP_APP_GENRE VALUES( 10180, 1 );

	INSERT INTO MAP_APP_LANG VALUES ( 10180, 2,  'Y', 'N', 'N' );
	INSERT INTO MAP_APP_LANG VALUES ( 10180, 3,  'Y', 'N', 'N' );
	INSERT INTO MAP_APP_LANG VALUES ( 10180, 4,  'Y', 'N', 'N' );
	INSERT INTO MAP_APP_LANG VALUES ( 10180, 6,  'Y', 'N', 'N' );
	INSERT INTO MAP_APP_LANG VALUES ( 10180, 7,  'Y', 'N', 'N' );

	INSERT INTO MAP_APP_PUBLISHER VALUES( 10180, 24 );

	INSERT INTO MAP_APP_TAG VALUES( 10180, 19 );
	INSERT INTO MAP_APP_TAG VALUES( 10180, 1663 );
	INSERT INTO MAP_APP_TAG VALUES( 10180, 3859 );
	INSERT INTO MAP_APP_TAG VALUES( 10180, 1774 );
	INSERT INTO MAP_APP_TAG VALUES( 10180, 3839 );
	INSERT INTO MAP_APP_TAG VALUES( 10180, 4182 );
	INSERT INTO MAP_APP_TAG VALUES( 10180, 1678 );
	INSERT INTO MAP_APP_TAG VALUES( 10180, 1685 );
	INSERT INTO MAP_APP_TAG VALUES( 10180, 4168 );
	INSERT INTO MAP_APP_TAG VALUES( 10180, 3843 );
	INSERT INTO MAP_APP_TAG VALUES( 10180, 1775 );
	INSERT INTO MAP_APP_TAG VALUES( 10180, 1756 );
	INSERT INTO MAP_APP_TAG VALUES( 10180, 21 );
	INSERT INTO MAP_APP_TAG VALUES( 10180, 1742 );
	INSERT INTO MAP_APP_TAG VALUES( 10180, 4166 );
	INSERT INTO MAP_APP_TAG VALUES( 10180, 7250 );
	INSERT INTO MAP_APP_TAG VALUES( 10180, 1708 );
	INSERT INTO MAP_APP_TAG VALUES( 10180, 9 );
	INSERT INTO MAP_APP_TAG VALUES( 10180, 1669 );
	INSERT INTO MAP_APP_TAG VALUES( 10180, 1659 );

INSERT INTO APP_TABLE	 VALUES( 42950, 'Elven_Legacy:_Ranger', 'First addon for Elven Legacy wargame.', SYSDATE ,2200, '' );
	INSERT INTO MAP_APP_CATEGORY VALUES( 42950, 3 );
	INSERT INTO MAP_APP_CATEGORY VALUES( 42950, 8 );

	INSERT INTO MAP_APP_DEVELOPER VALUES( 42950, 257 );

	INSERT INTO MAP_APP_GENRE VALUES( 42950, 5 );

	INSERT INTO MAP_APP_LANG VALUES ( 42950, 2,  'Y', 'N', 'N' );
	INSERT INTO MAP_APP_LANG VALUES ( 42950, 9,  'Y', 'N', 'N' );

	INSERT INTO MAP_APP_PUBLISHER VALUES( 42950, 32 );

	INSERT INTO MAP_APP_TAG VALUES( 42950, 9 );

INSERT INTO APP_TABLE	 VALUES( 42960, 'Victoria_II', 'Carefully guide your nation from the era of absolute monarchies in the early 19th century, through expansion and colonization, to finally become a truly great power by the dawn of the 20th century. Victoria II is a grand strategy game played during the colonial era of the 19th century, where the player takes control of a country, guiding...', SYSDATE ,21000, '' );
	INSERT INTO MAP_APP_CATEGORY VALUES( 42960, 3 );
	INSERT INTO MAP_APP_CATEGORY VALUES( 42960, 1 );
	INSERT INTO MAP_APP_CATEGORY VALUES( 42960, 5 );

	INSERT INTO MAP_APP_DEVELOPER VALUES( 42960, 227 );

	INSERT INTO MAP_APP_GENRE VALUES( 42960, 5 );

	INSERT INTO MAP_APP_LANG VALUES ( 42960, 2,  'Y', 'N', 'N' );
	INSERT INTO MAP_APP_LANG VALUES ( 42960, 4,  'Y', 'N', 'N' );
	INSERT INTO MAP_APP_LANG VALUES ( 42960, 6,  'Y', 'N', 'N' );


	INSERT INTO MAP_APP_TAG VALUES( 42960, 4364 );
	INSERT INTO MAP_APP_TAG VALUES( 42960, 9 );
	INSERT INTO MAP_APP_TAG VALUES( 42960, 3987 );
	INSERT INTO MAP_APP_TAG VALUES( 42960, 4754 );
	INSERT INTO MAP_APP_TAG VALUES( 42960, 599 );
	INSERT INTO MAP_APP_TAG VALUES( 42960, 7107 );
	INSERT INTO MAP_APP_TAG VALUES( 42960, 5382 );
	INSERT INTO MAP_APP_TAG VALUES( 42960, 4168 );
	INSERT INTO MAP_APP_TAG VALUES( 42960, 4695 );
	INSERT INTO MAP_APP_TAG VALUES( 42960, 3810 );
	INSERT INTO MAP_APP_TAG VALUES( 42960, 4182 );
	INSERT INTO MAP_APP_TAG VALUES( 42960, 1676 );
	INSERT INTO MAP_APP_TAG VALUES( 42960, 1678 );
	INSERT INTO MAP_APP_TAG VALUES( 42960, 3859 );
	INSERT INTO MAP_APP_TAG VALUES( 42960, 1669 );
	INSERT INTO MAP_APP_TAG VALUES( 42960, 4598 );
	INSERT INTO MAP_APP_TAG VALUES( 42960, 12472 );
	INSERT INTO MAP_APP_TAG VALUES( 42960, 1036 );
	INSERT INTO MAP_APP_TAG VALUES( 42960, 6310 );
	INSERT INTO MAP_APP_TAG VALUES( 42960, 1756 );

INSERT INTO APP_TABLE	 VALUES( 42980, 'Victoria_I_Complete', 'Carefully guide your nation from the era of absolute monarchies in the early 19th century, through expansion, colonization and social upheaval, to emerge as one of the great world powers by the dawn of the 20th century in Victoria Complete.', SYSDATE ,10500, '' );
	INSERT INTO MAP_APP_CATEGORY VALUES( 42980, 1 );

	INSERT INTO MAP_APP_DEVELOPER VALUES( 42980, 227 );

	INSERT INTO MAP_APP_GENRE VALUES( 42980, 5 );

	INSERT INTO MAP_APP_LANG VALUES ( 42980, 2,  'Y', 'N', 'N' );


	INSERT INTO MAP_APP_TAG VALUES( 42980, 9 );
	INSERT INTO MAP_APP_TAG VALUES( 42980, 4364 );
	INSERT INTO MAP_APP_TAG VALUES( 42980, 7107 );
	INSERT INTO MAP_APP_TAG VALUES( 42980, 3987 );

INSERT INTO APP_TABLE	 VALUES( 10220, 'Postal_III', '', SYSDATE ,-1, '' );






INSERT INTO APP_TABLE	 VALUES( 42990, 'Sword_of_the_Stars_II:_Enhanced_Edition', 'The Enhanced Edition contains Sword of the Stars II: The Lords of Winter and the first expansion, the End of Flesh. The new expansion introduces the new playable race, the Loa. All previous DLCs containing new avatars, new combat music, alternate voices, skins, and new badges for the warships are also included.', SYSDATE ,-1, '' );
	INSERT INTO MAP_APP_CATEGORY VALUES( 42990, 1 );

	INSERT INTO MAP_APP_DEVELOPER VALUES( 42990, 385 );

	INSERT INTO MAP_APP_GENRE VALUES( 42990, 5 );

	INSERT INTO MAP_APP_LANG VALUES ( 42990, 2,  'Y', 'Y', 'N' );


	INSERT INTO MAP_APP_TAG VALUES( 42990, 9 );
	INSERT INTO MAP_APP_TAG VALUES( 42990, 1670 );
	INSERT INTO MAP_APP_TAG VALUES( 42990, 1755 );
	INSERT INTO MAP_APP_TAG VALUES( 42990, 3942 );
	INSERT INTO MAP_APP_TAG VALUES( 42990, 4182 );
	INSERT INTO MAP_APP_TAG VALUES( 42990, 3859 );
	INSERT INTO MAP_APP_TAG VALUES( 42990, 1708 );
	INSERT INTO MAP_APP_TAG VALUES( 42990, 1741 );
	INSERT INTO MAP_APP_TAG VALUES( 42990, 3854 );
	INSERT INTO MAP_APP_TAG VALUES( 42990, 1677 );

INSERT INTO APP_TABLE	 VALUES( 10230, 'Dead_Mountaineer''s_Hotel', 'The remote hotel stands atop an ominous snow-peaked mountain, and death permeates every inch of the place. A crime has been committed here obviously, and the remote nature of the retreat means that the culprit is still roaming the halls. Which of the guests is capable of this? Whose past hides sinister truths and who has the most to gain?', SYSDATE ,8500, '' );
	INSERT INTO MAP_APP_CATEGORY VALUES( 10230, 3 );

	INSERT INTO MAP_APP_DEVELOPER VALUES( 10230, 117 );

	INSERT INTO MAP_APP_GENRE VALUES( 10230, 3 );

	INSERT INTO MAP_APP_LANG VALUES ( 10230, 2,  'Y', 'N', 'N' );
	INSERT INTO MAP_APP_LANG VALUES ( 10230, 9,  'Y', 'N', 'N' );
	INSERT INTO MAP_APP_LANG VALUES ( 10230, 6,  'Y', 'N', 'N' );

	INSERT INTO MAP_APP_PUBLISHER VALUES( 10230, 121 );

	INSERT INTO MAP_APP_TAG VALUES( 10230, 21 );
	INSERT INTO MAP_APP_TAG VALUES( 10230, 1698 );

INSERT INTO APP_TABLE	 VALUES( 43000, 'Front_Mission_Evolved', 'Experience piloting and customizing massive armored units called Wanzers while engaging in high-intensity battles driven by a compelling story. The battle begins now!', SYSDATE ,-1, '' );
	INSERT INTO MAP_APP_CATEGORY VALUES( 43000, 3 );
	INSERT INTO MAP_APP_CATEGORY VALUES( 43000, 1 );
	INSERT INTO MAP_APP_CATEGORY VALUES( 43000, 4 );
	INSERT INTO MAP_APP_CATEGORY VALUES( 43000, 7 );
	INSERT INTO MAP_APP_CATEGORY VALUES( 43000, 18 );

	INSERT INTO MAP_APP_DEVELOPER VALUES( 43000, 386 );

	INSERT INTO MAP_APP_GENRE VALUES( 43000, 1 );

	INSERT INTO MAP_APP_LANG VALUES ( 43000, 2,  'Y', 'N', 'Y' );
	INSERT INTO MAP_APP_LANG VALUES ( 43000, 3,  'Y', 'N', 'Y' );
	INSERT INTO MAP_APP_LANG VALUES ( 43000, 4,  'Y', 'N', 'Y' );
	INSERT INTO MAP_APP_LANG VALUES ( 43000, 9,  'Y', 'N', 'Y' );
	INSERT INTO MAP_APP_LANG VALUES ( 43000, 6,  'Y', 'N', 'Y' );
	INSERT INTO MAP_APP_LANG VALUES ( 43000, 7,  'Y', 'N', 'Y' );

	INSERT INTO MAP_APP_PUBLISHER VALUES( 43000, 344 );

	INSERT INTO MAP_APP_TAG VALUES( 43000, 4821 );
	INSERT INTO MAP_APP_TAG VALUES( 43000, 19 );
	INSERT INTO MAP_APP_TAG VALUES( 43000, 1774 );
	INSERT INTO MAP_APP_TAG VALUES( 43000, 3814 );
	INSERT INTO MAP_APP_TAG VALUES( 43000, 3942 );
	INSERT INTO MAP_APP_TAG VALUES( 43000, 1697 );

INSERT INTO APP_TABLE	 VALUES( 10240, 'A_Stroke_of_Fate:_Operation_Valkyrie', 'Operation Valkyrie is a famous plan of the German Resistance to overthrow the tyrannical Nazi government. Standartenfuhrer Gerhard Mayer, a patriot who works in Reich Security Head Office learns that Gestapo has tracked down the conspirators.', SYSDATE ,7500, '' );
	INSERT INTO MAP_APP_CATEGORY VALUES( 10240, 3 );

	INSERT INTO MAP_APP_DEVELOPER VALUES( 10240, 118 );

	INSERT INTO MAP_APP_GENRE VALUES( 10240, 3 );

	INSERT INTO MAP_APP_LANG VALUES ( 10240, 2,  'Y', 'N', 'N' );

	INSERT INTO MAP_APP_PUBLISHER VALUES( 10240, 121 );

	INSERT INTO MAP_APP_TAG VALUES( 10240, 21 );
	INSERT INTO MAP_APP_TAG VALUES( 10240, 1698 );

INSERT INTO APP_TABLE	 VALUES( 10250, 'PT_Boats:_Knights_of_the_Sea', 'PT Boats is dedicated to a small group of little known but perhaps some of the most daring naval combatants of World War II: the torpedo boat crews. These ships are small, fast and agile, and extremely dangerous due to the on-board torpedo launchers. But they are also the most vulnerable of all military vessels.', SYSDATE ,7500, '' );
	INSERT INTO MAP_APP_CATEGORY VALUES( 10250, 3 );
	INSERT INTO MAP_APP_CATEGORY VALUES( 10250, 1 );

	INSERT INTO MAP_APP_DEVELOPER VALUES( 10250, 119 );

	INSERT INTO MAP_APP_GENRE VALUES( 10250, 8 );

	INSERT INTO MAP_APP_LANG VALUES ( 10250, 2,  'Y', 'N', 'N' );

	INSERT INTO MAP_APP_PUBLISHER VALUES( 10250, 121 );

	INSERT INTO MAP_APP_TAG VALUES( 10250, 599 );

INSERT INTO APP_TABLE	 VALUES( 10260, 'PT_Boats:_South_Gambit', '¡°The seas can be dangerous, but when you¡¯re in command of a crack strike boat crew¡¦¡±. Deadly naval weapon of WWII is back with more campaigns, ore combat aircrafts, ships and even more fascinating gameplay. The original game ¡°PT Boats: Knights of the Sea¡± has opened a new previously unknown aspect of naval battles in WWII.', SYSDATE ,7500, '' );
	INSERT INTO MAP_APP_CATEGORY VALUES( 10260, 3 );
	INSERT INTO MAP_APP_CATEGORY VALUES( 10260, 1 );

	INSERT INTO MAP_APP_DEVELOPER VALUES( 10260, 120 );

	INSERT INTO MAP_APP_GENRE VALUES( 10260, 8 );

	INSERT INTO MAP_APP_LANG VALUES ( 10260, 2,  'Y', 'N', 'N' );

	INSERT INTO MAP_APP_PUBLISHER VALUES( 10260, 121 );

	INSERT INTO MAP_APP_TAG VALUES( 10260, 599 );

INSERT INTO APP_TABLE	 VALUES( 10270, 'Disciples_III:_Reincarnation', 'A true reincarnation of the legendary series!The Almighty has turned away from Nevendaar and its denizens. He is busy thinking about the fate of the world. Above Nevendaar, rent by perpetual wars, a new star flashed out. What will it bring with it? Who will claim its great power? Immerse in the struggle of four powerful races!', SYSDATE ,10500, '' );
	INSERT INTO MAP_APP_CATEGORY VALUES( 10270, 3 );
	INSERT INTO MAP_APP_CATEGORY VALUES( 10270, 1 );

	INSERT INTO MAP_APP_DEVELOPER VALUES( 10270, 121 );

	INSERT INTO MAP_APP_GENRE VALUES( 10270, 6 );
	INSERT INTO MAP_APP_GENRE VALUES( 10270, 5 );

	INSERT INTO MAP_APP_LANG VALUES ( 10270, 2,  'Y', 'N', 'N' );
	INSERT INTO MAP_APP_LANG VALUES ( 10270, 9,  'Y', 'N', 'N' );

	INSERT INTO MAP_APP_PUBLISHER VALUES( 10270, 458 );

	INSERT INTO MAP_APP_TAG VALUES( 10270, 122 );
	INSERT INTO MAP_APP_TAG VALUES( 10270, 1741 );
	INSERT INTO MAP_APP_TAG VALUES( 10270, 9 );
	INSERT INTO MAP_APP_TAG VALUES( 10270, 1677 );
	INSERT INTO MAP_APP_TAG VALUES( 10270, 1684 );
	INSERT INTO MAP_APP_TAG VALUES( 10270, 4604 );
	INSERT INTO MAP_APP_TAG VALUES( 10270, 4182 );
	INSERT INTO MAP_APP_TAG VALUES( 10270, 3859 );
	INSERT INTO MAP_APP_TAG VALUES( 10270, 3952 );

INSERT INTO APP_TABLE	 VALUES( 43100, 'World_of_Zoo', 'What would you do if you had the keys to the zoo? World of Zoo is the only life sim game that pushes you past the fences and into a world of your own zoo. Create and customize your zoo experience and develop hands on relationships to earn the trust and love of your animals.', SYSDATE ,15000, '' );
	INSERT INTO MAP_APP_CATEGORY VALUES( 43100, 3 );

	INSERT INTO MAP_APP_DEVELOPER VALUES( 43100, 387 );

	INSERT INTO MAP_APP_GENRE VALUES( 43100, 8 );

	INSERT INTO MAP_APP_LANG VALUES ( 43100, 2,  'Y', 'N', 'N' );

	INSERT INTO MAP_APP_PUBLISHER VALUES( 43100, 72 );

	INSERT INTO MAP_APP_TAG VALUES( 43100, 599 );
	INSERT INTO MAP_APP_TAG VALUES( 43100, 5350 );
	INSERT INTO MAP_APP_TAG VALUES( 43100, 4726 );

INSERT INTO APP_TABLE	 VALUES( 43190, 'The_Haunted:_Hells_Reach', 'Winner of 2010¡Çs Make Something Unreal contest, The Haunted: Hells Reach is a fast-paced horror game where your goal is to liberate cursed places and survive the assault of Hell.', SYSDATE ,9500, '' );
	INSERT INTO MAP_APP_CATEGORY VALUES( 43190, 3 );
	INSERT INTO MAP_APP_CATEGORY VALUES( 43190, 1 );
	INSERT INTO MAP_APP_CATEGORY VALUES( 43190, 16 );
	INSERT INTO MAP_APP_CATEGORY VALUES( 43190, 4 );
	INSERT INTO MAP_APP_CATEGORY VALUES( 43190, 7 );
	INSERT INTO MAP_APP_CATEGORY VALUES( 43190, 18 );

	INSERT INTO MAP_APP_DEVELOPER VALUES( 43190, 388 );

	INSERT INTO MAP_APP_GENRE VALUES( 43190, 1 );
	INSERT INTO MAP_APP_GENRE VALUES( 43190, 4 );

	INSERT INTO MAP_APP_LANG VALUES ( 43190, 2,  'Y', 'N', 'N' );
	INSERT INTO MAP_APP_LANG VALUES ( 43190, 3,  'Y', 'N', 'N' );
	INSERT INTO MAP_APP_LANG VALUES ( 43190, 4,  'Y', 'N', 'N' );
	INSERT INTO MAP_APP_LANG VALUES ( 43190, 6,  'Y', 'N', 'N' );
	INSERT INTO MAP_APP_LANG VALUES ( 43190, 7,  'Y', 'N', 'N' );


	INSERT INTO MAP_APP_TAG VALUES( 43190, 19 );
	INSERT INTO MAP_APP_TAG VALUES( 43190, 492 );
	INSERT INTO MAP_APP_TAG VALUES( 43190, 4345 );
	INSERT INTO MAP_APP_TAG VALUES( 43190, 3814 );
	INSERT INTO MAP_APP_TAG VALUES( 43190, 1685 );
	INSERT INTO MAP_APP_TAG VALUES( 43190, 1659 );
	INSERT INTO MAP_APP_TAG VALUES( 43190, 1667 );
	INSERT INTO MAP_APP_TAG VALUES( 43190, 3859 );
	INSERT INTO MAP_APP_TAG VALUES( 43190, 1774 );
	INSERT INTO MAP_APP_TAG VALUES( 43190, 9541 );

INSERT INTO APP_TABLE	 VALUES( 10460, 'The_Club¢â', 'The Club¢â, created by critically acclaimed developer Bizarre Creations, is a new breed of third-person shooter, combining fast-paced run and gun gameplay, destructive environments, and lethal weapons. You will fight to survive in a shadowy underground blood-sport controlled by a faceless, obscenely wealthy and influential elite who place...', SYSDATE ,16000, '' );
	INSERT INTO MAP_APP_CATEGORY VALUES( 10460, 3 );
	INSERT INTO MAP_APP_CATEGORY VALUES( 10460, 1 );
	INSERT INTO MAP_APP_CATEGORY VALUES( 10460, 7 );

	INSERT INTO MAP_APP_DEVELOPER VALUES( 10460, 92 );

	INSERT INTO MAP_APP_GENRE VALUES( 10460, 1 );

	INSERT INTO MAP_APP_LANG VALUES ( 10460, 2,  'Y', 'N', 'N' );

	INSERT INTO MAP_APP_PUBLISHER VALUES( 10460, 302 );

	INSERT INTO MAP_APP_TAG VALUES( 10460, 19 );
	INSERT INTO MAP_APP_TAG VALUES( 10460, 3814 );

INSERT INTO APP_TABLE	 VALUES( 10500, 'Empire:_Total_War¢â', 'Command the seas, control the land, forge a new nation, and conquer the globe.', SYSDATE ,21000, '' );
	INSERT INTO MAP_APP_CATEGORY VALUES( 10500, 3 );
	INSERT INTO MAP_APP_CATEGORY VALUES( 10500, 1 );
	INSERT INTO MAP_APP_CATEGORY VALUES( 10500, 4 );
	INSERT INTO MAP_APP_CATEGORY VALUES( 10500, 5 );
	INSERT INTO MAP_APP_CATEGORY VALUES( 10500, 11 );

	INSERT INTO MAP_APP_DEVELOPER VALUES( 10500, 55 );
	INSERT INTO MAP_APP_DEVELOPER VALUES( 10500, 56 );
	INSERT INTO MAP_APP_DEVELOPER VALUES( 10500, 57 );

	INSERT INTO MAP_APP_GENRE VALUES( 10500, 5 );

	INSERT INTO MAP_APP_LANG VALUES ( 10500, 2,  'Y', 'N', 'N' );
	INSERT INTO MAP_APP_LANG VALUES ( 10500, 3,  'Y', 'N', 'N' );
	INSERT INTO MAP_APP_LANG VALUES ( 10500, 4,  'Y', 'N', 'N' );
	INSERT INTO MAP_APP_LANG VALUES ( 10500, 9,  'Y', 'N', 'N' );
	INSERT INTO MAP_APP_LANG VALUES ( 10500, 10,  'Y', 'N', 'N' );
	INSERT INTO MAP_APP_LANG VALUES ( 10500, 6,  'Y', 'N', 'N' );
	INSERT INTO MAP_APP_LANG VALUES ( 10500, 7,  'Y', 'N', 'N' );
	INSERT INTO MAP_APP_LANG VALUES ( 10500, 24,  'Y', 'N', 'N' );

	INSERT INTO MAP_APP_PUBLISHER VALUES( 10500, 302 );
	INSERT INTO MAP_APP_PUBLISHER VALUES( 10500, 56 );
	INSERT INTO MAP_APP_PUBLISHER VALUES( 10500, 57 );

	INSERT INTO MAP_APP_TAG VALUES( 10500, 9 );
	INSERT INTO MAP_APP_TAG VALUES( 10500, 3987 );
	INSERT INTO MAP_APP_TAG VALUES( 10500, 4168 );
	INSERT INTO MAP_APP_TAG VALUES( 10500, 4364 );
	INSERT INTO MAP_APP_TAG VALUES( 10500, 1741 );
	INSERT INTO MAP_APP_TAG VALUES( 10500, 1678 );
	INSERT INTO MAP_APP_TAG VALUES( 10500, 1708 );
	INSERT INTO MAP_APP_TAG VALUES( 10500, 1676 );
	INSERT INTO MAP_APP_TAG VALUES( 10500, 3859 );
	INSERT INTO MAP_APP_TAG VALUES( 10500, 4182 );
	INSERT INTO MAP_APP_TAG VALUES( 10500, 1677 );
	INSERT INTO MAP_APP_TAG VALUES( 10500, 13190 );
	INSERT INTO MAP_APP_TAG VALUES( 10500, 6910 );
	INSERT INTO MAP_APP_TAG VALUES( 10500, 1756 );
	INSERT INTO MAP_APP_TAG VALUES( 10500, 19 );
	INSERT INTO MAP_APP_TAG VALUES( 10500, 14139 );
	INSERT INTO MAP_APP_TAG VALUES( 10500, 3813 );
	INSERT INTO MAP_APP_TAG VALUES( 10500, 4166 );
	INSERT INTO MAP_APP_TAG VALUES( 10500, 21 );
	INSERT INTO MAP_APP_TAG VALUES( 10500, 1693 );

INSERT INTO APP_TABLE	 VALUES( 10680, 'Aliens_vs._Predator¢â', 'Survive, hunt and prey in the deadly jungles and swamps in distinctly new and thrilling first person gameplay.', SYSDATE ,16000, '' );
	INSERT INTO MAP_APP_CATEGORY VALUES( 10680, 3 );
	INSERT INTO MAP_APP_CATEGORY VALUES( 10680, 1 );
	INSERT INTO MAP_APP_CATEGORY VALUES( 10680, 16 );
	INSERT INTO MAP_APP_CATEGORY VALUES( 10680, 4 );
	INSERT INTO MAP_APP_CATEGORY VALUES( 10680, 8 );
	INSERT INTO MAP_APP_CATEGORY VALUES( 10680, 11 );
	INSERT INTO MAP_APP_CATEGORY VALUES( 10680, 18 );

	INSERT INTO MAP_APP_DEVELOPER VALUES( 10680, 40 );

	INSERT INTO MAP_APP_GENRE VALUES( 10680, 1 );

	INSERT INTO MAP_APP_LANG VALUES ( 10680, 2,  'Y', 'N', 'N' );
	INSERT INTO MAP_APP_LANG VALUES ( 10680, 3,  'Y', 'N', 'N' );
	INSERT INTO MAP_APP_LANG VALUES ( 10680, 4,  'Y', 'N', 'N' );
	INSERT INTO MAP_APP_LANG VALUES ( 10680, 9,  'Y', 'N', 'N' );
	INSERT INTO MAP_APP_LANG VALUES ( 10680, 6,  'Y', 'N', 'N' );
	INSERT INTO MAP_APP_LANG VALUES ( 10680, 7,  'Y', 'N', 'N' );

	INSERT INTO MAP_APP_PUBLISHER VALUES( 10680, 302 );

	INSERT INTO MAP_APP_TAG VALUES( 10680, 19 );
	INSERT INTO MAP_APP_TAG VALUES( 10680, 1663 );
	INSERT INTO MAP_APP_TAG VALUES( 10680, 1673 );
	INSERT INTO MAP_APP_TAG VALUES( 10680, 3942 );
	INSERT INTO MAP_APP_TAG VALUES( 10680, 1667 );
	INSERT INTO MAP_APP_TAG VALUES( 10680, 3859 );
	INSERT INTO MAP_APP_TAG VALUES( 10680, 1774 );
	INSERT INTO MAP_APP_TAG VALUES( 10680, 4182 );
	INSERT INTO MAP_APP_TAG VALUES( 10680, 3839 );
	INSERT INTO MAP_APP_TAG VALUES( 10680, 1687 );
	INSERT INTO MAP_APP_TAG VALUES( 10680, 4345 );
	INSERT INTO MAP_APP_TAG VALUES( 10680, 1662 );
	INSERT INTO MAP_APP_TAG VALUES( 10680, 4166 );
	INSERT INTO MAP_APP_TAG VALUES( 10680, 1685 );
	INSERT INTO MAP_APP_TAG VALUES( 10680, 3978 );
	INSERT INTO MAP_APP_TAG VALUES( 10680, 9564 );
	INSERT INTO MAP_APP_TAG VALUES( 10680, 5228 );
	INSERT INTO MAP_APP_TAG VALUES( 10680, 21 );
	INSERT INTO MAP_APP_TAG VALUES( 10680, 3843 );
	INSERT INTO MAP_APP_TAG VALUES( 10680, 9 );

INSERT INTO APP_TABLE	 VALUES( 43500, 'M.U.D._TV', 'Always wanted to see if you can hack the day-to-day life of a TV producer? Here''s your chance! MUD TV is your ticket to the weird wild world of television. Once you take control of your own station it''s up to you to determine the line-up, hire actors and directors, produce your own shows, series and movies and to grab those lucrative...', SYSDATE ,10500, '' );
	INSERT INTO MAP_APP_CATEGORY VALUES( 43500, 3 );

	INSERT INTO MAP_APP_DEVELOPER VALUES( 43500, 241 );

	INSERT INTO MAP_APP_GENRE VALUES( 43500, 8 );
	INSERT INTO MAP_APP_GENRE VALUES( 43500, 5 );

	INSERT INTO MAP_APP_LANG VALUES ( 43500, 2,  'Y', 'N', 'N' );
	INSERT INTO MAP_APP_LANG VALUES ( 43500, 6,  'Y', 'N', 'N' );


	INSERT INTO MAP_APP_TAG VALUES( 43500, 599 );
	INSERT INTO MAP_APP_TAG VALUES( 43500, 9 );
	INSERT INTO MAP_APP_TAG VALUES( 43500, 12472 );

INSERT INTO APP_TABLE	 VALUES( 43600, 'Nancy_Drew¢ç:_Warnings_at_Waverly_Academy', 'Enroll in a School Plagued by Suspicions and Lies!', SYSDATE ,7500, '' );
	INSERT INTO MAP_APP_CATEGORY VALUES( 43600, 3 );
	INSERT INTO MAP_APP_CATEGORY VALUES( 43600, 4 );

	INSERT INTO MAP_APP_DEVELOPER VALUES( 43600, 276 );

	INSERT INTO MAP_APP_GENRE VALUES( 43600, 3 );

	INSERT INTO MAP_APP_LANG VALUES ( 43600, 2,  'Y', 'N', 'N' );

	INSERT INTO MAP_APP_PUBLISHER VALUES( 43600, 276 );

	INSERT INTO MAP_APP_TAG VALUES( 43600, 21 );
	INSERT INTO MAP_APP_TAG VALUES( 43600, 1698 );
	INSERT INTO MAP_APP_TAG VALUES( 43600, 5716 );
	INSERT INTO MAP_APP_TAG VALUES( 43600, 7208 );
	INSERT INTO MAP_APP_TAG VALUES( 43600, 1664 );

INSERT INTO APP_TABLE	 VALUES( 11040, 'Sherlock_Holmes_-_Nemesis', 'This new Sherlock Holmes game sends us to 19th Century London where Ars?ne Lupin, a young French burglar with an impressive track record, has just challenged Scotland Yard and the most famous of detectives - Sherlock Holmes. This new adventure offers gamers tremendous freedom and an even stronger sense of involvement through real-time 3D.', SYSDATE ,10500, '' );
	INSERT INTO MAP_APP_CATEGORY VALUES( 11040, 3 );

	INSERT INTO MAP_APP_DEVELOPER VALUES( 11040, 122 );

	INSERT INTO MAP_APP_GENRE VALUES( 11040, 3 );
	INSERT INTO MAP_APP_GENRE VALUES( 11040, 6 );

	INSERT INTO MAP_APP_LANG VALUES ( 11040, 2,  'Y', 'Y', 'Y' );
	INSERT INTO MAP_APP_LANG VALUES ( 11040, 3,  'Y', 'Y', 'Y' );
	INSERT INTO MAP_APP_LANG VALUES ( 11040, 4,  'Y', 'Y', 'Y' );
	INSERT INTO MAP_APP_LANG VALUES ( 11040, 9,  'Y', 'Y', 'Y' );
	INSERT INTO MAP_APP_LANG VALUES ( 11040, 6,  'Y', 'Y', 'Y' );

	INSERT INTO MAP_APP_PUBLISHER VALUES( 11040, 122 );

	INSERT INTO MAP_APP_TAG VALUES( 11040, 21 );
	INSERT INTO MAP_APP_TAG VALUES( 11040, 122 );
	INSERT INTO MAP_APP_TAG VALUES( 11040, 1698 );
	INSERT INTO MAP_APP_TAG VALUES( 11040, 5613 );
	INSERT INTO MAP_APP_TAG VALUES( 11040, 5716 );
	INSERT INTO MAP_APP_TAG VALUES( 11040, 1664 );

INSERT INTO APP_TABLE	 VALUES( 11050, 'Dracula_Origin', 'Dracula: Origin reveals the dark origins of the Dracula curse. Once the ardent defender of Christendom, Dracula loses his faith in God when he is abandoned by his one true love after she marries. Dracula then makes a pact with the Prince of Darkness, and becomes a vampire.', SYSDATE ,10500, '' );
	INSERT INTO MAP_APP_CATEGORY VALUES( 11050, 3 );

	INSERT INTO MAP_APP_DEVELOPER VALUES( 11050, 122 );

	INSERT INTO MAP_APP_GENRE VALUES( 11050, 3 );

	INSERT INTO MAP_APP_LANG VALUES ( 11050, 2,  'Y', 'Y', 'N' );
	INSERT INTO MAP_APP_LANG VALUES ( 11050, 3,  'Y', 'Y', 'N' );
	INSERT INTO MAP_APP_LANG VALUES ( 11050, 4,  'Y', 'Y', 'N' );
	INSERT INTO MAP_APP_LANG VALUES ( 11050, 10,  'Y', 'N', 'N' );
	INSERT INTO MAP_APP_LANG VALUES ( 11050, 9,  'Y', 'N', 'N' );
	INSERT INTO MAP_APP_LANG VALUES ( 11050, 6,  'Y', 'Y', 'N' );
	INSERT INTO MAP_APP_LANG VALUES ( 11050, 7,  'Y', 'Y', 'N' );

	INSERT INTO MAP_APP_PUBLISHER VALUES( 11050, 122 );

	INSERT INTO MAP_APP_TAG VALUES( 11050, 21 );
	INSERT INTO MAP_APP_TAG VALUES( 11050, 1698 );
	INSERT INTO MAP_APP_TAG VALUES( 11050, 4018 );
	INSERT INTO MAP_APP_TAG VALUES( 11050, 1664 );

INSERT INTO APP_TABLE	 VALUES( 11140, 'Sherlock_Holmes:_The_Awakened_-_Remastered_Edition', 'The Sherlock Holmes series returns with this updated version of The Awakened, which brings a whole new dimension to the original title developed by Frogwares. Keeping with the traditional Point & Click gameplay style of the original adventure games, The Awakened has been totally rethought, offering players a new third-person view...', SYSDATE ,10500, '' );
	INSERT INTO MAP_APP_CATEGORY VALUES( 11140, 3 );

	INSERT INTO MAP_APP_DEVELOPER VALUES( 11140, 122 );

	INSERT INTO MAP_APP_GENRE VALUES( 11140, 3 );

	INSERT INTO MAP_APP_LANG VALUES ( 11140, 2,  'Y', 'Y', 'N' );
	INSERT INTO MAP_APP_LANG VALUES ( 11140, 3,  'Y', 'Y', 'N' );
	INSERT INTO MAP_APP_LANG VALUES ( 11140, 4,  'Y', 'Y', 'N' );
	INSERT INTO MAP_APP_LANG VALUES ( 11140, 10,  'Y', 'N', 'N' );
	INSERT INTO MAP_APP_LANG VALUES ( 11140, 9,  'Y', 'Y', 'N' );
	INSERT INTO MAP_APP_LANG VALUES ( 11140, 6,  'Y', 'Y', 'N' );

	INSERT INTO MAP_APP_PUBLISHER VALUES( 11140, 122 );

	INSERT INTO MAP_APP_TAG VALUES( 11140, 21 );
	INSERT INTO MAP_APP_TAG VALUES( 11140, 7432 );
	INSERT INTO MAP_APP_TAG VALUES( 11140, 1698 );
	INSERT INTO MAP_APP_TAG VALUES( 11140, 5613 );
	INSERT INTO MAP_APP_TAG VALUES( 11140, 5716 );
	INSERT INTO MAP_APP_TAG VALUES( 11140, 3839 );
	INSERT INTO MAP_APP_TAG VALUES( 11140, 1667 );

INSERT INTO APP_TABLE	 VALUES( 11150, 'Sherlock_Holmes:_The_Silver_Earring', 'At a reception organised in honour of his daughter, Melvyn Bromsby, a rich tycoon, is about to make an important announcement concerning his future business affairs when, all of a sudden, a shot rings out. Sir Bromsby collapses, having suffered a mortal wound to the heart...', SYSDATE ,10500, '' );
	INSERT INTO MAP_APP_CATEGORY VALUES( 11150, 3 );

	INSERT INTO MAP_APP_DEVELOPER VALUES( 11150, 122 );

	INSERT INTO MAP_APP_GENRE VALUES( 11150, 3 );

	INSERT INTO MAP_APP_LANG VALUES ( 11150, 2,  'Y', 'Y', 'Y' );
	INSERT INTO MAP_APP_LANG VALUES ( 11150, 3,  'Y', 'N', 'Y' );
	INSERT INTO MAP_APP_LANG VALUES ( 11150, 4,  'Y', 'Y', 'Y' );
	INSERT INTO MAP_APP_LANG VALUES ( 11150, 10,  'Y', 'N', 'Y' );
	INSERT INTO MAP_APP_LANG VALUES ( 11150, 9,  'Y', 'Y', 'Y' );
	INSERT INTO MAP_APP_LANG VALUES ( 11150, 23,  'Y', 'N', 'Y' );
	INSERT INTO MAP_APP_LANG VALUES ( 11150, 24,  'Y', 'N', 'Y' );
	INSERT INTO MAP_APP_LANG VALUES ( 11150, 6,  'Y', 'Y', 'Y' );
	INSERT INTO MAP_APP_LANG VALUES ( 11150, 7,  'Y', 'Y', 'Y' );

	INSERT INTO MAP_APP_PUBLISHER VALUES( 11150, 122 );

	INSERT INTO MAP_APP_TAG VALUES( 11150, 21 );
	INSERT INTO MAP_APP_TAG VALUES( 11150, 1698 );
	INSERT INTO MAP_APP_TAG VALUES( 11150, 5613 );
	INSERT INTO MAP_APP_TAG VALUES( 11150, 5716 );

INSERT INTO APP_TABLE	 VALUES( 11180, 'Sherlock_Holmes:_The_Mystery_of_the_Persian_Carpet', 'Hunker down at your London flat at 221b Baker St. The year is 1896, and Scotland Yard has called Sherlock Holmes with an urgent request for help. A young painter has been found murdered and rolled up in a remarkable Persian carpet.', SYSDATE ,10500, '' );
	INSERT INTO MAP_APP_CATEGORY VALUES( 11180, 3 );

	INSERT INTO MAP_APP_DEVELOPER VALUES( 11180, 122 );

	INSERT INTO MAP_APP_GENRE VALUES( 11180, 3 );
	INSERT INTO MAP_APP_GENRE VALUES( 11180, 7 );

	INSERT INTO MAP_APP_LANG VALUES ( 11180, 2,  'Y', 'N', 'Y' );
	INSERT INTO MAP_APP_LANG VALUES ( 11180, 4,  'Y', 'N', 'Y' );
	INSERT INTO MAP_APP_LANG VALUES ( 11180, 6,  'Y', 'N', 'Y' );
	INSERT INTO MAP_APP_LANG VALUES ( 11180, 7,  'Y', 'N', 'Y' );

	INSERT INTO MAP_APP_PUBLISHER VALUES( 11180, 122 );

	INSERT INTO MAP_APP_TAG VALUES( 11180, 21 );
	INSERT INTO MAP_APP_TAG VALUES( 11180, 597 );
	INSERT INTO MAP_APP_TAG VALUES( 11180, 1738 );
	INSERT INTO MAP_APP_TAG VALUES( 11180, 1698 );

INSERT INTO APP_TABLE	 VALUES( 11190, 'Sherlock_Holmes_versus_Jack_the_Ripper', 'Recognized as one of the best licenses in adventure gaming and lauded by the international press, Sherlock Holmes is back with an investigation that is sure to be the most horrifying of the series. In this great new adventure, the famous detective chases against the most threatening serial killer England has ever known - Jack the Ripper.', SYSDATE ,10500, '' );
	INSERT INTO MAP_APP_CATEGORY VALUES( 11190, 3 );

	INSERT INTO MAP_APP_DEVELOPER VALUES( 11190, 122 );

	INSERT INTO MAP_APP_GENRE VALUES( 11190, 3 );
	INSERT INTO MAP_APP_GENRE VALUES( 11190, 6 );

	INSERT INTO MAP_APP_LANG VALUES ( 11190, 2,  'Y', 'Y', 'N' );
	INSERT INTO MAP_APP_LANG VALUES ( 11190, 20,  'Y', 'N', 'N' );
	INSERT INTO MAP_APP_LANG VALUES ( 11190, 3,  'Y', 'Y', 'N' );
	INSERT INTO MAP_APP_LANG VALUES ( 11190, 4,  'Y', 'Y', 'N' );
	INSERT INTO MAP_APP_LANG VALUES ( 11190, 10,  'Y', 'N', 'N' );
	INSERT INTO MAP_APP_LANG VALUES ( 11190, 9,  'Y', 'Y', 'N' );
	INSERT INTO MAP_APP_LANG VALUES ( 11190, 13,  'Y', 'N', 'N' );
	INSERT INTO MAP_APP_LANG VALUES ( 11190, 24,  'Y', 'N', 'N' );
	INSERT INTO MAP_APP_LANG VALUES ( 11190, 6,  'Y', 'Y', 'N' );
	INSERT INTO MAP_APP_LANG VALUES ( 11190, 7,  'Y', 'Y', 'N' );

	INSERT INTO MAP_APP_PUBLISHER VALUES( 11190, 122 );

	INSERT INTO MAP_APP_TAG VALUES( 11190, 21 );
	INSERT INTO MAP_APP_TAG VALUES( 11190, 1698 );
	INSERT INTO MAP_APP_TAG VALUES( 11190, 5613 );
	INSERT INTO MAP_APP_TAG VALUES( 11190, 5716 );
	INSERT INTO MAP_APP_TAG VALUES( 11190, 122 );
	INSERT INTO MAP_APP_TAG VALUES( 11190, 1664 );

INSERT INTO APP_TABLE	 VALUES( 11200, 'Shadowgrounds_Survivor', 'Surviving is only half the game. The award-winning atmosphere and gameplay mechanics of the original Shadowgrounds make a triumphant return in this spin off/sequel armed with a slick new feature set! Shadowgrounds Survivor tells the story of the last remaining humans on Jupiter''s moon Ganymede, where the alien onslaught is in full force.', SYSDATE ,10500, '' );
	INSERT INTO MAP_APP_CATEGORY VALUES( 11200, 3 );
	INSERT INTO MAP_APP_CATEGORY VALUES( 11200, 21 );
	INSERT INTO MAP_APP_CATEGORY VALUES( 11200, 5 );
	INSERT INTO MAP_APP_CATEGORY VALUES( 11200, 13 );

	INSERT INTO MAP_APP_DEVELOPER VALUES( 11200, 18 );

	INSERT INTO MAP_APP_GENRE VALUES( 11200, 1 );

	INSERT INTO MAP_APP_LANG VALUES ( 11200, 2,  'Y', 'Y', 'Y' );
	INSERT INTO MAP_APP_LANG VALUES ( 11200, 4,  'Y', 'N', 'Y' );
	INSERT INTO MAP_APP_LANG VALUES ( 11200, 7,  'Y', 'N', 'Y' );

	INSERT INTO MAP_APP_PUBLISHER VALUES( 11200, 18 );

	INSERT INTO MAP_APP_TAG VALUES( 11200, 19 );
	INSERT INTO MAP_APP_TAG VALUES( 11200, 3942 );
	INSERT INTO MAP_APP_TAG VALUES( 11200, 5851 );
	INSERT INTO MAP_APP_TAG VALUES( 11200, 1774 );
	INSERT INTO MAP_APP_TAG VALUES( 11200, 4637 );
	INSERT INTO MAP_APP_TAG VALUES( 11200, 1685 );
	INSERT INTO MAP_APP_TAG VALUES( 11200, 3841 );
	INSERT INTO MAP_APP_TAG VALUES( 11200, 4182 );
	INSERT INTO MAP_APP_TAG VALUES( 11200, 4791 );
	INSERT INTO MAP_APP_TAG VALUES( 11200, 1673 );

INSERT INTO APP_TABLE	 VALUES( 11230, 'Gumboy_Tournament', 'Test your reflexes, judgment and tactics while facing up to eight other players in this follow-up to the critically acclaimed and popular arcade game Gumboy: Crazy Adventures, winner of numerous accolades including Gametunnel''s GAME OF THE YEAR 2006.', SYSDATE ,3300, '' );
	INSERT INTO MAP_APP_CATEGORY VALUES( 11230, 3 );
	INSERT INTO MAP_APP_CATEGORY VALUES( 11230, 1 );

	INSERT INTO MAP_APP_DEVELOPER VALUES( 11230, 19 );

	INSERT INTO MAP_APP_GENRE VALUES( 11230, 7 );
	INSERT INTO MAP_APP_GENRE VALUES( 11230, 4 );
	INSERT INTO MAP_APP_GENRE VALUES( 11230, 9 );

	INSERT INTO MAP_APP_LANG VALUES ( 11230, 2,  'Y', 'N', 'N' );
	INSERT INTO MAP_APP_LANG VALUES ( 11230, 10,  'Y', 'N', 'N' );
	INSERT INTO MAP_APP_LANG VALUES ( 11230, 6,  'Y', 'N', 'N' );
	INSERT INTO MAP_APP_LANG VALUES ( 11230, 24,  'Y', 'N', 'N' );

	INSERT INTO MAP_APP_PUBLISHER VALUES( 11230, 19 );

	INSERT INTO MAP_APP_TAG VALUES( 11230, 492 );
	INSERT INTO MAP_APP_TAG VALUES( 11230, 597 );
	INSERT INTO MAP_APP_TAG VALUES( 11230, 699 );
	INSERT INTO MAP_APP_TAG VALUES( 11230, 3859 );
	INSERT INTO MAP_APP_TAG VALUES( 11230, 1625 );

INSERT INTO APP_TABLE	 VALUES( 11240, 'Space_Trader:_Merchant_Marine', 'Start as a Rookie and earn your way to Master using shrewd trades, back alley deals, bribes, a well-placed bullet and more in Space Trader!', SYSDATE ,5500, '' );
	INSERT INTO MAP_APP_CATEGORY VALUES( 11240, 3 );
	INSERT INTO MAP_APP_CATEGORY VALUES( 11240, 1 );
	INSERT INTO MAP_APP_CATEGORY VALUES( 11240, 16 );
	INSERT INTO MAP_APP_CATEGORY VALUES( 11240, 4 );

	INSERT INTO MAP_APP_DEVELOPER VALUES( 11240, 123 );

	INSERT INTO MAP_APP_GENRE VALUES( 11240, 1 );
	INSERT INTO MAP_APP_GENRE VALUES( 11240, 4 );
	INSERT INTO MAP_APP_GENRE VALUES( 11240, 5 );

	INSERT INTO MAP_APP_LANG VALUES ( 11240, 2,  'Y', 'N', 'N' );

	INSERT INTO MAP_APP_PUBLISHER VALUES( 11240, 123 );

	INSERT INTO MAP_APP_TAG VALUES( 11240, 19 );
	INSERT INTO MAP_APP_TAG VALUES( 11240, 1663 );
	INSERT INTO MAP_APP_TAG VALUES( 11240, 1755 );
	INSERT INTO MAP_APP_TAG VALUES( 11240, 492 );
	INSERT INTO MAP_APP_TAG VALUES( 11240, 4202 );
	INSERT INTO MAP_APP_TAG VALUES( 11240, 9 );
	INSERT INTO MAP_APP_TAG VALUES( 11240, 3942 );
	INSERT INTO MAP_APP_TAG VALUES( 11240, 3839 );
	INSERT INTO MAP_APP_TAG VALUES( 11240, 1774 );
	INSERT INTO MAP_APP_TAG VALUES( 11240, 597 );

INSERT INTO APP_TABLE	 VALUES( 11250, 'Pacific_Storm', 'On December 7, 1941, a major part of the U.S. Pacific navy stationed at Pearl Harbor was assaulted by Japanese planes. Japanese fighters were destroying American aircraft on land and in the air, without giving them a chance for a counterattack. The furious battle of Pearl Harbor became the first in the sequence of gory sea combats.', SYSDATE ,8500, '' );
	INSERT INTO MAP_APP_CATEGORY VALUES( 11250, 3 );
	INSERT INTO MAP_APP_CATEGORY VALUES( 11250, 1 );
	INSERT INTO MAP_APP_CATEGORY VALUES( 11250, 5 );

	INSERT INTO MAP_APP_DEVELOPER VALUES( 11250, 124 );
	INSERT INTO MAP_APP_DEVELOPER VALUES( 11250, 125 );

	INSERT INTO MAP_APP_GENRE VALUES( 11250, 8 );
	INSERT INTO MAP_APP_GENRE VALUES( 11250, 5 );

	INSERT INTO MAP_APP_LANG VALUES ( 11250, 2,  'Y', 'N', 'N' );

	INSERT INTO MAP_APP_PUBLISHER VALUES( 11250, 124 );

	INSERT INTO MAP_APP_TAG VALUES( 11250, 599 );
	INSERT INTO MAP_APP_TAG VALUES( 11250, 9 );
	INSERT INTO MAP_APP_TAG VALUES( 11250, 4150 );

INSERT INTO APP_TABLE	 VALUES( 11260, 'Pacific_Storm_Allies', 'Pacific Storm: Allies expands upon the success of the internationally acclaimed original to deliver an unforgettable mix of real-time strategy and blistering arcade combat, recreating World War II''s most heated battles.', SYSDATE ,8500, '' );
	INSERT INTO MAP_APP_CATEGORY VALUES( 11260, 3 );
	INSERT INTO MAP_APP_CATEGORY VALUES( 11260, 1 );
	INSERT INTO MAP_APP_CATEGORY VALUES( 11260, 5 );

	INSERT INTO MAP_APP_DEVELOPER VALUES( 11260, 125 );

	INSERT INTO MAP_APP_GENRE VALUES( 11260, 8 );
	INSERT INTO MAP_APP_GENRE VALUES( 11260, 5 );

	INSERT INTO MAP_APP_LANG VALUES ( 11260, 2,  'Y', 'N', 'N' );

	INSERT INTO MAP_APP_PUBLISHER VALUES( 11260, 124 );

	INSERT INTO MAP_APP_TAG VALUES( 11260, 599 );
	INSERT INTO MAP_APP_TAG VALUES( 11260, 9 );
	INSERT INTO MAP_APP_TAG VALUES( 11260, 4150 );

INSERT INTO APP_TABLE	 VALUES( 11280, 'Penguins_Arena:_Sedna''s_World', 'Penguins Arena is a thrilling and innovative First Penguin Shooter with quick, hectic rounds and where the magic of reincarnation, combined with the supernatural ability to return to the game as a ghost, ensures that your character has every chance to change your tribe''s fate, even in the afterlife.', SYSDATE ,6500, '' );
	INSERT INTO MAP_APP_CATEGORY VALUES( 11280, 3 );
	INSERT INTO MAP_APP_CATEGORY VALUES( 11280, 1 );
	INSERT INTO MAP_APP_CATEGORY VALUES( 11280, 19 );
	INSERT INTO MAP_APP_CATEGORY VALUES( 11280, 5 );

	INSERT INTO MAP_APP_DEVELOPER VALUES( 11280, 126 );

	INSERT INTO MAP_APP_GENRE VALUES( 11280, 1 );
	INSERT INTO MAP_APP_GENRE VALUES( 11280, 7 );
	INSERT INTO MAP_APP_GENRE VALUES( 11280, 4 );

	INSERT INTO MAP_APP_LANG VALUES ( 11280, 2,  'Y', 'N', 'N' );

	INSERT INTO MAP_APP_PUBLISHER VALUES( 11280, 126 );

	INSERT INTO MAP_APP_TAG VALUES( 11280, 19 );
	INSERT INTO MAP_APP_TAG VALUES( 11280, 597 );
	INSERT INTO MAP_APP_TAG VALUES( 11280, 492 );
	INSERT INTO MAP_APP_TAG VALUES( 11280, 3859 );
	INSERT INTO MAP_APP_TAG VALUES( 11280, 1663 );
	INSERT INTO MAP_APP_TAG VALUES( 11280, 1756 );
	INSERT INTO MAP_APP_TAG VALUES( 11280, 1774 );
	INSERT INTO MAP_APP_TAG VALUES( 11280, 5350 );
	INSERT INTO MAP_APP_TAG VALUES( 11280, 3839 );
	INSERT INTO MAP_APP_TAG VALUES( 11280, 1667 );
	INSERT INTO MAP_APP_TAG VALUES( 11280, 4085 );
	INSERT INTO MAP_APP_TAG VALUES( 11280, 1721 );

INSERT INTO APP_TABLE	 VALUES( 11330, 'Obulis', 'Obulis can literally be learned in seconds, but the puzzles will keep you thinking for hours.', SYSDATE ,5500, '' );
	INSERT INTO MAP_APP_CATEGORY VALUES( 11330, 3 );
	INSERT INTO MAP_APP_CATEGORY VALUES( 11330, 4 );

	INSERT INTO MAP_APP_DEVELOPER VALUES( 11330, 127 );

	INSERT INTO MAP_APP_GENRE VALUES( 11330, 7 );
	INSERT INTO MAP_APP_GENRE VALUES( 11330, 4 );

	INSERT INTO MAP_APP_LANG VALUES ( 11330, 2,  'Y', 'N', 'N' );

	INSERT INTO MAP_APP_PUBLISHER VALUES( 11330, 123 );

	INSERT INTO MAP_APP_TAG VALUES( 11330, 1664 );
	INSERT INTO MAP_APP_TAG VALUES( 11330, 597 );
	INSERT INTO MAP_APP_TAG VALUES( 11330, 492 );
	INSERT INTO MAP_APP_TAG VALUES( 11330, 3968 );
	INSERT INTO MAP_APP_TAG VALUES( 11330, 4182 );
	INSERT INTO MAP_APP_TAG VALUES( 11330, 9 );
	INSERT INTO MAP_APP_TAG VALUES( 11330, 4166 );
	INSERT INTO MAP_APP_TAG VALUES( 11330, 1756 );

INSERT INTO APP_TABLE	 VALUES( 11340, 'Larva_Mortus', 'Larva Mortus is a fast-paced action horror game that has you hunting monsters of the supernatural in a dark and ominous atmosphere full of undead, terrifying and demonic nightmares.', SYSDATE ,5500, '' );
	INSERT INTO MAP_APP_CATEGORY VALUES( 11340, 3 );
	INSERT INTO MAP_APP_CATEGORY VALUES( 11340, 4 );

	INSERT INTO MAP_APP_DEVELOPER VALUES( 11340, 123 );

	INSERT INTO MAP_APP_GENRE VALUES( 11340, 1 );
	INSERT INTO MAP_APP_GENRE VALUES( 11340, 4 );

	INSERT INTO MAP_APP_LANG VALUES ( 11340, 2,  'Y', 'N', 'N' );

	INSERT INTO MAP_APP_PUBLISHER VALUES( 11340, 123 );

	INSERT INTO MAP_APP_TAG VALUES( 11340, 19 );
	INSERT INTO MAP_APP_TAG VALUES( 11340, 492 );
	INSERT INTO MAP_APP_TAG VALUES( 11340, 4791 );
	INSERT INTO MAP_APP_TAG VALUES( 11340, 1667 );
	INSERT INTO MAP_APP_TAG VALUES( 11340, 1774 );
	INSERT INTO MAP_APP_TAG VALUES( 11340, 122 );
	INSERT INTO MAP_APP_TAG VALUES( 11340, 1659 );
	INSERT INTO MAP_APP_TAG VALUES( 11340, 1773 );
	INSERT INTO MAP_APP_TAG VALUES( 11340, 4637 );
	INSERT INTO MAP_APP_TAG VALUES( 11340, 4182 );
	INSERT INTO MAP_APP_TAG VALUES( 11340, 3871 );
	INSERT INTO MAP_APP_TAG VALUES( 11340, 597 );
	INSERT INTO MAP_APP_TAG VALUES( 11340, 4166 );
	INSERT INTO MAP_APP_TAG VALUES( 11340, 4004 );
	INSERT INTO MAP_APP_TAG VALUES( 11340, 21 );

INSERT INTO APP_TABLE	 VALUES( 11360, 'Chains', 'Chains is a challenging puzzle game with a unique feel and distinctive vector graphics style. The object of the game is simple - to link adjacent bubbles of the same color into chains. As you progress through the physics-driven stages it becomes increasingly more challenging and players'' speed, strategy and skill will be put to the test.', SYSDATE ,5500, '' );
	INSERT INTO MAP_APP_CATEGORY VALUES( 11360, 3 );

	INSERT INTO MAP_APP_DEVELOPER VALUES( 11360, 128 );

	INSERT INTO MAP_APP_GENRE VALUES( 11360, 4 );

	INSERT INTO MAP_APP_LANG VALUES ( 11360, 2,  'Y', 'N', 'N' );

	INSERT INTO MAP_APP_PUBLISHER VALUES( 11360, 123 );

	INSERT INTO MAP_APP_TAG VALUES( 11360, 492 );
	INSERT INTO MAP_APP_TAG VALUES( 11360, 1664 );
	INSERT INTO MAP_APP_TAG VALUES( 11360, 3968 );
	INSERT INTO MAP_APP_TAG VALUES( 11360, 597 );
	INSERT INTO MAP_APP_TAG VALUES( 11360, 4182 );
	INSERT INTO MAP_APP_TAG VALUES( 11360, 3871 );
	INSERT INTO MAP_APP_TAG VALUES( 11360, 1756 );
	INSERT INTO MAP_APP_TAG VALUES( 11360, 4004 );
	INSERT INTO MAP_APP_TAG VALUES( 11360, 4166 );

INSERT INTO APP_TABLE	 VALUES( 11370, 'Nikopol:_Secrets_of_the_Immortals', 'From the art and stories of famed graphic novelist and filmmaker Enki Bilal, and the studio created by adventure game legend Benoit Sokal comes NIKOPOL: SECRETS OF THE IMMORTALS.', SYSDATE ,5500, '' );
	INSERT INTO MAP_APP_CATEGORY VALUES( 11370, 3 );


	INSERT INTO MAP_APP_GENRE VALUES( 11370, 3 );
	INSERT INTO MAP_APP_GENRE VALUES( 11370, 4 );

	INSERT INTO MAP_APP_LANG VALUES ( 11370, 2,  'Y', 'N', 'N' );
	INSERT INTO MAP_APP_LANG VALUES ( 11370, 3,  'Y', 'N', 'N' );
	INSERT INTO MAP_APP_LANG VALUES ( 11370, 4,  'Y', 'N', 'N' );
	INSERT INTO MAP_APP_LANG VALUES ( 11370, 6,  'Y', 'N', 'N' );
	INSERT INTO MAP_APP_LANG VALUES ( 11370, 7,  'Y', 'N', 'N' );

	INSERT INTO MAP_APP_PUBLISHER VALUES( 11370, 123 );

	INSERT INTO MAP_APP_TAG VALUES( 11370, 21 );
	INSERT INTO MAP_APP_TAG VALUES( 11370, 1698 );
	INSERT INTO MAP_APP_TAG VALUES( 11370, 492 );
	INSERT INTO MAP_APP_TAG VALUES( 11370, 3942 );
	INSERT INTO MAP_APP_TAG VALUES( 11370, 4115 );
	INSERT INTO MAP_APP_TAG VALUES( 11370, 1667 );
	INSERT INTO MAP_APP_TAG VALUES( 11370, 3839 );
	INSERT INTO MAP_APP_TAG VALUES( 11370, 4166 );
	INSERT INTO MAP_APP_TAG VALUES( 11370, 4182 );
	INSERT INTO MAP_APP_TAG VALUES( 11370, 4234 );
	INSERT INTO MAP_APP_TAG VALUES( 11370, 1742 );

INSERT INTO APP_TABLE	 VALUES( 11390, 'Crash_Time_2', 'With fully destructible cars, arcade gameplay, outstanding graphics and stunning slow-mo effects, CRASH TIME 2 puts you right in the driver seat, ready to burn rubber.', SYSDATE ,10500, '' );
	INSERT INTO MAP_APP_CATEGORY VALUES( 11390, 3 );


	INSERT INTO MAP_APP_GENRE VALUES( 11390, 1 );
	INSERT INTO MAP_APP_GENRE VALUES( 11390, 9 );

	INSERT INTO MAP_APP_LANG VALUES ( 11390, 2,  'Y', 'N', 'N' );
	INSERT INTO MAP_APP_LANG VALUES ( 11390, 4,  'Y', 'N', 'N' );
	INSERT INTO MAP_APP_LANG VALUES ( 11390, 6,  'Y', 'N', 'N' );

	INSERT INTO MAP_APP_PUBLISHER VALUES( 11390, 123 );

	INSERT INTO MAP_APP_TAG VALUES( 11390, 699 );
	INSERT INTO MAP_APP_TAG VALUES( 11390, 19 );
	INSERT INTO MAP_APP_TAG VALUES( 11390, 1695 );
	INSERT INTO MAP_APP_TAG VALUES( 11390, 4182 );
	INSERT INTO MAP_APP_TAG VALUES( 11390, 1644 );
	INSERT INTO MAP_APP_TAG VALUES( 11390, 7368 );
	INSERT INTO MAP_APP_TAG VALUES( 11390, 599 );
	INSERT INTO MAP_APP_TAG VALUES( 11390, 10816 );
	INSERT INTO MAP_APP_TAG VALUES( 11390, 21 );

INSERT INTO APP_TABLE	 VALUES( 44200, 'Galcon_Fusion', 'Conquer the Galaxy like never before! Galcon Fusion is an awesome high-paced multi-player galactic arcade-strategy game. Send swarms of ships to defeat enemy planets and conquer the universe! Beautiful new HD graphics Full-length interactive soundtrack Multi-player, team games, and solo missions Achievements and detailed rankings Variety...', SYSDATE ,-1, '' );
	INSERT INTO MAP_APP_CATEGORY VALUES( 44200, 3 );
	INSERT INTO MAP_APP_CATEGORY VALUES( 44200, 1 );
	INSERT INTO MAP_APP_CATEGORY VALUES( 44200, 16 );
	INSERT INTO MAP_APP_CATEGORY VALUES( 44200, 10 );
	INSERT INTO MAP_APP_CATEGORY VALUES( 44200, 4 );
	INSERT INTO MAP_APP_CATEGORY VALUES( 44200, 8 );

	INSERT INTO MAP_APP_DEVELOPER VALUES( 44200, 389 );

	INSERT INTO MAP_APP_GENRE VALUES( 44200, 4 );
	INSERT INTO MAP_APP_GENRE VALUES( 44200, 5 );

	INSERT INTO MAP_APP_LANG VALUES ( 44200, 2,  'Y', 'N', 'N' );

	INSERT INTO MAP_APP_PUBLISHER VALUES( 44200, 389 );

	INSERT INTO MAP_APP_TAG VALUES( 44200, 9 );
	INSERT INTO MAP_APP_TAG VALUES( 44200, 492 );
	INSERT INTO MAP_APP_TAG VALUES( 44200, 1676 );
	INSERT INTO MAP_APP_TAG VALUES( 44200, 1755 );
	INSERT INTO MAP_APP_TAG VALUES( 44200, 3942 );
	INSERT INTO MAP_APP_TAG VALUES( 44200, 3859 );
	INSERT INTO MAP_APP_TAG VALUES( 44200, 597 );
	INSERT INTO MAP_APP_TAG VALUES( 44200, 4182 );

INSERT INTO APP_TABLE	 VALUES( 11450, 'Overlord¢â', 'Prepare to be tempted, mesmerized and thrilled, become the Overlord, how corrupt you become depends on how you handle any given situation. Your actions impact the game world. With incredible power at your disposal and a team of evil minded minions to do your evil bidding, how will you resist the temptation to be incredibly despotic?', SYSDATE ,5500, '' );
	INSERT INTO MAP_APP_CATEGORY VALUES( 11450, 3 );
	INSERT INTO MAP_APP_CATEGORY VALUES( 11450, 7 );

	INSERT INTO MAP_APP_DEVELOPER VALUES( 11450, 129 );
	INSERT INTO MAP_APP_DEVELOPER VALUES( 11450, 130 );

	INSERT INTO MAP_APP_GENRE VALUES( 11450, 6 );

	INSERT INTO MAP_APP_LANG VALUES ( 11450, 2,  'Y', 'N', 'N' );
	INSERT INTO MAP_APP_LANG VALUES ( 11450, 4,  'Y', 'N', 'N' );
	INSERT INTO MAP_APP_LANG VALUES ( 11450, 6,  'Y', 'N', 'N' );
	INSERT INTO MAP_APP_LANG VALUES ( 11450, 7,  'Y', 'N', 'N' );


	INSERT INTO MAP_APP_TAG VALUES( 11450, 122 );
	INSERT INTO MAP_APP_TAG VALUES( 11450, 11333 );
	INSERT INTO MAP_APP_TAG VALUES( 11450, 1697 );
	INSERT INTO MAP_APP_TAG VALUES( 11450, 19 );
	INSERT INTO MAP_APP_TAG VALUES( 11450, 1719 );
	INSERT INTO MAP_APP_TAG VALUES( 11450, 1684 );
	INSERT INTO MAP_APP_TAG VALUES( 11450, 21 );
	INSERT INTO MAP_APP_TAG VALUES( 11450, 4136 );
	INSERT INTO MAP_APP_TAG VALUES( 11450, 4182 );
	INSERT INTO MAP_APP_TAG VALUES( 11450, 5923 );
	INSERT INTO MAP_APP_TAG VALUES( 11450, 4106 );
	INSERT INTO MAP_APP_TAG VALUES( 11450, 9 );
	INSERT INTO MAP_APP_TAG VALUES( 11450, 4231 );
	INSERT INTO MAP_APP_TAG VALUES( 11450, 4166 );
	INSERT INTO MAP_APP_TAG VALUES( 11450, 1664 );
	INSERT INTO MAP_APP_TAG VALUES( 11450, 1676 );
	INSERT INTO MAP_APP_TAG VALUES( 11450, 1695 );
	INSERT INTO MAP_APP_TAG VALUES( 11450, 1646 );
	INSERT INTO MAP_APP_TAG VALUES( 11450, 3859 );
	INSERT INTO MAP_APP_TAG VALUES( 11450, 1742 );

INSERT INTO APP_TABLE	 VALUES( 11480, 'Soldiers:_Heroes_of_World_War_II', 'The player can take control of American, British, Russian, or German forces to play out battles that are set in World War II. The game is primarily a strategy game, but the player can take control of his or her forces and direct them with the keyboard and mouse for additional depth of control.', SYSDATE ,5500, '' );
	INSERT INTO MAP_APP_CATEGORY VALUES( 11480, 3 );
	INSERT INTO MAP_APP_CATEGORY VALUES( 11480, 1 );
	INSERT INTO MAP_APP_CATEGORY VALUES( 11480, 16 );

	INSERT INTO MAP_APP_DEVELOPER VALUES( 11480, 86 );

	INSERT INTO MAP_APP_GENRE VALUES( 11480, 5 );

	INSERT INTO MAP_APP_LANG VALUES ( 11480, 2,  'Y', 'Y', 'Y' );
	INSERT INTO MAP_APP_LANG VALUES ( 11480, 3,  'Y', 'N', 'Y' );
	INSERT INTO MAP_APP_LANG VALUES ( 11480, 4,  'Y', 'N', 'Y' );
	INSERT INTO MAP_APP_LANG VALUES ( 11480, 9,  'Y', 'Y', 'Y' );
	INSERT INTO MAP_APP_LANG VALUES ( 11480, 6,  'Y', 'N', 'Y' );
	INSERT INTO MAP_APP_LANG VALUES ( 11480, 7,  'Y', 'N', 'Y' );

	INSERT INTO MAP_APP_PUBLISHER VALUES( 11480, 32 );

	INSERT INTO MAP_APP_TAG VALUES( 11480, 9 );
	INSERT INTO MAP_APP_TAG VALUES( 11480, 4150 );
	INSERT INTO MAP_APP_TAG VALUES( 11480, 1676 );

INSERT INTO APP_TABLE	 VALUES( 11560, 'Maelstrom:_The_Battle_for_Earth_Begins', 'In the space of fifty years, Earth changed from a planet on cusp of a challenging future to a world a breath away from lifelessness and plunged into an apocalyptic time of ecological disaster, global warfare and the meltdown of human civilization. This is the time of the Maelstrom.', SYSDATE ,5500, '' );
	INSERT INTO MAP_APP_CATEGORY VALUES( 11560, 3 );

	INSERT INTO MAP_APP_DEVELOPER VALUES( 11560, 131 );

	INSERT INTO MAP_APP_GENRE VALUES( 11560, 5 );

	INSERT INTO MAP_APP_LANG VALUES ( 11560, 2,  'Y', 'N', 'N' );
	INSERT INTO MAP_APP_LANG VALUES ( 11560, 3,  'Y', 'N', 'N' );
	INSERT INTO MAP_APP_LANG VALUES ( 11560, 4,  'Y', 'N', 'N' );
	INSERT INTO MAP_APP_LANG VALUES ( 11560, 6,  'Y', 'N', 'N' );
	INSERT INTO MAP_APP_LANG VALUES ( 11560, 7,  'Y', 'N', 'N' );


	INSERT INTO MAP_APP_TAG VALUES( 11560, 9 );
	INSERT INTO MAP_APP_TAG VALUES( 11560, 1676 );

INSERT INTO APP_TABLE	 VALUES( 44340, 'Operation_Flashpoint:_Red_River', 'Stand together with the US Marines in Operation Flashpoint: Red River, the ultimate tactical infantry shooter.', SYSDATE ,10500, '' );
	INSERT INTO MAP_APP_CATEGORY VALUES( 44340, 3 );
	INSERT INTO MAP_APP_CATEGORY VALUES( 44340, 1 );
	INSERT INTO MAP_APP_CATEGORY VALUES( 44340, 16 );

	INSERT INTO MAP_APP_DEVELOPER VALUES( 44340, 390 );

	INSERT INTO MAP_APP_GENRE VALUES( 44340, 1 );
	INSERT INTO MAP_APP_GENRE VALUES( 44340, 5 );

	INSERT INTO MAP_APP_LANG VALUES ( 44340, 2,  'Y', 'N', 'N' );
	INSERT INTO MAP_APP_LANG VALUES ( 44340, 3,  'Y', 'N', 'N' );
	INSERT INTO MAP_APP_LANG VALUES ( 44340, 4,  'Y', 'N', 'N' );
	INSERT INTO MAP_APP_LANG VALUES ( 44340, 6,  'Y', 'N', 'N' );
	INSERT INTO MAP_APP_LANG VALUES ( 44340, 7,  'Y', 'N', 'N' );


	INSERT INTO MAP_APP_TAG VALUES( 44340, 19 );
	INSERT INTO MAP_APP_TAG VALUES( 44340, 1663 );
	INSERT INTO MAP_APP_TAG VALUES( 44340, 9 );
	INSERT INTO MAP_APP_TAG VALUES( 44340, 4168 );
	INSERT INTO MAP_APP_TAG VALUES( 44340, 1685 );
	INSERT INTO MAP_APP_TAG VALUES( 44340, 1708 );
	INSERT INTO MAP_APP_TAG VALUES( 44340, 3859 );
	INSERT INTO MAP_APP_TAG VALUES( 44340, 1774 );
	INSERT INTO MAP_APP_TAG VALUES( 44340, 599 );
	INSERT INTO MAP_APP_TAG VALUES( 44340, 1695 );
	INSERT INTO MAP_APP_TAG VALUES( 44340, 4175 );
	INSERT INTO MAP_APP_TAG VALUES( 44340, 4182 );
	INSERT INTO MAP_APP_TAG VALUES( 44340, 3839 );
	INSERT INTO MAP_APP_TAG VALUES( 44340, 1678 );

INSERT INTO APP_TABLE	 VALUES( 44350, 'GRID_2', 'Be fast, be first and be famous as the race returns in GRID 2, the sequel to the BAFTA-award winning, multi-million selling Race Driver: GRID.', SYSDATE ,32000, '' );
	INSERT INTO MAP_APP_CATEGORY VALUES( 44350, 3 );
	INSERT INTO MAP_APP_CATEGORY VALUES( 44350, 1 );
	INSERT INTO MAP_APP_CATEGORY VALUES( 44350, 4 );
	INSERT INTO MAP_APP_CATEGORY VALUES( 44350, 17 );
	INSERT INTO MAP_APP_CATEGORY VALUES( 44350, 5 );
	INSERT INTO MAP_APP_CATEGORY VALUES( 44350, 8 );
	INSERT INTO MAP_APP_CATEGORY VALUES( 44350, 2 );
	INSERT INTO MAP_APP_CATEGORY VALUES( 44350, 18 );

	INSERT INTO MAP_APP_DEVELOPER VALUES( 44350, 391 );
	INSERT INTO MAP_APP_DEVELOPER VALUES( 44350, 56 );

	INSERT INTO MAP_APP_GENRE VALUES( 44350, 9 );
	INSERT INTO MAP_APP_GENRE VALUES( 44350, 11 );

	INSERT INTO MAP_APP_LANG VALUES ( 44350, 2,  'Y', 'Y', 'N' );
	INSERT INTO MAP_APP_LANG VALUES ( 44350, 20,  'Y', 'Y', 'N' );
	INSERT INTO MAP_APP_LANG VALUES ( 44350, 3,  'Y', 'Y', 'N' );
	INSERT INTO MAP_APP_LANG VALUES ( 44350, 4,  'Y', 'Y', 'N' );
	INSERT INTO MAP_APP_LANG VALUES ( 44350, 10,  'Y', 'Y', 'N' );
	INSERT INTO MAP_APP_LANG VALUES ( 44350, 6,  'Y', 'Y', 'N' );
	INSERT INTO MAP_APP_LANG VALUES ( 44350, 7,  'Y', 'Y', 'N' );
	INSERT INTO MAP_APP_LANG VALUES ( 44350, 11,  'Y', 'Y', 'N' );

	INSERT INTO MAP_APP_PUBLISHER VALUES( 44350, 56 );

	INSERT INTO MAP_APP_TAG VALUES( 44350, 699 );
	INSERT INTO MAP_APP_TAG VALUES( 44350, 701 );
	INSERT INTO MAP_APP_TAG VALUES( 44350, 3859 );
	INSERT INTO MAP_APP_TAG VALUES( 44350, 1773 );
	INSERT INTO MAP_APP_TAG VALUES( 44350, 1644 );
	INSERT INTO MAP_APP_TAG VALUES( 44350, 599 );
	INSERT INTO MAP_APP_TAG VALUES( 44350, 4182 );
	INSERT INTO MAP_APP_TAG VALUES( 44350, 10816 );
	INSERT INTO MAP_APP_TAG VALUES( 44350, 7368 );
	INSERT INTO MAP_APP_TAG VALUES( 44350, 19 );
	INSERT INTO MAP_APP_TAG VALUES( 44350, 7481 );
	INSERT INTO MAP_APP_TAG VALUES( 44350, 1695 );
	INSERT INTO MAP_APP_TAG VALUES( 44350, 4175 );
	INSERT INTO MAP_APP_TAG VALUES( 44350, 1685 );
	INSERT INTO MAP_APP_TAG VALUES( 44350, 3841 );
	INSERT INTO MAP_APP_TAG VALUES( 44350, 3839 );
	INSERT INTO MAP_APP_TAG VALUES( 44350, 29363 );
	INSERT INTO MAP_APP_TAG VALUES( 44350, 597 );

INSERT INTO APP_TABLE	 VALUES( 11590, 'Hospital_Tycoon', 'Develop your own hospital drama and manipulate the results to your best advantage! In charge of a rapidly expanding hospital, your job is to cure the patients with your army of doctors and nurses while successfully managing the facilities and taking care of everyone''s needs.', SYSDATE ,5500, '' );
	INSERT INTO MAP_APP_CATEGORY VALUES( 11590, 3 );

	INSERT INTO MAP_APP_DEVELOPER VALUES( 11590, 132 );

	INSERT INTO MAP_APP_GENRE VALUES( 11590, 8 );

	INSERT INTO MAP_APP_LANG VALUES ( 11590, 2,  'Y', 'N', 'N' );
	INSERT INTO MAP_APP_LANG VALUES ( 11590, 3,  'Y', 'N', 'N' );
	INSERT INTO MAP_APP_LANG VALUES ( 11590, 4,  'Y', 'N', 'N' );
	INSERT INTO MAP_APP_LANG VALUES ( 11590, 6,  'Y', 'N', 'N' );
	INSERT INTO MAP_APP_LANG VALUES ( 11590, 7,  'Y', 'N', 'N' );
	INSERT INTO MAP_APP_LANG VALUES ( 11590, 17,  'Y', 'N', 'N' );


	INSERT INTO MAP_APP_TAG VALUES( 11590, 599 );
	INSERT INTO MAP_APP_TAG VALUES( 11590, 12472 );
	INSERT INTO MAP_APP_TAG VALUES( 11590, 4182 );

INSERT INTO APP_TABLE	 VALUES( 44360, 'F1_2011', 'The official FORMULA ONE¢â game returns with new circuits, split-screen and co-op Championship modes plus all the cars and stars from the 2011 season. Debut ahead of the drivers at India¡¯s Buddh International Circuit, race the iconic N?rburgring circuit for the first time in High Definition and take on Abu Dhabi with a spectacular new day...', SYSDATE ,16000, '' );
	INSERT INTO MAP_APP_CATEGORY VALUES( 44360, 3 );
	INSERT INTO MAP_APP_CATEGORY VALUES( 44360, 1 );
	INSERT INTO MAP_APP_CATEGORY VALUES( 44360, 16 );

	INSERT INTO MAP_APP_DEVELOPER VALUES( 44360, 392 );

	INSERT INTO MAP_APP_GENRE VALUES( 44360, 9 );
	INSERT INTO MAP_APP_GENRE VALUES( 44360, 8 );
	INSERT INTO MAP_APP_GENRE VALUES( 44360, 11 );

	INSERT INTO MAP_APP_LANG VALUES ( 44360, 2,  'Y', 'Y', 'N' );
	INSERT INTO MAP_APP_LANG VALUES ( 44360, 3,  'Y', 'Y', 'N' );
	INSERT INTO MAP_APP_LANG VALUES ( 44360, 4,  'Y', 'Y', 'N' );
	INSERT INTO MAP_APP_LANG VALUES ( 44360, 6,  'Y', 'Y', 'N' );
	INSERT INTO MAP_APP_LANG VALUES ( 44360, 7,  'Y', 'Y', 'N' );


	INSERT INTO MAP_APP_TAG VALUES( 44360, 699 );
	INSERT INTO MAP_APP_TAG VALUES( 44360, 599 );
	INSERT INTO MAP_APP_TAG VALUES( 44360, 701 );
	INSERT INTO MAP_APP_TAG VALUES( 44360, 3859 );

INSERT INTO APP_TABLE	 VALUES( 44600, 'GTR_-_FIA_GT_Racing_Game', 'Experience the 2003 season of the FIA GT Championship first-hand as you test your skills on all the legendary race tracks the FIA GT.', SYSDATE ,-1, '' );
	INSERT INTO MAP_APP_CATEGORY VALUES( 44600, 3 );
	INSERT INTO MAP_APP_CATEGORY VALUES( 44600, 1 );

	INSERT INTO MAP_APP_DEVELOPER VALUES( 44600, 94 );

	INSERT INTO MAP_APP_GENRE VALUES( 44600, 9 );
	INSERT INTO MAP_APP_GENRE VALUES( 44600, 11 );

	INSERT INTO MAP_APP_LANG VALUES ( 44600, 2,  'Y', 'N', 'N' );

	INSERT INTO MAP_APP_PUBLISHER VALUES( 44600, 49 );

	INSERT INTO MAP_APP_TAG VALUES( 44600, 699 );
	INSERT INTO MAP_APP_TAG VALUES( 44600, 701 );
	INSERT INTO MAP_APP_TAG VALUES( 44600, 599 );

INSERT INTO APP_TABLE	 VALUES( 44680, 'RACE_Injection', 'RACE Injection is the final chapter in the RACE 07 series of games, ending the award winning series on a high note.RACE Injection contains 23 new unique car models and boasts 9 new tracks from across the globe.', SYSDATE ,-1, '' );
	INSERT INTO MAP_APP_CATEGORY VALUES( 44680, 3 );
	INSERT INTO MAP_APP_CATEGORY VALUES( 44680, 1 );

	INSERT INTO MAP_APP_DEVELOPER VALUES( 44680, 94 );

	INSERT INTO MAP_APP_GENRE VALUES( 44680, 9 );

	INSERT INTO MAP_APP_LANG VALUES ( 44680, 2,  'Y', 'N', 'N' );
	INSERT INTO MAP_APP_LANG VALUES ( 44680, 3,  'Y', 'N', 'N' );
	INSERT INTO MAP_APP_LANG VALUES ( 44680, 4,  'Y', 'N', 'N' );
	INSERT INTO MAP_APP_LANG VALUES ( 44680, 6,  'Y', 'N', 'N' );
	INSERT INTO MAP_APP_LANG VALUES ( 44680, 7,  'Y', 'N', 'N' );

	INSERT INTO MAP_APP_PUBLISHER VALUES( 44680, 49 );

	INSERT INTO MAP_APP_TAG VALUES( 44680, 699 );
	INSERT INTO MAP_APP_TAG VALUES( 44680, 599 );

INSERT INTO APP_TABLE	 VALUES( 44690, 'GT_Legends', 'The golden age of motor sports has returned. Experience one of the world¡¯s most exciting racing series in GT...', SYSDATE ,-1, '' );
	INSERT INTO MAP_APP_CATEGORY VALUES( 44690, 3 );
	INSERT INTO MAP_APP_CATEGORY VALUES( 44690, 1 );

	INSERT INTO MAP_APP_DEVELOPER VALUES( 44690, 94 );

	INSERT INTO MAP_APP_GENRE VALUES( 44690, 9 );
	INSERT INTO MAP_APP_GENRE VALUES( 44690, 8 );
	INSERT INTO MAP_APP_GENRE VALUES( 44690, 11 );

	INSERT INTO MAP_APP_LANG VALUES ( 44690, 2,  'Y', 'Y', 'N' );

	INSERT INTO MAP_APP_PUBLISHER VALUES( 44690, 49 );

	INSERT INTO MAP_APP_TAG VALUES( 44690, 699 );
	INSERT INTO MAP_APP_TAG VALUES( 44690, 599 );
	INSERT INTO MAP_APP_TAG VALUES( 44690, 701 );

INSERT INTO APP_TABLE	 VALUES( 12100, 'Grand_Theft_Auto_III', '', SYSDATE ,-1, '' );






INSERT INTO APP_TABLE	 VALUES( 12110, 'Grand_Theft_Auto:_Vice_City', '', SYSDATE ,-1, '' );






INSERT INTO APP_TABLE	 VALUES( 12120, 'Grand_Theft_Auto:_San_Andreas', '', SYSDATE ,-1, '' );






INSERT INTO APP_TABLE	 VALUES( 12130, 'Manhunt', 'You awake to the sound of your own panicked breath. In Manhunt, you must run, hide and fight to survive. If you can stay alive long enough, you may find out who did this to you. This is a brutal blood sport.', SYSDATE ,10500, '' );
	INSERT INTO MAP_APP_CATEGORY VALUES( 12130, 3 );

	INSERT INTO MAP_APP_DEVELOPER VALUES( 12130, 133 );

	INSERT INTO MAP_APP_GENRE VALUES( 12130, 1 );

	INSERT INTO MAP_APP_LANG VALUES ( 12130, 2,  'Y', 'N', 'N' );
	INSERT INTO MAP_APP_LANG VALUES ( 12130, 3,  'Y', 'N', 'N' );
	INSERT INTO MAP_APP_LANG VALUES ( 12130, 4,  'Y', 'N', 'N' );
	INSERT INTO MAP_APP_LANG VALUES ( 12130, 6,  'Y', 'N', 'N' );
	INSERT INTO MAP_APP_LANG VALUES ( 12130, 7,  'Y', 'N', 'N' );


	INSERT INTO MAP_APP_TAG VALUES( 12130, 4345 );
	INSERT INTO MAP_APP_TAG VALUES( 12130, 1687 );
	INSERT INTO MAP_APP_TAG VALUES( 12130, 19 );
	INSERT INTO MAP_APP_TAG VALUES( 12130, 1667 );
	INSERT INTO MAP_APP_TAG VALUES( 12130, 4667 );
	INSERT INTO MAP_APP_TAG VALUES( 12130, 4182 );
	INSERT INTO MAP_APP_TAG VALUES( 12130, 1721 );
	INSERT INTO MAP_APP_TAG VALUES( 12130, 3978 );
	INSERT INTO MAP_APP_TAG VALUES( 12130, 4166 );
	INSERT INTO MAP_APP_TAG VALUES( 12130, 4342 );
	INSERT INTO MAP_APP_TAG VALUES( 12130, 1756 );
	INSERT INTO MAP_APP_TAG VALUES( 12130, 1697 );
	INSERT INTO MAP_APP_TAG VALUES( 12130, 1662 );
	INSERT INTO MAP_APP_TAG VALUES( 12130, 1693 );
	INSERT INTO MAP_APP_TAG VALUES( 12130, 5611 );

INSERT INTO APP_TABLE	 VALUES( 12140, 'Max_Payne', '', SYSDATE ,-1, '' );






INSERT INTO APP_TABLE	 VALUES( 12150, 'Max_Payne_2:_The_Fall_of_Max_Payne', '', SYSDATE ,-1, '' );






INSERT INTO APP_TABLE	 VALUES( 12160, 'Midnight_Club_2', 'The world''s most notorious drivers meet each night on the streets of LA, Paris, and Tokyo. Choose from a collection of performance-enhanced cars or bikes and compete head-to-head to make a name for yourself. There are no rules. Drive anywhere in the city. Find the fastest route to win.', SYSDATE ,10500, '' );
	INSERT INTO MAP_APP_CATEGORY VALUES( 12160, 3 );
	INSERT INTO MAP_APP_CATEGORY VALUES( 12160, 1 );

	INSERT INTO MAP_APP_DEVELOPER VALUES( 12160, 134 );

	INSERT INTO MAP_APP_GENRE VALUES( 12160, 9 );

	INSERT INTO MAP_APP_LANG VALUES ( 12160, 2,  'Y', 'Y', 'Y' );
	INSERT INTO MAP_APP_LANG VALUES ( 12160, 3,  'Y', 'N', 'Y' );
	INSERT INTO MAP_APP_LANG VALUES ( 12160, 4,  'Y', 'N', 'Y' );
	INSERT INTO MAP_APP_LANG VALUES ( 12160, 6,  'Y', 'N', 'Y' );
	INSERT INTO MAP_APP_LANG VALUES ( 12160, 7,  'Y', 'N', 'Y' );


	INSERT INTO MAP_APP_TAG VALUES( 12160, 699 );
	INSERT INTO MAP_APP_TAG VALUES( 12160, 1695 );
	INSERT INTO MAP_APP_TAG VALUES( 12160, 1756 );
	INSERT INTO MAP_APP_TAG VALUES( 12160, 1773 );
	INSERT INTO MAP_APP_TAG VALUES( 12160, 1693 );
	INSERT INTO MAP_APP_TAG VALUES( 12160, 4182 );
	INSERT INTO MAP_APP_TAG VALUES( 12160, 3859 );
	INSERT INTO MAP_APP_TAG VALUES( 12160, 3810 );

INSERT INTO APP_TABLE	 VALUES( 12200, 'Bully:_Scholarship_Edition', '', SYSDATE ,-1, '' );






INSERT INTO APP_TABLE	 VALUES( 12210, 'Grand_Theft_Auto_IV:_Complete_Edition', 'PLEASE NOTE: Microsoft no longer supports creating Games for Windows-LIVE accounts within Grand Theft Auto IV. You can create an account through account.xbox.com and then log into your account in game. This standalone retail title spans three distinct stories, interwoven to create one of the most unique and engaging single-player...', SYSDATE ,32000, '' );
	INSERT INTO MAP_APP_CATEGORY VALUES( 12210, 3 );
	INSERT INTO MAP_APP_CATEGORY VALUES( 12210, 1 );
	INSERT INTO MAP_APP_CATEGORY VALUES( 12210, 7 );

	INSERT INTO MAP_APP_DEVELOPER VALUES( 12210, 133 );
	INSERT INTO MAP_APP_DEVELOPER VALUES( 12210, 135 );

	INSERT INTO MAP_APP_GENRE VALUES( 12210, 1 );
	INSERT INTO MAP_APP_GENRE VALUES( 12210, 3 );

	INSERT INTO MAP_APP_LANG VALUES ( 12210, 2,  'Y', 'N', 'N' );
	INSERT INTO MAP_APP_LANG VALUES ( 12210, 3,  'Y', 'N', 'N' );
	INSERT INTO MAP_APP_LANG VALUES ( 12210, 4,  'Y', 'N', 'N' );
	INSERT INTO MAP_APP_LANG VALUES ( 12210, 6,  'Y', 'N', 'N' );
	INSERT INTO MAP_APP_LANG VALUES ( 12210, 7,  'Y', 'N', 'N' );


	INSERT INTO MAP_APP_TAG VALUES( 12210, 1695 );
	INSERT INTO MAP_APP_TAG VALUES( 12210, 19 );
	INSERT INTO MAP_APP_TAG VALUES( 12210, 7328 );
	INSERT INTO MAP_APP_TAG VALUES( 12210, 3859 );
	INSERT INTO MAP_APP_TAG VALUES( 12210, 1697 );
	INSERT INTO MAP_APP_TAG VALUES( 12210, 21 );
	INSERT INTO MAP_APP_TAG VALUES( 12210, 6378 );
	INSERT INTO MAP_APP_TAG VALUES( 12210, 3810 );
	INSERT INTO MAP_APP_TAG VALUES( 12210, 3814 );
	INSERT INTO MAP_APP_TAG VALUES( 12210, 1669 );
	INSERT INTO MAP_APP_TAG VALUES( 12210, 4182 );
	INSERT INTO MAP_APP_TAG VALUES( 12210, 1774 );
	INSERT INTO MAP_APP_TAG VALUES( 12210, 3968 );
	INSERT INTO MAP_APP_TAG VALUES( 12210, 4166 );
	INSERT INTO MAP_APP_TAG VALUES( 12210, 1693 );
	INSERT INTO MAP_APP_TAG VALUES( 12210, 4136 );
	INSERT INTO MAP_APP_TAG VALUES( 12210, 5923 );
	INSERT INTO MAP_APP_TAG VALUES( 12210, 1685 );
	INSERT INTO MAP_APP_TAG VALUES( 12210, 4345 );
	INSERT INTO MAP_APP_TAG VALUES( 12210, 1651 );

INSERT INTO APP_TABLE	 VALUES( 12220, 'Grand_Theft_Auto:_Episodes_from_Liberty_City', '', SYSDATE ,-1, '' );






INSERT INTO APP_TABLE	 VALUES( 45000, 'Sol_Survivor', 'Jump in to intense turret defense action with Sol Survivor! Build turrets to defend your colony and the innocent colonists within. Smash enemies with volleys of actively-controlled orbital support. Play with friends in co-operative and competitive multiplayer matches or test your mettle against our new Survival mode!', SYSDATE ,10500, '' );
	INSERT INTO MAP_APP_CATEGORY VALUES( 45000, 3 );
	INSERT INTO MAP_APP_CATEGORY VALUES( 45000, 1 );
	INSERT INTO MAP_APP_CATEGORY VALUES( 45000, 16 );
	INSERT INTO MAP_APP_CATEGORY VALUES( 45000, 4 );
	INSERT INTO MAP_APP_CATEGORY VALUES( 45000, 5 );
	INSERT INTO MAP_APP_CATEGORY VALUES( 45000, 7 );
	INSERT INTO MAP_APP_CATEGORY VALUES( 45000, 8 );
	INSERT INTO MAP_APP_CATEGORY VALUES( 45000, 18 );

	INSERT INTO MAP_APP_DEVELOPER VALUES( 45000, 393 );

	INSERT INTO MAP_APP_GENRE VALUES( 45000, 4 );
	INSERT INTO MAP_APP_GENRE VALUES( 45000, 5 );

	INSERT INTO MAP_APP_LANG VALUES ( 45000, 2,  'Y', 'N', 'N' );

	INSERT INTO MAP_APP_PUBLISHER VALUES( 45000, 393 );

	INSERT INTO MAP_APP_TAG VALUES( 45000, 1645 );
	INSERT INTO MAP_APP_TAG VALUES( 45000, 9 );
	INSERT INTO MAP_APP_TAG VALUES( 45000, 492 );
	INSERT INTO MAP_APP_TAG VALUES( 45000, 1685 );
	INSERT INTO MAP_APP_TAG VALUES( 45000, 3942 );
	INSERT INTO MAP_APP_TAG VALUES( 45000, 3859 );
	INSERT INTO MAP_APP_TAG VALUES( 45000, 4182 );

INSERT INTO APP_TABLE	 VALUES( 12310, 'Culpa_Innata', 'The World Union is labeled the ''perfect society''. Prosperity is a science, disease and wars have vanished, sex is entertainment, and the future has never looked brighter. Suddenly this perfect society is rocked by the murder of a World Union citizen in the ''Rogue State'' of Russia.', SYSDATE ,10500, '' );
	INSERT INTO MAP_APP_CATEGORY VALUES( 12310, 3 );

	INSERT INTO MAP_APP_DEVELOPER VALUES( 12310, 136 );

	INSERT INTO MAP_APP_GENRE VALUES( 12310, 6 );
	INSERT INTO MAP_APP_GENRE VALUES( 12310, 7 );
	INSERT INTO MAP_APP_GENRE VALUES( 12310, 3 );

	INSERT INTO MAP_APP_LANG VALUES ( 12310, 2,  'Y', 'N', 'N' );

	INSERT INTO MAP_APP_PUBLISHER VALUES( 12310, 9 );

	INSERT INTO MAP_APP_TAG VALUES( 12310, 21 );
	INSERT INTO MAP_APP_TAG VALUES( 12310, 3942 );
	INSERT INTO MAP_APP_TAG VALUES( 12310, 122 );
	INSERT INTO MAP_APP_TAG VALUES( 12310, 597 );
	INSERT INTO MAP_APP_TAG VALUES( 12310, 1698 );
	INSERT INTO MAP_APP_TAG VALUES( 12310, 7208 );
	INSERT INTO MAP_APP_TAG VALUES( 12310, 4115 );

INSERT INTO APP_TABLE	 VALUES( 12340, 'Jack_Keane', 'Colonial England. Under a certain amount of duress... Jack takes on a job, which will not only cause him a great deal of trouble, but also bring to light the answer to a mystery out of his distant past. A lack of money leads Jack to accept a charter to take a British secret agent to mysterious ''Tooth Island''.', SYSDATE ,10500, '' );
	INSERT INTO MAP_APP_CATEGORY VALUES( 12340, 3 );
	INSERT INTO MAP_APP_CATEGORY VALUES( 12340, 5 );

	INSERT INTO MAP_APP_DEVELOPER VALUES( 12340, 137 );

	INSERT INTO MAP_APP_GENRE VALUES( 12340, 3 );

	INSERT INTO MAP_APP_LANG VALUES ( 12340, 2,  'Y', 'N', 'N' );

	INSERT INTO MAP_APP_PUBLISHER VALUES( 12340, 137 );

	INSERT INTO MAP_APP_TAG VALUES( 12340, 21 );
	INSERT INTO MAP_APP_TAG VALUES( 12340, 1698 );
	INSERT INTO MAP_APP_TAG VALUES( 12340, 1719 );

INSERT INTO APP_TABLE	 VALUES( 12360, 'FlatOut:_Ultimate_Carnage', 'FlatOut Ultimate Carnage lifts destruction racing to a whole new level of bone-breaking slaughter. FlatOut Ultimate Carnage is arcade destruction racing at its best and most extreme with real world physics, three different game modes and offering players a wide variety of online and offline multiplayer options.', SYSDATE ,21000, '' );
	INSERT INTO MAP_APP_CATEGORY VALUES( 12360, 3 );
	INSERT INTO MAP_APP_CATEGORY VALUES( 12360, 1 );

	INSERT INTO MAP_APP_DEVELOPER VALUES( 12360, 66 );

	INSERT INTO MAP_APP_GENRE VALUES( 12360, 9 );

	INSERT INTO MAP_APP_LANG VALUES ( 12360, 2,  'Y', 'N', 'N' );
	INSERT INTO MAP_APP_LANG VALUES ( 12360, 3,  'Y', 'N', 'N' );
	INSERT INTO MAP_APP_LANG VALUES ( 12360, 4,  'Y', 'N', 'N' );
	INSERT INTO MAP_APP_LANG VALUES ( 12360, 6,  'Y', 'N', 'N' );
	INSERT INTO MAP_APP_LANG VALUES ( 12360, 7,  'Y', 'N', 'N' );

	INSERT INTO MAP_APP_PUBLISHER VALUES( 12360, 9 );

	INSERT INTO MAP_APP_TAG VALUES( 12360, 699 );
	INSERT INTO MAP_APP_TAG VALUES( 12360, 5363 );
	INSERT INTO MAP_APP_TAG VALUES( 12360, 3859 );
	INSERT INTO MAP_APP_TAG VALUES( 12360, 1773 );
	INSERT INTO MAP_APP_TAG VALUES( 12360, 19 );
	INSERT INTO MAP_APP_TAG VALUES( 12360, 4182 );
	INSERT INTO MAP_APP_TAG VALUES( 12360, 1756 );
	INSERT INTO MAP_APP_TAG VALUES( 12360, 3968 );
	INSERT INTO MAP_APP_TAG VALUES( 12360, 1644 );

INSERT INTO APP_TABLE	 VALUES( 12390, 'Exodus_from_the_Earth', 'The Intelligence Agency has commissioned you, Francis Rixon, to find out what is happening inside the Corporation''s confines and to retrieve information about a secret mineral upon which the very existence of the human race may depend.', SYSDATE ,16000, '' );
	INSERT INTO MAP_APP_CATEGORY VALUES( 12390, 3 );
	INSERT INTO MAP_APP_CATEGORY VALUES( 12390, 1 );
	INSERT INTO MAP_APP_CATEGORY VALUES( 12390, 7 );

	INSERT INTO MAP_APP_DEVELOPER VALUES( 12390, 138 );

	INSERT INTO MAP_APP_GENRE VALUES( 12390, 1 );

	INSERT INTO MAP_APP_LANG VALUES ( 12390, 2,  'Y', 'N', 'N' );

	INSERT INTO MAP_APP_PUBLISHER VALUES( 12390, 9 );

	INSERT INTO MAP_APP_TAG VALUES( 12390, 19 );
	INSERT INTO MAP_APP_TAG VALUES( 12390, 1663 );
	INSERT INTO MAP_APP_TAG VALUES( 12390, 1774 );

INSERT INTO APP_TABLE	 VALUES( 12420, 'Perimeter_2:_New_Earth', 'Perimeter 2: New Earth is the long-awaited sequel of the critically acclaimed RTS Perimeter. Ideas of territorial gameplay and landscape modification, introduced in the original game, are now realized on a new concept & technology level.', SYSDATE ,16000, '' );
	INSERT INTO MAP_APP_CATEGORY VALUES( 12420, 3 );
	INSERT INTO MAP_APP_CATEGORY VALUES( 12420, 1 );

	INSERT INTO MAP_APP_DEVELOPER VALUES( 12420, 131 );

	INSERT INTO MAP_APP_GENRE VALUES( 12420, 5 );

	INSERT INTO MAP_APP_LANG VALUES ( 12420, 2,  'Y', 'N', 'N' );

	INSERT INTO MAP_APP_PUBLISHER VALUES( 12420, 9 );

	INSERT INTO MAP_APP_TAG VALUES( 12420, 9 );
	INSERT INTO MAP_APP_TAG VALUES( 12420, 1676 );

INSERT INTO APP_TABLE	 VALUES( 12430, 'SlamIt_Pinball_Big_Score', 'Big Score is based around a classic story of police vs. criminals in a fight for a big score. The fantastic action will leave you breathless and will pump-up your adrenaline while you are rescuing your ball, trying to hit that last glowing target.', SYSDATE ,5500, '' );
	INSERT INTO MAP_APP_CATEGORY VALUES( 12430, 3 );

	INSERT INTO MAP_APP_DEVELOPER VALUES( 12430, 139 );

	INSERT INTO MAP_APP_GENRE VALUES( 12430, 7 );

	INSERT INTO MAP_APP_LANG VALUES ( 12430, 2,  'Y', 'N', 'N' );


	INSERT INTO MAP_APP_TAG VALUES( 12430, 597 );
	INSERT INTO MAP_APP_TAG VALUES( 12430, 6621 );

INSERT INTO APP_TABLE	 VALUES( 12440, 'Ankh_2:_Heart_of_Osiris', 'This time he will not fail. This time Osiris will show the world of humans what he''s made of. But the ankh alone is not enough - not as long as he hasn''t found the most important part of his body: his heart. Life has not been kind to Assil. Only three weeks ago he managed to ward off his death curse.', SYSDATE ,5500, '' );
	INSERT INTO MAP_APP_CATEGORY VALUES( 12440, 3 );

	INSERT INTO MAP_APP_DEVELOPER VALUES( 12440, 140 );

	INSERT INTO MAP_APP_GENRE VALUES( 12440, 3 );

	INSERT INTO MAP_APP_LANG VALUES ( 12440, 2,  'Y', 'N', 'N' );

	INSERT INTO MAP_APP_PUBLISHER VALUES( 12440, 9 );

	INSERT INTO MAP_APP_TAG VALUES( 12440, 21 );
	INSERT INTO MAP_APP_TAG VALUES( 12440, 1698 );
	INSERT INTO MAP_APP_TAG VALUES( 12440, 1719 );

INSERT INTO APP_TABLE	 VALUES( 12450, 'Ankh_3:_Battle_of_the_Gods', 'The omens of the Battle of the Gods have been many, signaling the impending fight for supremacy over all other gods of Egypt. And of course, Assil will be caught in the middle of it all again. Together with his girlfriend Thara, he will have to prevent the sinister Seth from winning the battle and subjecting Egypt to his regime of terror.', SYSDATE ,10500, '' );
	INSERT INTO MAP_APP_CATEGORY VALUES( 12450, 3 );

	INSERT INTO MAP_APP_DEVELOPER VALUES( 12450, 140 );

	INSERT INTO MAP_APP_GENRE VALUES( 12450, 3 );

	INSERT INTO MAP_APP_LANG VALUES ( 12450, 2,  'Y', 'N', 'N' );

	INSERT INTO MAP_APP_PUBLISHER VALUES( 12450, 9 );

	INSERT INTO MAP_APP_TAG VALUES( 12450, 21 );
	INSERT INTO MAP_APP_TAG VALUES( 12450, 1698 );
	INSERT INTO MAP_APP_TAG VALUES( 12450, 1719 );

INSERT INTO APP_TABLE	 VALUES( 12460, 'BC_Kings', 'BC Kings features several new elements not commonly found in strategy games. In addition to gathering resources, training an army and defeating the enemy, you will have to solve adventure and role-playing elements as well. The campaign is built around the epic story of the brave hero Mradin, and his trusty old friend Giesnik.', SYSDATE ,5500, '' );
	INSERT INTO MAP_APP_CATEGORY VALUES( 12460, 3 );
	INSERT INTO MAP_APP_CATEGORY VALUES( 12460, 1 );

	INSERT INTO MAP_APP_DEVELOPER VALUES( 12460, 141 );

	INSERT INTO MAP_APP_GENRE VALUES( 12460, 5 );

	INSERT INTO MAP_APP_LANG VALUES ( 12460, 2,  'Y', 'N', 'N' );

	INSERT INTO MAP_APP_PUBLISHER VALUES( 12460, 9 );

	INSERT INTO MAP_APP_TAG VALUES( 12460, 9 );
	INSERT INTO MAP_APP_TAG VALUES( 12460, 1676 );

INSERT INTO APP_TABLE	 VALUES( 12470, 'Port_Royale_2', 'The Caribbean in the 17th Century - Trade with over 60 towns, create your own production facilities, expand your trading empire and influence the development of the New World. As pirates and military fleets threaten your trade convoys, you''ll need escort ships.', SYSDATE ,5500, '' );
	INSERT INTO MAP_APP_CATEGORY VALUES( 12470, 3 );

	INSERT INTO MAP_APP_DEVELOPER VALUES( 12470, 142 );

	INSERT INTO MAP_APP_GENRE VALUES( 12470, 5 );

	INSERT INTO MAP_APP_LANG VALUES ( 12470, 2,  'Y', 'N', 'N' );

	INSERT INTO MAP_APP_PUBLISHER VALUES( 12470, 9 );

	INSERT INTO MAP_APP_TAG VALUES( 12470, 9 );
	INSERT INTO MAP_APP_TAG VALUES( 12470, 4202 );
	INSERT INTO MAP_APP_TAG VALUES( 12470, 1681 );
	INSERT INTO MAP_APP_TAG VALUES( 12470, 4695 );
	INSERT INTO MAP_APP_TAG VALUES( 12470, 3987 );
	INSERT INTO MAP_APP_TAG VALUES( 12470, 6910 );

INSERT INTO APP_TABLE	 VALUES( 12480, '9th_Company:_Roots_Of_Terror', '9th Company Roots of Terror is an action-oriented real-time strategy game based on actual events that took place during the Soviet military campaign in Afghanistan. 9th Company follows the story of a ragged band of young recruits undergoing brutal training in Uzbekistan¡¯s Fergana Valley and culminates with a bloody stand against the...', SYSDATE ,10500, '' );
	INSERT INTO MAP_APP_CATEGORY VALUES( 12480, 3 );

	INSERT INTO MAP_APP_DEVELOPER VALUES( 12480, 143 );
	INSERT INTO MAP_APP_DEVELOPER VALUES( 12480, 144 );

	INSERT INTO MAP_APP_GENRE VALUES( 12480, 5 );

	INSERT INTO MAP_APP_LANG VALUES ( 12480, 2,  'Y', 'N', 'N' );

	INSERT INTO MAP_APP_PUBLISHER VALUES( 12480, 9 );

	INSERT INTO MAP_APP_TAG VALUES( 12480, 9 );
	INSERT INTO MAP_APP_TAG VALUES( 12480, 1676 );
	INSERT INTO MAP_APP_TAG VALUES( 12480, 4168 );
	INSERT INTO MAP_APP_TAG VALUES( 12480, 5179 );
	INSERT INTO MAP_APP_TAG VALUES( 12480, 1678 );

INSERT INTO APP_TABLE	 VALUES( 12500, 'PuzzleQuest:_Challenge_of_the_Warlords', 'PuzzleQuest: Challenge of the Warlords delivers, for the first time ever, classic puzzle-game action backed with an epic story of good vs. evil. Challenge your match 3 skills as you battle against computer opponents to save the Kingdom of Etheria from the evil Lord Bane.', SYSDATE ,10500, '' );
	INSERT INTO MAP_APP_CATEGORY VALUES( 12500, 3 );
	INSERT INTO MAP_APP_CATEGORY VALUES( 12500, 1 );
	INSERT INTO MAP_APP_CATEGORY VALUES( 12500, 8 );

	INSERT INTO MAP_APP_DEVELOPER VALUES( 12500, 145 );

	INSERT INTO MAP_APP_GENRE VALUES( 12500, 7 );

	INSERT INTO MAP_APP_LANG VALUES ( 12500, 2,  'Y', 'N', 'N' );


	INSERT INTO MAP_APP_TAG VALUES( 12500, 1664 );
	INSERT INTO MAP_APP_TAG VALUES( 12500, 597 );
	INSERT INTO MAP_APP_TAG VALUES( 12500, 1665 );
	INSERT INTO MAP_APP_TAG VALUES( 12500, 122 );
	INSERT INTO MAP_APP_TAG VALUES( 12500, 1684 );
	INSERT INTO MAP_APP_TAG VALUES( 12500, 3871 );
	INSERT INTO MAP_APP_TAG VALUES( 12500, 9 );
	INSERT INTO MAP_APP_TAG VALUES( 12500, 4182 );
	INSERT INTO MAP_APP_TAG VALUES( 12500, 492 );
	INSERT INTO MAP_APP_TAG VALUES( 12500, 4085 );
	INSERT INTO MAP_APP_TAG VALUES( 12500, 25085 );

INSERT INTO APP_TABLE	 VALUES( 12510, 'Prison_Tycoon_3¢â:_Lockdown', 'Crack that Whip! Take reigns of a privately run prison. You are responsible for the care, custody, and control of individuals who have been arrested. Begin with a low security prison and build it up to a SuperMax. From construction to daily operations, you must protect society while turning a profit. It''s time for lockdown.', SYSDATE ,-1, '' );
	INSERT INTO MAP_APP_CATEGORY VALUES( 12510, 3 );

	INSERT INTO MAP_APP_DEVELOPER VALUES( 12510, 146 );
	INSERT INTO MAP_APP_DEVELOPER VALUES( 12510, 147 );

	INSERT INTO MAP_APP_GENRE VALUES( 12510, 5 );

	INSERT INTO MAP_APP_LANG VALUES ( 12510, 2,  'Y', 'N', 'N' );


	INSERT INTO MAP_APP_TAG VALUES( 12510, 9 );
	INSERT INTO MAP_APP_TAG VALUES( 12510, 599 );

INSERT INTO APP_TABLE	 VALUES( 12520, '18_Wheels_of_Steel:_American_Long_Haul', 'Your American Dream Starts Behind the Wheel of Your Own Big Rig! North America''s open roads await! You ain''t working for the Man any more! You''re the owner of your own trucking business and you call the shots. Build your empire one rig at a time to dominate the roadways and outbid the competition. Can you handle the pressure?', SYSDATE ,-1, '' );
	INSERT INTO MAP_APP_CATEGORY VALUES( 12520, 3 );

	INSERT INTO MAP_APP_DEVELOPER VALUES( 12520, 148 );

	INSERT INTO MAP_APP_GENRE VALUES( 12520, 9 );

	INSERT INTO MAP_APP_LANG VALUES ( 12520, 2,  'Y', 'N', 'N' );


	INSERT INTO MAP_APP_TAG VALUES( 12520, 599 );
	INSERT INTO MAP_APP_TAG VALUES( 12520, 699 );
	INSERT INTO MAP_APP_TAG VALUES( 12520, 1644 );
	INSERT INTO MAP_APP_TAG VALUES( 12520, 1695 );

INSERT INTO APP_TABLE	 VALUES( 12530, 'Hunting_Unlimited¢â_2008', 'The Ultimate PC Hunting Experience Is Back...Bigger and Better Than Ever! Jump Right Into the Action with Hunting Unlimited 2008¢â! Get up close and personal with the big game you seek. Gone are the endless hours of empty forests and unused shots. The search for the elusive prized trophy has never been more action packed or more realistic.', SYSDATE ,-1, '' );
	INSERT INTO MAP_APP_CATEGORY VALUES( 12530, 3 );

	INSERT INTO MAP_APP_DEVELOPER VALUES( 12530, 148 );

	INSERT INTO MAP_APP_GENRE VALUES( 12530, 1 );
	INSERT INTO MAP_APP_GENRE VALUES( 12530, 3 );
	INSERT INTO MAP_APP_GENRE VALUES( 12530, 5 );

	INSERT INTO MAP_APP_LANG VALUES ( 12530, 2,  'Y', 'N', 'N' );


	INSERT INTO MAP_APP_TAG VALUES( 12530, 19 );
	INSERT INTO MAP_APP_TAG VALUES( 12530, 21 );
	INSERT INTO MAP_APP_TAG VALUES( 12530, 9 );
	INSERT INTO MAP_APP_TAG VALUES( 12530, 9564 );

INSERT INTO APP_TABLE	 VALUES( 45300, 'Wings_of_Prey', 'Wings of Prey is based around the large-scale aerial combat and ground military operations of World War II. Players can participate in some of the war¡¯s most famous battles piloting fighters, battle planes and bombers across a range of thrilling missions.', SYSDATE ,-1, '' );
	INSERT INTO MAP_APP_CATEGORY VALUES( 45300, 3 );
	INSERT INTO MAP_APP_CATEGORY VALUES( 45300, 4 );
	INSERT INTO MAP_APP_CATEGORY VALUES( 45300, 7 );

	INSERT INTO MAP_APP_DEVELOPER VALUES( 45300, 394 );

	INSERT INTO MAP_APP_GENRE VALUES( 45300, 8 );

	INSERT INTO MAP_APP_LANG VALUES ( 45300, 2,  'Y', 'N', 'N' );
	INSERT INTO MAP_APP_LANG VALUES ( 45300, 3,  'Y', 'N', 'N' );
	INSERT INTO MAP_APP_LANG VALUES ( 45300, 9,  'Y', 'N', 'N' );
	INSERT INTO MAP_APP_LANG VALUES ( 45300, 4,  'Y', 'N', 'N' );
	INSERT INTO MAP_APP_LANG VALUES ( 45300, 6,  'Y', 'N', 'N' );
	INSERT INTO MAP_APP_LANG VALUES ( 45300, 7,  'Y', 'N', 'N' );

	INSERT INTO MAP_APP_PUBLISHER VALUES( 45300, 394 );

	INSERT INTO MAP_APP_TAG VALUES( 45300, 599 );
	INSERT INTO MAP_APP_TAG VALUES( 45300, 15045 );
	INSERT INTO MAP_APP_TAG VALUES( 45300, 4150 );
	INSERT INTO MAP_APP_TAG VALUES( 45300, 3987 );
	INSERT INTO MAP_APP_TAG VALUES( 45300, 3859 );
	INSERT INTO MAP_APP_TAG VALUES( 45300, 8075 );
	INSERT INTO MAP_APP_TAG VALUES( 45300, 19 );

INSERT INTO APP_TABLE	 VALUES( 12560, 'Ride!_Carnival_Tycoon', 'Are you ready to build the Greatest Midway on Earth? Summer nights, flashing lights, stomach churning rides, girls and guys all combine to make the perfect carnival. Attract them, thrill them, feed them, frighten them, and leave them yearning for more! Run your own traveling carnival.', SYSDATE ,-1, '' );
	INSERT INTO MAP_APP_CATEGORY VALUES( 12560, 3 );

	INSERT INTO MAP_APP_DEVELOPER VALUES( 12560, 149 );

	INSERT INTO MAP_APP_GENRE VALUES( 12560, 8 );

	INSERT INTO MAP_APP_LANG VALUES ( 12560, 2,  'Y', 'N', 'N' );


	INSERT INTO MAP_APP_TAG VALUES( 12560, 599 );
	INSERT INTO MAP_APP_TAG VALUES( 12560, 12472 );

INSERT INTO APP_TABLE	 VALUES( 12570, 'Hot_Dish', 'Welcome to the world of HotDish, where knowing your way around the kitchen is a recipe for success! Build your career one dish at a time as you start at the bottom of the culinary ladder as a line cook in a local Italian restaurant with dreams of one day becoming a world class 5 Star French chef.', SYSDATE ,-1, '' );
	INSERT INTO MAP_APP_CATEGORY VALUES( 12570, 3 );

	INSERT INTO MAP_APP_DEVELOPER VALUES( 12570, 150 );


	INSERT INTO MAP_APP_LANG VALUES ( 12570, 2,  'Y', 'N', 'N' );
	INSERT INTO MAP_APP_LANG VALUES ( 12570, 3,  'Y', 'N', 'N' );
	INSERT INTO MAP_APP_LANG VALUES ( 12570, 4,  'Y', 'N', 'N' );
	INSERT INTO MAP_APP_LANG VALUES ( 12570, 6,  'Y', 'N', 'N' );
	INSERT INTO MAP_APP_LANG VALUES ( 12570, 7,  'Y', 'N', 'N' );


	INSERT INTO MAP_APP_TAG VALUES( 12570, 597 );

INSERT INTO APP_TABLE	 VALUES( 12580, 'Dr._Daisy_Pet_Vet', 'The Doctor is In! Dr. Daisy has just graduated from veterinary school and needs to complete 5 rotations to finish her residency. Help her diagnose and heal needy animals in this madcap dash classic. From the local veterinary clinic to a sea park all the way to a big city zoo, Daisy needs to keep her ailing friends happy and healthy.', SYSDATE ,-1, '' );
	INSERT INTO MAP_APP_CATEGORY VALUES( 12580, 3 );

	INSERT INTO MAP_APP_DEVELOPER VALUES( 12580, 150 );


	INSERT INTO MAP_APP_LANG VALUES ( 12580, 2,  'Y', 'N', 'N' );
	INSERT INTO MAP_APP_LANG VALUES ( 12580, 3,  'Y', 'N', 'N' );
	INSERT INTO MAP_APP_LANG VALUES ( 12580, 4,  'Y', 'N', 'N' );
	INSERT INTO MAP_APP_LANG VALUES ( 12580, 6,  'Y', 'N', 'N' );
	INSERT INTO MAP_APP_LANG VALUES ( 12580, 7,  'Y', 'N', 'N' );


	INSERT INTO MAP_APP_TAG VALUES( 12580, 597 );

INSERT INTO APP_TABLE	 VALUES( 12590, 'Sprint_Cars_Road_to_Knoxville', 'Buckle up. You''re going for a ride. Race at speeds over 140 MPH on dirt, on the proving grounds for today''s top professional drivers. Shoulder to shoulder sprint car racing makes for spectacular crashes, and white-knuckle driving. Start out as a small town star and work your way up through the ranks to become a national legend.', SYSDATE ,-1, '' );
	INSERT INTO MAP_APP_CATEGORY VALUES( 12590, 3 );
	INSERT INTO MAP_APP_CATEGORY VALUES( 12590, 1 );

	INSERT INTO MAP_APP_DEVELOPER VALUES( 12590, 151 );

	INSERT INTO MAP_APP_GENRE VALUES( 12590, 9 );

	INSERT INTO MAP_APP_LANG VALUES ( 12590, 2,  'Y', 'N', 'N' );


	INSERT INTO MAP_APP_TAG VALUES( 12590, 699 );

INSERT INTO APP_TABLE	 VALUES( 12600, 'Midnight_Outlaw:_6_Hours_to_SunUp', 'Push Every Boundary...of Your Car and of the Law. Enter an explosive world where nitrous erupts and rubber burns. You live your life one race at a time and from midnight to dawn, the adrenaline is on. Feel the raw power of your super-charged engine as you punch the accelerator for cash and hard-won respect.', SYSDATE ,-1, '' );
	INSERT INTO MAP_APP_CATEGORY VALUES( 12600, 3 );

	INSERT INTO MAP_APP_DEVELOPER VALUES( 12600, 152 );
	INSERT INTO MAP_APP_DEVELOPER VALUES( 12600, 153 );

	INSERT INTO MAP_APP_GENRE VALUES( 12600, 9 );

	INSERT INTO MAP_APP_LANG VALUES ( 12600, 2,  'Y', 'N', 'N' );


	INSERT INTO MAP_APP_TAG VALUES( 12600, 699 );

INSERT INTO APP_TABLE	 VALUES( 45400, 'Fortix', 'Can you reclaim your ancestors¡¯ land? Evil forces have taken over the once fertile land of Fortiana. You are the only one who can storm the castles and claw it back from the hordes of dragons. Experience a new type of strategy and arcade game. Fence off parts of the battlefield to corner your enemies.', SYSDATE ,-1, '' );
	INSERT INTO MAP_APP_CATEGORY VALUES( 45400, 3 );
	INSERT INTO MAP_APP_CATEGORY VALUES( 45400, 4 );
	INSERT INTO MAP_APP_CATEGORY VALUES( 45400, 5 );
	INSERT INTO MAP_APP_CATEGORY VALUES( 45400, 18 );

	INSERT INTO MAP_APP_DEVELOPER VALUES( 45400, 395 );

	INSERT INTO MAP_APP_GENRE VALUES( 45400, 4 );

	INSERT INTO MAP_APP_LANG VALUES ( 45400, 2,  'Y', 'N', 'N' );
	INSERT INTO MAP_APP_LANG VALUES ( 45400, 3,  'Y', 'N', 'N' );
	INSERT INTO MAP_APP_LANG VALUES ( 45400, 4,  'Y', 'N', 'N' );
	INSERT INTO MAP_APP_LANG VALUES ( 45400, 6,  'Y', 'N', 'N' );
	INSERT INTO MAP_APP_LANG VALUES ( 45400, 7,  'Y', 'N', 'N' );

	INSERT INTO MAP_APP_PUBLISHER VALUES( 45400, 395 );

	INSERT INTO MAP_APP_TAG VALUES( 45400, 492 );
	INSERT INTO MAP_APP_TAG VALUES( 45400, 597 );
	INSERT INTO MAP_APP_TAG VALUES( 45400, 1684 );
	INSERT INTO MAP_APP_TAG VALUES( 45400, 1773 );
	INSERT INTO MAP_APP_TAG VALUES( 45400, 4182 );
	INSERT INTO MAP_APP_TAG VALUES( 45400, 1664 );
	INSERT INTO MAP_APP_TAG VALUES( 45400, 4046 );
	INSERT INTO MAP_APP_TAG VALUES( 45400, 9 );
	INSERT INTO MAP_APP_TAG VALUES( 45400, 3871 );

INSERT INTO APP_TABLE	 VALUES( 12640, 'Drakensang', 'Drakensang is a third-person party-based RPG based on the pen & paper role-play rules of The Dark Eye. Drakensang is the first PC game for over 10 years to be based on Germany''s most successful and popular role-play system. Drakensang builds on the pen & paper rules as applied in version 4.0.', SYSDATE ,10500, '' );
	INSERT INTO MAP_APP_CATEGORY VALUES( 12640, 3 );

	INSERT INTO MAP_APP_DEVELOPER VALUES( 12640, 154 );

	INSERT INTO MAP_APP_GENRE VALUES( 12640, 6 );

	INSERT INTO MAP_APP_LANG VALUES ( 12640, 2,  'Y', 'N', 'N' );
	INSERT INTO MAP_APP_LANG VALUES ( 12640, 4,  'Y', 'N', 'N' );
	INSERT INTO MAP_APP_LANG VALUES ( 12640, 6,  'Y', 'N', 'N' );


	INSERT INTO MAP_APP_TAG VALUES( 12640, 122 );
	INSERT INTO MAP_APP_TAG VALUES( 12640, 1684 );
	INSERT INTO MAP_APP_TAG VALUES( 12640, 10695 );
	INSERT INTO MAP_APP_TAG VALUES( 12640, 7107 );
	INSERT INTO MAP_APP_TAG VALUES( 12640, 4166 );
	INSERT INTO MAP_APP_TAG VALUES( 12640, 21 );
	INSERT INTO MAP_APP_TAG VALUES( 12640, 4182 );
	INSERT INTO MAP_APP_TAG VALUES( 12640, 4474 );
	INSERT INTO MAP_APP_TAG VALUES( 12640, 4604 );
	INSERT INTO MAP_APP_TAG VALUES( 12640, 1697 );
	INSERT INTO MAP_APP_TAG VALUES( 12640, 1742 );
	INSERT INTO MAP_APP_TAG VALUES( 12640, 4747 );

INSERT INTO APP_TABLE	 VALUES( 45410, 'Ignite', 'Every race is different in Ignite. Each race brings something new as players try to win by using their own tactics.', SYSDATE ,-1, '' );
	INSERT INTO MAP_APP_CATEGORY VALUES( 45410, 3 );
	INSERT INTO MAP_APP_CATEGORY VALUES( 45410, 1 );

	INSERT INTO MAP_APP_DEVELOPER VALUES( 45410, 395 );

	INSERT INTO MAP_APP_GENRE VALUES( 45410, 9 );

	INSERT INTO MAP_APP_LANG VALUES ( 45410, 2,  'Y', 'N', 'N' );
	INSERT INTO MAP_APP_LANG VALUES ( 45410, 3,  'Y', 'N', 'N' );
	INSERT INTO MAP_APP_LANG VALUES ( 45410, 4,  'Y', 'N', 'N' );
	INSERT INTO MAP_APP_LANG VALUES ( 45410, 10,  'Y', 'N', 'N' );
	INSERT INTO MAP_APP_LANG VALUES ( 45410, 6,  'Y', 'N', 'N' );
	INSERT INTO MAP_APP_LANG VALUES ( 45410, 7,  'Y', 'N', 'N' );
	INSERT INTO MAP_APP_LANG VALUES ( 45410, 19,  'Y', 'N', 'N' );

	INSERT INTO MAP_APP_PUBLISHER VALUES( 45410, 395 );

	INSERT INTO MAP_APP_TAG VALUES( 45410, 699 );

INSERT INTO APP_TABLE	 VALUES( 12670, 'Mission_Runway', 'Do you have what it takes to design a fancy frock or a fashion flop? Compete in creative challenges for the once-in-a-lifetime opportunity to show your creations in a major runway event and become the ultimate fashion designer. Will you be asked to stay or leave Mission: Runway? Take on the fashion challenge?', SYSDATE ,-1, '' );
	INSERT INTO MAP_APP_CATEGORY VALUES( 12670, 3 );

	INSERT INTO MAP_APP_DEVELOPER VALUES( 12670, 147 );

	INSERT INTO MAP_APP_GENRE VALUES( 12670, 8 );

	INSERT INTO MAP_APP_LANG VALUES ( 12670, 2,  'Y', 'N', 'N' );


	INSERT INTO MAP_APP_TAG VALUES( 12670, 599 );
	INSERT INTO MAP_APP_TAG VALUES( 12670, 597 );

INSERT INTO APP_TABLE	 VALUES( 45450, 'Fortix_2', 'Fortix 2 is best described as a reverse turret defense game. As Sir Fortix, the knight, you must conquer castles while dodging tower turrets and evil monsters. Fight your way across the shires of the island Artalom, storming from castle to castle.', SYSDATE ,-1, '' );
	INSERT INTO MAP_APP_CATEGORY VALUES( 45450, 3 );
	INSERT INTO MAP_APP_CATEGORY VALUES( 45450, 4 );
	INSERT INTO MAP_APP_CATEGORY VALUES( 45450, 5 );
	INSERT INTO MAP_APP_CATEGORY VALUES( 45450, 7 );
	INSERT INTO MAP_APP_CATEGORY VALUES( 45450, 8 );
	INSERT INTO MAP_APP_CATEGORY VALUES( 45450, 11 );
	INSERT INTO MAP_APP_CATEGORY VALUES( 45450, 18 );

	INSERT INTO MAP_APP_DEVELOPER VALUES( 45450, 395 );

	INSERT INTO MAP_APP_GENRE VALUES( 45450, 7 );
	INSERT INTO MAP_APP_GENRE VALUES( 45450, 4 );

	INSERT INTO MAP_APP_LANG VALUES ( 45450, 2,  'Y', 'N', 'N' );
	INSERT INTO MAP_APP_LANG VALUES ( 45450, 3,  'Y', 'N', 'N' );
	INSERT INTO MAP_APP_LANG VALUES ( 45450, 4,  'Y', 'N', 'N' );
	INSERT INTO MAP_APP_LANG VALUES ( 45450, 6,  'Y', 'N', 'N' );
	INSERT INTO MAP_APP_LANG VALUES ( 45450, 25,  'Y', 'N', 'N' );
	INSERT INTO MAP_APP_LANG VALUES ( 45450, 7,  'Y', 'N', 'N' );

	INSERT INTO MAP_APP_PUBLISHER VALUES( 45450, 395 );

	INSERT INTO MAP_APP_TAG VALUES( 45450, 492 );
	INSERT INTO MAP_APP_TAG VALUES( 45450, 597 );
	INSERT INTO MAP_APP_TAG VALUES( 45450, 1664 );
	INSERT INTO MAP_APP_TAG VALUES( 45450, 4182 );
	INSERT INTO MAP_APP_TAG VALUES( 45450, 1773 );
	INSERT INTO MAP_APP_TAG VALUES( 45450, 19 );
	INSERT INTO MAP_APP_TAG VALUES( 45450, 3871 );
	INSERT INTO MAP_APP_TAG VALUES( 45450, 9 );

INSERT INTO APP_TABLE	 VALUES( 12690, 'Hunting_Unlimited_2010', 'Get the Shot. Get the Game. Experience fast-paced hunting action in pursuit of the biggest trophy bucks throughout North America, Canada and Now the Bavarian Forest! Wilderness Madness! Free Hunt Mode drops you right in the action with game a plenty, or for exacting hunting adventures try Challenge Mode. Calling All Predators.', SYSDATE ,-1, '' );
	INSERT INTO MAP_APP_CATEGORY VALUES( 12690, 3 );


	INSERT INTO MAP_APP_GENRE VALUES( 12690, 8 );
	INSERT INTO MAP_APP_GENRE VALUES( 12690, 11 );

	INSERT INTO MAP_APP_LANG VALUES ( 12690, 2,  'Y', 'Y', 'Y' );


	INSERT INTO MAP_APP_TAG VALUES( 12690, 599 );
	INSERT INTO MAP_APP_TAG VALUES( 12690, 9564 );
	INSERT INTO MAP_APP_TAG VALUES( 12690, 701 );
	INSERT INTO MAP_APP_TAG VALUES( 12690, 13190 );

INSERT INTO APP_TABLE	 VALUES( 12770, 'Rise_of_the_Argonauts', 'As the King of Iolcus, Jason had everything?a prosperous kingdom, the respect of his peers, and a beautiful fianc?. When she was killed on their wedding day, he vowed to do anything to restore her life. Now, in order to accomplish this heroic feat Jason must seek out the Golden Fleece -- and with the help of Greek mythology''s greatest...', SYSDATE ,10500, '' );
	INSERT INTO MAP_APP_CATEGORY VALUES( 12770, 3 );
	INSERT INTO MAP_APP_CATEGORY VALUES( 12770, 17 );

	INSERT INTO MAP_APP_DEVELOPER VALUES( 12770, 155 );

	INSERT INTO MAP_APP_GENRE VALUES( 12770, 6 );

	INSERT INTO MAP_APP_LANG VALUES ( 12770, 2,  'Y', 'N', 'N' );
	INSERT INTO MAP_APP_LANG VALUES ( 12770, 3,  'Y', 'N', 'N' );
	INSERT INTO MAP_APP_LANG VALUES ( 12770, 4,  'Y', 'N', 'N' );
	INSERT INTO MAP_APP_LANG VALUES ( 12770, 6,  'Y', 'N', 'N' );
	INSERT INTO MAP_APP_LANG VALUES ( 12770, 7,  'Y', 'N', 'N' );


	INSERT INTO MAP_APP_TAG VALUES( 12770, 122 );
	INSERT INTO MAP_APP_TAG VALUES( 12770, 19 );
	INSERT INTO MAP_APP_TAG VALUES( 12770, 21 );
	INSERT INTO MAP_APP_TAG VALUES( 12770, 16094 );
	INSERT INTO MAP_APP_TAG VALUES( 12770, 1646 );
	INSERT INTO MAP_APP_TAG VALUES( 12770, 1697 );
	INSERT INTO MAP_APP_TAG VALUES( 12770, 1684 );

INSERT INTO APP_TABLE	 VALUES( 12790, 'Damnation', 'Evolving the shooter genre with its unique and exhilarating combination of fluid action and combat, Damnation features huge, open environments, frenetic combat, daredevil acrobatics and high-octane vehicle-based stunts.', SYSDATE ,10500, '' );
	INSERT INTO MAP_APP_CATEGORY VALUES( 12790, 3 );
	INSERT INTO MAP_APP_CATEGORY VALUES( 12790, 1 );
	INSERT INTO MAP_APP_CATEGORY VALUES( 12790, 16 );

	INSERT INTO MAP_APP_DEVELOPER VALUES( 12790, 156 );

	INSERT INTO MAP_APP_GENRE VALUES( 12790, 1 );
	INSERT INTO MAP_APP_GENRE VALUES( 12790, 3 );

	INSERT INTO MAP_APP_LANG VALUES ( 12790, 2,  'Y', 'N', 'N' );
	INSERT INTO MAP_APP_LANG VALUES ( 12790, 3,  'Y', 'N', 'N' );
	INSERT INTO MAP_APP_LANG VALUES ( 12790, 4,  'Y', 'N', 'N' );
	INSERT INTO MAP_APP_LANG VALUES ( 12790, 6,  'Y', 'N', 'N' );
	INSERT INTO MAP_APP_LANG VALUES ( 12790, 7,  'Y', 'N', 'N' );


	INSERT INTO MAP_APP_TAG VALUES( 12790, 19 );
	INSERT INTO MAP_APP_TAG VALUES( 12790, 21 );
	INSERT INTO MAP_APP_TAG VALUES( 12790, 1777 );
	INSERT INTO MAP_APP_TAG VALUES( 12790, 3814 );
	INSERT INTO MAP_APP_TAG VALUES( 12790, 1697 );
	INSERT INTO MAP_APP_TAG VALUES( 12790, 1685 );
	INSERT INTO MAP_APP_TAG VALUES( 12790, 1774 );
	INSERT INTO MAP_APP_TAG VALUES( 12790, 4182 );
	INSERT INTO MAP_APP_TAG VALUES( 12790, 3859 );

INSERT INTO APP_TABLE	 VALUES( 12830, 'Operation_Flashpoint:_Dragon_Rising', 'Operation Flashpoint: Dragon Rising is a game about a fictitious conflict on one of the Sakhalin islands.', SYSDATE ,10500, '' );
	INSERT INTO MAP_APP_CATEGORY VALUES( 12830, 3 );
	INSERT INTO MAP_APP_CATEGORY VALUES( 12830, 7 );

	INSERT INTO MAP_APP_DEVELOPER VALUES( 12830, 157 );

	INSERT INTO MAP_APP_GENRE VALUES( 12830, 1 );

	INSERT INTO MAP_APP_LANG VALUES ( 12830, 2,  'Y', 'N', 'N' );
	INSERT INTO MAP_APP_LANG VALUES ( 12830, 3,  'Y', 'N', 'N' );
	INSERT INTO MAP_APP_LANG VALUES ( 12830, 4,  'Y', 'N', 'N' );
	INSERT INTO MAP_APP_LANG VALUES ( 12830, 6,  'Y', 'N', 'N' );
	INSERT INTO MAP_APP_LANG VALUES ( 12830, 7,  'Y', 'N', 'N' );


	INSERT INTO MAP_APP_TAG VALUES( 12830, 19 );
	INSERT INTO MAP_APP_TAG VALUES( 12830, 1663 );
	INSERT INTO MAP_APP_TAG VALUES( 12830, 1708 );
	INSERT INTO MAP_APP_TAG VALUES( 12830, 4168 );
	INSERT INTO MAP_APP_TAG VALUES( 12830, 3859 );
	INSERT INTO MAP_APP_TAG VALUES( 12830, 1695 );
	INSERT INTO MAP_APP_TAG VALUES( 12830, 599 );
	INSERT INTO MAP_APP_TAG VALUES( 12830, 3839 );
	INSERT INTO MAP_APP_TAG VALUES( 12830, 1685 );
	INSERT INTO MAP_APP_TAG VALUES( 12830, 4182 );
	INSERT INTO MAP_APP_TAG VALUES( 12830, 1774 );
	INSERT INTO MAP_APP_TAG VALUES( 12830, 4175 );
	INSERT INTO MAP_APP_TAG VALUES( 12830, 9 );
	INSERT INTO MAP_APP_TAG VALUES( 12830, 1678 );
	INSERT INTO MAP_APP_TAG VALUES( 12830, 5900 );
	INSERT INTO MAP_APP_TAG VALUES( 12830, 21 );
	INSERT INTO MAP_APP_TAG VALUES( 12830, 1687 );

INSERT INTO APP_TABLE	 VALUES( 12900, 'AudioSurf', 'Ride your music. Audiosurf is a music-adapting puzzle racer where you use your own music to create your own experience. The shape, the speed, and the mood of each ride is determined by the song you choose.', SYSDATE ,10500, '' );
	INSERT INTO MAP_APP_CATEGORY VALUES( 12900, 3 );
	INSERT INTO MAP_APP_CATEGORY VALUES( 12900, 16 );
	INSERT INTO MAP_APP_CATEGORY VALUES( 12900, 4 );
	INSERT INTO MAP_APP_CATEGORY VALUES( 12900, 17 );

	INSERT INTO MAP_APP_DEVELOPER VALUES( 12900, 158 );

	INSERT INTO MAP_APP_GENRE VALUES( 12900, 4 );

	INSERT INTO MAP_APP_LANG VALUES ( 12900, 2,  'Y', 'N', 'N' );


	INSERT INTO MAP_APP_TAG VALUES( 12900, 1621 );
	INSERT INTO MAP_APP_TAG VALUES( 12900, 1752 );
	INSERT INTO MAP_APP_TAG VALUES( 12900, 492 );
	INSERT INTO MAP_APP_TAG VALUES( 12900, 597 );
	INSERT INTO MAP_APP_TAG VALUES( 12900, 8253 );
	INSERT INTO MAP_APP_TAG VALUES( 12900, 4305 );
	INSERT INTO MAP_APP_TAG VALUES( 12900, 1773 );
	INSERT INTO MAP_APP_TAG VALUES( 12900, 4182 );
	INSERT INTO MAP_APP_TAG VALUES( 12900, 1654 );
	INSERT INTO MAP_APP_TAG VALUES( 12900, 5154 );
	INSERT INTO MAP_APP_TAG VALUES( 12900, 3841 );
	INSERT INTO MAP_APP_TAG VALUES( 12900, 5125 );
	INSERT INTO MAP_APP_TAG VALUES( 12900, 1664 );
	INSERT INTO MAP_APP_TAG VALUES( 12900, 4711 );
	INSERT INTO MAP_APP_TAG VALUES( 12900, 1756 );
	INSERT INTO MAP_APP_TAG VALUES( 12900, 7368 );
	INSERT INTO MAP_APP_TAG VALUES( 12900, 1734 );
	INSERT INTO MAP_APP_TAG VALUES( 12900, 699 );
	INSERT INTO MAP_APP_TAG VALUES( 12900, 1685 );
	INSERT INTO MAP_APP_TAG VALUES( 12900, 19 );

INSERT INTO APP_TABLE	 VALUES( 45700, 'Devil_May_Cry_4', 'From the producer of the original Devil May Cry¢ç and Resident Evil¢ç 4 comes the next installment in the hugely successful stylized action series that has so far achieved global sales of nearly seven million units. Devil May Cry¢ç 4 immerses gamers in a gothic supernatural world, where a new protagonist clashes with a familiar hero.', SYSDATE ,-1, '' );
	INSERT INTO MAP_APP_CATEGORY VALUES( 45700, 3 );
	INSERT INTO MAP_APP_CATEGORY VALUES( 45700, 17 );

	INSERT INTO MAP_APP_DEVELOPER VALUES( 45700, 221 );

	INSERT INTO MAP_APP_GENRE VALUES( 45700, 1 );
	INSERT INTO MAP_APP_GENRE VALUES( 45700, 3 );

	INSERT INTO MAP_APP_LANG VALUES ( 45700, 2,  'Y', 'Y', 'Y' );

	INSERT INTO MAP_APP_PUBLISHER VALUES( 45700, 221 );

	INSERT INTO MAP_APP_TAG VALUES( 45700, 19 );
	INSERT INTO MAP_APP_TAG VALUES( 45700, 1646 );
	INSERT INTO MAP_APP_TAG VALUES( 45700, 3955 );
	INSERT INTO MAP_APP_TAG VALUES( 45700, 1756 );
	INSERT INTO MAP_APP_TAG VALUES( 45700, 21 );
	INSERT INTO MAP_APP_TAG VALUES( 45700, 4252 );
	INSERT INTO MAP_APP_TAG VALUES( 45700, 4182 );
	INSERT INTO MAP_APP_TAG VALUES( 45700, 4777 );
	INSERT INTO MAP_APP_TAG VALUES( 45700, 1697 );
	INSERT INTO MAP_APP_TAG VALUES( 45700, 4158 );
	INSERT INTO MAP_APP_TAG VALUES( 45700, 4026 );
	INSERT INTO MAP_APP_TAG VALUES( 45700, 7481 );
	INSERT INTO MAP_APP_TAG VALUES( 45700, 1684 );
	INSERT INTO MAP_APP_TAG VALUES( 45700, 9541 );
	INSERT INTO MAP_APP_TAG VALUES( 45700, 4166 );
	INSERT INTO MAP_APP_TAG VALUES( 45700, 122 );
	INSERT INTO MAP_APP_TAG VALUES( 45700, 1742 );

INSERT INTO APP_TABLE	 VALUES( 45710, 'Dark_Void¢â', 'Dark Void¢â is a sci-fi action-adventure game that combines an adrenaline-fueled blend of aerial and ground-pounding combat. Set in a parallel universe called "The Void", players take on the role of Will, a pilot dropped into incredible circumstances within the mysterious Void.', SYSDATE ,9000, '' );
	INSERT INTO MAP_APP_CATEGORY VALUES( 45710, 3 );
	INSERT INTO MAP_APP_CATEGORY VALUES( 45710, 7 );

	INSERT INTO MAP_APP_DEVELOPER VALUES( 45710, 396 );

	INSERT INTO MAP_APP_GENRE VALUES( 45710, 1 );
	INSERT INTO MAP_APP_GENRE VALUES( 45710, 3 );

	INSERT INTO MAP_APP_LANG VALUES ( 45710, 2,  'Y', 'Y', 'Y' );
	INSERT INTO MAP_APP_LANG VALUES ( 45710, 3,  'Y', 'N', 'Y' );
	INSERT INTO MAP_APP_LANG VALUES ( 45710, 4,  'Y', 'N', 'Y' );
	INSERT INTO MAP_APP_LANG VALUES ( 45710, 6,  'Y', 'N', 'Y' );
	INSERT INTO MAP_APP_LANG VALUES ( 45710, 7,  'Y', 'N', 'Y' );

	INSERT INTO MAP_APP_PUBLISHER VALUES( 45710, 221 );

	INSERT INTO MAP_APP_TAG VALUES( 45710, 19 );
	INSERT INTO MAP_APP_TAG VALUES( 45710, 21 );
	INSERT INTO MAP_APP_TAG VALUES( 45710, 3814 );
	INSERT INTO MAP_APP_TAG VALUES( 45710, 3942 );
	INSERT INTO MAP_APP_TAG VALUES( 45710, 1697 );
	INSERT INTO MAP_APP_TAG VALUES( 45710, 15045 );

INSERT INTO APP_TABLE	 VALUES( 45720, 'Lost_Planet:_Extreme_Condition_Colonies_Edition', 'Lost Planet: Extreme Condition Colonies Edition includes everything that made the original Lost Planet a hit on PC, as well as the following new features: New modes for single-player campaign Score Attack - Each enemy and destructible object has points assigned to them, with the player being awarded different points depending on how they', SYSDATE ,19000, '' );
	INSERT INTO MAP_APP_CATEGORY VALUES( 45720, 3 );
	INSERT INTO MAP_APP_CATEGORY VALUES( 45720, 1 );
	INSERT INTO MAP_APP_CATEGORY VALUES( 45720, 10 );
	INSERT INTO MAP_APP_CATEGORY VALUES( 45720, 7 );

	INSERT INTO MAP_APP_DEVELOPER VALUES( 45720, 397 );

	INSERT INTO MAP_APP_GENRE VALUES( 45720, 1 );
	INSERT INTO MAP_APP_GENRE VALUES( 45720, 3 );

	INSERT INTO MAP_APP_LANG VALUES ( 45720, 2,  'Y', 'Y', 'Y' );
	INSERT INTO MAP_APP_LANG VALUES ( 45720, 3,  'Y', 'N', 'Y' );
	INSERT INTO MAP_APP_LANG VALUES ( 45720, 4,  'Y', 'N', 'Y' );
	INSERT INTO MAP_APP_LANG VALUES ( 45720, 6,  'Y', 'N', 'Y' );
	INSERT INTO MAP_APP_LANG VALUES ( 45720, 7,  'Y', 'N', 'Y' );

	INSERT INTO MAP_APP_PUBLISHER VALUES( 45720, 221 );

	INSERT INTO MAP_APP_TAG VALUES( 45720, 19 );
	INSERT INTO MAP_APP_TAG VALUES( 45720, 21 );
	INSERT INTO MAP_APP_TAG VALUES( 45720, 3814 );
	INSERT INTO MAP_APP_TAG VALUES( 45720, 4821 );

INSERT INTO APP_TABLE	 VALUES( 45730, 'Dark_Void¢â_Zero', 'Rise On! After 20 years, the legendary lost project "Dark Void" is back! To commemorate the game''s humble origins, Capcom has commissioned the recreation of the original 8-bit classic, now re-titled "Dark Void Zero".', SYSDATE ,4900, '' );
	INSERT INTO MAP_APP_CATEGORY VALUES( 45730, 3 );
	INSERT INTO MAP_APP_CATEGORY VALUES( 45730, 4 );
	INSERT INTO MAP_APP_CATEGORY VALUES( 45730, 17 );
	INSERT INTO MAP_APP_CATEGORY VALUES( 45730, 18 );

	INSERT INTO MAP_APP_DEVELOPER VALUES( 45730, 398 );

	INSERT INTO MAP_APP_GENRE VALUES( 45730, 1 );
	INSERT INTO MAP_APP_GENRE VALUES( 45730, 3 );

	INSERT INTO MAP_APP_LANG VALUES ( 45730, 2,  'Y', 'N', 'Y' );
	INSERT INTO MAP_APP_LANG VALUES ( 45730, 3,  'Y', 'N', 'Y' );
	INSERT INTO MAP_APP_LANG VALUES ( 45730, 4,  'Y', 'N', 'Y' );
	INSERT INTO MAP_APP_LANG VALUES ( 45730, 6,  'Y', 'N', 'Y' );
	INSERT INTO MAP_APP_LANG VALUES ( 45730, 7,  'Y', 'N', 'Y' );

	INSERT INTO MAP_APP_PUBLISHER VALUES( 45730, 221 );

	INSERT INTO MAP_APP_TAG VALUES( 45730, 19 );
	INSERT INTO MAP_APP_TAG VALUES( 45730, 21 );
	INSERT INTO MAP_APP_TAG VALUES( 45730, 1625 );
	INSERT INTO MAP_APP_TAG VALUES( 45730, 4004 );
	INSERT INTO MAP_APP_TAG VALUES( 45730, 3871 );
	INSERT INTO MAP_APP_TAG VALUES( 45730, 1756 );
	INSERT INTO MAP_APP_TAG VALUES( 45730, 4182 );

INSERT INTO APP_TABLE	 VALUES( 45740, 'Dead_Rising¢ç_2', 'The sequel to the million-plus selling Dead Rising, Dead Rising 2 takes the zombie survival horror to Fortune City, America¡¯s latest and greatest entertainment playground. Featuring a new story, two online multiplayer modes (2-player co-op campaign and a 4-player ¡°TV show¡± themed Pay-Per-View event that pits humans against zombies),...', SYSDATE ,18830, '' );
	INSERT INTO MAP_APP_CATEGORY VALUES( 45740, 3 );
	INSERT INTO MAP_APP_CATEGORY VALUES( 45740, 1 );
	INSERT INTO MAP_APP_CATEGORY VALUES( 45740, 16 );
	INSERT INTO MAP_APP_CATEGORY VALUES( 45740, 4 );
	INSERT INTO MAP_APP_CATEGORY VALUES( 45740, 5 );
	INSERT INTO MAP_APP_CATEGORY VALUES( 45740, 7 );
	INSERT INTO MAP_APP_CATEGORY VALUES( 45740, 8 );

	INSERT INTO MAP_APP_DEVELOPER VALUES( 45740, 399 );

	INSERT INTO MAP_APP_GENRE VALUES( 45740, 1 );
	INSERT INTO MAP_APP_GENRE VALUES( 45740, 3 );

	INSERT INTO MAP_APP_LANG VALUES ( 45740, 2,  'Y', 'Y', 'Y' );
	INSERT INTO MAP_APP_LANG VALUES ( 45740, 3,  'Y', 'N', 'Y' );
	INSERT INTO MAP_APP_LANG VALUES ( 45740, 4,  'Y', 'N', 'Y' );
	INSERT INTO MAP_APP_LANG VALUES ( 45740, 5,  'Y', 'N', 'Y' );
	INSERT INTO MAP_APP_LANG VALUES ( 45740, 7,  'Y', 'N', 'Y' );
	INSERT INTO MAP_APP_LANG VALUES ( 45740, 11,  'Y', 'N', 'Y' );

	INSERT INTO MAP_APP_PUBLISHER VALUES( 45740, 221 );

	INSERT INTO MAP_APP_TAG VALUES( 45740, 1659 );
	INSERT INTO MAP_APP_TAG VALUES( 45740, 19 );
	INSERT INTO MAP_APP_TAG VALUES( 45740, 1695 );
	INSERT INTO MAP_APP_TAG VALUES( 45740, 21 );
	INSERT INTO MAP_APP_TAG VALUES( 45740, 1685 );
	INSERT INTO MAP_APP_TAG VALUES( 45740, 1697 );
	INSERT INTO MAP_APP_TAG VALUES( 45740, 3843 );
	INSERT INTO MAP_APP_TAG VALUES( 45740, 4345 );
	INSERT INTO MAP_APP_TAG VALUES( 45740, 1719 );
	INSERT INTO MAP_APP_TAG VALUES( 45740, 1662 );
	INSERT INTO MAP_APP_TAG VALUES( 45740, 4136 );
	INSERT INTO MAP_APP_TAG VALUES( 45740, 4747 );
	INSERT INTO MAP_APP_TAG VALUES( 45740, 3859 );
	INSERT INTO MAP_APP_TAG VALUES( 45740, 3810 );
	INSERT INTO MAP_APP_TAG VALUES( 45740, 1702 );
	INSERT INTO MAP_APP_TAG VALUES( 45740, 4182 );
	INSERT INTO MAP_APP_TAG VALUES( 45740, 6971 );
	INSERT INTO MAP_APP_TAG VALUES( 45740, 1667 );
	INSERT INTO MAP_APP_TAG VALUES( 45740, 122 );
	INSERT INTO MAP_APP_TAG VALUES( 45740, 29363 );

INSERT INTO APP_TABLE	 VALUES( 45760, 'Ultra_Street_Fighter¢ç_IV', 'The world¡¯s greatest fighting game evolves to a whole new level with Ultra Street Fighter IV.', SYSDATE ,29000, '' );
	INSERT INTO MAP_APP_CATEGORY VALUES( 45760, 3 );
	INSERT INTO MAP_APP_CATEGORY VALUES( 45760, 1 );
	INSERT INTO MAP_APP_CATEGORY VALUES( 45760, 4 );
	INSERT INTO MAP_APP_CATEGORY VALUES( 45760, 17 );
	INSERT INTO MAP_APP_CATEGORY VALUES( 45760, 5 );
	INSERT INTO MAP_APP_CATEGORY VALUES( 45760, 8 );
	INSERT INTO MAP_APP_CATEGORY VALUES( 45760, 18 );

	INSERT INTO MAP_APP_DEVELOPER VALUES( 45760, 221 );

	INSERT INTO MAP_APP_GENRE VALUES( 45760, 1 );

	INSERT INTO MAP_APP_LANG VALUES ( 45760, 1,  'Y', 'N', 'Y' );
	INSERT INTO MAP_APP_LANG VALUES ( 45760, 3,  'Y', 'N', 'Y' );
	INSERT INTO MAP_APP_LANG VALUES ( 45760, 10,  'Y', 'N', 'Y' );
	INSERT INTO MAP_APP_LANG VALUES ( 45760, 9,  'Y', 'N', 'Y' );
	INSERT INTO MAP_APP_LANG VALUES ( 45760, 5,  'Y', 'N', 'Y' );
	INSERT INTO MAP_APP_LANG VALUES ( 45760, 6,  'Y', 'N', 'Y' );
	INSERT INTO MAP_APP_LANG VALUES ( 45760, 11,  'Y', 'Y', 'Y' );
	INSERT INTO MAP_APP_LANG VALUES ( 45760, 2,  'Y', 'Y', 'Y' );
	INSERT INTO MAP_APP_LANG VALUES ( 45760, 4,  'Y', 'N', 'Y' );
	INSERT INTO MAP_APP_LANG VALUES ( 45760, 13,  'Y', 'N', 'Y' );
	INSERT INTO MAP_APP_LANG VALUES ( 45760, 7,  'Y', 'N', 'Y' );
	INSERT INTO MAP_APP_LANG VALUES ( 45760, 24,  'Y', 'N', 'Y' );
	INSERT INTO MAP_APP_LANG VALUES ( 45760, 17,  'Y', 'N', 'Y' );

	INSERT INTO MAP_APP_PUBLISHER VALUES( 45760, 221 );

	INSERT INTO MAP_APP_TAG VALUES( 45760, 1743 );
	INSERT INTO MAP_APP_TAG VALUES( 45760, 1773 );
	INSERT INTO MAP_APP_TAG VALUES( 45760, 3878 );
	INSERT INTO MAP_APP_TAG VALUES( 45760, 4736 );
	INSERT INTO MAP_APP_TAG VALUES( 45760, 7368 );
	INSERT INTO MAP_APP_TAG VALUES( 45760, 19 );
	INSERT INTO MAP_APP_TAG VALUES( 45760, 3859 );
	INSERT INTO MAP_APP_TAG VALUES( 45760, 7481 );
	INSERT INTO MAP_APP_TAG VALUES( 45760, 5055 );
	INSERT INTO MAP_APP_TAG VALUES( 45760, 4026 );
	INSERT INTO MAP_APP_TAG VALUES( 45760, 1693 );
	INSERT INTO MAP_APP_TAG VALUES( 45760, 4085 );
	INSERT INTO MAP_APP_TAG VALUES( 45760, 4182 );
	INSERT INTO MAP_APP_TAG VALUES( 45760, 1756 );
	INSERT INTO MAP_APP_TAG VALUES( 45760, 4975 );
	INSERT INTO MAP_APP_TAG VALUES( 45760, 3871 );
	INSERT INTO MAP_APP_TAG VALUES( 45760, 4158 );
	INSERT INTO MAP_APP_TAG VALUES( 45760, 3841 );
	INSERT INTO MAP_APP_TAG VALUES( 45760, 21 );
	INSERT INTO MAP_APP_TAG VALUES( 45760, 29363 );

INSERT INTO APP_TABLE	 VALUES( 45770, 'Dead_Rising_2:_Off_the_Record', 'You are Frank West ? photojournalist and original hero of the Dead Rising Willamette incident ? taking center stage experiencing the re-imagined Fortune City outbreak.', SYSDATE ,22600, '' );
	INSERT INTO MAP_APP_CATEGORY VALUES( 45770, 3 );
	INSERT INTO MAP_APP_CATEGORY VALUES( 45770, 16 );
	INSERT INTO MAP_APP_CATEGORY VALUES( 45770, 4 );
	INSERT INTO MAP_APP_CATEGORY VALUES( 45770, 5 );
	INSERT INTO MAP_APP_CATEGORY VALUES( 45770, 7 );
	INSERT INTO MAP_APP_CATEGORY VALUES( 45770, 8 );

	INSERT INTO MAP_APP_DEVELOPER VALUES( 45770, 399 );

	INSERT INTO MAP_APP_GENRE VALUES( 45770, 1 );
	INSERT INTO MAP_APP_GENRE VALUES( 45770, 3 );

	INSERT INTO MAP_APP_LANG VALUES ( 45770, 2,  'Y', 'Y', 'Y' );
	INSERT INTO MAP_APP_LANG VALUES ( 45770, 3,  'Y', 'N', 'Y' );
	INSERT INTO MAP_APP_LANG VALUES ( 45770, 4,  'Y', 'N', 'Y' );
	INSERT INTO MAP_APP_LANG VALUES ( 45770, 5,  'Y', 'N', 'Y' );
	INSERT INTO MAP_APP_LANG VALUES ( 45770, 7,  'Y', 'N', 'Y' );
	INSERT INTO MAP_APP_LANG VALUES ( 45770, 11,  'Y', 'N', 'Y' );

	INSERT INTO MAP_APP_PUBLISHER VALUES( 45770, 221 );

	INSERT INTO MAP_APP_TAG VALUES( 45770, 19 );
	INSERT INTO MAP_APP_TAG VALUES( 45770, 1659 );
	INSERT INTO MAP_APP_TAG VALUES( 45770, 21 );
	INSERT INTO MAP_APP_TAG VALUES( 45770, 1695 );
	INSERT INTO MAP_APP_TAG VALUES( 45770, 3843 );
	INSERT INTO MAP_APP_TAG VALUES( 45770, 1685 );
	INSERT INTO MAP_APP_TAG VALUES( 45770, 1697 );
	INSERT INTO MAP_APP_TAG VALUES( 45770, 1719 );
	INSERT INTO MAP_APP_TAG VALUES( 45770, 4136 );
	INSERT INTO MAP_APP_TAG VALUES( 45770, 4345 );
	INSERT INTO MAP_APP_TAG VALUES( 45770, 3810 );
	INSERT INTO MAP_APP_TAG VALUES( 45770, 1667 );
	INSERT INTO MAP_APP_TAG VALUES( 45770, 1756 );
	INSERT INTO MAP_APP_TAG VALUES( 45770, 4182 );
	INSERT INTO MAP_APP_TAG VALUES( 45770, 3978 );
	INSERT INTO MAP_APP_TAG VALUES( 45770, 4166 );

INSERT INTO APP_TABLE	 VALUES( 13200, 'Unreal_2:_The_Awakening', 'You are John Dalton, an ex-Marine assigned to patrol the edge of human space as a Marshal for the Terran Colonial Authority. Unexpectedly, your monotonous life is shattered by a chilling distress signal, plunging you into an adventure beyond belief. Violent turmoil among the races has erupted on your watch.', SYSDATE ,16000, '' );
	INSERT INTO MAP_APP_CATEGORY VALUES( 13200, 3 );

	INSERT INTO MAP_APP_DEVELOPER VALUES( 13200, 159 );

	INSERT INTO MAP_APP_GENRE VALUES( 13200, 1 );

	INSERT INTO MAP_APP_LANG VALUES ( 13200, 2,  'Y', 'N', 'N' );

	INSERT INTO MAP_APP_PUBLISHER VALUES( 13200, 159 );

	INSERT INTO MAP_APP_TAG VALUES( 13200, 19 );
	INSERT INTO MAP_APP_TAG VALUES( 13200, 1663 );
	INSERT INTO MAP_APP_TAG VALUES( 13200, 1774 );
	INSERT INTO MAP_APP_TAG VALUES( 13200, 3942 );
	INSERT INTO MAP_APP_TAG VALUES( 13200, 3839 );
	INSERT INTO MAP_APP_TAG VALUES( 13200, 4182 );
	INSERT INTO MAP_APP_TAG VALUES( 13200, 1693 );

INSERT INTO APP_TABLE	 VALUES( 13210, 'Unreal_Tournament_3_Black', 'Now includes the free ?Titan Pack? expansion! The ?Titan Pack? gives players a substantial amount of enhanced features and new content, including many original environments, new gametypes, the namesake Titan mutator, powerful deployables and weapons, new characters, and the Stealthbender vehicle.', SYSDATE ,21000, '' );
	INSERT INTO MAP_APP_CATEGORY VALUES( 13210, 3 );
	INSERT INTO MAP_APP_CATEGORY VALUES( 13210, 1 );
	INSERT INTO MAP_APP_CATEGORY VALUES( 13210, 16 );
	INSERT INTO MAP_APP_CATEGORY VALUES( 13210, 4 );

	INSERT INTO MAP_APP_DEVELOPER VALUES( 13210, 159 );

	INSERT INTO MAP_APP_GENRE VALUES( 13210, 1 );

	INSERT INTO MAP_APP_LANG VALUES ( 13210, 2,  'Y', 'N', 'N' );
	INSERT INTO MAP_APP_LANG VALUES ( 13210, 3,  'Y', 'N', 'N' );
	INSERT INTO MAP_APP_LANG VALUES ( 13210, 4,  'Y', 'N', 'N' );
	INSERT INTO MAP_APP_LANG VALUES ( 13210, 6,  'Y', 'N', 'N' );
	INSERT INTO MAP_APP_LANG VALUES ( 13210, 7,  'Y', 'N', 'N' );

	INSERT INTO MAP_APP_PUBLISHER VALUES( 13210, 159 );

	INSERT INTO MAP_APP_TAG VALUES( 13210, 1663 );
	INSERT INTO MAP_APP_TAG VALUES( 13210, 19 );
	INSERT INTO MAP_APP_TAG VALUES( 13210, 3859 );
	INSERT INTO MAP_APP_TAG VALUES( 13210, 5547 );
	INSERT INTO MAP_APP_TAG VALUES( 13210, 1774 );
	INSERT INTO MAP_APP_TAG VALUES( 13210, 3942 );
	INSERT INTO MAP_APP_TAG VALUES( 13210, 1734 );
	INSERT INTO MAP_APP_TAG VALUES( 13210, 3839 );
	INSERT INTO MAP_APP_TAG VALUES( 13210, 3878 );
	INSERT INTO MAP_APP_TAG VALUES( 13210, 4345 );
	INSERT INTO MAP_APP_TAG VALUES( 13210, 1685 );
	INSERT INTO MAP_APP_TAG VALUES( 13210, 1756 );
	INSERT INTO MAP_APP_TAG VALUES( 13210, 1693 );
	INSERT INTO MAP_APP_TAG VALUES( 13210, 4182 );
	INSERT INTO MAP_APP_TAG VALUES( 13210, 5711 );
	INSERT INTO MAP_APP_TAG VALUES( 13210, 21 );
	INSERT INTO MAP_APP_TAG VALUES( 13210, 4166 );
	INSERT INTO MAP_APP_TAG VALUES( 13210, 1669 );
	INSERT INTO MAP_APP_TAG VALUES( 13210, 10816 );

INSERT INTO APP_TABLE	 VALUES( 13230, 'Unreal_Tournament_2004:_Editor''s_Choice_Edition', 'Unreal Tournament 2004 is a multiplayer first person shooter that combines the kill-or-be-killed experience of gladiatorial combat with cutting-edge technology. Ten game modes - both team-based and "every man for himself" -- provide even the most hardcore gamer with palm-sweating challenges through unbelievably detailed indoor...', SYSDATE ,16000, '' );
	INSERT INTO MAP_APP_CATEGORY VALUES( 13230, 3 );
	INSERT INTO MAP_APP_CATEGORY VALUES( 13230, 1 );
	INSERT INTO MAP_APP_CATEGORY VALUES( 13230, 5 );

	INSERT INTO MAP_APP_DEVELOPER VALUES( 13230, 159 );

	INSERT INTO MAP_APP_GENRE VALUES( 13230, 1 );

	INSERT INTO MAP_APP_LANG VALUES ( 13230, 2,  'Y', 'N', 'N' );
	INSERT INTO MAP_APP_LANG VALUES ( 13230, 3,  'Y', 'N', 'N' );
	INSERT INTO MAP_APP_LANG VALUES ( 13230, 4,  'Y', 'N', 'N' );
	INSERT INTO MAP_APP_LANG VALUES ( 13230, 6,  'Y', 'N', 'N' );
	INSERT INTO MAP_APP_LANG VALUES ( 13230, 7,  'Y', 'N', 'N' );

	INSERT INTO MAP_APP_PUBLISHER VALUES( 13230, 159 );

	INSERT INTO MAP_APP_TAG VALUES( 13230, 1663 );
	INSERT INTO MAP_APP_TAG VALUES( 13230, 5547 );
	INSERT INTO MAP_APP_TAG VALUES( 13230, 19 );
	INSERT INTO MAP_APP_TAG VALUES( 13230, 1693 );
	INSERT INTO MAP_APP_TAG VALUES( 13230, 3859 );
	INSERT INTO MAP_APP_TAG VALUES( 13230, 1734 );
	INSERT INTO MAP_APP_TAG VALUES( 13230, 3942 );
	INSERT INTO MAP_APP_TAG VALUES( 13230, 3878 );
	INSERT INTO MAP_APP_TAG VALUES( 13230, 1669 );
	INSERT INTO MAP_APP_TAG VALUES( 13230, 1756 );
	INSERT INTO MAP_APP_TAG VALUES( 13230, 3839 );
	INSERT INTO MAP_APP_TAG VALUES( 13230, 1774 );
	INSERT INTO MAP_APP_TAG VALUES( 13230, 4182 );
	INSERT INTO MAP_APP_TAG VALUES( 13230, 5055 );
	INSERT INTO MAP_APP_TAG VALUES( 13230, 4166 );
	INSERT INTO MAP_APP_TAG VALUES( 13230, 21 );
	INSERT INTO MAP_APP_TAG VALUES( 13230, 1685 );
	INSERT INTO MAP_APP_TAG VALUES( 13230, 122 );

INSERT INTO APP_TABLE	 VALUES( 46000, 'Bob_Came_in_Pieces', 'Bob has crashed on a strange planet, lost a bunch of parts for his ship and above all, is late for work! Find the lost parts and rebuild your ship along the way to solve challenging, physics-based puzzles. You can build your ship any way you like in the ship builder ? try to find the coolest ship-design for the puzzle at hand!', SYSDATE ,7500, '' );
	INSERT INTO MAP_APP_CATEGORY VALUES( 46000, 3 );
	INSERT INTO MAP_APP_CATEGORY VALUES( 46000, 4 );
	INSERT INTO MAP_APP_CATEGORY VALUES( 46000, 7 );
	INSERT INTO MAP_APP_CATEGORY VALUES( 46000, 8 );
	INSERT INTO MAP_APP_CATEGORY VALUES( 46000, 18 );

	INSERT INTO MAP_APP_DEVELOPER VALUES( 46000, 400 );

	INSERT INTO MAP_APP_GENRE VALUES( 46000, 3 );
	INSERT INTO MAP_APP_GENRE VALUES( 46000, 4 );

	INSERT INTO MAP_APP_LANG VALUES ( 46000, 2,  'Y', 'N', 'N' );

	INSERT INTO MAP_APP_PUBLISHER VALUES( 46000, 400 );

	INSERT INTO MAP_APP_TAG VALUES( 46000, 492 );
	INSERT INTO MAP_APP_TAG VALUES( 46000, 21 );
	INSERT INTO MAP_APP_TAG VALUES( 46000, 1664 );
	INSERT INTO MAP_APP_TAG VALUES( 46000, 3968 );

INSERT INTO APP_TABLE	 VALUES( 13240, 'Unreal_Tournament:_Game_of_the_Year_Edition', 'Unreal Tournament is the original King of the Hill in the frag-or-be-fragged multiplayer gaming world. As the undisputed 1999 Game of the Year, Unreal Tournament grabbed the first person shooter genre by the soiled seat of its pants and knocked it around the room with its never-before-seen graphics, brutal edge-of-your-seat gameplay and...', SYSDATE ,10500, '' );
	INSERT INTO MAP_APP_CATEGORY VALUES( 13240, 3 );
	INSERT INTO MAP_APP_CATEGORY VALUES( 13240, 1 );

	INSERT INTO MAP_APP_DEVELOPER VALUES( 13240, 159 );

	INSERT INTO MAP_APP_GENRE VALUES( 13240, 1 );

	INSERT INTO MAP_APP_LANG VALUES ( 13240, 2,  'Y', 'N', 'N' );

	INSERT INTO MAP_APP_PUBLISHER VALUES( 13240, 159 );

	INSERT INTO MAP_APP_TAG VALUES( 13240, 1693 );
	INSERT INTO MAP_APP_TAG VALUES( 13240, 1663 );
	INSERT INTO MAP_APP_TAG VALUES( 13240, 19 );
	INSERT INTO MAP_APP_TAG VALUES( 13240, 5547 );
	INSERT INTO MAP_APP_TAG VALUES( 13240, 1734 );
	INSERT INTO MAP_APP_TAG VALUES( 13240, 3859 );
	INSERT INTO MAP_APP_TAG VALUES( 13240, 1756 );
	INSERT INTO MAP_APP_TAG VALUES( 13240, 1774 );
	INSERT INTO MAP_APP_TAG VALUES( 13240, 3878 );
	INSERT INTO MAP_APP_TAG VALUES( 13240, 3942 );
	INSERT INTO MAP_APP_TAG VALUES( 13240, 3839 );
	INSERT INTO MAP_APP_TAG VALUES( 13240, 1669 );
	INSERT INTO MAP_APP_TAG VALUES( 13240, 4182 );
	INSERT INTO MAP_APP_TAG VALUES( 13240, 4345 );
	INSERT INTO MAP_APP_TAG VALUES( 13240, 1685 );
	INSERT INTO MAP_APP_TAG VALUES( 13240, 6691 );
	INSERT INTO MAP_APP_TAG VALUES( 13240, 4115 );

INSERT INTO APP_TABLE	 VALUES( 13250, 'Unreal_Gold', 'Your prison ship has crash-landed on the fastest, sleekest, most dangerous 3D world ever created. Look around, crystal clear water shimmers, shadows dance and shift, alien architecture fades into the horizon.', SYSDATE ,10500, '' );
	INSERT INTO MAP_APP_CATEGORY VALUES( 13250, 3 );
	INSERT INTO MAP_APP_CATEGORY VALUES( 13250, 1 );

	INSERT INTO MAP_APP_DEVELOPER VALUES( 13250, 159 );

	INSERT INTO MAP_APP_GENRE VALUES( 13250, 1 );

	INSERT INTO MAP_APP_LANG VALUES ( 13250, 2,  'Y', 'N', 'N' );
	INSERT INTO MAP_APP_LANG VALUES ( 13250, 3,  'Y', 'N', 'N' );
	INSERT INTO MAP_APP_LANG VALUES ( 13250, 4,  'Y', 'N', 'N' );
	INSERT INTO MAP_APP_LANG VALUES ( 13250, 6,  'Y', 'N', 'N' );
	INSERT INTO MAP_APP_LANG VALUES ( 13250, 7,  'Y', 'N', 'N' );

	INSERT INTO MAP_APP_PUBLISHER VALUES( 13250, 159 );

	INSERT INTO MAP_APP_TAG VALUES( 13250, 1693 );
	INSERT INTO MAP_APP_TAG VALUES( 13250, 1663 );
	INSERT INTO MAP_APP_TAG VALUES( 13250, 19 );
	INSERT INTO MAP_APP_TAG VALUES( 13250, 1756 );
	INSERT INTO MAP_APP_TAG VALUES( 13250, 3942 );
	INSERT INTO MAP_APP_TAG VALUES( 13250, 4166 );
	INSERT INTO MAP_APP_TAG VALUES( 13250, 3839 );
	INSERT INTO MAP_APP_TAG VALUES( 13250, 1774 );
	INSERT INTO MAP_APP_TAG VALUES( 13250, 3859 );
	INSERT INTO MAP_APP_TAG VALUES( 13250, 4182 );
	INSERT INTO MAP_APP_TAG VALUES( 13250, 6691 );
	INSERT INTO MAP_APP_TAG VALUES( 13250, 7208 );
	INSERT INTO MAP_APP_TAG VALUES( 13250, 21 );
	INSERT INTO MAP_APP_TAG VALUES( 13250, 1734 );
	INSERT INTO MAP_APP_TAG VALUES( 13250, 1685 );
	INSERT INTO MAP_APP_TAG VALUES( 13250, 1667 );
	INSERT INTO MAP_APP_TAG VALUES( 13250, 6650 );

INSERT INTO APP_TABLE	 VALUES( 46200, 'A.I.M._Racing', 'A.I.M. Racing welcomes you to the planet Polygon-4, where deadly vehicles of the distant future compete, swishing planet¡¯s dusty atmosphere at a tremendous pace. Years ago humans along with the Arlings used Polygon-4 for a number of military experiments, but later left the test complex.', SYSDATE ,3300, '' );
	INSERT INTO MAP_APP_CATEGORY VALUES( 46200, 3 );
	INSERT INTO MAP_APP_CATEGORY VALUES( 46200, 7 );
	INSERT INTO MAP_APP_CATEGORY VALUES( 46200, 8 );

	INSERT INTO MAP_APP_DEVELOPER VALUES( 46200, 401 );

	INSERT INTO MAP_APP_GENRE VALUES( 46200, 1 );
	INSERT INTO MAP_APP_GENRE VALUES( 46200, 9 );

	INSERT INTO MAP_APP_LANG VALUES ( 46200, 2,  'Y', 'N', 'N' );
	INSERT INTO MAP_APP_LANG VALUES ( 46200, 3,  'Y', 'N', 'N' );
	INSERT INTO MAP_APP_LANG VALUES ( 46200, 9,  'Y', 'N', 'N' );
	INSERT INTO MAP_APP_LANG VALUES ( 46200, 4,  'Y', 'N', 'N' );
	INSERT INTO MAP_APP_LANG VALUES ( 46200, 6,  'Y', 'N', 'N' );
	INSERT INTO MAP_APP_LANG VALUES ( 46200, 7,  'Y', 'N', 'N' );
	INSERT INTO MAP_APP_LANG VALUES ( 46200, 24,  'Y', 'N', 'N' );

	INSERT INTO MAP_APP_PUBLISHER VALUES( 46200, 32 );

	INSERT INTO MAP_APP_TAG VALUES( 46200, 699 );
	INSERT INTO MAP_APP_TAG VALUES( 46200, 19 );

INSERT INTO APP_TABLE	 VALUES( 46250, 'NecroVisioN:_Lost_Company', 'NecroVisioN: Lost Company is the prequel to original horror FPS shooter, taking place before the NecroVisioN story begins. It contains a bunch of unique levels, characters, weapons and gameplay elements as well as new main hero that presents the original game story from opposite perspective.', SYSDATE ,7500, '' );
	INSERT INTO MAP_APP_CATEGORY VALUES( 46250, 3 );
	INSERT INTO MAP_APP_CATEGORY VALUES( 46250, 1 );
	INSERT INTO MAP_APP_CATEGORY VALUES( 46250, 8 );
	INSERT INTO MAP_APP_CATEGORY VALUES( 46250, 13 );

	INSERT INTO MAP_APP_DEVELOPER VALUES( 46250, 402 );

	INSERT INTO MAP_APP_GENRE VALUES( 46250, 1 );

	INSERT INTO MAP_APP_LANG VALUES ( 46250, 2,  'Y', 'Y', 'N' );
	INSERT INTO MAP_APP_LANG VALUES ( 46250, 9,  'Y', 'Y', 'N' );
	INSERT INTO MAP_APP_LANG VALUES ( 46250, 6,  'Y', 'Y', 'N' );

	INSERT INTO MAP_APP_PUBLISHER VALUES( 46250, 32 );

	INSERT INTO MAP_APP_TAG VALUES( 46250, 19 );
	INSERT INTO MAP_APP_TAG VALUES( 46250, 1663 );
	INSERT INTO MAP_APP_TAG VALUES( 46250, 1659 );
	INSERT INTO MAP_APP_TAG VALUES( 46250, 5382 );
	INSERT INTO MAP_APP_TAG VALUES( 46250, 1667 );

INSERT INTO APP_TABLE	 VALUES( 46260, 'Star_Wolves_3:_Civil_War', 'Large-scale battles have become a vestige of the past, depleting resources of conflicting parties. Settled space, where welfare and order had reigned, has become a cemetery for dead ships which is flooded with pirates and adventurists.', SYSDATE ,5500, '' );
	INSERT INTO MAP_APP_CATEGORY VALUES( 46260, 3 );
	INSERT INTO MAP_APP_CATEGORY VALUES( 46260, 5 );
	INSERT INTO MAP_APP_CATEGORY VALUES( 46260, 8 );

	INSERT INTO MAP_APP_DEVELOPER VALUES( 46260, 403 );

	INSERT INTO MAP_APP_GENRE VALUES( 46260, 6 );
	INSERT INTO MAP_APP_GENRE VALUES( 46260, 5 );

	INSERT INTO MAP_APP_LANG VALUES ( 46260, 2,  'Y', 'N', 'Y' );
	INSERT INTO MAP_APP_LANG VALUES ( 46260, 9,  'Y', 'N', 'Y' );

	INSERT INTO MAP_APP_PUBLISHER VALUES( 46260, 32 );

	INSERT INTO MAP_APP_TAG VALUES( 46260, 9 );
	INSERT INTO MAP_APP_TAG VALUES( 46260, 122 );
	INSERT INTO MAP_APP_TAG VALUES( 46260, 1755 );
	INSERT INTO MAP_APP_TAG VALUES( 46260, 3942 );
	INSERT INTO MAP_APP_TAG VALUES( 46260, 1708 );

INSERT INTO APP_TABLE	 VALUES( 13500, 'Prince_of_Persia:_Warrior_Within¢â', 'Enter the dark underworld of Prince of Persia Warrior Within, the sword-slashing sequel to the critically acclaimed Prince of Persia: The Sands of Time¢â. Hunted by Dahaka, an immortal incarnation of Fate seeking divine retribution, the Prince embarks upon a path of both carnage and mystery to defy his preordained death.', SYSDATE ,12500, '' );
	INSERT INTO MAP_APP_CATEGORY VALUES( 13500, 3 );

	INSERT INTO MAP_APP_DEVELOPER VALUES( 13500, 160 );

	INSERT INTO MAP_APP_GENRE VALUES( 13500, 1 );
	INSERT INTO MAP_APP_GENRE VALUES( 13500, 3 );

	INSERT INTO MAP_APP_LANG VALUES ( 13500, 2,  'Y', 'N', 'N' );

	INSERT INTO MAP_APP_PUBLISHER VALUES( 13500, 160 );

	INSERT INTO MAP_APP_TAG VALUES( 13500, 19 );
	INSERT INTO MAP_APP_TAG VALUES( 13500, 21 );
	INSERT INTO MAP_APP_TAG VALUES( 13500, 4036 );
	INSERT INTO MAP_APP_TAG VALUES( 13500, 1697 );
	INSERT INTO MAP_APP_TAG VALUES( 13500, 1756 );
	INSERT INTO MAP_APP_TAG VALUES( 13500, 4182 );
	INSERT INTO MAP_APP_TAG VALUES( 13500, 1625 );
	INSERT INTO MAP_APP_TAG VALUES( 13500, 4166 );
	INSERT INTO MAP_APP_TAG VALUES( 13500, 10679 );
	INSERT INTO MAP_APP_TAG VALUES( 13500, 1693 );
	INSERT INTO MAP_APP_TAG VALUES( 13500, 1646 );
	INSERT INTO MAP_APP_TAG VALUES( 13500, 6625 );
	INSERT INTO MAP_APP_TAG VALUES( 13500, 4345 );
	INSERT INTO MAP_APP_TAG VALUES( 13500, 1684 );
	INSERT INTO MAP_APP_TAG VALUES( 13500, 1742 );
	INSERT INTO MAP_APP_TAG VALUES( 13500, 1695 );
	INSERT INTO MAP_APP_TAG VALUES( 13500, 4342 );

INSERT INTO APP_TABLE	 VALUES( 46270, 'Star_Wolves', 'Star wolves is a 3D space RPG with deep strategy and tactical elements. The game thrusts players into a world of freelance space hunters in the XXI-XXII century A.D. during a time of political crisis for the all-powerful Empire and the three mega-corporations that control all the known worlds.', SYSDATE ,4400, '' );
	INSERT INTO MAP_APP_CATEGORY VALUES( 46270, 3 );
	INSERT INTO MAP_APP_CATEGORY VALUES( 46270, 8 );

	INSERT INTO MAP_APP_DEVELOPER VALUES( 46270, 404 );

	INSERT INTO MAP_APP_GENRE VALUES( 46270, 6 );
	INSERT INTO MAP_APP_GENRE VALUES( 46270, 5 );

	INSERT INTO MAP_APP_LANG VALUES ( 46270, 2,  'Y', 'Y', 'Y' );
	INSERT INTO MAP_APP_LANG VALUES ( 46270, 9,  'Y', 'Y', 'Y' );
	INSERT INTO MAP_APP_LANG VALUES ( 46270, 6,  'Y', 'Y', 'Y' );

	INSERT INTO MAP_APP_PUBLISHER VALUES( 46270, 32 );

	INSERT INTO MAP_APP_TAG VALUES( 46270, 122 );
	INSERT INTO MAP_APP_TAG VALUES( 46270, 9 );
	INSERT INTO MAP_APP_TAG VALUES( 46270, 1755 );
	INSERT INTO MAP_APP_TAG VALUES( 46270, 3942 );

INSERT INTO APP_TABLE	 VALUES( 46280, 'Star_Wolves_2', 'Six years have passed after the events of 2226 A.D. The balance in the galaxy has been restored as transgalactic corporations have been deported to the outskirts of the galaxy and deprived of their power. The Empire, just as before, continues to fight against the Aliens. As a rule armadas of battleships aren''t used in such conflicts.', SYSDATE ,4400, '' );
	INSERT INTO MAP_APP_CATEGORY VALUES( 46280, 3 );

	INSERT INTO MAP_APP_DEVELOPER VALUES( 46280, 404 );

	INSERT INTO MAP_APP_GENRE VALUES( 46280, 6 );
	INSERT INTO MAP_APP_GENRE VALUES( 46280, 5 );

	INSERT INTO MAP_APP_LANG VALUES ( 46280, 2,  'Y', 'N', 'N' );

	INSERT INTO MAP_APP_PUBLISHER VALUES( 46280, 32 );

	INSERT INTO MAP_APP_TAG VALUES( 46280, 9 );
	INSERT INTO MAP_APP_TAG VALUES( 46280, 122 );
	INSERT INTO MAP_APP_TAG VALUES( 46280, 1755 );

INSERT INTO APP_TABLE	 VALUES( 13520, 'Far_Cry¢ç', 'A tropical paradise seethes with hidden evil in Far Cry¢ç, a cunningly detailed action shooter that pushes the boundaries of combat to shocking new levels. Freelance mariner Jack Carver is cursing the day he ever came to this island.', SYSDATE ,12500, '' );
	INSERT INTO MAP_APP_CATEGORY VALUES( 13520, 3 );

	INSERT INTO MAP_APP_DEVELOPER VALUES( 13520, 161 );

	INSERT INTO MAP_APP_GENRE VALUES( 13520, 1 );

	INSERT INTO MAP_APP_LANG VALUES ( 13520, 2,  'Y', 'N', 'N' );

	INSERT INTO MAP_APP_PUBLISHER VALUES( 13520, 160 );

	INSERT INTO MAP_APP_TAG VALUES( 13520, 1663 );
	INSERT INTO MAP_APP_TAG VALUES( 13520, 19 );
	INSERT INTO MAP_APP_TAG VALUES( 13520, 1693 );
	INSERT INTO MAP_APP_TAG VALUES( 13520, 1774 );
	INSERT INTO MAP_APP_TAG VALUES( 13520, 1695 );
	INSERT INTO MAP_APP_TAG VALUES( 13520, 1687 );
	INSERT INTO MAP_APP_TAG VALUES( 13520, 3839 );
	INSERT INTO MAP_APP_TAG VALUES( 13520, 4182 );
	INSERT INTO MAP_APP_TAG VALUES( 13520, 4026 );
	INSERT INTO MAP_APP_TAG VALUES( 13520, 3859 );
	INSERT INTO MAP_APP_TAG VALUES( 13520, 21 );
	INSERT INTO MAP_APP_TAG VALUES( 13520, 4166 );
	INSERT INTO MAP_APP_TAG VALUES( 13520, 1742 );
	INSERT INTO MAP_APP_TAG VALUES( 13520, 3942 );
	INSERT INTO MAP_APP_TAG VALUES( 13520, 1667 );
	INSERT INTO MAP_APP_TAG VALUES( 13520, 3810 );
	INSERT INTO MAP_APP_TAG VALUES( 13520, 1756 );
	INSERT INTO MAP_APP_TAG VALUES( 13520, 1662 );

INSERT INTO APP_TABLE	 VALUES( 46290, 'Theatre_of_War', 'Command a special task force composed of different kinds of units, including tanks, APCs, field guns, mortars, various infantry regiments and will also have an opportunity to call for artillery and air support.', SYSDATE ,4400, '' );
	INSERT INTO MAP_APP_CATEGORY VALUES( 46290, 3 );
	INSERT INTO MAP_APP_CATEGORY VALUES( 46290, 1 );
	INSERT INTO MAP_APP_CATEGORY VALUES( 46290, 8 );
	INSERT INTO MAP_APP_CATEGORY VALUES( 46290, 13 );

	INSERT INTO MAP_APP_DEVELOPER VALUES( 46290, 32 );

	INSERT INTO MAP_APP_GENRE VALUES( 46290, 5 );

	INSERT INTO MAP_APP_LANG VALUES ( 46290, 2,  'Y', 'N', 'N' );
	INSERT INTO MAP_APP_LANG VALUES ( 46290, 9,  'Y', 'N', 'N' );

	INSERT INTO MAP_APP_PUBLISHER VALUES( 46290, 32 );

	INSERT INTO MAP_APP_TAG VALUES( 46290, 9 );
	INSERT INTO MAP_APP_TAG VALUES( 46290, 4150 );
	INSERT INTO MAP_APP_TAG VALUES( 46290, 1676 );
	INSERT INTO MAP_APP_TAG VALUES( 46290, 13276 );
	INSERT INTO MAP_APP_TAG VALUES( 46290, 1678 );
	INSERT INTO MAP_APP_TAG VALUES( 46290, 3859 );

INSERT INTO APP_TABLE	 VALUES( 13530, 'Prince_of_Persia:_The_Two_Thrones¢â', 'The Prince of Persia, a seasoned warrior, returns from the Island of Time to Babylon with his love, Kaileena. Instead of the peace that he longs for, he finds his homeland ravaged by war and the kingdom turned against him.', SYSDATE ,12500, '' );
	INSERT INTO MAP_APP_CATEGORY VALUES( 13530, 3 );
	INSERT INTO MAP_APP_CATEGORY VALUES( 13530, 7 );

	INSERT INTO MAP_APP_DEVELOPER VALUES( 13530, 162 );

	INSERT INTO MAP_APP_GENRE VALUES( 13530, 1 );
	INSERT INTO MAP_APP_GENRE VALUES( 13530, 3 );

	INSERT INTO MAP_APP_LANG VALUES ( 13530, 2,  'Y', 'N', 'N' );
	INSERT INTO MAP_APP_LANG VALUES ( 13530, 3,  'Y', 'N', 'N' );
	INSERT INTO MAP_APP_LANG VALUES ( 13530, 4,  'Y', 'N', 'N' );
	INSERT INTO MAP_APP_LANG VALUES ( 13530, 6,  'Y', 'N', 'N' );
	INSERT INTO MAP_APP_LANG VALUES ( 13530, 7,  'Y', 'N', 'N' );

	INSERT INTO MAP_APP_PUBLISHER VALUES( 13530, 160 );

	INSERT INTO MAP_APP_TAG VALUES( 13530, 19 );
	INSERT INTO MAP_APP_TAG VALUES( 13530, 21 );
	INSERT INTO MAP_APP_TAG VALUES( 13530, 1625 );
	INSERT INTO MAP_APP_TAG VALUES( 13530, 1697 );
	INSERT INTO MAP_APP_TAG VALUES( 13530, 4036 );
	INSERT INTO MAP_APP_TAG VALUES( 13530, 4182 );
	INSERT INTO MAP_APP_TAG VALUES( 13530, 1646 );
	INSERT INTO MAP_APP_TAG VALUES( 13530, 1684 );
	INSERT INTO MAP_APP_TAG VALUES( 13530, 10679 );
	INSERT INTO MAP_APP_TAG VALUES( 13530, 6625 );
	INSERT INTO MAP_APP_TAG VALUES( 13530, 1742 );
	INSERT INTO MAP_APP_TAG VALUES( 13530, 1687 );
	INSERT INTO MAP_APP_TAG VALUES( 13530, 1693 );
	INSERT INTO MAP_APP_TAG VALUES( 13530, 4166 );
	INSERT INTO MAP_APP_TAG VALUES( 13530, 1756 );

INSERT INTO APP_TABLE	 VALUES( 13540, 'Tom_Clancy''s_Rainbow_Six¢ç_Vegas', 'Tom Clancy''s Rainbow Six makes its next-generation hardware debut in the most dramatic installment of the renowned first-person shooter franchise to date. Rainbow operatives take to the chaotic streets of Las Vegas as an escalating terrorist siege in ''Sin City'' threatens to take world terrorism to new, uncontrollable heights.', SYSDATE ,12500, '' );
	INSERT INTO MAP_APP_CATEGORY VALUES( 13540, 3 );
	INSERT INTO MAP_APP_CATEGORY VALUES( 13540, 1 );

	INSERT INTO MAP_APP_DEVELOPER VALUES( 13540, 162 );

	INSERT INTO MAP_APP_GENRE VALUES( 13540, 1 );

	INSERT INTO MAP_APP_LANG VALUES ( 13540, 2,  'Y', 'N', 'N' );
	INSERT INTO MAP_APP_LANG VALUES ( 13540, 4,  'Y', 'N', 'N' );

	INSERT INTO MAP_APP_PUBLISHER VALUES( 13540, 160 );

	INSERT INTO MAP_APP_TAG VALUES( 13540, 19 );
	INSERT INTO MAP_APP_TAG VALUES( 13540, 1663 );
	INSERT INTO MAP_APP_TAG VALUES( 13540, 1708 );
	INSERT INTO MAP_APP_TAG VALUES( 13540, 1685 );
	INSERT INTO MAP_APP_TAG VALUES( 13540, 4182 );
	INSERT INTO MAP_APP_TAG VALUES( 13540, 3839 );
	INSERT INTO MAP_APP_TAG VALUES( 13540, 1774 );
	INSERT INTO MAP_APP_TAG VALUES( 13540, 3859 );
	INSERT INTO MAP_APP_TAG VALUES( 13540, 3843 );
	INSERT INTO MAP_APP_TAG VALUES( 13540, 1693 );

INSERT INTO APP_TABLE	 VALUES( 13560, 'Tom_Clancy''s_Splinter_Cell¢ç', 'Infiltrate terrorists'' positions, acquire critical intelligence by any means necessary, execute with extreme prejudice, and exit without a trace! You are Sam Fisher, a highly trained secret operative of the NSA''s secret arm: Third Echelon.', SYSDATE ,6250, '' );
	INSERT INTO MAP_APP_CATEGORY VALUES( 13560, 3 );

	INSERT INTO MAP_APP_DEVELOPER VALUES( 13560, 160 );

	INSERT INTO MAP_APP_GENRE VALUES( 13560, 1 );

	INSERT INTO MAP_APP_LANG VALUES ( 13560, 2,  'Y', 'N', 'N' );
	INSERT INTO MAP_APP_LANG VALUES ( 13560, 4,  'Y', 'N', 'N' );

	INSERT INTO MAP_APP_PUBLISHER VALUES( 13560, 160 );

	INSERT INTO MAP_APP_TAG VALUES( 13560, 1687 );
	INSERT INTO MAP_APP_TAG VALUES( 13560, 19 );
	INSERT INTO MAP_APP_TAG VALUES( 13560, 1697 );
	INSERT INTO MAP_APP_TAG VALUES( 13560, 4182 );
	INSERT INTO MAP_APP_TAG VALUES( 13560, 1693 );
	INSERT INTO MAP_APP_TAG VALUES( 13560, 21 );
	INSERT INTO MAP_APP_TAG VALUES( 13560, 1774 );
	INSERT INTO MAP_APP_TAG VALUES( 13560, 3814 );
	INSERT INTO MAP_APP_TAG VALUES( 13560, 4166 );
	INSERT INTO MAP_APP_TAG VALUES( 13560, 3859 );
	INSERT INTO MAP_APP_TAG VALUES( 13560, 4026 );

INSERT INTO APP_TABLE	 VALUES( 13570, 'Tom_Clancy''s_Splinter_Cell_Chaos_Theory¢ç', 'The year is 2008. Citywide blackouts ... stock exchange sabotage ... electronic hijacking of national defense systems ... this is information warfare. To prevent these attacks, operatives must infiltrate deep into hostile territory and aggressively collect critical intelligence, closer than ever to enemy soldiers.', SYSDATE ,12500, '' );
	INSERT INTO MAP_APP_CATEGORY VALUES( 13570, 3 );

	INSERT INTO MAP_APP_DEVELOPER VALUES( 13570, 162 );

	INSERT INTO MAP_APP_GENRE VALUES( 13570, 1 );

	INSERT INTO MAP_APP_LANG VALUES ( 13570, 2,  'Y', 'N', 'N' );
	INSERT INTO MAP_APP_LANG VALUES ( 13570, 3,  'Y', 'N', 'N' );
	INSERT INTO MAP_APP_LANG VALUES ( 13570, 4,  'Y', 'N', 'N' );
	INSERT INTO MAP_APP_LANG VALUES ( 13570, 6,  'Y', 'N', 'N' );
	INSERT INTO MAP_APP_LANG VALUES ( 13570, 7,  'Y', 'N', 'N' );

	INSERT INTO MAP_APP_PUBLISHER VALUES( 13570, 160 );

	INSERT INTO MAP_APP_TAG VALUES( 13570, 1687 );
	INSERT INTO MAP_APP_TAG VALUES( 13570, 19 );
	INSERT INTO MAP_APP_TAG VALUES( 13570, 1697 );
	INSERT INTO MAP_APP_TAG VALUES( 13570, 1685 );
	INSERT INTO MAP_APP_TAG VALUES( 13570, 1693 );
	INSERT INTO MAP_APP_TAG VALUES( 13570, 1756 );
	INSERT INTO MAP_APP_TAG VALUES( 13570, 4166 );
	INSERT INTO MAP_APP_TAG VALUES( 13570, 4182 );
	INSERT INTO MAP_APP_TAG VALUES( 13570, 3859 );
	INSERT INTO MAP_APP_TAG VALUES( 13570, 1708 );
	INSERT INTO MAP_APP_TAG VALUES( 13570, 1774 );
	INSERT INTO MAP_APP_TAG VALUES( 13570, 1742 );
	INSERT INTO MAP_APP_TAG VALUES( 13570, 3814 );
	INSERT INTO MAP_APP_TAG VALUES( 13570, 21 );

INSERT INTO APP_TABLE	 VALUES( 46340, 'Theatre_of_War_2:_Africa_1943', 'Theatre of War 2: Africa 1943 covers the events of 1943 in Tunisia, North Africa. Recovering from their losses after the crushing defeat and subsequent retreat after the Second Battle of El-Alamein, the German Afrika Korps - reinforced and now supported by the Italian Army - prepare once more to put steel against steel with the Allies.', SYSDATE ,5500, '' );
	INSERT INTO MAP_APP_CATEGORY VALUES( 46340, 3 );
	INSERT INTO MAP_APP_CATEGORY VALUES( 46340, 1 );
	INSERT INTO MAP_APP_CATEGORY VALUES( 46340, 8 );
	INSERT INTO MAP_APP_CATEGORY VALUES( 46340, 13 );

	INSERT INTO MAP_APP_DEVELOPER VALUES( 46340, 32 );

	INSERT INTO MAP_APP_GENRE VALUES( 46340, 8 );
	INSERT INTO MAP_APP_GENRE VALUES( 46340, 5 );

	INSERT INTO MAP_APP_LANG VALUES ( 46340, 2,  'Y', 'N', 'N' );
	INSERT INTO MAP_APP_LANG VALUES ( 46340, 9,  'Y', 'N', 'N' );

	INSERT INTO MAP_APP_PUBLISHER VALUES( 46340, 32 );

	INSERT INTO MAP_APP_TAG VALUES( 46340, 9 );
	INSERT INTO MAP_APP_TAG VALUES( 46340, 599 );
	INSERT INTO MAP_APP_TAG VALUES( 46340, 4150 );
	INSERT INTO MAP_APP_TAG VALUES( 46340, 1676 );

INSERT INTO APP_TABLE	 VALUES( 13580, 'Tom_Clancy''s_Splinter_Cell_Double_Agent¢ç', 'The best-selling Tom Clancy''s Splinter Cell¢ç saga takes on an entirely new direction. In the highly anticipated sequel to the 2005 game of the year, Tom Clancy''s Splinter Cell Double Agent¢â, play as a double agent spy for the first time ever.', SYSDATE ,12500, '' );
	INSERT INTO MAP_APP_CATEGORY VALUES( 13580, 3 );
	INSERT INTO MAP_APP_CATEGORY VALUES( 13580, 1 );

	INSERT INTO MAP_APP_DEVELOPER VALUES( 13580, 162 );

	INSERT INTO MAP_APP_GENRE VALUES( 13580, 1 );

	INSERT INTO MAP_APP_LANG VALUES ( 13580, 2,  'Y', 'N', 'N' );
	INSERT INTO MAP_APP_LANG VALUES ( 13580, 3,  'Y', 'N', 'N' );
	INSERT INTO MAP_APP_LANG VALUES ( 13580, 4,  'Y', 'N', 'N' );
	INSERT INTO MAP_APP_LANG VALUES ( 13580, 6,  'Y', 'N', 'N' );
	INSERT INTO MAP_APP_LANG VALUES ( 13580, 7,  'Y', 'N', 'N' );

	INSERT INTO MAP_APP_PUBLISHER VALUES( 13580, 160 );

	INSERT INTO MAP_APP_TAG VALUES( 13580, 1687 );
	INSERT INTO MAP_APP_TAG VALUES( 13580, 19 );
	INSERT INTO MAP_APP_TAG VALUES( 13580, 1697 );
	INSERT INTO MAP_APP_TAG VALUES( 13580, 3859 );
	INSERT INTO MAP_APP_TAG VALUES( 13580, 4182 );
	INSERT INTO MAP_APP_TAG VALUES( 13580, 21 );
	INSERT INTO MAP_APP_TAG VALUES( 13580, 1685 );

INSERT INTO APP_TABLE	 VALUES( 46360, 'Theatre_of_War_2:_Kursk_1943', 'Theatre of War 2: Kursk 1943, the historically accurate and detailed real-time tactical war game, welcomes military history fans to the battle which gave the Red Army the strategic initiative for the rest of the war.', SYSDATE ,5500, '' );
	INSERT INTO MAP_APP_CATEGORY VALUES( 46360, 3 );
	INSERT INTO MAP_APP_CATEGORY VALUES( 46360, 1 );
	INSERT INTO MAP_APP_CATEGORY VALUES( 46360, 8 );
	INSERT INTO MAP_APP_CATEGORY VALUES( 46360, 13 );

	INSERT INTO MAP_APP_DEVELOPER VALUES( 46360, 32 );

	INSERT INTO MAP_APP_GENRE VALUES( 46360, 8 );
	INSERT INTO MAP_APP_GENRE VALUES( 46360, 5 );

	INSERT INTO MAP_APP_LANG VALUES ( 46360, 2,  'Y', 'N', 'N' );
	INSERT INTO MAP_APP_LANG VALUES ( 46360, 9,  'Y', 'N', 'N' );
	INSERT INTO MAP_APP_LANG VALUES ( 46360, 6,  'Y', 'N', 'N' );

	INSERT INTO MAP_APP_PUBLISHER VALUES( 46360, 32 );

	INSERT INTO MAP_APP_TAG VALUES( 46360, 9 );
	INSERT INTO MAP_APP_TAG VALUES( 46360, 599 );
	INSERT INTO MAP_APP_TAG VALUES( 46360, 4150 );
	INSERT INTO MAP_APP_TAG VALUES( 46360, 13276 );

INSERT INTO APP_TABLE	 VALUES( 13600, 'Prince_of_Persia¢ç:_The_Sands_of_Time', 'Amidst the scorched sands of ancient Persia, there is a legend spun in an ancient tongue. It speaks of a time borne by blood and ruled by deceit. Drawn to the dark powers of a magic dagger, a young Prince is led to unleash a deadly evil upon a beautiful kingdom.', SYSDATE ,12500, '' );
	INSERT INTO MAP_APP_CATEGORY VALUES( 13600, 3 );

	INSERT INTO MAP_APP_DEVELOPER VALUES( 13600, 163 );

	INSERT INTO MAP_APP_GENRE VALUES( 13600, 1 );
	INSERT INTO MAP_APP_GENRE VALUES( 13600, 3 );

	INSERT INTO MAP_APP_LANG VALUES ( 13600, 2,  'Y', 'N', 'N' );

	INSERT INTO MAP_APP_PUBLISHER VALUES( 13600, 160 );

	INSERT INTO MAP_APP_TAG VALUES( 13600, 19 );
	INSERT INTO MAP_APP_TAG VALUES( 13600, 21 );
	INSERT INTO MAP_APP_TAG VALUES( 13600, 4036 );
	INSERT INTO MAP_APP_TAG VALUES( 13600, 1625 );
	INSERT INTO MAP_APP_TAG VALUES( 13600, 1697 );
	INSERT INTO MAP_APP_TAG VALUES( 13600, 1693 );
	INSERT INTO MAP_APP_TAG VALUES( 13600, 4182 );
	INSERT INTO MAP_APP_TAG VALUES( 13600, 5537 );
	INSERT INTO MAP_APP_TAG VALUES( 13600, 1742 );
	INSERT INTO MAP_APP_TAG VALUES( 13600, 6625 );
	INSERT INTO MAP_APP_TAG VALUES( 13600, 1756 );
	INSERT INTO MAP_APP_TAG VALUES( 13600, 10679 );
	INSERT INTO MAP_APP_TAG VALUES( 13600, 1684 );
	INSERT INTO MAP_APP_TAG VALUES( 13600, 1646 );
	INSERT INTO MAP_APP_TAG VALUES( 13600, 4166 );

INSERT INTO APP_TABLE	 VALUES( 46370, 'Rig_n_Roll', 'Players will step into the shoes of a young man in the year 2014 as he arrives in California to pursue his dreams of road domination and capture the Californian cargo transportation market. There are miles of highways to conquer and cities and towns to reach as he becomes the greatest trucker on the highways.', SYSDATE ,5500, '' );
	INSERT INTO MAP_APP_CATEGORY VALUES( 46370, 3 );
	INSERT INTO MAP_APP_CATEGORY VALUES( 46370, 8 );

	INSERT INTO MAP_APP_DEVELOPER VALUES( 46370, 405 );

	INSERT INTO MAP_APP_GENRE VALUES( 46370, 8 );

	INSERT INTO MAP_APP_LANG VALUES ( 46370, 2,  'Y', 'Y', 'Y' );
	INSERT INTO MAP_APP_LANG VALUES ( 46370, 6,  'Y', 'N', 'Y' );

	INSERT INTO MAP_APP_PUBLISHER VALUES( 46370, 32 );

	INSERT INTO MAP_APP_TAG VALUES( 46370, 599 );
	INSERT INTO MAP_APP_TAG VALUES( 46370, 1644 );
	INSERT INTO MAP_APP_TAG VALUES( 46370, 4182 );

INSERT INTO APP_TABLE	 VALUES( 46380, 'Reign:_Conflict_of_Nations', 'Reign: Conflict of Nations allows players to have a well thought-out and historically accurate system of building and assigning labor forces in cities, a large selection of scenario-based and random missions, an expansive and realistic technology tree, more than 150 types of military units and elaborated graphics and animations which brin', SYSDATE ,4400, '' );
	INSERT INTO MAP_APP_CATEGORY VALUES( 46380, 3 );
	INSERT INTO MAP_APP_CATEGORY VALUES( 46380, 8 );

	INSERT INTO MAP_APP_DEVELOPER VALUES( 46380, 125 );

	INSERT INTO MAP_APP_GENRE VALUES( 46380, 5 );

	INSERT INTO MAP_APP_LANG VALUES ( 46380, 2,  'Y', 'N', 'N' );
	INSERT INTO MAP_APP_LANG VALUES ( 46380, 9,  'Y', 'N', 'N' );
	INSERT INTO MAP_APP_LANG VALUES ( 46380, 6,  'Y', 'N', 'N' );
	INSERT INTO MAP_APP_LANG VALUES ( 46380, 11,  'Y', 'N', 'N' );

	INSERT INTO MAP_APP_PUBLISHER VALUES( 46380, 32 );

	INSERT INTO MAP_APP_TAG VALUES( 46380, 9 );
	INSERT INTO MAP_APP_TAG VALUES( 46380, 4172 );

INSERT INTO APP_TABLE	 VALUES( 13620, 'Tom_Clancy''s_Ghost_Recon¢ç_Desert_Siege¢â', 'East Africa, 2009. A 60-year conflict boils over as Ethiopia invades its smaller neighbor Eritrea, threatening the world''s most vital shipping lanes in the Red Sea. An elite team of U.S. Army Green Berets, known as the Ghosts, moves in to safeguard the seas and free Eritrea.', SYSDATE ,6250, '' );
	INSERT INTO MAP_APP_CATEGORY VALUES( 13620, 3 );
	INSERT INTO MAP_APP_CATEGORY VALUES( 13620, 1 );

	INSERT INTO MAP_APP_DEVELOPER VALUES( 13620, 164 );

	INSERT INTO MAP_APP_GENRE VALUES( 13620, 1 );

	INSERT INTO MAP_APP_LANG VALUES ( 13620, 2,  'Y', 'N', 'N' );

	INSERT INTO MAP_APP_PUBLISHER VALUES( 13620, 160 );

	INSERT INTO MAP_APP_TAG VALUES( 13620, 19 );
	INSERT INTO MAP_APP_TAG VALUES( 13620, 1663 );
	INSERT INTO MAP_APP_TAG VALUES( 13620, 1708 );
	INSERT INTO MAP_APP_TAG VALUES( 13620, 1774 );
	INSERT INTO MAP_APP_TAG VALUES( 13620, 9 );

INSERT INTO APP_TABLE	 VALUES( 13630, 'Tom_Clancy''s_Ghost_Recon¢ç_Island_Thunder¢â', 'Ghost Recon takes the next step in battlefield realism with Tom Clancy''s Ghost Recon¢â: Island Thunder¢â. Cuba, 2009: Castro is dead, and the first free Cuban elections in decades are thrown into turmoil by a drug-funded warlord. The Ghosts, an elite team of U.S.', SYSDATE ,6250, '' );

	INSERT INTO MAP_APP_DEVELOPER VALUES( 13630, 164 );

	INSERT INTO MAP_APP_GENRE VALUES( 13630, 1 );

	INSERT INTO MAP_APP_LANG VALUES ( 13630, 2,  'Y', 'N', 'N' );

	INSERT INTO MAP_APP_PUBLISHER VALUES( 13630, 160 );

	INSERT INTO MAP_APP_TAG VALUES( 13630, 19 );
	INSERT INTO MAP_APP_TAG VALUES( 13630, 1708 );
	INSERT INTO MAP_APP_TAG VALUES( 13630, 1663 );
	INSERT INTO MAP_APP_TAG VALUES( 13630, 1774 );

INSERT INTO APP_TABLE	 VALUES( 46400, 'Greed:_Black_Border', 'Hack ¡®n slash your way through this science-fiction-themed action/RPG. In the futuristic universe of GREED, the discovery of new interstellar travel possibilities has led to a new age of colonialization. The five largest colonial powers are entangled in a full-scale war over a new element called Ikarium, the recently discovered rare...', SYSDATE ,5500, '' );
	INSERT INTO MAP_APP_CATEGORY VALUES( 46400, 3 );
	INSERT INTO MAP_APP_CATEGORY VALUES( 46400, 16 );

	INSERT INTO MAP_APP_DEVELOPER VALUES( 46400, 406 );
	INSERT INTO MAP_APP_DEVELOPER VALUES( 46400, 407 );

	INSERT INTO MAP_APP_GENRE VALUES( 46400, 1 );
	INSERT INTO MAP_APP_GENRE VALUES( 46400, 6 );

	INSERT INTO MAP_APP_LANG VALUES ( 46400, 2,  'Y', 'N', 'N' );
	INSERT INTO MAP_APP_LANG VALUES ( 46400, 6,  'Y', 'N', 'N' );

	INSERT INTO MAP_APP_PUBLISHER VALUES( 46400, 406 );

	INSERT INTO MAP_APP_TAG VALUES( 46400, 19 );
	INSERT INTO MAP_APP_TAG VALUES( 46400, 122 );
	INSERT INTO MAP_APP_TAG VALUES( 46400, 3942 );
	INSERT INTO MAP_APP_TAG VALUES( 46400, 4231 );
	INSERT INTO MAP_APP_TAG VALUES( 46400, 1685 );
	INSERT INTO MAP_APP_TAG VALUES( 46400, 492 );
	INSERT INTO MAP_APP_TAG VALUES( 46400, 5851 );
	INSERT INTO MAP_APP_TAG VALUES( 46400, 4182 );

INSERT INTO APP_TABLE	 VALUES( 46410, 'Avencast:_Rise_of_the_Mage', 'Avencast has a unique and innovative combat system that favors skillful gameplay over dull mouse clicking. Chain together spells and execute lethal attacks.', SYSDATE ,10500, '' );
	INSERT INTO MAP_APP_CATEGORY VALUES( 46410, 3 );

	INSERT INTO MAP_APP_DEVELOPER VALUES( 46410, 408 );

	INSERT INTO MAP_APP_GENRE VALUES( 46410, 1 );
	INSERT INTO MAP_APP_GENRE VALUES( 46410, 4 );
	INSERT INTO MAP_APP_GENRE VALUES( 46410, 6 );

	INSERT INTO MAP_APP_LANG VALUES ( 46410, 2,  'Y', 'N', 'N' );
	INSERT INTO MAP_APP_LANG VALUES ( 46410, 6,  'Y', 'N', 'N' );

	INSERT INTO MAP_APP_PUBLISHER VALUES( 46410, 123 );

	INSERT INTO MAP_APP_TAG VALUES( 46410, 122 );
	INSERT INTO MAP_APP_TAG VALUES( 46410, 19 );
	INSERT INTO MAP_APP_TAG VALUES( 46410, 4231 );
	INSERT INTO MAP_APP_TAG VALUES( 46410, 1684 );
	INSERT INTO MAP_APP_TAG VALUES( 46410, 492 );
	INSERT INTO MAP_APP_TAG VALUES( 46410, 4057 );
	INSERT INTO MAP_APP_TAG VALUES( 46410, 21 );
	INSERT INTO MAP_APP_TAG VALUES( 46410, 4182 );
	INSERT INTO MAP_APP_TAG VALUES( 46410, 1646 );
	INSERT INTO MAP_APP_TAG VALUES( 46410, 4166 );
	INSERT INTO MAP_APP_TAG VALUES( 46410, 1742 );

INSERT INTO APP_TABLE	 VALUES( 46440, 'Future_Wars', 'Battle it out on the proving grounds and get ready for Future Wars. Similar to classic titles such as Advance Wars and Battle Isle, the game takes strategy gaming away from the micro-management overkill that it has become and using simple, proven rock-paper-scissors principles, reopens the genre to everyone.', SYSDATE ,5500, '' );
	INSERT INTO MAP_APP_CATEGORY VALUES( 46440, 3 );
	INSERT INTO MAP_APP_CATEGORY VALUES( 46440, 1 );
	INSERT INTO MAP_APP_CATEGORY VALUES( 46440, 21 );

	INSERT INTO MAP_APP_DEVELOPER VALUES( 46440, 409 );

	INSERT INTO MAP_APP_GENRE VALUES( 46440, 5 );

	INSERT INTO MAP_APP_LANG VALUES ( 46440, 2,  'Y', 'N', 'N' );
	INSERT INTO MAP_APP_LANG VALUES ( 46440, 6,  'Y', 'N', 'N' );

	INSERT INTO MAP_APP_PUBLISHER VALUES( 46440, 406 );

	INSERT INTO MAP_APP_TAG VALUES( 46440, 9 );
	INSERT INTO MAP_APP_TAG VALUES( 46440, 1677 );
	INSERT INTO MAP_APP_TAG VALUES( 46440, 1741 );
	INSERT INTO MAP_APP_TAG VALUES( 46440, 492 );
	INSERT INTO MAP_APP_TAG VALUES( 46440, 4182 );
	INSERT INTO MAP_APP_TAG VALUES( 46440, 3859 );

INSERT INTO APP_TABLE	 VALUES( 46480, 'Still_Life', 'Still Life 2 also now available!', SYSDATE ,8500, '' );
	INSERT INTO MAP_APP_CATEGORY VALUES( 46480, 3 );

	INSERT INTO MAP_APP_DEVELOPER VALUES( 46480, 410 );

	INSERT INTO MAP_APP_GENRE VALUES( 46480, 3 );

	INSERT INTO MAP_APP_LANG VALUES ( 46480, 2,  'Y', 'N', 'N' );
	INSERT INTO MAP_APP_LANG VALUES ( 46480, 4,  'Y', 'N', 'N' );
	INSERT INTO MAP_APP_LANG VALUES ( 46480, 6,  'Y', 'N', 'N' );
	INSERT INTO MAP_APP_LANG VALUES ( 46480, 7,  'Y', 'N', 'N' );

	INSERT INTO MAP_APP_PUBLISHER VALUES( 46480, 410 );

	INSERT INTO MAP_APP_TAG VALUES( 46480, 21 );
	INSERT INTO MAP_APP_TAG VALUES( 46480, 1698 );
	INSERT INTO MAP_APP_TAG VALUES( 46480, 5716 );
	INSERT INTO MAP_APP_TAG VALUES( 46480, 7208 );
	INSERT INTO MAP_APP_TAG VALUES( 46480, 6378 );
	INSERT INTO MAP_APP_TAG VALUES( 46480, 1664 );
	INSERT INTO MAP_APP_TAG VALUES( 46480, 5613 );
	INSERT INTO MAP_APP_TAG VALUES( 46480, 4182 );
	INSERT INTO MAP_APP_TAG VALUES( 46480, 1667 );
	INSERT INTO MAP_APP_TAG VALUES( 46480, 6052 );

INSERT INTO APP_TABLE	 VALUES( 46490, 'Still_Life_2', 'Who is hiding behind Mr. X? Still Life 2 reveals the long-awaited ending of Still Life and spells a new investigation for Agent Victoria McPherson. In Fall 2008, Victoria is sent to Maine where Ellen Dunnigan''s body has just been found.', SYSDATE ,8500, '' );
	INSERT INTO MAP_APP_CATEGORY VALUES( 46490, 3 );

	INSERT INTO MAP_APP_DEVELOPER VALUES( 46490, 410 );

	INSERT INTO MAP_APP_GENRE VALUES( 46490, 3 );

	INSERT INTO MAP_APP_LANG VALUES ( 46490, 2,  'Y', 'N', 'N' );
	INSERT INTO MAP_APP_LANG VALUES ( 46490, 3,  'Y', 'N', 'N' );
	INSERT INTO MAP_APP_LANG VALUES ( 46490, 4,  'Y', 'N', 'N' );
	INSERT INTO MAP_APP_LANG VALUES ( 46490, 6,  'Y', 'N', 'N' );
	INSERT INTO MAP_APP_LANG VALUES ( 46490, 7,  'Y', 'N', 'N' );

	INSERT INTO MAP_APP_PUBLISHER VALUES( 46490, 410 );

	INSERT INTO MAP_APP_TAG VALUES( 46490, 21 );
	INSERT INTO MAP_APP_TAG VALUES( 46490, 1698 );
	INSERT INTO MAP_APP_TAG VALUES( 46490, 7208 );
	INSERT INTO MAP_APP_TAG VALUES( 46490, 6378 );
	INSERT INTO MAP_APP_TAG VALUES( 46490, 5716 );
	INSERT INTO MAP_APP_TAG VALUES( 46490, 4182 );
	INSERT INTO MAP_APP_TAG VALUES( 46490, 5613 );
	INSERT INTO MAP_APP_TAG VALUES( 46490, 1664 );
	INSERT INTO MAP_APP_TAG VALUES( 46490, 1667 );

INSERT INTO APP_TABLE	 VALUES( 46500, 'Syberia', 'Join Kate Walker as she travels to remote locations and time periods in this timeless voyage to discover her true destiny.', SYSDATE ,14000, '' );
	INSERT INTO MAP_APP_CATEGORY VALUES( 46500, 3 );
	INSERT INTO MAP_APP_CATEGORY VALUES( 46500, 5 );

	INSERT INTO MAP_APP_DEVELOPER VALUES( 46500, 410 );

	INSERT INTO MAP_APP_GENRE VALUES( 46500, 3 );
	INSERT INTO MAP_APP_GENRE VALUES( 46500, 7 );

	INSERT INTO MAP_APP_LANG VALUES ( 46500, 2,  'Y', 'N', 'N' );
	INSERT INTO MAP_APP_LANG VALUES ( 46500, 3,  'Y', 'N', 'N' );
	INSERT INTO MAP_APP_LANG VALUES ( 46500, 4,  'Y', 'N', 'N' );
	INSERT INTO MAP_APP_LANG VALUES ( 46500, 10,  'Y', 'N', 'N' );
	INSERT INTO MAP_APP_LANG VALUES ( 46500, 9,  'Y', 'N', 'N' );
	INSERT INTO MAP_APP_LANG VALUES ( 46500, 6,  'Y', 'N', 'N' );
	INSERT INTO MAP_APP_LANG VALUES ( 46500, 7,  'Y', 'N', 'N' );
	INSERT INTO MAP_APP_LANG VALUES ( 46500, 11,  'Y', 'N', 'N' );

	INSERT INTO MAP_APP_PUBLISHER VALUES( 46500, 410 );

	INSERT INTO MAP_APP_TAG VALUES( 46500, 21 );
	INSERT INTO MAP_APP_TAG VALUES( 46500, 1698 );
	INSERT INTO MAP_APP_TAG VALUES( 46500, 1777 );
	INSERT INTO MAP_APP_TAG VALUES( 46500, 1664 );
	INSERT INTO MAP_APP_TAG VALUES( 46500, 7208 );
	INSERT INTO MAP_APP_TAG VALUES( 46500, 4166 );
	INSERT INTO MAP_APP_TAG VALUES( 46500, 1693 );
	INSERT INTO MAP_APP_TAG VALUES( 46500, 1742 );
	INSERT INTO MAP_APP_TAG VALUES( 46500, 5716 );
	INSERT INTO MAP_APP_TAG VALUES( 46500, 4182 );
	INSERT INTO MAP_APP_TAG VALUES( 46500, 597 );
	INSERT INTO MAP_APP_TAG VALUES( 46500, 1756 );
	INSERT INTO MAP_APP_TAG VALUES( 46500, 1697 );

INSERT INTO APP_TABLE	 VALUES( 46510, 'Syberia_II', 'Having searched Eastern and Western Europe for a missing heir, Kate Walker finally completed her long and arduous journey, obtaining the signature of Hans Voralberg and closing the automaton factory buyout. Mission accomplished?', SYSDATE ,14000, '' );
	INSERT INTO MAP_APP_CATEGORY VALUES( 46510, 3 );
	INSERT INTO MAP_APP_CATEGORY VALUES( 46510, 5 );

	INSERT INTO MAP_APP_DEVELOPER VALUES( 46510, 410 );

	INSERT INTO MAP_APP_GENRE VALUES( 46510, 3 );

	INSERT INTO MAP_APP_LANG VALUES ( 46510, 2,  'Y', 'Y', 'Y' );
	INSERT INTO MAP_APP_LANG VALUES ( 46510, 3,  'Y', 'Y', 'Y' );
	INSERT INTO MAP_APP_LANG VALUES ( 46510, 4,  'Y', 'N', 'Y' );
	INSERT INTO MAP_APP_LANG VALUES ( 46510, 10,  'Y', 'Y', 'Y' );
	INSERT INTO MAP_APP_LANG VALUES ( 46510, 6,  'Y', 'N', 'Y' );
	INSERT INTO MAP_APP_LANG VALUES ( 46510, 7,  'Y', 'N', 'N' );
	INSERT INTO MAP_APP_LANG VALUES ( 46510, 11,  'Y', 'N', 'Y' );

	INSERT INTO MAP_APP_PUBLISHER VALUES( 46510, 410 );

	INSERT INTO MAP_APP_TAG VALUES( 46510, 21 );
	INSERT INTO MAP_APP_TAG VALUES( 46510, 1698 );
	INSERT INTO MAP_APP_TAG VALUES( 46510, 1664 );
	INSERT INTO MAP_APP_TAG VALUES( 46510, 7208 );
	INSERT INTO MAP_APP_TAG VALUES( 46510, 1777 );
	INSERT INTO MAP_APP_TAG VALUES( 46510, 1742 );
	INSERT INTO MAP_APP_TAG VALUES( 46510, 4166 );
	INSERT INTO MAP_APP_TAG VALUES( 46510, 1693 );
	INSERT INTO MAP_APP_TAG VALUES( 46510, 4182 );
	INSERT INTO MAP_APP_TAG VALUES( 46510, 5716 );
	INSERT INTO MAP_APP_TAG VALUES( 46510, 1756 );

INSERT INTO APP_TABLE	 VALUES( 46520, 'Wasteland_Angel', 'Wasteland Angel is a throw-back to the era of vintage arcade shooters, where players fend off waves of enemies and ultimately face-off against epic end-level bosses.', SYSDATE ,10500, '' );
	INSERT INTO MAP_APP_CATEGORY VALUES( 46520, 3 );
	INSERT INTO MAP_APP_CATEGORY VALUES( 46520, 4 );
	INSERT INTO MAP_APP_CATEGORY VALUES( 46520, 7 );
	INSERT INTO MAP_APP_CATEGORY VALUES( 46520, 18 );

	INSERT INTO MAP_APP_DEVELOPER VALUES( 46520, 411 );
	INSERT INTO MAP_APP_DEVELOPER VALUES( 46520, 123 );

	INSERT INTO MAP_APP_GENRE VALUES( 46520, 1 );
	INSERT INTO MAP_APP_GENRE VALUES( 46520, 4 );

	INSERT INTO MAP_APP_LANG VALUES ( 46520, 2,  'Y', 'N', 'N' );
	INSERT INTO MAP_APP_LANG VALUES ( 46520, 4,  'Y', 'N', 'N' );
	INSERT INTO MAP_APP_LANG VALUES ( 46520, 9,  'Y', 'N', 'N' );
	INSERT INTO MAP_APP_LANG VALUES ( 46520, 6,  'Y', 'N', 'N' );

	INSERT INTO MAP_APP_PUBLISHER VALUES( 46520, 123 );

	INSERT INTO MAP_APP_TAG VALUES( 46520, 19 );
	INSERT INTO MAP_APP_TAG VALUES( 46520, 492 );
	INSERT INTO MAP_APP_TAG VALUES( 46520, 3835 );
	INSERT INTO MAP_APP_TAG VALUES( 46520, 7208 );
	INSERT INTO MAP_APP_TAG VALUES( 46520, 1773 );
	INSERT INTO MAP_APP_TAG VALUES( 46520, 1774 );

INSERT INTO APP_TABLE	 VALUES( 46540, 'Trapped_Dead', 'You and up to three friends fight to survive the Zombie outbreak in this game inspired by early ''80s horror films!', SYSDATE ,5500, '' );
	INSERT INTO MAP_APP_CATEGORY VALUES( 46540, 3 );
	INSERT INTO MAP_APP_CATEGORY VALUES( 46540, 1 );
	INSERT INTO MAP_APP_CATEGORY VALUES( 46540, 16 );
	INSERT INTO MAP_APP_CATEGORY VALUES( 46540, 5 );

	INSERT INTO MAP_APP_DEVELOPER VALUES( 46540, 412 );

	INSERT INTO MAP_APP_GENRE VALUES( 46540, 1 );
	INSERT INTO MAP_APP_GENRE VALUES( 46540, 5 );

	INSERT INTO MAP_APP_LANG VALUES ( 46540, 2,  'Y', 'N', 'N' );
	INSERT INTO MAP_APP_LANG VALUES ( 46540, 4,  'Y', 'N', 'N' );
	INSERT INTO MAP_APP_LANG VALUES ( 46540, 6,  'Y', 'N', 'N' );
	INSERT INTO MAP_APP_LANG VALUES ( 46540, 7,  'Y', 'N', 'N' );

	INSERT INTO MAP_APP_PUBLISHER VALUES( 46540, 406 );

	INSERT INTO MAP_APP_TAG VALUES( 46540, 1659 );
	INSERT INTO MAP_APP_TAG VALUES( 46540, 9 );
	INSERT INTO MAP_APP_TAG VALUES( 46540, 19 );
	INSERT INTO MAP_APP_TAG VALUES( 46540, 21 );
	INSERT INTO MAP_APP_TAG VALUES( 46540, 1685 );
	INSERT INTO MAP_APP_TAG VALUES( 46540, 1708 );

INSERT INTO APP_TABLE	 VALUES( 46550, 'Post_Mortem', 'After returning to the quiet streets of Paris to pursue a life of painting, Gus Macpherson could not escape his true art¡¦', SYSDATE ,8500, '' );
	INSERT INTO MAP_APP_CATEGORY VALUES( 46550, 3 );

	INSERT INTO MAP_APP_DEVELOPER VALUES( 46550, 413 );

	INSERT INTO MAP_APP_GENRE VALUES( 46550, 3 );

	INSERT INTO MAP_APP_LANG VALUES ( 46550, 2,  'Y', 'N', 'N' );
	INSERT INTO MAP_APP_LANG VALUES ( 46550, 3,  'Y', 'N', 'N' );
	INSERT INTO MAP_APP_LANG VALUES ( 46550, 4,  'Y', 'N', 'N' );
	INSERT INTO MAP_APP_LANG VALUES ( 46550, 10,  'Y', 'N', 'N' );
	INSERT INTO MAP_APP_LANG VALUES ( 46550, 6,  'Y', 'N', 'N' );
	INSERT INTO MAP_APP_LANG VALUES ( 46550, 7,  'Y', 'N', 'N' );

	INSERT INTO MAP_APP_PUBLISHER VALUES( 46550, 410 );

	INSERT INTO MAP_APP_TAG VALUES( 46550, 21 );
	INSERT INTO MAP_APP_TAG VALUES( 46550, 1698 );
	INSERT INTO MAP_APP_TAG VALUES( 46550, 5716 );
	INSERT INTO MAP_APP_TAG VALUES( 46550, 5613 );
	INSERT INTO MAP_APP_TAG VALUES( 46550, 6052 );
	INSERT INTO MAP_APP_TAG VALUES( 46550, 1667 );
	INSERT INTO MAP_APP_TAG VALUES( 46550, 1664 );
	INSERT INTO MAP_APP_TAG VALUES( 46550, 6426 );
	INSERT INTO MAP_APP_TAG VALUES( 46550, 4166 );
	INSERT INTO MAP_APP_TAG VALUES( 46550, 4342 );
	INSERT INTO MAP_APP_TAG VALUES( 46550, 3839 );

INSERT INTO APP_TABLE	 VALUES( 46560, 'Robin_Hood:_The_Legend_of_Sherwood', 'Roam the dense foliage of Sherwood, come face to face with royal trouble and battle against Prince John¡¯s forces as you take on the role of legendary nobleman, Robin Hood.', SYSDATE ,8500, '' );
	INSERT INTO MAP_APP_CATEGORY VALUES( 46560, 3 );

	INSERT INTO MAP_APP_DEVELOPER VALUES( 46560, 103 );

	INSERT INTO MAP_APP_GENRE VALUES( 46560, 5 );

	INSERT INTO MAP_APP_LANG VALUES ( 46560, 2,  'Y', 'N', 'N' );
	INSERT INTO MAP_APP_LANG VALUES ( 46560, 4,  'Y', 'N', 'N' );
	INSERT INTO MAP_APP_LANG VALUES ( 46560, 6,  'Y', 'N', 'N' );
	INSERT INTO MAP_APP_LANG VALUES ( 46560, 7,  'Y', 'N', 'N' );

	INSERT INTO MAP_APP_PUBLISHER VALUES( 46560, 410 );

	INSERT INTO MAP_APP_TAG VALUES( 46560, 9 );
	INSERT INTO MAP_APP_TAG VALUES( 46560, 1687 );
	INSERT INTO MAP_APP_TAG VALUES( 46560, 5851 );
	INSERT INTO MAP_APP_TAG VALUES( 46560, 4172 );
	INSERT INTO MAP_APP_TAG VALUES( 46560, 1708 );
	INSERT INTO MAP_APP_TAG VALUES( 46560, 1693 );
	INSERT INTO MAP_APP_TAG VALUES( 46560, 21 );
	INSERT INTO MAP_APP_TAG VALUES( 46560, 122 );
	INSERT INTO MAP_APP_TAG VALUES( 46560, 3987 );
	INSERT INTO MAP_APP_TAG VALUES( 46560, 4182 );

INSERT INTO APP_TABLE	 VALUES( 46570, 'Grotesque_Tactics_2_?_Dungeons_and_Donuts', 'In this successor to the celebrated RPG-parody Grotesque Tactics, you will experience an ironic story-driven RPG with humorous dialogue-puzzles in the style of Monkey Island.', SYSDATE ,10500, '' );
	INSERT INTO MAP_APP_CATEGORY VALUES( 46570, 3 );

	INSERT INTO MAP_APP_DEVELOPER VALUES( 46570, 414 );
	INSERT INTO MAP_APP_DEVELOPER VALUES( 46570, 406 );

	INSERT INTO MAP_APP_GENRE VALUES( 46570, 3 );
	INSERT INTO MAP_APP_GENRE VALUES( 46570, 4 );
	INSERT INTO MAP_APP_GENRE VALUES( 46570, 6 );
	INSERT INTO MAP_APP_GENRE VALUES( 46570, 5 );

	INSERT INTO MAP_APP_LANG VALUES ( 46570, 2,  'Y', 'Y', 'N' );
	INSERT INTO MAP_APP_LANG VALUES ( 46570, 6,  'Y', 'Y', 'N' );

	INSERT INTO MAP_APP_PUBLISHER VALUES( 46570, 406 );

	INSERT INTO MAP_APP_TAG VALUES( 46570, 122 );
	INSERT INTO MAP_APP_TAG VALUES( 46570, 9 );
	INSERT INTO MAP_APP_TAG VALUES( 46570, 21 );
	INSERT INTO MAP_APP_TAG VALUES( 46570, 492 );
	INSERT INTO MAP_APP_TAG VALUES( 46570, 1677 );
	INSERT INTO MAP_APP_TAG VALUES( 46570, 1719 );
	INSERT INTO MAP_APP_TAG VALUES( 46570, 1684 );
	INSERT INTO MAP_APP_TAG VALUES( 46570, 10695 );
	INSERT INTO MAP_APP_TAG VALUES( 46570, 17305 );
	INSERT INTO MAP_APP_TAG VALUES( 46570, 597 );
	INSERT INTO MAP_APP_TAG VALUES( 46570, 4136 );
	INSERT INTO MAP_APP_TAG VALUES( 46570, 1720 );
	INSERT INTO MAP_APP_TAG VALUES( 46570, 1708 );
	INSERT INTO MAP_APP_TAG VALUES( 46570, 1741 );
	INSERT INTO MAP_APP_TAG VALUES( 46570, 14139 );
	INSERT INTO MAP_APP_TAG VALUES( 46570, 4182 );

INSERT INTO APP_TABLE	 VALUES( 46600, 'Swarm_Arena', 'Take control of a virtual organism in this unique indie arcade title, while unlocking Steam Achievements and climbing the leaderboards!', SYSDATE ,4400, '' );
	INSERT INTO MAP_APP_CATEGORY VALUES( 46600, 3 );
	INSERT INTO MAP_APP_CATEGORY VALUES( 46600, 1 );
	INSERT INTO MAP_APP_CATEGORY VALUES( 46600, 4 );
	INSERT INTO MAP_APP_CATEGORY VALUES( 46600, 7 );
	INSERT INTO MAP_APP_CATEGORY VALUES( 46600, 18 );

	INSERT INTO MAP_APP_DEVELOPER VALUES( 46600, 415 );

	INSERT INTO MAP_APP_GENRE VALUES( 46600, 1 );
	INSERT INTO MAP_APP_GENRE VALUES( 46600, 7 );
	INSERT INTO MAP_APP_GENRE VALUES( 46600, 4 );

	INSERT INTO MAP_APP_LANG VALUES ( 46600, 2,  'Y', 'N', 'N' );

	INSERT INTO MAP_APP_PUBLISHER VALUES( 46600, 415 );

	INSERT INTO MAP_APP_TAG VALUES( 46600, 492 );
	INSERT INTO MAP_APP_TAG VALUES( 46600, 597 );
	INSERT INTO MAP_APP_TAG VALUES( 46600, 19 );
	INSERT INTO MAP_APP_TAG VALUES( 46600, 1773 );

INSERT INTO APP_TABLE	 VALUES( 46700, 'Ironclads:_American_Civil_War', 'Battle of the civil war ironclads. Take part in battles from USS Monitor vs CSS Virginia before battles between armored squadrons of steamships and other vessels. The flow of time is organized into rounds.', SYSDATE ,10500, '' );
	INSERT INTO MAP_APP_CATEGORY VALUES( 46700, 3 );

	INSERT INTO MAP_APP_DEVELOPER VALUES( 46700, 416 );

	INSERT INTO MAP_APP_GENRE VALUES( 46700, 5 );

	INSERT INTO MAP_APP_LANG VALUES ( 46700, 2,  'Y', 'N', 'N' );

	INSERT INTO MAP_APP_PUBLISHER VALUES( 46700, 9 );

	INSERT INTO MAP_APP_TAG VALUES( 46700, 9 );
	INSERT INTO MAP_APP_TAG VALUES( 46700, 6910 );

INSERT INTO APP_TABLE	 VALUES( 46710, 'Ironclads:_High_Seas', 'For over a year the forces of the United States of America (Northern States) and the Confederates States of America (Southern States) have fought a bitter war. In 1862 the governments of Great Britain, France and Spain recognize the Southern States to secure raw materials. The Souths economy becomes dependent on trade with Europe.', SYSDATE ,10500, '' );
	INSERT INTO MAP_APP_CATEGORY VALUES( 46710, 3 );

	INSERT INTO MAP_APP_DEVELOPER VALUES( 46710, 416 );

	INSERT INTO MAP_APP_GENRE VALUES( 46710, 5 );

	INSERT INTO MAP_APP_LANG VALUES ( 46710, 2,  'Y', 'N', 'N' );

	INSERT INTO MAP_APP_PUBLISHER VALUES( 46710, 9 );

	INSERT INTO MAP_APP_TAG VALUES( 46710, 9 );
	INSERT INTO MAP_APP_TAG VALUES( 46710, 6910 );

INSERT INTO APP_TABLE	 VALUES( 46720, 'Dimensity', 'DIMENSITY is an immersive, intensely paced role-playing / action game in a unique 3D fantasy setting. Adventure through hostile lands and fight numerous enemies in a world torn by war. Be part of plots defending the crown, fighting for the freedom of your people or taking side paths discovering treasures and facing ancient fearsome foes.', SYSDATE ,10500, '' );
	INSERT INTO MAP_APP_CATEGORY VALUES( 46720, 3 );
	INSERT INTO MAP_APP_CATEGORY VALUES( 46720, 1 );

	INSERT INTO MAP_APP_DEVELOPER VALUES( 46720, 417 );

	INSERT INTO MAP_APP_GENRE VALUES( 46720, 6 );

	INSERT INTO MAP_APP_LANG VALUES ( 46720, 2,  'Y', 'N', 'N' );

	INSERT INTO MAP_APP_PUBLISHER VALUES( 46720, 9 );

	INSERT INTO MAP_APP_TAG VALUES( 46720, 122 );

INSERT INTO APP_TABLE	 VALUES( 46730, 'Hazen:_The_Dark_Whispers', 'Hazen is an episodic Action/RPG The first episode is named "The Dark Whispers" and will bring some freshness in the world of Hack''n Slash Games. Every single episode will be a "Stand alone" game with enough game-play and high re-play value.', SYSDATE ,10500, '' );
	INSERT INTO MAP_APP_CATEGORY VALUES( 46730, 3 );

	INSERT INTO MAP_APP_DEVELOPER VALUES( 46730, 417 );

	INSERT INTO MAP_APP_GENRE VALUES( 46730, 6 );

	INSERT INTO MAP_APP_LANG VALUES ( 46730, 2,  'Y', 'N', 'N' );

	INSERT INTO MAP_APP_PUBLISHER VALUES( 46730, 9 );

	INSERT INTO MAP_APP_TAG VALUES( 46730, 122 );
	INSERT INTO MAP_APP_TAG VALUES( 46730, 4231 );

INSERT INTO APP_TABLE	 VALUES( 46740, 'World_Basketball_Manager_2010', 'World Basketball Manager (WBM) is a basketball strategy game. It uses the same game-play principles as most soccer management games do. Entering the game, the player creates his manager profile and he is hired as the general manager of a basketball club and his task is to improve the team¡¯s performance by analyzing the facts and making...', SYSDATE ,3300, '' );
	INSERT INTO MAP_APP_CATEGORY VALUES( 46740, 3 );

	INSERT INTO MAP_APP_DEVELOPER VALUES( 46740, 418 );

	INSERT INTO MAP_APP_GENRE VALUES( 46740, 8 );

	INSERT INTO MAP_APP_LANG VALUES ( 46740, 2,  'Y', 'N', 'N' );
	INSERT INTO MAP_APP_LANG VALUES ( 46740, 3,  'Y', 'N', 'N' );
	INSERT INTO MAP_APP_LANG VALUES ( 46740, 4,  'Y', 'N', 'N' );
	INSERT INTO MAP_APP_LANG VALUES ( 46740, 9,  'Y', 'N', 'N' );
	INSERT INTO MAP_APP_LANG VALUES ( 46740, 13,  'Y', 'N', 'N' );
	INSERT INTO MAP_APP_LANG VALUES ( 46740, 6,  'Y', 'N', 'N' );
	INSERT INTO MAP_APP_LANG VALUES ( 46740, 7,  'Y', 'N', 'N' );

	INSERT INTO MAP_APP_PUBLISHER VALUES( 46740, 9 );

	INSERT INTO MAP_APP_TAG VALUES( 46740, 599 );
	INSERT INTO MAP_APP_TAG VALUES( 46740, 701 );
	INSERT INTO MAP_APP_TAG VALUES( 46740, 1746 );

INSERT INTO APP_TABLE	 VALUES( 46750, 'Dark_Fall:_Lost_Souls', 'Travel to the old train station and hotel, abandoned since 1947, following the ''disappearances''. Unravel the mystery that binds this place, by communicating with the ghosts of the long since dead, both in your time and theirs.', SYSDATE ,13500, '' );
	INSERT INTO MAP_APP_CATEGORY VALUES( 46750, 3 );
	INSERT INTO MAP_APP_CATEGORY VALUES( 46750, 5 );

	INSERT INTO MAP_APP_DEVELOPER VALUES( 46750, 419 );

	INSERT INTO MAP_APP_GENRE VALUES( 46750, 3 );
	INSERT INTO MAP_APP_GENRE VALUES( 46750, 4 );

	INSERT INTO MAP_APP_LANG VALUES ( 46750, 2,  'Y', 'N', 'N' );


	INSERT INTO MAP_APP_TAG VALUES( 46750, 21 );
	INSERT INTO MAP_APP_TAG VALUES( 46750, 492 );
	INSERT INTO MAP_APP_TAG VALUES( 46750, 1667 );
	INSERT INTO MAP_APP_TAG VALUES( 46750, 1698 );
	INSERT INTO MAP_APP_TAG VALUES( 46750, 1721 );

INSERT INTO APP_TABLE	 VALUES( 46760, 'Ironclads:_Schleswig_War_1864', 'The Danish government wanted to annex the duchy of Schleswig to the Danish kingdom while the Prussian government, for internal political and strategic reasons, wanted Schleswig to finally became a part of Germany.', SYSDATE ,10500, '' );
	INSERT INTO MAP_APP_CATEGORY VALUES( 46760, 3 );

	INSERT INTO MAP_APP_DEVELOPER VALUES( 46760, 416 );

	INSERT INTO MAP_APP_GENRE VALUES( 46760, 5 );

	INSERT INTO MAP_APP_LANG VALUES ( 46760, 2,  'Y', 'N', 'N' );

	INSERT INTO MAP_APP_PUBLISHER VALUES( 46760, 9 );

	INSERT INTO MAP_APP_TAG VALUES( 46760, 9 );

INSERT INTO APP_TABLE	 VALUES( 46770, 'Making_History_II:_The_War_of_the_World', 'What if Germany won the Battle of Britain? What if Moscow fell in 1942?You¡¯re in charge. Anything can happen and history will never repeat itself in this classic WWII grand strategy game MAKING HISTORY II: The War of the World. Are you ready to battle for global dominance?', SYSDATE ,16000, '' );
	INSERT INTO MAP_APP_CATEGORY VALUES( 46770, 3 );
	INSERT INTO MAP_APP_CATEGORY VALUES( 46770, 1 );
	INSERT INTO MAP_APP_CATEGORY VALUES( 46770, 10 );
	INSERT INTO MAP_APP_CATEGORY VALUES( 46770, 5 );
	INSERT INTO MAP_APP_CATEGORY VALUES( 46770, 14 );
	INSERT INTO MAP_APP_CATEGORY VALUES( 46770, 13 );

	INSERT INTO MAP_APP_DEVELOPER VALUES( 46770, 420 );

	INSERT INTO MAP_APP_GENRE VALUES( 46770, 4 );
	INSERT INTO MAP_APP_GENRE VALUES( 46770, 8 );
	INSERT INTO MAP_APP_GENRE VALUES( 46770, 5 );

	INSERT INTO MAP_APP_LANG VALUES ( 46770, 2,  'Y', 'N', 'N' );
	INSERT INTO MAP_APP_LANG VALUES ( 46770, 4,  'Y', 'N', 'N' );
	INSERT INTO MAP_APP_LANG VALUES ( 46770, 6,  'Y', 'N', 'N' );
	INSERT INTO MAP_APP_LANG VALUES ( 46770, 7,  'Y', 'N', 'N' );


	INSERT INTO MAP_APP_TAG VALUES( 46770, 9 );
	INSERT INTO MAP_APP_TAG VALUES( 46770, 599 );
	INSERT INTO MAP_APP_TAG VALUES( 46770, 4364 );
	INSERT INTO MAP_APP_TAG VALUES( 46770, 4150 );
	INSERT INTO MAP_APP_TAG VALUES( 46770, 492 );
	INSERT INTO MAP_APP_TAG VALUES( 46770, 3987 );
	INSERT INTO MAP_APP_TAG VALUES( 46770, 4182 );
	INSERT INTO MAP_APP_TAG VALUES( 46770, 3859 );
	INSERT INTO MAP_APP_TAG VALUES( 46770, 1677 );

INSERT INTO APP_TABLE	 VALUES( 46790, 'Armada_2526', 'Guide one of 12 races on their first interstellar journey from a single planet, until it becomes a mighty pan-galactic empire.', SYSDATE ,15500, '' );
	INSERT INTO MAP_APP_CATEGORY VALUES( 46790, 3 );
	INSERT INTO MAP_APP_CATEGORY VALUES( 46790, 21 );

	INSERT INTO MAP_APP_DEVELOPER VALUES( 46790, 421 );

	INSERT INTO MAP_APP_GENRE VALUES( 46790, 5 );

	INSERT INTO MAP_APP_LANG VALUES ( 46790, 2,  'Y', 'N', 'N' );


	INSERT INTO MAP_APP_TAG VALUES( 46790, 9 );
	INSERT INTO MAP_APP_TAG VALUES( 46790, 3942 );
	INSERT INTO MAP_APP_TAG VALUES( 46790, 1755 );
	INSERT INTO MAP_APP_TAG VALUES( 46790, 1670 );
	INSERT INTO MAP_APP_TAG VALUES( 46790, 1677 );

INSERT INTO APP_TABLE	 VALUES( 46830, 'Ironclads:_Anglo_Russian_War_1866', 'Russia sought to seize control of Constantinople. The city controlled the Black Sea straits, an important economic and strategic point of the Black and Mediterranean Sea. This area was the cause of constant conflict with Britain, which was concerned about her Mediterranean interests.', SYSDATE ,10500, '' );
	INSERT INTO MAP_APP_CATEGORY VALUES( 46830, 3 );

	INSERT INTO MAP_APP_DEVELOPER VALUES( 46830, 422 );

	INSERT INTO MAP_APP_GENRE VALUES( 46830, 5 );

	INSERT INTO MAP_APP_LANG VALUES ( 46830, 2,  'Y', 'N', 'N' );

	INSERT INTO MAP_APP_PUBLISHER VALUES( 46830, 9 );

	INSERT INTO MAP_APP_TAG VALUES( 46830, 9 );
	INSERT INTO MAP_APP_TAG VALUES( 46830, 6910 );

INSERT INTO APP_TABLE	 VALUES( 46840, 'Ironclads:_Chincha_Islands_War_1866', 'Spain tried to restore by force its influence on its former colonies, Chile and Peru. This strong Spanish squadron occupied the Chincha Islands, very important to the economy of Peru. Peru received support from neighboring Chile, Ecuador and Bolivia.', SYSDATE ,10500, '' );
	INSERT INTO MAP_APP_CATEGORY VALUES( 46840, 3 );

	INSERT INTO MAP_APP_DEVELOPER VALUES( 46840, 416 );

	INSERT INTO MAP_APP_GENRE VALUES( 46840, 5 );

	INSERT INTO MAP_APP_LANG VALUES ( 46840, 2,  'Y', 'N', 'N' );

	INSERT INTO MAP_APP_PUBLISHER VALUES( 46840, 9 );

	INSERT INTO MAP_APP_TAG VALUES( 46840, 9 );

INSERT INTO APP_TABLE	 VALUES( 46850, 'Zombie_Pirates', 'Help Smilin Jack O''Hurlihan, Esmeralda, and Dr. Theopolis defeat Gruesome George, an army of undead, giant monsters, and the mysterious Red Widow! Featuring nail-biting boss battles, swashbuckling adventure, and a horde of undead buccaneers, Zombie Pirates will send a shiver right down to yer timbers!', SYSDATE ,16000, '' );
	INSERT INTO MAP_APP_CATEGORY VALUES( 46850, 3 );

	INSERT INTO MAP_APP_DEVELOPER VALUES( 46850, 423 );

	INSERT INTO MAP_APP_GENRE VALUES( 46850, 7 );

	INSERT INTO MAP_APP_LANG VALUES ( 46850, 2,  'Y', 'N', 'N' );

	INSERT INTO MAP_APP_PUBLISHER VALUES( 46850, 9 );

	INSERT INTO MAP_APP_TAG VALUES( 46850, 597 );
	INSERT INTO MAP_APP_TAG VALUES( 46850, 1681 );
	INSERT INTO MAP_APP_TAG VALUES( 46850, 1659 );
	INSERT INTO MAP_APP_TAG VALUES( 46850, 1645 );

INSERT INTO APP_TABLE	 VALUES( 47000, '4_Elements', 'The ancient kingdom is in trouble! The magic of the four elements that kept it running for centuries has been corrupted by evil powers and the altars no longer yield the energy of life. It is up to you to unlock the 4 ancient books of magic and collect 16 mysterious cards that will help you restore the kingdom to life.', SYSDATE ,-1, '' );
	INSERT INTO MAP_APP_CATEGORY VALUES( 47000, 3 );
	INSERT INTO MAP_APP_CATEGORY VALUES( 47000, 4 );
	INSERT INTO MAP_APP_CATEGORY VALUES( 47000, 18 );

	INSERT INTO MAP_APP_DEVELOPER VALUES( 47000, 424 );

	INSERT INTO MAP_APP_GENRE VALUES( 47000, 3 );
	INSERT INTO MAP_APP_GENRE VALUES( 47000, 7 );

	INSERT INTO MAP_APP_LANG VALUES ( 47000, 2,  'Y', 'N', 'N' );

	INSERT INTO MAP_APP_PUBLISHER VALUES( 47000, 424 );

	INSERT INTO MAP_APP_TAG VALUES( 47000, 597 );
	INSERT INTO MAP_APP_TAG VALUES( 47000, 1664 );
	INSERT INTO MAP_APP_TAG VALUES( 47000, 1665 );
	INSERT INTO MAP_APP_TAG VALUES( 47000, 21 );
	INSERT INTO MAP_APP_TAG VALUES( 47000, 1738 );
	INSERT INTO MAP_APP_TAG VALUES( 47000, 1684 );
	INSERT INTO MAP_APP_TAG VALUES( 47000, 4182 );

INSERT INTO APP_TABLE	 VALUES( 47110, 'Escape_From_Paradise', 'A luxury cruise ship crashes on an uncharted island in the Pacific Ocean. The survivors of the shipwreck are very different from one another and decide to set up their own camps all over the island. Your goal is to find the pieces to a lost radio, and hoist it on the top of the volcano located in the center of the main island.', SYSDATE ,-1, '' );
	INSERT INTO MAP_APP_CATEGORY VALUES( 47110, 3 );

	INSERT INTO MAP_APP_DEVELOPER VALUES( 47110, 425 );

	INSERT INTO MAP_APP_GENRE VALUES( 47110, 1 );

	INSERT INTO MAP_APP_LANG VALUES ( 47110, 2,  'Y', 'N', 'N' );

	INSERT INTO MAP_APP_PUBLISHER VALUES( 47110, 333 );

	INSERT INTO MAP_APP_TAG VALUES( 47110, 19 );

INSERT INTO APP_TABLE	 VALUES( 47130, 'Book_of_Legends', 'If the Book of Legends should ever fall into the wrong hands, the consequences could be devastating. Follow Zoe and Charleston Black as they follow the clues found in the long forgotten Book of Legends¡¦clues that lead them on a hunt for one of the world¡¯s most mysterious legends of all, Excalibur! Is it real?', SYSDATE ,-1, '' );
	INSERT INTO MAP_APP_CATEGORY VALUES( 47130, 3 );

	INSERT INTO MAP_APP_DEVELOPER VALUES( 47130, 425 );

	INSERT INTO MAP_APP_GENRE VALUES( 47130, 3 );

	INSERT INTO MAP_APP_LANG VALUES ( 47130, 2,  'Y', 'N', 'N' );

	INSERT INTO MAP_APP_PUBLISHER VALUES( 47130, 333 );

	INSERT INTO MAP_APP_TAG VALUES( 47130, 21 );
	INSERT INTO MAP_APP_TAG VALUES( 47130, 1738 );

INSERT INTO APP_TABLE	 VALUES( 47400, 'Stronghold_3_Gold', 'Set 10 years after the original, Stronghold 3: Gold follows the vengeful story of The Wolf in the third installment of the award-winning castle building series. The Wolf has cheated death become even more bitter and twisted. Build castles, rally your troops and save medieval England!', SYSDATE ,32000, '' );
	INSERT INTO MAP_APP_CATEGORY VALUES( 47400, 3 );
	INSERT INTO MAP_APP_CATEGORY VALUES( 47400, 1 );
	INSERT INTO MAP_APP_CATEGORY VALUES( 47400, 10 );
	INSERT INTO MAP_APP_CATEGORY VALUES( 47400, 5 );
	INSERT INTO MAP_APP_CATEGORY VALUES( 47400, 13 );

	INSERT INTO MAP_APP_DEVELOPER VALUES( 47400, 46 );

	INSERT INTO MAP_APP_GENRE VALUES( 47400, 8 );
	INSERT INTO MAP_APP_GENRE VALUES( 47400, 5 );

	INSERT INTO MAP_APP_LANG VALUES ( 47400, 2,  'Y', 'Y', 'N' );
	INSERT INTO MAP_APP_LANG VALUES ( 47400, 3,  'Y', 'Y', 'N' );
	INSERT INTO MAP_APP_LANG VALUES ( 47400, 4,  'Y', 'Y', 'N' );
	INSERT INTO MAP_APP_LANG VALUES ( 47400, 10,  'Y', 'Y', 'N' );
	INSERT INTO MAP_APP_LANG VALUES ( 47400, 9,  'Y', 'Y', 'N' );
	INSERT INTO MAP_APP_LANG VALUES ( 47400, 6,  'Y', 'Y', 'N' );
	INSERT INTO MAP_APP_LANG VALUES ( 47400, 7,  'Y', 'N', 'Y' );
	INSERT INTO MAP_APP_LANG VALUES ( 47400, 11,  'Y', 'N', 'Y' );

	INSERT INTO MAP_APP_PUBLISHER VALUES( 47400, 46 );

	INSERT INTO MAP_APP_TAG VALUES( 47400, 9 );
	INSERT INTO MAP_APP_TAG VALUES( 47400, 4172 );
	INSERT INTO MAP_APP_TAG VALUES( 47400, 4328 );
	INSERT INTO MAP_APP_TAG VALUES( 47400, 599 );
	INSERT INTO MAP_APP_TAG VALUES( 47400, 1676 );
	INSERT INTO MAP_APP_TAG VALUES( 47400, 8945 );
	INSERT INTO MAP_APP_TAG VALUES( 47400, 3859 );
	INSERT INTO MAP_APP_TAG VALUES( 47400, 3987 );
	INSERT INTO MAP_APP_TAG VALUES( 47400, 4182 );
	INSERT INTO MAP_APP_TAG VALUES( 47400, 1695 );
	INSERT INTO MAP_APP_TAG VALUES( 47400, 3810 );
	INSERT INTO MAP_APP_TAG VALUES( 47400, 7332 );
	INSERT INTO MAP_APP_TAG VALUES( 47400, 1693 );
	INSERT INTO MAP_APP_TAG VALUES( 47400, 4166 );
	INSERT INTO MAP_APP_TAG VALUES( 47400, 1685 );

INSERT INTO APP_TABLE	 VALUES( 47730, 'Dragon_Age¢â:_Origins_Awakening', 'From the Makers of the Best RPG of 2009, Dragon Age¢â: Origins, comes the first official expansion pack. For centuries, the Grey Wardens?the ancient order of guardians, sworn to unite and defend the lands?have been battling the darkspawn forces.', SYSDATE ,19000, '' );
	INSERT INTO MAP_APP_CATEGORY VALUES( 47730, 3 );

	INSERT INTO MAP_APP_DEVELOPER VALUES( 47730, 190 );

	INSERT INTO MAP_APP_GENRE VALUES( 47730, 6 );

	INSERT INTO MAP_APP_LANG VALUES ( 47730, 2,  'Y', 'N', 'N' );

	INSERT INTO MAP_APP_PUBLISHER VALUES( 47730, 427 );

	INSERT INTO MAP_APP_TAG VALUES( 47730, 122 );
	INSERT INTO MAP_APP_TAG VALUES( 47730, 1684 );
	INSERT INTO MAP_APP_TAG VALUES( 47730, 6971 );
	INSERT INTO MAP_APP_TAG VALUES( 47730, 7107 );
	INSERT INTO MAP_APP_TAG VALUES( 47730, 10695 );
	INSERT INTO MAP_APP_TAG VALUES( 47730, 4182 );
	INSERT INTO MAP_APP_TAG VALUES( 47730, 6426 );
	INSERT INTO MAP_APP_TAG VALUES( 47730, 1742 );
	INSERT INTO MAP_APP_TAG VALUES( 47730, 4747 );
	INSERT INTO MAP_APP_TAG VALUES( 47730, 7208 );
	INSERT INTO MAP_APP_TAG VALUES( 47730, 4604 );
	INSERT INTO MAP_APP_TAG VALUES( 47730, 4166 );
	INSERT INTO MAP_APP_TAG VALUES( 47730, 1697 );
	INSERT INTO MAP_APP_TAG VALUES( 47730, 4046 );
	INSERT INTO MAP_APP_TAG VALUES( 47730, 21 );
	INSERT INTO MAP_APP_TAG VALUES( 47730, 1708 );
	INSERT INTO MAP_APP_TAG VALUES( 47730, 19 );
	INSERT INTO MAP_APP_TAG VALUES( 47730, 4947 );
	INSERT INTO MAP_APP_TAG VALUES( 47730, 4172 );
	INSERT INTO MAP_APP_TAG VALUES( 47730, 1695 );

INSERT INTO APP_TABLE	 VALUES( 15000, 'Tom_Clancy''s_Rainbow_Six_Lockdown¢â', 'Engineered specifically for the PC by Red Storm Entertainment, Rainbow Six returns to deliver the tensest close-quarters battles ever experienced online. In this episode, Rainbow faces independent terrorist threats, tied together by one common element - the Legion virus.', SYSDATE ,6250, '' );
	INSERT INTO MAP_APP_CATEGORY VALUES( 15000, 3 );
	INSERT INTO MAP_APP_CATEGORY VALUES( 15000, 1 );

	INSERT INTO MAP_APP_DEVELOPER VALUES( 15000, 164 );

	INSERT INTO MAP_APP_GENRE VALUES( 15000, 1 );

	INSERT INTO MAP_APP_LANG VALUES ( 15000, 2,  'Y', 'N', 'N' );

	INSERT INTO MAP_APP_PUBLISHER VALUES( 15000, 160 );

	INSERT INTO MAP_APP_TAG VALUES( 15000, 19 );
	INSERT INTO MAP_APP_TAG VALUES( 15000, 1663 );
	INSERT INTO MAP_APP_TAG VALUES( 15000, 1708 );
	INSERT INTO MAP_APP_TAG VALUES( 15000, 1774 );
	INSERT INTO MAP_APP_TAG VALUES( 15000, 3859 );

INSERT INTO APP_TABLE	 VALUES( 47780, 'Dead_Space¢â_2', 'THE NIGHTMARE RETURNS.', SYSDATE ,19000, '' );
	INSERT INTO MAP_APP_CATEGORY VALUES( 47780, 3 );
	INSERT INTO MAP_APP_CATEGORY VALUES( 47780, 1 );
	INSERT INTO MAP_APP_CATEGORY VALUES( 47780, 7 );

	INSERT INTO MAP_APP_DEVELOPER VALUES( 47780, 426 );

	INSERT INTO MAP_APP_GENRE VALUES( 47780, 1 );

	INSERT INTO MAP_APP_LANG VALUES ( 47780, 2,  'Y', 'N', 'N' );
	INSERT INTO MAP_APP_LANG VALUES ( 47780, 3,  'Y', 'Y', 'N' );
	INSERT INTO MAP_APP_LANG VALUES ( 47780, 4,  'Y', 'Y', 'N' );
	INSERT INTO MAP_APP_LANG VALUES ( 47780, 9,  'Y', 'N', 'N' );
	INSERT INTO MAP_APP_LANG VALUES ( 47780, 6,  'Y', 'Y', 'N' );
	INSERT INTO MAP_APP_LANG VALUES ( 47780, 7,  'Y', 'Y', 'N' );

	INSERT INTO MAP_APP_PUBLISHER VALUES( 47780, 427 );

	INSERT INTO MAP_APP_TAG VALUES( 47780, 1667 );
	INSERT INTO MAP_APP_TAG VALUES( 47780, 19 );
	INSERT INTO MAP_APP_TAG VALUES( 47780, 3942 );
	INSERT INTO MAP_APP_TAG VALUES( 47780, 1755 );
	INSERT INTO MAP_APP_TAG VALUES( 47780, 1697 );
	INSERT INTO MAP_APP_TAG VALUES( 47780, 3978 );
	INSERT INTO MAP_APP_TAG VALUES( 47780, 4345 );
	INSERT INTO MAP_APP_TAG VALUES( 47780, 3814 );
	INSERT INTO MAP_APP_TAG VALUES( 47780, 4166 );
	INSERT INTO MAP_APP_TAG VALUES( 47780, 3859 );
	INSERT INTO MAP_APP_TAG VALUES( 47780, 4182 );
	INSERT INTO MAP_APP_TAG VALUES( 47780, 1774 );
	INSERT INTO MAP_APP_TAG VALUES( 47780, 1673 );
	INSERT INTO MAP_APP_TAG VALUES( 47780, 21 );
	INSERT INTO MAP_APP_TAG VALUES( 47780, 1685 );
	INSERT INTO MAP_APP_TAG VALUES( 47780, 1742 );
	INSERT INTO MAP_APP_TAG VALUES( 47780, 1662 );
	INSERT INTO MAP_APP_TAG VALUES( 47780, 4295 );
	INSERT INTO MAP_APP_TAG VALUES( 47780, 5228 );
	INSERT INTO MAP_APP_TAG VALUES( 47780, 29363 );

INSERT INTO APP_TABLE	 VALUES( 47790, 'Medal_of_Honor¢â', 'This is a new war. There is a new warrior. He is Tier 1.', SYSDATE ,19500, '' );
	INSERT INTO MAP_APP_CATEGORY VALUES( 47790, 3 );
	INSERT INTO MAP_APP_CATEGORY VALUES( 47790, 1 );

	INSERT INTO MAP_APP_DEVELOPER VALUES( 47790, 427 );

	INSERT INTO MAP_APP_GENRE VALUES( 47790, 1 );

	INSERT INTO MAP_APP_LANG VALUES ( 47790, 2,  'Y', 'Y', 'N' );
	INSERT INTO MAP_APP_LANG VALUES ( 47790, 3,  'Y', 'Y', 'N' );
	INSERT INTO MAP_APP_LANG VALUES ( 47790, 4,  'Y', 'Y', 'N' );
	INSERT INTO MAP_APP_LANG VALUES ( 47790, 10,  'Y', 'N', 'N' );
	INSERT INTO MAP_APP_LANG VALUES ( 47790, 9,  'Y', 'N', 'N' );
	INSERT INTO MAP_APP_LANG VALUES ( 47790, 6,  'Y', 'Y', 'N' );
	INSERT INTO MAP_APP_LANG VALUES ( 47790, 7,  'Y', 'Y', 'N' );
	INSERT INTO MAP_APP_LANG VALUES ( 47790, 8,  'Y', 'N', 'N' );

	INSERT INTO MAP_APP_PUBLISHER VALUES( 47790, 427 );

	INSERT INTO MAP_APP_TAG VALUES( 47790, 1663 );
	INSERT INTO MAP_APP_TAG VALUES( 47790, 19 );
	INSERT INTO MAP_APP_TAG VALUES( 47790, 1774 );
	INSERT INTO MAP_APP_TAG VALUES( 47790, 4168 );
	INSERT INTO MAP_APP_TAG VALUES( 47790, 3859 );
	INSERT INTO MAP_APP_TAG VALUES( 47790, 3839 );
	INSERT INTO MAP_APP_TAG VALUES( 47790, 4182 );
	INSERT INTO MAP_APP_TAG VALUES( 47790, 1678 );
	INSERT INTO MAP_APP_TAG VALUES( 47790, 5673 );
	INSERT INTO MAP_APP_TAG VALUES( 47790, 13190 );
	INSERT INTO MAP_APP_TAG VALUES( 47790, 7250 );
	INSERT INTO MAP_APP_TAG VALUES( 47790, 4175 );
	INSERT INTO MAP_APP_TAG VALUES( 47790, 5611 );
	INSERT INTO MAP_APP_TAG VALUES( 47790, 1685 );
	INSERT INTO MAP_APP_TAG VALUES( 47790, 1687 );
	INSERT INTO MAP_APP_TAG VALUES( 47790, 7481 );

INSERT INTO APP_TABLE	 VALUES( 47800, 'RISK¢â:_Factions', 'Wage war with five factions, each with unique abilities, in the original game of strategy and world domination!', SYSDATE ,10500, '' );
	INSERT INTO MAP_APP_CATEGORY VALUES( 47800, 3 );
	INSERT INTO MAP_APP_CATEGORY VALUES( 47800, 1 );
	INSERT INTO MAP_APP_CATEGORY VALUES( 47800, 4 );
	INSERT INTO MAP_APP_CATEGORY VALUES( 47800, 7 );

	INSERT INTO MAP_APP_DEVELOPER VALUES( 47800, 428 );

	INSERT INTO MAP_APP_GENRE VALUES( 47800, 5 );

	INSERT INTO MAP_APP_LANG VALUES ( 47800, 2,  'Y', 'N', 'N' );
	INSERT INTO MAP_APP_LANG VALUES ( 47800, 4,  'Y', 'N', 'N' );
	INSERT INTO MAP_APP_LANG VALUES ( 47800, 6,  'Y', 'N', 'N' );
	INSERT INTO MAP_APP_LANG VALUES ( 47800, 7,  'Y', 'N', 'N' );

	INSERT INTO MAP_APP_PUBLISHER VALUES( 47800, 427 );

	INSERT INTO MAP_APP_TAG VALUES( 47800, 9 );
	INSERT INTO MAP_APP_TAG VALUES( 47800, 1770 );
	INSERT INTO MAP_APP_TAG VALUES( 47800, 3859 );
	INSERT INTO MAP_APP_TAG VALUES( 47800, 4182 );

INSERT INTO APP_TABLE	 VALUES( 15080, 'Rayman_Raving_Rabbids¢â', 'Hordes of crazed out-of control bunnies have invaded, enslaving Rayman and forcing him to participate in ''gladiator'' style trials. Help Rayman win his freedom back by entertaining and outwitting these fury foes. Use the most hilarious fighting moves imaginable.', SYSDATE ,6250, '' );
	INSERT INTO MAP_APP_CATEGORY VALUES( 15080, 3 );

	INSERT INTO MAP_APP_DEVELOPER VALUES( 15080, 165 );
	INSERT INTO MAP_APP_DEVELOPER VALUES( 15080, 166 );

	INSERT INTO MAP_APP_GENRE VALUES( 15080, 1 );
	INSERT INTO MAP_APP_GENRE VALUES( 15080, 3 );

	INSERT INTO MAP_APP_LANG VALUES ( 15080, 2,  'Y', 'N', 'N' );
	INSERT INTO MAP_APP_LANG VALUES ( 15080, 4,  'Y', 'N', 'N' );
	INSERT INTO MAP_APP_LANG VALUES ( 15080, 7,  'Y', 'N', 'N' );

	INSERT INTO MAP_APP_PUBLISHER VALUES( 15080, 160 );

	INSERT INTO MAP_APP_TAG VALUES( 15080, 21 );
	INSERT INTO MAP_APP_TAG VALUES( 15080, 19 );
	INSERT INTO MAP_APP_TAG VALUES( 15080, 1719 );
	INSERT INTO MAP_APP_TAG VALUES( 15080, 4136 );
	INSERT INTO MAP_APP_TAG VALUES( 15080, 3859 );
	INSERT INTO MAP_APP_TAG VALUES( 15080, 4182 );

INSERT INTO APP_TABLE	 VALUES( 15100, 'Assassin''s_Creed¢â:_Director''s_Cut_Edition', 'Assassin''s Creed¢â is the next-gen game developed by Ubisoft Montreal that redefines the action genre. While other games claim to be next-gen with impressive graphics and physics, Assassin''s Creed merges technology, game design, theme and emotions into a world where you instigate chaos and become a vulnerable, yet powerful, agent of...', SYSDATE ,12500, '' );
	INSERT INTO MAP_APP_CATEGORY VALUES( 15100, 3 );
	INSERT INTO MAP_APP_CATEGORY VALUES( 15100, 7 );

	INSERT INTO MAP_APP_DEVELOPER VALUES( 15100, 162 );

	INSERT INTO MAP_APP_GENRE VALUES( 15100, 1 );
	INSERT INTO MAP_APP_GENRE VALUES( 15100, 3 );

	INSERT INTO MAP_APP_LANG VALUES ( 15100, 2,  'Y', 'N', 'N' );
	INSERT INTO MAP_APP_LANG VALUES ( 15100, 3,  'Y', 'N', 'N' );
	INSERT INTO MAP_APP_LANG VALUES ( 15100, 4,  'Y', 'N', 'N' );
	INSERT INTO MAP_APP_LANG VALUES ( 15100, 6,  'Y', 'N', 'N' );
	INSERT INTO MAP_APP_LANG VALUES ( 15100, 7,  'Y', 'N', 'N' );

	INSERT INTO MAP_APP_PUBLISHER VALUES( 15100, 160 );

	INSERT INTO MAP_APP_TAG VALUES( 15100, 19 );
	INSERT INTO MAP_APP_TAG VALUES( 15100, 21 );
	INSERT INTO MAP_APP_TAG VALUES( 15100, 4036 );
	INSERT INTO MAP_APP_TAG VALUES( 15100, 1695 );
	INSERT INTO MAP_APP_TAG VALUES( 15100, 1687 );
	INSERT INTO MAP_APP_TAG VALUES( 15100, 1697 );
	INSERT INTO MAP_APP_TAG VALUES( 15100, 3987 );
	INSERT INTO MAP_APP_TAG VALUES( 15100, 4172 );
	INSERT INTO MAP_APP_TAG VALUES( 15100, 4182 );
	INSERT INTO MAP_APP_TAG VALUES( 15100, 4376 );
	INSERT INTO MAP_APP_TAG VALUES( 15100, 5372 );
	INSERT INTO MAP_APP_TAG VALUES( 15100, 4166 );
	INSERT INTO MAP_APP_TAG VALUES( 15100, 4106 );
	INSERT INTO MAP_APP_TAG VALUES( 15100, 1742 );
	INSERT INTO MAP_APP_TAG VALUES( 15100, 1756 );
	INSERT INTO MAP_APP_TAG VALUES( 15100, 3810 );
	INSERT INTO MAP_APP_TAG VALUES( 15100, 3942 );
	INSERT INTO MAP_APP_TAG VALUES( 15100, 7481 );
	INSERT INTO MAP_APP_TAG VALUES( 15100, 1693 );
	INSERT INTO MAP_APP_TAG VALUES( 15100, 122 );

INSERT INTO APP_TABLE	 VALUES( 47870, 'Need_For_Speed:_Hot_Pursuit', 'Become Seacrest County''s top cop or most wanted racer!', SYSDATE ,10000, '' );
	INSERT INTO MAP_APP_CATEGORY VALUES( 47870, 3 );
	INSERT INTO MAP_APP_CATEGORY VALUES( 47870, 1 );

	INSERT INTO MAP_APP_DEVELOPER VALUES( 47870, 250 );

	INSERT INTO MAP_APP_GENRE VALUES( 47870, 9 );

	INSERT INTO MAP_APP_LANG VALUES ( 47870, 2,  'Y', 'N', 'N' );
	INSERT INTO MAP_APP_LANG VALUES ( 47870, 3,  'Y', 'N', 'N' );
	INSERT INTO MAP_APP_LANG VALUES ( 47870, 4,  'Y', 'N', 'N' );
	INSERT INTO MAP_APP_LANG VALUES ( 47870, 10,  'Y', 'N', 'N' );
	INSERT INTO MAP_APP_LANG VALUES ( 47870, 9,  'Y', 'N', 'N' );
	INSERT INTO MAP_APP_LANG VALUES ( 47870, 24,  'Y', 'N', 'N' );
	INSERT INTO MAP_APP_LANG VALUES ( 47870, 6,  'Y', 'N', 'N' );
	INSERT INTO MAP_APP_LANG VALUES ( 47870, 25,  'Y', 'N', 'N' );
	INSERT INTO MAP_APP_LANG VALUES ( 47870, 7,  'Y', 'N', 'N' );
	INSERT INTO MAP_APP_LANG VALUES ( 47870, 11,  'Y', 'N', 'N' );
	INSERT INTO MAP_APP_LANG VALUES ( 47870, 8,  'Y', 'N', 'N' );

	INSERT INTO MAP_APP_PUBLISHER VALUES( 47870, 427 );

	INSERT INTO MAP_APP_TAG VALUES( 47870, 699 );
	INSERT INTO MAP_APP_TAG VALUES( 47870, 3859 );
	INSERT INTO MAP_APP_TAG VALUES( 47870, 1695 );
	INSERT INTO MAP_APP_TAG VALUES( 47870, 1644 );
	INSERT INTO MAP_APP_TAG VALUES( 47870, 19 );
	INSERT INTO MAP_APP_TAG VALUES( 47870, 4182 );
	INSERT INTO MAP_APP_TAG VALUES( 47870, 1773 );
	INSERT INTO MAP_APP_TAG VALUES( 47870, 1756 );
	INSERT INTO MAP_APP_TAG VALUES( 47870, 7481 );
	INSERT INTO MAP_APP_TAG VALUES( 47870, 599 );
	INSERT INTO MAP_APP_TAG VALUES( 47870, 1685 );
	INSERT INTO MAP_APP_TAG VALUES( 47870, 5708 );
	INSERT INTO MAP_APP_TAG VALUES( 47870, 4166 );
	INSERT INTO MAP_APP_TAG VALUES( 47870, 128 );
	INSERT INTO MAP_APP_TAG VALUES( 47870, 21 );
	INSERT INTO MAP_APP_TAG VALUES( 47870, 3843 );
	INSERT INTO MAP_APP_TAG VALUES( 47870, 4175 );
	INSERT INTO MAP_APP_TAG VALUES( 47870, 4136 );

INSERT INTO APP_TABLE	 VALUES( 47880, 'Battlefield:_Bad_Company_2_Vietnam', 'Battlefield Bad Company 2: Vietnam is available. Start playing now!', SYSDATE ,15000, '' );
	INSERT INTO MAP_APP_CATEGORY VALUES( 47880, 1 );

	INSERT INTO MAP_APP_DEVELOPER VALUES( 47880, 188 );

	INSERT INTO MAP_APP_GENRE VALUES( 47880, 1 );

	INSERT INTO MAP_APP_LANG VALUES ( 47880, 2,  'Y', 'N', 'N' );
	INSERT INTO MAP_APP_LANG VALUES ( 47880, 3,  'Y', 'N', 'N' );
	INSERT INTO MAP_APP_LANG VALUES ( 47880, 4,  'Y', 'N', 'N' );
	INSERT INTO MAP_APP_LANG VALUES ( 47880, 10,  'Y', 'N', 'N' );
	INSERT INTO MAP_APP_LANG VALUES ( 47880, 6,  'Y', 'N', 'N' );
	INSERT INTO MAP_APP_LANG VALUES ( 47880, 7,  'Y', 'N', 'N' );
	INSERT INTO MAP_APP_LANG VALUES ( 47880, 11,  'Y', 'N', 'N' );

	INSERT INTO MAP_APP_PUBLISHER VALUES( 47880, 427 );

	INSERT INTO MAP_APP_TAG VALUES( 47880, 19 );
	INSERT INTO MAP_APP_TAG VALUES( 47880, 1663 );
	INSERT INTO MAP_APP_TAG VALUES( 47880, 3859 );
	INSERT INTO MAP_APP_TAG VALUES( 47880, 1678 );
	INSERT INTO MAP_APP_TAG VALUES( 47880, 1774 );
	INSERT INTO MAP_APP_TAG VALUES( 47880, 1756 );
	INSERT INTO MAP_APP_TAG VALUES( 47880, 4182 );
	INSERT INTO MAP_APP_TAG VALUES( 47880, 3839 );
	INSERT INTO MAP_APP_TAG VALUES( 47880, 1685 );
	INSERT INTO MAP_APP_TAG VALUES( 47880, 3987 );
	INSERT INTO MAP_APP_TAG VALUES( 47880, 4166 );
	INSERT INTO MAP_APP_TAG VALUES( 47880, 4150 );

INSERT INTO APP_TABLE	 VALUES( 15120, 'Tom_Clancy''s_Rainbow_Six¢ç_Vegas_2', 'Tom Clancy''s Rainbow Six¢ç Vegas 2 - the sequel to the award-winning next-generation first-person shooter - returns to Sin City. Tom Clancy''s Rainbow Six Vegas 2 is your last chance to rescue America''s sexiest city from an escalating terrorist siege that will force you into heart-pounding action from beginning to end.', SYSDATE ,12500, '' );
	INSERT INTO MAP_APP_CATEGORY VALUES( 15120, 3 );
	INSERT INTO MAP_APP_CATEGORY VALUES( 15120, 1 );
	INSERT INTO MAP_APP_CATEGORY VALUES( 15120, 16 );

	INSERT INTO MAP_APP_DEVELOPER VALUES( 15120, 162 );

	INSERT INTO MAP_APP_GENRE VALUES( 15120, 1 );

	INSERT INTO MAP_APP_LANG VALUES ( 15120, 2,  'Y', 'N', 'N' );
	INSERT INTO MAP_APP_LANG VALUES ( 15120, 3,  'Y', 'N', 'N' );
	INSERT INTO MAP_APP_LANG VALUES ( 15120, 4,  'Y', 'N', 'N' );
	INSERT INTO MAP_APP_LANG VALUES ( 15120, 6,  'Y', 'N', 'N' );
	INSERT INTO MAP_APP_LANG VALUES ( 15120, 7,  'Y', 'N', 'N' );

	INSERT INTO MAP_APP_PUBLISHER VALUES( 15120, 160 );

	INSERT INTO MAP_APP_TAG VALUES( 15120, 19 );
	INSERT INTO MAP_APP_TAG VALUES( 15120, 1708 );
	INSERT INTO MAP_APP_TAG VALUES( 15120, 1663 );
	INSERT INTO MAP_APP_TAG VALUES( 15120, 1685 );
	INSERT INTO MAP_APP_TAG VALUES( 15120, 3843 );
	INSERT INTO MAP_APP_TAG VALUES( 15120, 3859 );
	INSERT INTO MAP_APP_TAG VALUES( 15120, 4182 );
	INSERT INTO MAP_APP_TAG VALUES( 15120, 1774 );
	INSERT INTO MAP_APP_TAG VALUES( 15120, 3839 );
	INSERT INTO MAP_APP_TAG VALUES( 15120, 5711 );
	INSERT INTO MAP_APP_TAG VALUES( 15120, 4747 );
	INSERT INTO MAP_APP_TAG VALUES( 15120, 9 );
	INSERT INTO MAP_APP_TAG VALUES( 15120, 1687 );
	INSERT INTO MAP_APP_TAG VALUES( 15120, 1697 );
	INSERT INTO MAP_APP_TAG VALUES( 15120, 1693 );
	INSERT INTO MAP_APP_TAG VALUES( 15120, 4026 );
	INSERT INTO MAP_APP_TAG VALUES( 15120, 21 );
	INSERT INTO MAP_APP_TAG VALUES( 15120, 3814 );
	INSERT INTO MAP_APP_TAG VALUES( 15120, 4166 );

INSERT INTO APP_TABLE	 VALUES( 47890, 'The_Sims¢â_3', 'New content for The Sims 3 is now available!', SYSDATE ,19000, '' );
	INSERT INTO MAP_APP_CATEGORY VALUES( 47890, 3 );

	INSERT INTO MAP_APP_DEVELOPER VALUES( 47890, 429 );

	INSERT INTO MAP_APP_GENRE VALUES( 47890, 8 );

	INSERT INTO MAP_APP_LANG VALUES ( 47890, 3,  'Y', 'N', 'N' );
	INSERT INTO MAP_APP_LANG VALUES ( 47890, 10,  'Y', 'N', 'N' );
	INSERT INTO MAP_APP_LANG VALUES ( 47890, 9,  'Y', 'N', 'N' );
	INSERT INTO MAP_APP_LANG VALUES ( 47890, 5,  'Y', 'N', 'N' );
	INSERT INTO MAP_APP_LANG VALUES ( 47890, 6,  'Y', 'N', 'N' );
	INSERT INTO MAP_APP_LANG VALUES ( 47890, 12,  'Y', 'N', 'N' );
	INSERT INTO MAP_APP_LANG VALUES ( 47890, 2,  'Y', 'N', 'N' );
	INSERT INTO MAP_APP_LANG VALUES ( 47890, 4,  'Y', 'N', 'N' );
	INSERT INTO MAP_APP_LANG VALUES ( 47890, 13,  'Y', 'N', 'N' );
	INSERT INTO MAP_APP_LANG VALUES ( 47890, 14,  'Y', 'N', 'N' );
	INSERT INTO MAP_APP_LANG VALUES ( 47890, 15,  'Y', 'N', 'N' );
	INSERT INTO MAP_APP_LANG VALUES ( 47890, 24,  'Y', 'N', 'N' );
	INSERT INTO MAP_APP_LANG VALUES ( 47890, 25,  'Y', 'N', 'N' );
	INSERT INTO MAP_APP_LANG VALUES ( 47890, 7,  'Y', 'N', 'N' );
	INSERT INTO MAP_APP_LANG VALUES ( 47890, 17,  'Y', 'N', 'N' );
	INSERT INTO MAP_APP_LANG VALUES ( 47890, 18,  'Y', 'N', 'N' );
	INSERT INTO MAP_APP_LANG VALUES ( 47890, 8,  'Y', 'N', 'N' );

	INSERT INTO MAP_APP_PUBLISHER VALUES( 47890, 427 );

	INSERT INTO MAP_APP_TAG VALUES( 47890, 599 );
	INSERT INTO MAP_APP_TAG VALUES( 47890, 4747 );
	INSERT INTO MAP_APP_TAG VALUES( 47890, 3810 );
	INSERT INTO MAP_APP_TAG VALUES( 47890, 4182 );
	INSERT INTO MAP_APP_TAG VALUES( 47890, 1643 );
	INSERT INTO MAP_APP_TAG VALUES( 47890, 597 );
	INSERT INTO MAP_APP_TAG VALUES( 47890, 4136 );
	INSERT INTO MAP_APP_TAG VALUES( 47890, 1669 );
	INSERT INTO MAP_APP_TAG VALUES( 47890, 122 );
	INSERT INTO MAP_APP_TAG VALUES( 47890, 1719 );
	INSERT INTO MAP_APP_TAG VALUES( 47890, 5350 );
	INSERT INTO MAP_APP_TAG VALUES( 47890, 4947 );
	INSERT INTO MAP_APP_TAG VALUES( 47890, 21 );
	INSERT INTO MAP_APP_TAG VALUES( 47890, 4711 );
	INSERT INTO MAP_APP_TAG VALUES( 47890, 3859 );
	INSERT INTO MAP_APP_TAG VALUES( 47890, 1756 );
	INSERT INTO MAP_APP_TAG VALUES( 47890, 9 );
	INSERT INTO MAP_APP_TAG VALUES( 47890, 19 );
	INSERT INTO MAP_APP_TAG VALUES( 47890, 6650 );
	INSERT INTO MAP_APP_TAG VALUES( 47890, 7208 );

INSERT INTO APP_TABLE	 VALUES( 15130, 'Beyond_Good_and_Evil¢â', 'For centuries, the planet Hyllis has been bombarded by a relentless alien race. Skeptical of her government''s inability to repel the invaders, a rebellious action reporter named Jade sets out to capture the truth.', SYSDATE ,6250, '' );
	INSERT INTO MAP_APP_CATEGORY VALUES( 15130, 3 );

	INSERT INTO MAP_APP_DEVELOPER VALUES( 15130, 160 );

	INSERT INTO MAP_APP_GENRE VALUES( 15130, 1 );
	INSERT INTO MAP_APP_GENRE VALUES( 15130, 3 );

	INSERT INTO MAP_APP_LANG VALUES ( 15130, 2,  'Y', 'N', 'N' );
	INSERT INTO MAP_APP_LANG VALUES ( 15130, 3,  'Y', 'N', 'N' );
	INSERT INTO MAP_APP_LANG VALUES ( 15130, 4,  'Y', 'N', 'N' );
	INSERT INTO MAP_APP_LANG VALUES ( 15130, 6,  'Y', 'N', 'N' );
	INSERT INTO MAP_APP_LANG VALUES ( 15130, 7,  'Y', 'N', 'N' );

	INSERT INTO MAP_APP_PUBLISHER VALUES( 15130, 160 );

	INSERT INTO MAP_APP_TAG VALUES( 15130, 21 );
	INSERT INTO MAP_APP_TAG VALUES( 15130, 7208 );
	INSERT INTO MAP_APP_TAG VALUES( 15130, 19 );
	INSERT INTO MAP_APP_TAG VALUES( 15130, 1697 );
	INSERT INTO MAP_APP_TAG VALUES( 15130, 7782 );
	INSERT INTO MAP_APP_TAG VALUES( 15130, 1687 );
	INSERT INTO MAP_APP_TAG VALUES( 15130, 1693 );
	INSERT INTO MAP_APP_TAG VALUES( 15130, 4182 );
	INSERT INTO MAP_APP_TAG VALUES( 15130, 3942 );
	INSERT INTO MAP_APP_TAG VALUES( 15130, 4106 );
	INSERT INTO MAP_APP_TAG VALUES( 15130, 1756 );
	INSERT INTO MAP_APP_TAG VALUES( 15130, 1742 );
	INSERT INTO MAP_APP_TAG VALUES( 15130, 1695 );
	INSERT INTO MAP_APP_TAG VALUES( 15130, 1625 );
	INSERT INTO MAP_APP_TAG VALUES( 15130, 3834 );
	INSERT INTO MAP_APP_TAG VALUES( 15130, 4166 );

INSERT INTO APP_TABLE	 VALUES( 47920, 'Shift_2_Unleashed', 'Bring the true driver¡¯s experience to life with all the intensity and exhilaration of being behind the wheel!', SYSDATE ,19000, '' );
	INSERT INTO MAP_APP_CATEGORY VALUES( 47920, 3 );
	INSERT INTO MAP_APP_CATEGORY VALUES( 47920, 1 );

	INSERT INTO MAP_APP_DEVELOPER VALUES( 47920, 251 );

	INSERT INTO MAP_APP_GENRE VALUES( 47920, 9 );

	INSERT INTO MAP_APP_LANG VALUES ( 47920, 2,  'Y', 'N', 'N' );
	INSERT INTO MAP_APP_LANG VALUES ( 47920, 3,  'Y', 'N', 'N' );
	INSERT INTO MAP_APP_LANG VALUES ( 47920, 4,  'Y', 'N', 'N' );
	INSERT INTO MAP_APP_LANG VALUES ( 47920, 10,  'Y', 'N', 'N' );
	INSERT INTO MAP_APP_LANG VALUES ( 47920, 9,  'Y', 'N', 'N' );
	INSERT INTO MAP_APP_LANG VALUES ( 47920, 6,  'Y', 'N', 'N' );
	INSERT INTO MAP_APP_LANG VALUES ( 47920, 7,  'Y', 'N', 'N' );

	INSERT INTO MAP_APP_PUBLISHER VALUES( 47920, 427 );

	INSERT INTO MAP_APP_TAG VALUES( 47920, 699 );
	INSERT INTO MAP_APP_TAG VALUES( 47920, 599 );
	INSERT INTO MAP_APP_TAG VALUES( 47920, 1644 );
	INSERT INTO MAP_APP_TAG VALUES( 47920, 3859 );

INSERT INTO APP_TABLE	 VALUES( 15160, 'Petz¢ç_Horsez¢ç_2', 'Saddle up for fun in a game that combines your passion for horses with thrills and adventure! You''ll be rewarded for raising horses, training champions, and saving the ranch in Petz horsez 2. Raise horses from birth and learn to feed, clean, and take care of them Earn money to buy new horses and accessories by entering challenging...', SYSDATE ,6250, '' );
	INSERT INTO MAP_APP_CATEGORY VALUES( 15160, 3 );

	INSERT INTO MAP_APP_DEVELOPER VALUES( 15160, 160 );

	INSERT INTO MAP_APP_GENRE VALUES( 15160, 8 );

	INSERT INTO MAP_APP_LANG VALUES ( 15160, 2,  'Y', 'N', 'N' );
	INSERT INTO MAP_APP_LANG VALUES ( 15160, 4,  'Y', 'N', 'N' );
	INSERT INTO MAP_APP_LANG VALUES ( 15160, 7,  'Y', 'N', 'N' );

	INSERT INTO MAP_APP_PUBLISHER VALUES( 15160, 160 );

	INSERT INTO MAP_APP_TAG VALUES( 15160, 599 );
	INSERT INTO MAP_APP_TAG VALUES( 15160, 6041 );
	INSERT INTO MAP_APP_TAG VALUES( 15160, 5350 );
	INSERT INTO MAP_APP_TAG VALUES( 15160, 1721 );

INSERT INTO APP_TABLE	 VALUES( 15170, 'Heroes_of_Might_&_Magic_V', 'Witness the amazing evolution of the genre-defining strategy game as it becomes a next-generation phenomenon, melding classic deep fantasy with next-generation visuals and gameplay. In the renowned Might & Magic universe, demon swarms spread chaos over the land in a relentless assault.', SYSDATE ,12500, '' );
	INSERT INTO MAP_APP_CATEGORY VALUES( 15170, 3 );

	INSERT INTO MAP_APP_DEVELOPER VALUES( 15170, 167 );

	INSERT INTO MAP_APP_GENRE VALUES( 15170, 5 );

	INSERT INTO MAP_APP_LANG VALUES ( 15170, 2,  'Y', 'N', 'N' );
	INSERT INTO MAP_APP_LANG VALUES ( 15170, 3,  'Y', 'N', 'N' );
	INSERT INTO MAP_APP_LANG VALUES ( 15170, 4,  'Y', 'N', 'N' );
	INSERT INTO MAP_APP_LANG VALUES ( 15170, 6,  'Y', 'N', 'N' );
	INSERT INTO MAP_APP_LANG VALUES ( 15170, 7,  'Y', 'N', 'N' );

	INSERT INTO MAP_APP_PUBLISHER VALUES( 15170, 160 );

	INSERT INTO MAP_APP_TAG VALUES( 15170, 9 );
	INSERT INTO MAP_APP_TAG VALUES( 15170, 1741 );
	INSERT INTO MAP_APP_TAG VALUES( 15170, 1684 );
	INSERT INTO MAP_APP_TAG VALUES( 15170, 1708 );
	INSERT INTO MAP_APP_TAG VALUES( 15170, 1677 );
	INSERT INTO MAP_APP_TAG VALUES( 15170, 122 );
	INSERT INTO MAP_APP_TAG VALUES( 15170, 3859 );
	INSERT INTO MAP_APP_TAG VALUES( 15170, 1693 );
	INSERT INTO MAP_APP_TAG VALUES( 15170, 4182 );
	INSERT INTO MAP_APP_TAG VALUES( 15170, 1742 );

INSERT INTO APP_TABLE	 VALUES( 15190, 'Brothers_in_Arms:_Road_to_Hill_30¢â', 'Based on a true story. Set during the famous airdrop before the invasion at Normandy, where Sgt. Matt Baker and his squad of 101st Airborne Paratroopers were scattered over the French countryside. As the story unfolds, you must choose between the success of your mission and the lives of your men - your brothers in arms.', SYSDATE ,6250, '' );
	INSERT INTO MAP_APP_CATEGORY VALUES( 15190, 3 );

	INSERT INTO MAP_APP_DEVELOPER VALUES( 15190, 2 );

	INSERT INTO MAP_APP_GENRE VALUES( 15190, 1 );

	INSERT INTO MAP_APP_LANG VALUES ( 15190, 2,  'Y', 'N', 'N' );
	INSERT INTO MAP_APP_LANG VALUES ( 15190, 3,  'Y', 'N', 'N' );
	INSERT INTO MAP_APP_LANG VALUES ( 15190, 4,  'Y', 'N', 'N' );
	INSERT INTO MAP_APP_LANG VALUES ( 15190, 7,  'Y', 'N', 'N' );
	INSERT INTO MAP_APP_LANG VALUES ( 15190, 17,  'Y', 'N', 'N' );

	INSERT INTO MAP_APP_PUBLISHER VALUES( 15190, 160 );

	INSERT INTO MAP_APP_TAG VALUES( 15190, 19 );
	INSERT INTO MAP_APP_TAG VALUES( 15190, 1663 );
	INSERT INTO MAP_APP_TAG VALUES( 15190, 4150 );
	INSERT INTO MAP_APP_TAG VALUES( 15190, 1708 );
	INSERT INTO MAP_APP_TAG VALUES( 15190, 4182 );
	INSERT INTO MAP_APP_TAG VALUES( 15190, 4168 );
	INSERT INTO MAP_APP_TAG VALUES( 15190, 3987 );
	INSERT INTO MAP_APP_TAG VALUES( 15190, 1774 );
	INSERT INTO MAP_APP_TAG VALUES( 15190, 3859 );
	INSERT INTO MAP_APP_TAG VALUES( 15190, 9 );
	INSERT INTO MAP_APP_TAG VALUES( 15190, 1742 );

INSERT INTO APP_TABLE	 VALUES( 15200, 'Silent_Hunter¢ç:_Wolves_of_the_Pacific', 'Hunt, hide and kill as you take command of U.S. submarines and crews and navigate the treacherous waters of the Pacific during WWII. Silent Hunter, the industry-leading naval warfare simulation franchise for over a decade, returns to its roots with next-generation graphical realism, immersive gameplay, innovative crew evolution and more...', SYSDATE ,12500, '' );
	INSERT INTO MAP_APP_CATEGORY VALUES( 15200, 3 );
	INSERT INTO MAP_APP_CATEGORY VALUES( 15200, 1 );

	INSERT INTO MAP_APP_DEVELOPER VALUES( 15200, 168 );

	INSERT INTO MAP_APP_GENRE VALUES( 15200, 8 );

	INSERT INTO MAP_APP_LANG VALUES ( 15200, 2,  'Y', 'N', 'N' );
	INSERT INTO MAP_APP_LANG VALUES ( 15200, 4,  'Y', 'N', 'N' );
	INSERT INTO MAP_APP_LANG VALUES ( 15200, 7,  'Y', 'N', 'N' );

	INSERT INTO MAP_APP_PUBLISHER VALUES( 15200, 160 );

	INSERT INTO MAP_APP_TAG VALUES( 15200, 599 );
	INSERT INTO MAP_APP_TAG VALUES( 15200, 4150 );
	INSERT INTO MAP_APP_TAG VALUES( 15200, 6910 );
	INSERT INTO MAP_APP_TAG VALUES( 15200, 4168 );

INSERT INTO APP_TABLE	 VALUES( 15210, 'Silent_Hunter¢ç_III', 'The king of submarine simulations returns with an all-new 3D engine, new crew command features, and more realistic WWII naval action than ever before. The movie-like graphics and simple, tension-filled gameplay make this the perfect game for the realism fanatic and the casual gamer.', SYSDATE ,6250, '' );
	INSERT INTO MAP_APP_CATEGORY VALUES( 15210, 3 );
	INSERT INTO MAP_APP_CATEGORY VALUES( 15210, 1 );
	INSERT INTO MAP_APP_CATEGORY VALUES( 15210, 16 );

	INSERT INTO MAP_APP_DEVELOPER VALUES( 15210, 160 );

	INSERT INTO MAP_APP_GENRE VALUES( 15210, 8 );

	INSERT INTO MAP_APP_LANG VALUES ( 15210, 2,  'Y', 'N', 'N' );
	INSERT INTO MAP_APP_LANG VALUES ( 15210, 6,  'Y', 'N', 'N' );

	INSERT INTO MAP_APP_PUBLISHER VALUES( 15210, 160 );

	INSERT INTO MAP_APP_TAG VALUES( 15210, 599 );
	INSERT INTO MAP_APP_TAG VALUES( 15210, 6910 );
	INSERT INTO MAP_APP_TAG VALUES( 15210, 4150 );
	INSERT INTO MAP_APP_TAG VALUES( 15210, 4168 );
	INSERT INTO MAP_APP_TAG VALUES( 15210, 3987 );
	INSERT INTO MAP_APP_TAG VALUES( 15210, 1695 );
	INSERT INTO MAP_APP_TAG VALUES( 15210, 19 );
	INSERT INTO MAP_APP_TAG VALUES( 15210, 4175 );

INSERT INTO APP_TABLE	 VALUES( 48000, 'LIMBO', 'Uncertain of his sister''s fate, a boy enters LIMBO', SYSDATE ,10500, '' );
	INSERT INTO MAP_APP_CATEGORY VALUES( 48000, 3 );
	INSERT INTO MAP_APP_CATEGORY VALUES( 48000, 4 );
	INSERT INTO MAP_APP_CATEGORY VALUES( 48000, 17 );
	INSERT INTO MAP_APP_CATEGORY VALUES( 48000, 8 );

	INSERT INTO MAP_APP_DEVELOPER VALUES( 48000, 430 );

	INSERT INTO MAP_APP_GENRE VALUES( 48000, 3 );
	INSERT INTO MAP_APP_GENRE VALUES( 48000, 4 );

	INSERT INTO MAP_APP_LANG VALUES ( 48000, 1,  'Y', 'N', 'N' );
	INSERT INTO MAP_APP_LANG VALUES ( 48000, 20,  'Y', 'N', 'N' );
	INSERT INTO MAP_APP_LANG VALUES ( 48000, 3,  'Y', 'N', 'N' );
	INSERT INTO MAP_APP_LANG VALUES ( 48000, 10,  'Y', 'N', 'N' );
	INSERT INTO MAP_APP_LANG VALUES ( 48000, 9,  'Y', 'N', 'N' );
	INSERT INTO MAP_APP_LANG VALUES ( 48000, 5,  'Y', 'N', 'N' );
	INSERT INTO MAP_APP_LANG VALUES ( 48000, 6,  'Y', 'N', 'N' );
	INSERT INTO MAP_APP_LANG VALUES ( 48000, 11,  'Y', 'N', 'N' );
	INSERT INTO MAP_APP_LANG VALUES ( 48000, 19,  'Y', 'N', 'N' );
	INSERT INTO MAP_APP_LANG VALUES ( 48000, 2,  'Y', 'N', 'N' );
	INSERT INTO MAP_APP_LANG VALUES ( 48000, 4,  'Y', 'N', 'N' );
	INSERT INTO MAP_APP_LANG VALUES ( 48000, 13,  'Y', 'N', 'N' );
	INSERT INTO MAP_APP_LANG VALUES ( 48000, 7,  'Y', 'N', 'N' );
	INSERT INTO MAP_APP_LANG VALUES ( 48000, 8,  'Y', 'N', 'N' );

	INSERT INTO MAP_APP_PUBLISHER VALUES( 48000, 430 );

	INSERT INTO MAP_APP_TAG VALUES( 48000, 492 );
	INSERT INTO MAP_APP_TAG VALUES( 48000, 1625 );
	INSERT INTO MAP_APP_TAG VALUES( 48000, 1664 );
	INSERT INTO MAP_APP_TAG VALUES( 48000, 4166 );
	INSERT INTO MAP_APP_TAG VALUES( 48000, 4342 );
	INSERT INTO MAP_APP_TAG VALUES( 48000, 21 );
	INSERT INTO MAP_APP_TAG VALUES( 48000, 3871 );
	INSERT INTO MAP_APP_TAG VALUES( 48000, 4182 );
	INSERT INTO MAP_APP_TAG VALUES( 48000, 1667 );
	INSERT INTO MAP_APP_TAG VALUES( 48000, 5537 );
	INSERT INTO MAP_APP_TAG VALUES( 48000, 1710 );
	INSERT INTO MAP_APP_TAG VALUES( 48000, 4234 );
	INSERT INTO MAP_APP_TAG VALUES( 48000, 4026 );
	INSERT INTO MAP_APP_TAG VALUES( 48000, 3798 );
	INSERT INTO MAP_APP_TAG VALUES( 48000, 3968 );
	INSERT INTO MAP_APP_TAG VALUES( 48000, 4094 );
	INSERT INTO MAP_APP_TAG VALUES( 48000, 597 );
	INSERT INTO MAP_APP_TAG VALUES( 48000, 19 );
	INSERT INTO MAP_APP_TAG VALUES( 48000, 4145 );
	INSERT INTO MAP_APP_TAG VALUES( 48000, 7481 );

INSERT INTO APP_TABLE	 VALUES( 15240, 'Silent_Hunter¢ç:_Wolves_of_the_Pacific_U-Boat_Missions', 'Experience the thrill of the hunt! Prowl the waters as the captain of a German submarine in a never-before-seen theatre of operations ? the Indian Ocean. Take part in the war against British supply lines off the coast of North Africa and support the Japanese war against the U.S. Navy.', SYSDATE ,6250, '' );
	INSERT INTO MAP_APP_CATEGORY VALUES( 15240, 3 );
	INSERT INTO MAP_APP_CATEGORY VALUES( 15240, 1 );

	INSERT INTO MAP_APP_DEVELOPER VALUES( 15240, 168 );

	INSERT INTO MAP_APP_GENRE VALUES( 15240, 8 );

	INSERT INTO MAP_APP_LANG VALUES ( 15240, 2,  'Y', 'N', 'N' );

	INSERT INTO MAP_APP_PUBLISHER VALUES( 15240, 160 );

	INSERT INTO MAP_APP_TAG VALUES( 15240, 599 );
	INSERT INTO MAP_APP_TAG VALUES( 15240, 4150 );
	INSERT INTO MAP_APP_TAG VALUES( 15240, 6910 );

INSERT INTO APP_TABLE	 VALUES( 15270, 'Cold_Fear¢â', 'In a ferocious Arctic storm, distress signals are sent from a mysterious Russian whaler. As leading Coast Guard veteran Tom Hansen, you board to investigate ? and discover unthinkable horrors lurking beneath the ship''s bloodstained decks.', SYSDATE ,6250, '' );
	INSERT INTO MAP_APP_CATEGORY VALUES( 15270, 3 );

	INSERT INTO MAP_APP_DEVELOPER VALUES( 15270, 169 );

	INSERT INTO MAP_APP_GENRE VALUES( 15270, 1 );

	INSERT INTO MAP_APP_LANG VALUES ( 15270, 2,  'Y', 'N', 'N' );
	INSERT INTO MAP_APP_LANG VALUES ( 15270, 3,  'Y', 'N', 'N' );
	INSERT INTO MAP_APP_LANG VALUES ( 15270, 4,  'Y', 'N', 'N' );
	INSERT INTO MAP_APP_LANG VALUES ( 15270, 6,  'Y', 'N', 'N' );
	INSERT INTO MAP_APP_LANG VALUES ( 15270, 7,  'Y', 'N', 'N' );

	INSERT INTO MAP_APP_PUBLISHER VALUES( 15270, 160 );

	INSERT INTO MAP_APP_TAG VALUES( 15270, 1667 );
	INSERT INTO MAP_APP_TAG VALUES( 15270, 19 );
	INSERT INTO MAP_APP_TAG VALUES( 15270, 3978 );
	INSERT INTO MAP_APP_TAG VALUES( 15270, 1659 );
	INSERT INTO MAP_APP_TAG VALUES( 15270, 3814 );
	INSERT INTO MAP_APP_TAG VALUES( 15270, 1697 );

INSERT INTO APP_TABLE	 VALUES( 15300, 'Tom_Clancy''s_Ghost_Recon¢ç', 'Eastern Europe, 2008. War has broken out on the borders of Russia and the fate of the world hangs in the balance. That''s when the call goes out for the Ghosts?an elite handful of specially trained Green Berets, armed with the latest technology and trained to use the deadliest weapons.', SYSDATE ,6250, '' );
	INSERT INTO MAP_APP_CATEGORY VALUES( 15300, 3 );
	INSERT INTO MAP_APP_CATEGORY VALUES( 15300, 16 );

	INSERT INTO MAP_APP_DEVELOPER VALUES( 15300, 164 );

	INSERT INTO MAP_APP_GENRE VALUES( 15300, 1 );

	INSERT INTO MAP_APP_LANG VALUES ( 15300, 2,  'Y', 'N', 'N' );

	INSERT INTO MAP_APP_PUBLISHER VALUES( 15300, 160 );

	INSERT INTO MAP_APP_TAG VALUES( 15300, 1708 );
	INSERT INTO MAP_APP_TAG VALUES( 15300, 1663 );
	INSERT INTO MAP_APP_TAG VALUES( 15300, 19 );
	INSERT INTO MAP_APP_TAG VALUES( 15300, 599 );
	INSERT INTO MAP_APP_TAG VALUES( 15300, 1693 );
	INSERT INTO MAP_APP_TAG VALUES( 15300, 1774 );
	INSERT INTO MAP_APP_TAG VALUES( 15300, 9 );
	INSERT INTO MAP_APP_TAG VALUES( 15300, 4182 );
	INSERT INTO MAP_APP_TAG VALUES( 15300, 4168 );
	INSERT INTO MAP_APP_TAG VALUES( 15300, 1687 );
	INSERT INTO MAP_APP_TAG VALUES( 15300, 4175 );
	INSERT INTO MAP_APP_TAG VALUES( 15300, 3859 );
	INSERT INTO MAP_APP_TAG VALUES( 15300, 1685 );
	INSERT INTO MAP_APP_TAG VALUES( 15300, 3839 );

INSERT INTO APP_TABLE	 VALUES( 15310, 'The_Settlers¢ç:_Heritage_of_Kings', 'Heritage of Kings The Settlers is a world-building strategy game with fully rendered 3D visuals and unavoidably addictive gameplay. Players can dive into a detailed medieval world offering a unique mix of RTS and simulation gameplay.', SYSDATE ,12500, '' );
	INSERT INTO MAP_APP_CATEGORY VALUES( 15310, 3 );

	INSERT INTO MAP_APP_DEVELOPER VALUES( 15310, 170 );

	INSERT INTO MAP_APP_GENRE VALUES( 15310, 5 );

	INSERT INTO MAP_APP_LANG VALUES ( 15310, 2,  'Y', 'N', 'N' );

	INSERT INTO MAP_APP_PUBLISHER VALUES( 15310, 160 );

	INSERT INTO MAP_APP_TAG VALUES( 15310, 9 );
	INSERT INTO MAP_APP_TAG VALUES( 15310, 4328 );
	INSERT INTO MAP_APP_TAG VALUES( 15310, 4172 );
	INSERT INTO MAP_APP_TAG VALUES( 15310, 1676 );

INSERT INTO APP_TABLE	 VALUES( 15320, 'IL-2_Sturmovik:_1946', 'Il-2 1946 includes all of the original IL-2 series content: IL-2 Sturmovik¢â: Forgotten Battles, Ace Expansion Pack, Pacific Fighters¢â and alternate histry campaigns of year 1946. What was years ago began as a one-aircraft study sim is now an astonishing anthology, with a whopping 229 flyable aircraft and over 300 aircraft total!', SYSDATE ,12500, '' );
	INSERT INTO MAP_APP_CATEGORY VALUES( 15320, 3 );
	INSERT INTO MAP_APP_CATEGORY VALUES( 15320, 1 );
	INSERT INTO MAP_APP_CATEGORY VALUES( 15320, 8 );
	INSERT INTO MAP_APP_CATEGORY VALUES( 15320, 13 );

	INSERT INTO MAP_APP_DEVELOPER VALUES( 15320, 171 );

	INSERT INTO MAP_APP_GENRE VALUES( 15320, 8 );

	INSERT INTO MAP_APP_LANG VALUES ( 15320, 2,  'Y', 'N', 'Y' );
	INSERT INTO MAP_APP_LANG VALUES ( 15320, 9,  'Y', 'N', 'Y' );


	INSERT INTO MAP_APP_TAG VALUES( 15320, 599 );
	INSERT INTO MAP_APP_TAG VALUES( 15320, 15045 );
	INSERT INTO MAP_APP_TAG VALUES( 15320, 4150 );
	INSERT INTO MAP_APP_TAG VALUES( 15320, 4168 );
	INSERT INTO MAP_APP_TAG VALUES( 15320, 3987 );
	INSERT INTO MAP_APP_TAG VALUES( 15320, 8075 );
	INSERT INTO MAP_APP_TAG VALUES( 15320, 4175 );
	INSERT INTO MAP_APP_TAG VALUES( 15320, 3859 );
	INSERT INTO MAP_APP_TAG VALUES( 15320, 19 );
	INSERT INTO MAP_APP_TAG VALUES( 15320, 1693 );
	INSERT INTO MAP_APP_TAG VALUES( 15320, 1669 );

INSERT INTO APP_TABLE	 VALUES( 48110, 'Silent_Hunter_5¢ç:_Battle_of_the_Atlantic', 'Step behind the periscope of a German U-boat and take on the Allied Forces in famous battles across the vast Atlantic Ocean and Mediterranean Sea. The best-selling submarine series of all time continues with the highly anticipated Silent Hunter: Battle of the Atlantic.', SYSDATE ,40000, '' );
	INSERT INTO MAP_APP_CATEGORY VALUES( 48110, 3 );
	INSERT INTO MAP_APP_CATEGORY VALUES( 48110, 1 );
	INSERT INTO MAP_APP_CATEGORY VALUES( 48110, 16 );

	INSERT INTO MAP_APP_DEVELOPER VALUES( 48110, 168 );

	INSERT INTO MAP_APP_GENRE VALUES( 48110, 8 );

	INSERT INTO MAP_APP_LANG VALUES ( 48110, 2,  'Y', 'N', 'N' );

	INSERT INTO MAP_APP_PUBLISHER VALUES( 48110, 160 );

	INSERT INTO MAP_APP_TAG VALUES( 48110, 599 );
	INSERT INTO MAP_APP_TAG VALUES( 48110, 4150 );
	INSERT INTO MAP_APP_TAG VALUES( 48110, 6910 );
	INSERT INTO MAP_APP_TAG VALUES( 48110, 4168 );
	INSERT INTO MAP_APP_TAG VALUES( 48110, 3987 );
	INSERT INTO MAP_APP_TAG VALUES( 48110, 9 );
	INSERT INTO MAP_APP_TAG VALUES( 48110, 3859 );
	INSERT INTO MAP_APP_TAG VALUES( 48110, 4182 );

INSERT INTO APP_TABLE	 VALUES( 48120, 'The_Settlers_7:_Paths_to_a_Kingdom_-_Deluxe_Gold_Edition', 'Choose your own path to victory in The Settlers 7: Paths to a Kingdom¢â, the long-anticipated sequel to the award-winning strategy game. Embark on an exciting quest to create, build and manage your kingdom in the most innovative, customizable and re-playable version ever!', SYSDATE ,24000, '' );
	INSERT INTO MAP_APP_CATEGORY VALUES( 48120, 3 );
	INSERT INTO MAP_APP_CATEGORY VALUES( 48120, 1 );

	INSERT INTO MAP_APP_DEVELOPER VALUES( 48120, 206 );

	INSERT INTO MAP_APP_GENRE VALUES( 48120, 5 );

	INSERT INTO MAP_APP_LANG VALUES ( 48120, 2,  'Y', 'N', 'N' );
	INSERT INTO MAP_APP_LANG VALUES ( 48120, 3,  'Y', 'N', 'N' );
	INSERT INTO MAP_APP_LANG VALUES ( 48120, 4,  'Y', 'N', 'N' );
	INSERT INTO MAP_APP_LANG VALUES ( 48120, 10,  'Y', 'N', 'N' );
	INSERT INTO MAP_APP_LANG VALUES ( 48120, 6,  'Y', 'N', 'N' );
	INSERT INTO MAP_APP_LANG VALUES ( 48120, 7,  'Y', 'N', 'N' );

	INSERT INTO MAP_APP_PUBLISHER VALUES( 48120, 160 );

	INSERT INTO MAP_APP_TAG VALUES( 48120, 9 );
	INSERT INTO MAP_APP_TAG VALUES( 48120, 4328 );

INSERT INTO APP_TABLE	 VALUES( 15370, 'Heroes_of_Might_&_Magic_V:_Tribes_of_the_East', 'For the first time, play as the Orc faction and recruit heroes, build armies and manage cities as you explore and conquer legendary lands. Use tactics, skills and magic to outsmart fantasy armies while developing your heroes and unveiling the dark plot that threatens to tear the world of Ashan apart.', SYSDATE ,12500, '' );
	INSERT INTO MAP_APP_CATEGORY VALUES( 15370, 3 );

	INSERT INTO MAP_APP_DEVELOPER VALUES( 15370, 167 );

	INSERT INTO MAP_APP_GENRE VALUES( 15370, 5 );

	INSERT INTO MAP_APP_LANG VALUES ( 15370, 2,  'Y', 'N', 'N' );
	INSERT INTO MAP_APP_LANG VALUES ( 15370, 3,  'Y', 'N', 'N' );
	INSERT INTO MAP_APP_LANG VALUES ( 15370, 4,  'Y', 'N', 'N' );
	INSERT INTO MAP_APP_LANG VALUES ( 15370, 6,  'Y', 'N', 'N' );
	INSERT INTO MAP_APP_LANG VALUES ( 15370, 7,  'Y', 'N', 'N' );

	INSERT INTO MAP_APP_PUBLISHER VALUES( 15370, 160 );

	INSERT INTO MAP_APP_TAG VALUES( 15370, 9 );
	INSERT INTO MAP_APP_TAG VALUES( 15370, 1741 );
	INSERT INTO MAP_APP_TAG VALUES( 15370, 1677 );
	INSERT INTO MAP_APP_TAG VALUES( 15370, 1684 );
	INSERT INTO MAP_APP_TAG VALUES( 15370, 3859 );
	INSERT INTO MAP_APP_TAG VALUES( 15370, 4182 );
	INSERT INTO MAP_APP_TAG VALUES( 15370, 122 );

INSERT INTO APP_TABLE	 VALUES( 15380, 'Heroes_of_Might_&_Magic_V:_Hammers_of_Fate', 'Take part in a thrilling new adventure in the world of Ashan with the Hammers of Fate expansion. Discover uncharted territories and experience new ways of playing Heroes of Might & Magic V. Introducing a brand-new Dwarves faction, made up of heroic warriors and rune magic adepts who stalk the deepest mountains and most hostile regions of...', SYSDATE ,12500, '' );
	INSERT INTO MAP_APP_CATEGORY VALUES( 15380, 3 );

	INSERT INTO MAP_APP_DEVELOPER VALUES( 15380, 167 );

	INSERT INTO MAP_APP_GENRE VALUES( 15380, 5 );

	INSERT INTO MAP_APP_LANG VALUES ( 15380, 2,  'Y', 'N', 'N' );
	INSERT INTO MAP_APP_LANG VALUES ( 15380, 3,  'Y', 'N', 'N' );
	INSERT INTO MAP_APP_LANG VALUES ( 15380, 4,  'Y', 'N', 'N' );
	INSERT INTO MAP_APP_LANG VALUES ( 15380, 6,  'Y', 'N', 'N' );
	INSERT INTO MAP_APP_LANG VALUES ( 15380, 7,  'Y', 'N', 'N' );

	INSERT INTO MAP_APP_PUBLISHER VALUES( 15380, 160 );

	INSERT INTO MAP_APP_TAG VALUES( 15380, 9 );
	INSERT INTO MAP_APP_TAG VALUES( 15380, 1741 );
	INSERT INTO MAP_APP_TAG VALUES( 15380, 1677 );
	INSERT INTO MAP_APP_TAG VALUES( 15380, 1684 );

INSERT INTO APP_TABLE	 VALUES( 48150, 'Voodoo_Dice', 'Roll the dice in a mystical world filled with exploration, puzzle-solving, and adventure! Mixing action based and puzzle mechanics in a 3D world, Voodoo Dice is an innovative, challenging puzzler that plays with your mind to lead you to solve puzzles in unique and interesting ways.', SYSDATE ,12500, '' );
	INSERT INTO MAP_APP_CATEGORY VALUES( 48150, 3 );

	INSERT INTO MAP_APP_DEVELOPER VALUES( 48150, 431 );

	INSERT INTO MAP_APP_GENRE VALUES( 48150, 7 );

	INSERT INTO MAP_APP_LANG VALUES ( 48150, 2,  'Y', 'N', 'N' );
	INSERT INTO MAP_APP_LANG VALUES ( 48150, 3,  'Y', 'N', 'N' );
	INSERT INTO MAP_APP_LANG VALUES ( 48150, 4,  'Y', 'N', 'N' );
	INSERT INTO MAP_APP_LANG VALUES ( 48150, 6,  'Y', 'N', 'N' );
	INSERT INTO MAP_APP_LANG VALUES ( 48150, 7,  'Y', 'N', 'N' );

	INSERT INTO MAP_APP_PUBLISHER VALUES( 48150, 160 );

	INSERT INTO MAP_APP_TAG VALUES( 48150, 597 );
	INSERT INTO MAP_APP_TAG VALUES( 48150, 1664 );

INSERT INTO APP_TABLE	 VALUES( 15390, 'Brothers_in_Arms:_Hell''s_Highway¢â', 'Brothers in Arms Hell''s Highway brings the critically acclaimed squad-based WWII shooter into the next generation of gaming with amazing graphics and sound, new cutting-edge gameplay features and a totally redesigned online component.', SYSDATE ,12500, '' );
	INSERT INTO MAP_APP_CATEGORY VALUES( 15390, 3 );

	INSERT INTO MAP_APP_DEVELOPER VALUES( 15390, 2 );

	INSERT INTO MAP_APP_GENRE VALUES( 15390, 1 );

	INSERT INTO MAP_APP_LANG VALUES ( 15390, 2,  'Y', 'N', 'N' );
	INSERT INTO MAP_APP_LANG VALUES ( 15390, 3,  'Y', 'N', 'N' );
	INSERT INTO MAP_APP_LANG VALUES ( 15390, 4,  'Y', 'N', 'N' );
	INSERT INTO MAP_APP_LANG VALUES ( 15390, 7,  'Y', 'N', 'N' );

	INSERT INTO MAP_APP_PUBLISHER VALUES( 15390, 160 );

	INSERT INTO MAP_APP_TAG VALUES( 15390, 19 );
	INSERT INTO MAP_APP_TAG VALUES( 15390, 4150 );
	INSERT INTO MAP_APP_TAG VALUES( 15390, 1663 );
	INSERT INTO MAP_APP_TAG VALUES( 15390, 1708 );
	INSERT INTO MAP_APP_TAG VALUES( 15390, 4182 );
	INSERT INTO MAP_APP_TAG VALUES( 15390, 4168 );
	INSERT INTO MAP_APP_TAG VALUES( 15390, 1742 );
	INSERT INTO MAP_APP_TAG VALUES( 15390, 1774 );
	INSERT INTO MAP_APP_TAG VALUES( 15390, 4345 );
	INSERT INTO MAP_APP_TAG VALUES( 15390, 9 );
	INSERT INTO MAP_APP_TAG VALUES( 15390, 4166 );
	INSERT INTO MAP_APP_TAG VALUES( 15390, 3839 );

INSERT INTO APP_TABLE	 VALUES( 15400, 'Harvest:_Massive_Encounter', 'Harvest: Massive Encounter is an award-winning real-time strategy game with battles of epic proportions and a unique style of resource management and exploration. Build power plants, mineral harvesters and defense towers and make sure they have sufficient energy to fend off endless hordes of evil aliens.', SYSDATE ,-1, '' );
	INSERT INTO MAP_APP_CATEGORY VALUES( 15400, 3 );
	INSERT INTO MAP_APP_CATEGORY VALUES( 15400, 4 );

	INSERT INTO MAP_APP_DEVELOPER VALUES( 15400, 172 );

	INSERT INTO MAP_APP_GENRE VALUES( 15400, 5 );
	INSERT INTO MAP_APP_GENRE VALUES( 15400, 4 );

	INSERT INTO MAP_APP_LANG VALUES ( 15400, 2,  'Y', 'N', 'N' );

	INSERT INTO MAP_APP_PUBLISHER VALUES( 15400, 172 );

	INSERT INTO MAP_APP_TAG VALUES( 15400, 9 );
	INSERT INTO MAP_APP_TAG VALUES( 15400, 492 );
	INSERT INTO MAP_APP_TAG VALUES( 15400, 1645 );
	INSERT INTO MAP_APP_TAG VALUES( 15400, 3942 );
	INSERT INTO MAP_APP_TAG VALUES( 15400, 4182 );

INSERT INTO APP_TABLE	 VALUES( 48190, 'Assassin¡¯s_Creed¢ç_Brotherhood', 'Now Available on Mac! It¡¯s time to join the Brotherhood.', SYSDATE ,18500, '' );
	INSERT INTO MAP_APP_CATEGORY VALUES( 48190, 3 );
	INSERT INTO MAP_APP_CATEGORY VALUES( 48190, 1 );
	INSERT INTO MAP_APP_CATEGORY VALUES( 48190, 7 );

	INSERT INTO MAP_APP_DEVELOPER VALUES( 48190, 162 );

	INSERT INTO MAP_APP_GENRE VALUES( 48190, 1 );
	INSERT INTO MAP_APP_GENRE VALUES( 48190, 3 );

	INSERT INTO MAP_APP_LANG VALUES ( 48190, 1,  'Y', 'N', 'N' );
	INSERT INTO MAP_APP_LANG VALUES ( 48190, 3,  'Y', 'N', 'N' );
	INSERT INTO MAP_APP_LANG VALUES ( 48190, 10,  'Y', 'N', 'N' );
	INSERT INTO MAP_APP_LANG VALUES ( 48190, 5,  'Y', 'N', 'N' );
	INSERT INTO MAP_APP_LANG VALUES ( 48190, 6,  'Y', 'N', 'N' );
	INSERT INTO MAP_APP_LANG VALUES ( 48190, 12,  'Y', 'N', 'N' );
	INSERT INTO MAP_APP_LANG VALUES ( 48190, 2,  'Y', 'N', 'N' );
	INSERT INTO MAP_APP_LANG VALUES ( 48190, 4,  'Y', 'N', 'N' );
	INSERT INTO MAP_APP_LANG VALUES ( 48190, 13,  'Y', 'N', 'N' );
	INSERT INTO MAP_APP_LANG VALUES ( 48190, 14,  'Y', 'N', 'N' );
	INSERT INTO MAP_APP_LANG VALUES ( 48190, 7,  'Y', 'N', 'N' );
	INSERT INTO MAP_APP_LANG VALUES ( 48190, 17,  'Y', 'N', 'N' );
	INSERT INTO MAP_APP_LANG VALUES ( 48190, 18,  'Y', 'N', 'N' );
	INSERT INTO MAP_APP_LANG VALUES ( 48190, 8,  'Y', 'N', 'N' );

	INSERT INTO MAP_APP_PUBLISHER VALUES( 48190, 160 );

	INSERT INTO MAP_APP_TAG VALUES( 48190, 19 );
	INSERT INTO MAP_APP_TAG VALUES( 48190, 21 );
	INSERT INTO MAP_APP_TAG VALUES( 48190, 1695 );
	INSERT INTO MAP_APP_TAG VALUES( 48190, 4036 );
	INSERT INTO MAP_APP_TAG VALUES( 48190, 1687 );
	INSERT INTO MAP_APP_TAG VALUES( 48190, 1697 );
	INSERT INTO MAP_APP_TAG VALUES( 48190, 4376 );
	INSERT INTO MAP_APP_TAG VALUES( 48190, 3987 );
	INSERT INTO MAP_APP_TAG VALUES( 48190, 3859 );
	INSERT INTO MAP_APP_TAG VALUES( 48190, 4182 );
	INSERT INTO MAP_APP_TAG VALUES( 48190, 6948 );
	INSERT INTO MAP_APP_TAG VALUES( 48190, 1756 );
	INSERT INTO MAP_APP_TAG VALUES( 48190, 1742 );
	INSERT INTO MAP_APP_TAG VALUES( 48190, 4166 );
	INSERT INTO MAP_APP_TAG VALUES( 48190, 5372 );
	INSERT INTO MAP_APP_TAG VALUES( 48190, 4106 );
	INSERT INTO MAP_APP_TAG VALUES( 48190, 3810 );
	INSERT INTO MAP_APP_TAG VALUES( 48190, 4172 );
	INSERT INTO MAP_APP_TAG VALUES( 48190, 7481 );
	INSERT INTO MAP_APP_TAG VALUES( 48190, 597 );

INSERT INTO APP_TABLE	 VALUES( 48220, 'Might_&_Magic:_Heroes_VI', 'Heroes VI is a fast-paced epic story where Angels plot to end -- once and for all -- an unfinished war with their ancient rivals, the Faceless.', SYSDATE ,24000, '' );

	INSERT INTO MAP_APP_DEVELOPER VALUES( 48220, 432 );

	INSERT INTO MAP_APP_GENRE VALUES( 48220, 6 );
	INSERT INTO MAP_APP_GENRE VALUES( 48220, 5 );

	INSERT INTO MAP_APP_LANG VALUES ( 48220, 2,  'Y', 'N', 'N' );
	INSERT INTO MAP_APP_LANG VALUES ( 48220, 3,  'Y', 'N', 'N' );
	INSERT INTO MAP_APP_LANG VALUES ( 48220, 4,  'Y', 'N', 'N' );
	INSERT INTO MAP_APP_LANG VALUES ( 48220, 10,  'Y', 'N', 'N' );
	INSERT INTO MAP_APP_LANG VALUES ( 48220, 9,  'Y', 'N', 'N' );
	INSERT INTO MAP_APP_LANG VALUES ( 48220, 5,  'Y', 'N', 'N' );
	INSERT INTO MAP_APP_LANG VALUES ( 48220, 24,  'Y', 'N', 'N' );
	INSERT INTO MAP_APP_LANG VALUES ( 48220, 6,  'Y', 'N', 'N' );
	INSERT INTO MAP_APP_LANG VALUES ( 48220, 25,  'Y', 'N', 'N' );
	INSERT INTO MAP_APP_LANG VALUES ( 48220, 7,  'Y', 'N', 'N' );

	INSERT INTO MAP_APP_PUBLISHER VALUES( 48220, 160 );

	INSERT INTO MAP_APP_TAG VALUES( 48220, 9 );
	INSERT INTO MAP_APP_TAG VALUES( 48220, 122 );
	INSERT INTO MAP_APP_TAG VALUES( 48220, 1741 );
	INSERT INTO MAP_APP_TAG VALUES( 48220, 1677 );
	INSERT INTO MAP_APP_TAG VALUES( 48220, 1684 );
	INSERT INTO MAP_APP_TAG VALUES( 48220, 3859 );
	INSERT INTO MAP_APP_TAG VALUES( 48220, 4182 );
	INSERT INTO MAP_APP_TAG VALUES( 48220, 1708 );
	INSERT INTO MAP_APP_TAG VALUES( 48220, 7332 );
	INSERT INTO MAP_APP_TAG VALUES( 48220, 7368 );
	INSERT INTO MAP_APP_TAG VALUES( 48220, 21 );

INSERT INTO APP_TABLE	 VALUES( 48240, 'Anno_2070¢â', 'Build your society of the future, colonize islands, and create sprawling megacities with multitudes of buildings, vehicles, and resources to manage.', SYSDATE ,24000, '' );
	INSERT INTO MAP_APP_CATEGORY VALUES( 48240, 3 );
	INSERT INTO MAP_APP_CATEGORY VALUES( 48240, 1 );
	INSERT INTO MAP_APP_CATEGORY VALUES( 48240, 5 );

	INSERT INTO MAP_APP_DEVELOPER VALUES( 48240, 206 );
	INSERT INTO MAP_APP_DEVELOPER VALUES( 48240, 285 );

	INSERT INTO MAP_APP_GENRE VALUES( 48240, 5 );

	INSERT INTO MAP_APP_LANG VALUES ( 48240, 2,  'Y', 'Y', 'N' );
	INSERT INTO MAP_APP_LANG VALUES ( 48240, 3,  'Y', 'N', 'N' );
	INSERT INTO MAP_APP_LANG VALUES ( 48240, 4,  'Y', 'Y', 'N' );
	INSERT INTO MAP_APP_LANG VALUES ( 48240, 10,  'Y', 'N', 'N' );
	INSERT INTO MAP_APP_LANG VALUES ( 48240, 9,  'Y', 'Y', 'N' );
	INSERT INTO MAP_APP_LANG VALUES ( 48240, 6,  'Y', 'Y', 'N' );
	INSERT INTO MAP_APP_LANG VALUES ( 48240, 7,  'Y', 'N', 'N' );
	INSERT INTO MAP_APP_LANG VALUES ( 48240, 24,  'Y', 'N', 'N' );

	INSERT INTO MAP_APP_PUBLISHER VALUES( 48240, 160 );

	INSERT INTO MAP_APP_TAG VALUES( 48240, 9 );
	INSERT INTO MAP_APP_TAG VALUES( 48240, 4328 );
	INSERT INTO MAP_APP_TAG VALUES( 48240, 599 );
	INSERT INTO MAP_APP_TAG VALUES( 48240, 4295 );
	INSERT INTO MAP_APP_TAG VALUES( 48240, 1676 );
	INSERT INTO MAP_APP_TAG VALUES( 48240, 3859 );
	INSERT INTO MAP_APP_TAG VALUES( 48240, 8945 );
	INSERT INTO MAP_APP_TAG VALUES( 48240, 4695 );
	INSERT INTO MAP_APP_TAG VALUES( 48240, 4182 );
	INSERT INTO MAP_APP_TAG VALUES( 48240, 3942 );
	INSERT INTO MAP_APP_TAG VALUES( 48240, 4161 );
	INSERT INTO MAP_APP_TAG VALUES( 48240, 1643 );
	INSERT INTO MAP_APP_TAG VALUES( 48240, 12472 );
	INSERT INTO MAP_APP_TAG VALUES( 48240, 3810 );
	INSERT INTO MAP_APP_TAG VALUES( 48240, 4202 );
	INSERT INTO MAP_APP_TAG VALUES( 48240, 1670 );
	INSERT INTO MAP_APP_TAG VALUES( 48240, 1685 );
	INSERT INTO MAP_APP_TAG VALUES( 48240, 1756 );
	INSERT INTO MAP_APP_TAG VALUES( 48240, 3843 );
	INSERT INTO MAP_APP_TAG VALUES( 48240, 1742 );

INSERT INTO APP_TABLE	 VALUES( 15500, 'The_Wonderful_End_of_the_World', 'You can''t save the whole world. It''s going to be eaten by a mythological demon with the head of a fish. But as a puppet that absorbs all it touches, you can try to rescue as much of Earth''s greatness as you can before the end arrives. In the beginning, you roam the Earth, capable of absorbing only the tiniest of objects.', SYSDATE ,10500, '' );
	INSERT INTO MAP_APP_CATEGORY VALUES( 15500, 3 );
	INSERT INTO MAP_APP_CATEGORY VALUES( 15500, 4 );
	INSERT INTO MAP_APP_CATEGORY VALUES( 15500, 7 );

	INSERT INTO MAP_APP_DEVELOPER VALUES( 15500, 173 );

	INSERT INTO MAP_APP_GENRE VALUES( 15500, 4 );
	INSERT INTO MAP_APP_GENRE VALUES( 15500, 7 );

	INSERT INTO MAP_APP_LANG VALUES ( 15500, 2,  'Y', 'N', 'N' );

	INSERT INTO MAP_APP_PUBLISHER VALUES( 15500, 173 );

	INSERT INTO MAP_APP_TAG VALUES( 15500, 492 );
	INSERT INTO MAP_APP_TAG VALUES( 15500, 597 );
	INSERT INTO MAP_APP_TAG VALUES( 15500, 19 );
	INSERT INTO MAP_APP_TAG VALUES( 15500, 4234 );
	INSERT INTO MAP_APP_TAG VALUES( 15500, 4182 );
	INSERT INTO MAP_APP_TAG VALUES( 15500, 1664 );

INSERT INTO APP_TABLE	 VALUES( 15520, 'AaAaAA!!!_-_A_Reckless_Disregard_for_Gravity', 'BASE jump through a floating city, creating your own stunts to delight your fans. Use quick reflexes to negotiate the intricate tangle of girders that make up the floating city. Flip protesters off for points!', SYSDATE ,10500, '' );
	INSERT INTO MAP_APP_CATEGORY VALUES( 15520, 3 );
	INSERT INTO MAP_APP_CATEGORY VALUES( 15520, 4 );
	INSERT INTO MAP_APP_CATEGORY VALUES( 15520, 18 );

	INSERT INTO MAP_APP_DEVELOPER VALUES( 15520, 173 );

	INSERT INTO MAP_APP_GENRE VALUES( 15520, 1 );
	INSERT INTO MAP_APP_GENRE VALUES( 15520, 4 );
	INSERT INTO MAP_APP_GENRE VALUES( 15520, 11 );

	INSERT INTO MAP_APP_LANG VALUES ( 15520, 2,  'Y', 'N', 'N' );

	INSERT INTO MAP_APP_PUBLISHER VALUES( 15520, 173 );

	INSERT INTO MAP_APP_TAG VALUES( 15520, 19 );
	INSERT INTO MAP_APP_TAG VALUES( 15520, 492 );
	INSERT INTO MAP_APP_TAG VALUES( 15520, 3839 );
	INSERT INTO MAP_APP_TAG VALUES( 15520, 701 );
	INSERT INTO MAP_APP_TAG VALUES( 15520, 5154 );
	INSERT INTO MAP_APP_TAG VALUES( 15520, 4136 );
	INSERT INTO MAP_APP_TAG VALUES( 15520, 4182 );
	INSERT INTO MAP_APP_TAG VALUES( 15520, 1719 );
	INSERT INTO MAP_APP_TAG VALUES( 15520, 4115 );
	INSERT INTO MAP_APP_TAG VALUES( 15520, 21978 );
	INSERT INTO MAP_APP_TAG VALUES( 15520, 1773 );

INSERT INTO APP_TABLE	 VALUES( 15540, '1..._2..._3..._KICK_IT!_(Drop_That_Beat_Like_an_Ugly_Baby)', 'Battle your favorite drum ''n'' bass track, or relax as you fly through that trance album. "Ugly Baby" takes your MP3 music library and creates floating cities for you to explore. Ten years after the events in Dejobaan''s award-winning AaaaaAAaaaAAAaaAAAAaAAAAA!!!', SYSDATE ,-1, '' );
	INSERT INTO MAP_APP_CATEGORY VALUES( 15540, 3 );
	INSERT INTO MAP_APP_CATEGORY VALUES( 15540, 4 );
	INSERT INTO MAP_APP_CATEGORY VALUES( 15540, 5 );

	INSERT INTO MAP_APP_DEVELOPER VALUES( 15540, 173 );

	INSERT INTO MAP_APP_GENRE VALUES( 15540, 1 );
	INSERT INTO MAP_APP_GENRE VALUES( 15540, 12 );
	INSERT INTO MAP_APP_GENRE VALUES( 15540, 4 );

	INSERT INTO MAP_APP_LANG VALUES ( 15540, 2,  'Y', 'N', 'N' );

	INSERT INTO MAP_APP_PUBLISHER VALUES( 15540, 173 );

	INSERT INTO MAP_APP_TAG VALUES( 15540, 492 );
	INSERT INTO MAP_APP_TAG VALUES( 15540, 1621 );
	INSERT INTO MAP_APP_TAG VALUES( 15540, 19 );
	INSERT INTO MAP_APP_TAG VALUES( 15540, 5125 );
	INSERT INTO MAP_APP_TAG VALUES( 15540, 1752 );
	INSERT INTO MAP_APP_TAG VALUES( 15540, 4182 );
	INSERT INTO MAP_APP_TAG VALUES( 15540, 8253 );

INSERT INTO APP_TABLE	 VALUES( 15560, 'AaaaaAAaaaAAAaaAAAAaAAAAA!!!_for_the_Awesome', '82 remastered levels from the original and 43 brand new ones that are twice as fast!', SYSDATE ,10500, '' );
	INSERT INTO MAP_APP_CATEGORY VALUES( 15560, 3 );
	INSERT INTO MAP_APP_CATEGORY VALUES( 15560, 4 );
	INSERT INTO MAP_APP_CATEGORY VALUES( 15560, 17 );
	INSERT INTO MAP_APP_CATEGORY VALUES( 15560, 18 );

	INSERT INTO MAP_APP_DEVELOPER VALUES( 15560, 173 );
	INSERT INTO MAP_APP_DEVELOPER VALUES( 15560, 174 );

	INSERT INTO MAP_APP_GENRE VALUES( 15560, 1 );
	INSERT INTO MAP_APP_GENRE VALUES( 15560, 4 );
	INSERT INTO MAP_APP_GENRE VALUES( 15560, 11 );

	INSERT INTO MAP_APP_LANG VALUES ( 15560, 2,  'Y', 'Y', 'N' );

	INSERT INTO MAP_APP_PUBLISHER VALUES( 15560, 173 );

	INSERT INTO MAP_APP_TAG VALUES( 15560, 492 );
	INSERT INTO MAP_APP_TAG VALUES( 15560, 19 );
	INSERT INTO MAP_APP_TAG VALUES( 15560, 21978 );
	INSERT INTO MAP_APP_TAG VALUES( 15560, 3839 );
	INSERT INTO MAP_APP_TAG VALUES( 15560, 701 );
	INSERT INTO MAP_APP_TAG VALUES( 15560, 5154 );
	INSERT INTO MAP_APP_TAG VALUES( 15560, 4136 );
	INSERT INTO MAP_APP_TAG VALUES( 15560, 1719 );
	INSERT INTO MAP_APP_TAG VALUES( 15560, 597 );
	INSERT INTO MAP_APP_TAG VALUES( 15560, 4182 );

INSERT INTO APP_TABLE	 VALUES( 15620, 'Warhammer_40,000:_Dawn_of_War_II', 'With a focus on fast-action RTS gameplay, Dawn of War II brings to life the science fiction universe of Warhammer 40,000 like never before. Experience the intimate brutality of battle as you play through your chosen race¡¯s epic campaign.', SYSDATE ,21000, '' );
	INSERT INTO MAP_APP_CATEGORY VALUES( 15620, 3 );
	INSERT INTO MAP_APP_CATEGORY VALUES( 15620, 1 );
	INSERT INTO MAP_APP_CATEGORY VALUES( 15620, 16 );
	INSERT INTO MAP_APP_CATEGORY VALUES( 15620, 5 );
	INSERT INTO MAP_APP_CATEGORY VALUES( 15620, 8 );

	INSERT INTO MAP_APP_DEVELOPER VALUES( 15620, 54 );
	INSERT INTO MAP_APP_DEVELOPER VALUES( 15620, 175 );

	INSERT INTO MAP_APP_GENRE VALUES( 15620, 5 );

	INSERT INTO MAP_APP_LANG VALUES ( 15620, 2,  'Y', 'N', 'N' );
	INSERT INTO MAP_APP_LANG VALUES ( 15620, 3,  'Y', 'N', 'N' );
	INSERT INTO MAP_APP_LANG VALUES ( 15620, 4,  'Y', 'N', 'N' );
	INSERT INTO MAP_APP_LANG VALUES ( 15620, 6,  'Y', 'N', 'N' );
	INSERT INTO MAP_APP_LANG VALUES ( 15620, 7,  'Y', 'N', 'N' );

	INSERT INTO MAP_APP_PUBLISHER VALUES( 15620, 302 );
	INSERT INTO MAP_APP_PUBLISHER VALUES( 15620, 175 );

	INSERT INTO MAP_APP_TAG VALUES( 15620, 9 );
	INSERT INTO MAP_APP_TAG VALUES( 15620, 12286 );
	INSERT INTO MAP_APP_TAG VALUES( 15620, 1676 );
	INSERT INTO MAP_APP_TAG VALUES( 15620, 3942 );
	INSERT INTO MAP_APP_TAG VALUES( 15620, 3859 );
	INSERT INTO MAP_APP_TAG VALUES( 15620, 1708 );
	INSERT INTO MAP_APP_TAG VALUES( 15620, 5310 );
	INSERT INTO MAP_APP_TAG VALUES( 15620, 4182 );
	INSERT INTO MAP_APP_TAG VALUES( 15620, 1685 );
	INSERT INTO MAP_APP_TAG VALUES( 15620, 4295 );
	INSERT INTO MAP_APP_TAG VALUES( 15620, 4345 );
	INSERT INTO MAP_APP_TAG VALUES( 15620, 3843 );
	INSERT INTO MAP_APP_TAG VALUES( 15620, 122 );
	INSERT INTO MAP_APP_TAG VALUES( 15620, 19 );
	INSERT INTO MAP_APP_TAG VALUES( 15620, 4161 );
	INSERT INTO MAP_APP_TAG VALUES( 15620, 1684 );
	INSERT INTO MAP_APP_TAG VALUES( 15620, 4508 );
	INSERT INTO MAP_APP_TAG VALUES( 15620, 1756 );
	INSERT INTO MAP_APP_TAG VALUES( 15620, 4166 );
	INSERT INTO MAP_APP_TAG VALUES( 15620, 1742 );

INSERT INTO APP_TABLE	 VALUES( 15700, 'Oddworld:_Abe''s_Oddysee¢ç', 'Selected by the fickle finger of fate, Abe¢â, floor-waxer first class for RuptureFarms, was catapulted into a life of adventure when he overheard plans by his boss, Molluck the Glukkon¢â, to turn Abe and his fellow Mudokons into Tasty Treats as part of a last-ditch effort to rescue Molluck''s failing meat-packing empire.', SYSDATE ,3300, '' );
	INSERT INTO MAP_APP_CATEGORY VALUES( 15700, 3 );
	INSERT INTO MAP_APP_CATEGORY VALUES( 15700, 5 );

	INSERT INTO MAP_APP_DEVELOPER VALUES( 15700, 176 );

	INSERT INTO MAP_APP_GENRE VALUES( 15700, 3 );

	INSERT INTO MAP_APP_LANG VALUES ( 15700, 2,  'Y', 'N', 'N' );
	INSERT INTO MAP_APP_LANG VALUES ( 15700, 3,  'Y', 'N', 'N' );
	INSERT INTO MAP_APP_LANG VALUES ( 15700, 4,  'Y', 'N', 'N' );
	INSERT INTO MAP_APP_LANG VALUES ( 15700, 6,  'Y', 'N', 'N' );
	INSERT INTO MAP_APP_LANG VALUES ( 15700, 7,  'Y', 'N', 'N' );
	INSERT INTO MAP_APP_LANG VALUES ( 15700, 11,  'Y', 'N', 'N' );

	INSERT INTO MAP_APP_PUBLISHER VALUES( 15700, 176 );

	INSERT INTO MAP_APP_TAG VALUES( 15700, 1625 );
	INSERT INTO MAP_APP_TAG VALUES( 15700, 21 );
	INSERT INTO MAP_APP_TAG VALUES( 15700, 1693 );
	INSERT INTO MAP_APP_TAG VALUES( 15700, 1664 );
	INSERT INTO MAP_APP_TAG VALUES( 15700, 3871 );
	INSERT INTO MAP_APP_TAG VALUES( 15700, 4182 );
	INSERT INTO MAP_APP_TAG VALUES( 15700, 7782 );
	INSERT INTO MAP_APP_TAG VALUES( 15700, 4342 );
	INSERT INTO MAP_APP_TAG VALUES( 15700, 4136 );
	INSERT INTO MAP_APP_TAG VALUES( 15700, 1719 );
	INSERT INTO MAP_APP_TAG VALUES( 15700, 4004 );
	INSERT INTO MAP_APP_TAG VALUES( 15700, 4145 );
	INSERT INTO MAP_APP_TAG VALUES( 15700, 4166 );
	INSERT INTO MAP_APP_TAG VALUES( 15700, 4026 );
	INSERT INTO MAP_APP_TAG VALUES( 15700, 5537 );
	INSERT INTO MAP_APP_TAG VALUES( 15700, 19 );
	INSERT INTO MAP_APP_TAG VALUES( 15700, 1684 );

INSERT INTO APP_TABLE	 VALUES( 15710, 'Oddworld:_Abe''s_Exoddus¢ç', 'Abe''s peaceful retirement was shattered when visited by a vision from the Mudokon Spirit Guides. Abe¢â learned the Magog Cartel was mining Necrum, the sacred Mudokon city of the dead, to collect bones to make super-addictive SoulStorm Brew.', SYSDATE ,3300, '' );
	INSERT INTO MAP_APP_CATEGORY VALUES( 15710, 3 );

	INSERT INTO MAP_APP_DEVELOPER VALUES( 15710, 176 );

	INSERT INTO MAP_APP_GENRE VALUES( 15710, 3 );

	INSERT INTO MAP_APP_LANG VALUES ( 15710, 2,  'Y', 'N', 'N' );
	INSERT INTO MAP_APP_LANG VALUES ( 15710, 3,  'Y', 'N', 'N' );
	INSERT INTO MAP_APP_LANG VALUES ( 15710, 4,  'Y', 'N', 'N' );
	INSERT INTO MAP_APP_LANG VALUES ( 15710, 6,  'Y', 'N', 'N' );
	INSERT INTO MAP_APP_LANG VALUES ( 15710, 7,  'Y', 'N', 'N' );

	INSERT INTO MAP_APP_PUBLISHER VALUES( 15710, 176 );

	INSERT INTO MAP_APP_TAG VALUES( 15710, 21 );
	INSERT INTO MAP_APP_TAG VALUES( 15710, 1625 );
	INSERT INTO MAP_APP_TAG VALUES( 15710, 3871 );
	INSERT INTO MAP_APP_TAG VALUES( 15710, 1664 );
	INSERT INTO MAP_APP_TAG VALUES( 15710, 1693 );
	INSERT INTO MAP_APP_TAG VALUES( 15710, 4182 );
	INSERT INTO MAP_APP_TAG VALUES( 15710, 7782 );
	INSERT INTO MAP_APP_TAG VALUES( 15710, 1719 );
	INSERT INTO MAP_APP_TAG VALUES( 15710, 4136 );
	INSERT INTO MAP_APP_TAG VALUES( 15710, 4342 );
	INSERT INTO MAP_APP_TAG VALUES( 15710, 4004 );
	INSERT INTO MAP_APP_TAG VALUES( 15710, 19 );
	INSERT INTO MAP_APP_TAG VALUES( 15710, 6691 );
	INSERT INTO MAP_APP_TAG VALUES( 15710, 5537 );
	INSERT INTO MAP_APP_TAG VALUES( 15710, 1687 );

INSERT INTO APP_TABLE	 VALUES( 15740, 'Oddworld:_Munch''s_Oddysee', 'New port for 2016! 60 FPS, higher res textures, higher poly models, improved audio, numerous fixes and improvements, and trading cards, badges, emotes and backgrounds!', SYSDATE ,5500, '' );
	INSERT INTO MAP_APP_CATEGORY VALUES( 15740, 3 );
	INSERT INTO MAP_APP_CATEGORY VALUES( 15740, 4 );
	INSERT INTO MAP_APP_CATEGORY VALUES( 15740, 5 );
	INSERT INTO MAP_APP_CATEGORY VALUES( 15740, 7 );

	INSERT INTO MAP_APP_DEVELOPER VALUES( 15740, 176 );

	INSERT INTO MAP_APP_GENRE VALUES( 15740, 1 );
	INSERT INTO MAP_APP_GENRE VALUES( 15740, 3 );
	INSERT INTO MAP_APP_GENRE VALUES( 15740, 5 );

	INSERT INTO MAP_APP_LANG VALUES ( 15740, 2,  'Y', 'N', 'N' );

	INSERT INTO MAP_APP_PUBLISHER VALUES( 15740, 176 );

	INSERT INTO MAP_APP_TAG VALUES( 15740, 21 );
	INSERT INTO MAP_APP_TAG VALUES( 15740, 19 );
	INSERT INTO MAP_APP_TAG VALUES( 15740, 9 );
	INSERT INTO MAP_APP_TAG VALUES( 15740, 1625 );
	INSERT INTO MAP_APP_TAG VALUES( 15740, 1719 );
	INSERT INTO MAP_APP_TAG VALUES( 15740, 5395 );
	INSERT INTO MAP_APP_TAG VALUES( 15740, 1693 );
	INSERT INTO MAP_APP_TAG VALUES( 15740, 1664 );

INSERT INTO APP_TABLE	 VALUES( 15800, 'Planet_Busters', 'Planet Busters is a new single-player game from Slam, combining puzzle-solving action with awesome firepower and spectacular explosions. The mysterious Scourge have destroyed Earth. Now it¡¯s payback time.', SYSDATE ,-1, '' );
	INSERT INTO MAP_APP_CATEGORY VALUES( 15800, 3 );
	INSERT INTO MAP_APP_CATEGORY VALUES( 15800, 4 );
	INSERT INTO MAP_APP_CATEGORY VALUES( 15800, 7 );

	INSERT INTO MAP_APP_DEVELOPER VALUES( 15800, 177 );

	INSERT INTO MAP_APP_GENRE VALUES( 15800, 4 );
	INSERT INTO MAP_APP_GENRE VALUES( 15800, 7 );

	INSERT INTO MAP_APP_LANG VALUES ( 15800, 2,  'Y', 'N', 'N' );

	INSERT INTO MAP_APP_PUBLISHER VALUES( 15800, 177 );

	INSERT INTO MAP_APP_TAG VALUES( 15800, 492 );
	INSERT INTO MAP_APP_TAG VALUES( 15800, 597 );

INSERT INTO APP_TABLE	 VALUES( 15900, '7_Wonders_II', 'Journey back in time with the 7 Wonders series to when magnificent structures were being built in far away lands. Enjoy challenging match-3 gameplay in a newly enhanced interactive environment where you not only learn about marvelous new wonders such as Stonehenge and Taj Mahal, but also watch them come to life piece by piece before your...', SYSDATE ,10500, '' );
	INSERT INTO MAP_APP_CATEGORY VALUES( 15900, 3 );

	INSERT INTO MAP_APP_DEVELOPER VALUES( 15900, 178 );

	INSERT INTO MAP_APP_GENRE VALUES( 15900, 7 );

	INSERT INTO MAP_APP_LANG VALUES ( 15900, 2,  'Y', 'N', 'N' );

	INSERT INTO MAP_APP_PUBLISHER VALUES( 15900, 178 );

	INSERT INTO MAP_APP_TAG VALUES( 15900, 597 );
	INSERT INTO MAP_APP_TAG VALUES( 15900, 1664 );
	INSERT INTO MAP_APP_TAG VALUES( 15900, 1665 );
	INSERT INTO MAP_APP_TAG VALUES( 15900, 4182 );

INSERT INTO APP_TABLE	 VALUES( 15910, 'Luxor_Amun_Rising', 'Glory and adventure await as you return to save ancient Egypt from certain doom in Luxor: Amun Rising. The sequel to the runaway hit game, you must defeat the rebellious princes of Megiddo before they overthrow the pharaoh and plunge the two lands into chaos!', SYSDATE ,10500, '' );
	INSERT INTO MAP_APP_CATEGORY VALUES( 15910, 3 );

	INSERT INTO MAP_APP_DEVELOPER VALUES( 15910, 178 );

	INSERT INTO MAP_APP_GENRE VALUES( 15910, 7 );

	INSERT INTO MAP_APP_LANG VALUES ( 15910, 2,  'Y', 'N', 'N' );
	INSERT INTO MAP_APP_LANG VALUES ( 15910, 4,  'Y', 'N', 'N' );
	INSERT INTO MAP_APP_LANG VALUES ( 15910, 6,  'Y', 'N', 'N' );
	INSERT INTO MAP_APP_LANG VALUES ( 15910, 12,  'Y', 'N', 'N' );

	INSERT INTO MAP_APP_PUBLISHER VALUES( 15910, 178 );

	INSERT INTO MAP_APP_TAG VALUES( 15910, 597 );

INSERT INTO APP_TABLE	 VALUES( 15920, 'Luxor_2', 'The much anticipated sequel to the #1 casual game of 2005, LUXOR 2 sets the new standard for action-puzzlers. LUXOR 2 takes you on a beautiful voyage through 88 all-new, gorgeously rendered levels set amongst the pyramids of ancient Egypt.', SYSDATE ,10500, '' );
	INSERT INTO MAP_APP_CATEGORY VALUES( 15920, 3 );

	INSERT INTO MAP_APP_DEVELOPER VALUES( 15920, 178 );

	INSERT INTO MAP_APP_GENRE VALUES( 15920, 7 );

	INSERT INTO MAP_APP_LANG VALUES ( 15920, 2,  'Y', 'N', 'N' );
	INSERT INTO MAP_APP_LANG VALUES ( 15920, 4,  'Y', 'N', 'N' );
	INSERT INTO MAP_APP_LANG VALUES ( 15920, 6,  'Y', 'N', 'N' );

	INSERT INTO MAP_APP_PUBLISHER VALUES( 15920, 178 );

	INSERT INTO MAP_APP_TAG VALUES( 15920, 597 );

INSERT INTO APP_TABLE	 VALUES( 15930, 'Luxor_3', 'A brave young Pharaoh, killed prematurely by a fierce sandstorm and embodied by the gods as a skillful scarab, must battle the powerful god of Chaos, Set, to free the essences of other Egyptian gods contained within colorful magical spheres.', SYSDATE ,10500, '' );
	INSERT INTO MAP_APP_CATEGORY VALUES( 15930, 3 );

	INSERT INTO MAP_APP_DEVELOPER VALUES( 15930, 178 );

	INSERT INTO MAP_APP_GENRE VALUES( 15930, 7 );

	INSERT INTO MAP_APP_LANG VALUES ( 15930, 2,  'Y', 'N', 'N' );

	INSERT INTO MAP_APP_PUBLISHER VALUES( 15930, 178 );

	INSERT INTO MAP_APP_TAG VALUES( 15930, 597 );
	INSERT INTO MAP_APP_TAG VALUES( 15930, 1664 );
	INSERT INTO MAP_APP_TAG VALUES( 15930, 1665 );

INSERT INTO APP_TABLE	 VALUES( 48700, 'Mount_&_Blade:_Warband', 'In a land torn asunder by incessant warfare, it is time to assemble your own band of hardened warriors and enter the fray. Lead your men into battle, expand your realm, and claim the ultimate prize: the throne of Calradia!', SYSDATE ,20000, '' );
	INSERT INTO MAP_APP_CATEGORY VALUES( 48700, 3 );
	INSERT INTO MAP_APP_CATEGORY VALUES( 48700, 1 );
	INSERT INTO MAP_APP_CATEGORY VALUES( 48700, 4 );
	INSERT INTO MAP_APP_CATEGORY VALUES( 48700, 5 );
	INSERT INTO MAP_APP_CATEGORY VALUES( 48700, 14 );

	INSERT INTO MAP_APP_DEVELOPER VALUES( 48700, 225 );

	INSERT INTO MAP_APP_GENRE VALUES( 48700, 1 );
	INSERT INTO MAP_APP_GENRE VALUES( 48700, 6 );

	INSERT INTO MAP_APP_LANG VALUES ( 48700, 1,  'Y', 'N', 'N' );
	INSERT INTO MAP_APP_LANG VALUES ( 48700, 2,  'Y', 'N', 'N' );
	INSERT INTO MAP_APP_LANG VALUES ( 48700, 4,  'Y', 'N', 'N' );
	INSERT INTO MAP_APP_LANG VALUES ( 48700, 10,  'Y', 'N', 'N' );
	INSERT INTO MAP_APP_LANG VALUES ( 48700, 24,  'Y', 'N', 'N' );
	INSERT INTO MAP_APP_LANG VALUES ( 48700, 6,  'Y', 'N', 'N' );
	INSERT INTO MAP_APP_LANG VALUES ( 48700, 25,  'Y', 'N', 'N' );
	INSERT INTO MAP_APP_LANG VALUES ( 48700, 7,  'Y', 'N', 'N' );
	INSERT INTO MAP_APP_LANG VALUES ( 48700, 11,  'Y', 'N', 'N' );
	INSERT INTO MAP_APP_LANG VALUES ( 48700, 8,  'Y', 'N', 'N' );
	INSERT INTO MAP_APP_LANG VALUES ( 48700, 19,  'Y', 'N', 'N' );

	INSERT INTO MAP_APP_PUBLISHER VALUES( 48700, 225 );

	INSERT INTO MAP_APP_TAG VALUES( 48700, 4172 );
	INSERT INTO MAP_APP_TAG VALUES( 48700, 122 );
	INSERT INTO MAP_APP_TAG VALUES( 48700, 1695 );
	INSERT INTO MAP_APP_TAG VALUES( 48700, 9 );
	INSERT INTO MAP_APP_TAG VALUES( 48700, 19 );
	INSERT INTO MAP_APP_TAG VALUES( 48700, 3810 );
	INSERT INTO MAP_APP_TAG VALUES( 48700, 3859 );
	INSERT INTO MAP_APP_TAG VALUES( 48700, 1669 );
	INSERT INTO MAP_APP_TAG VALUES( 48700, 4168 );
	INSERT INTO MAP_APP_TAG VALUES( 48700, 21 );
	INSERT INTO MAP_APP_TAG VALUES( 48700, 6041 );
	INSERT INTO MAP_APP_TAG VALUES( 48700, 4175 );
	INSERT INTO MAP_APP_TAG VALUES( 48700, 3839 );
	INSERT INTO MAP_APP_TAG VALUES( 48700, 3987 );
	INSERT INTO MAP_APP_TAG VALUES( 48700, 4182 );
	INSERT INTO MAP_APP_TAG VALUES( 48700, 1697 );
	INSERT INTO MAP_APP_TAG VALUES( 48700, 1646 );
	INSERT INTO MAP_APP_TAG VALUES( 48700, 599 );
	INSERT INTO MAP_APP_TAG VALUES( 48700, 1684 );
	INSERT INTO MAP_APP_TAG VALUES( 48700, 492 );

INSERT INTO APP_TABLE	 VALUES( 15950, 'Reaxxion', 'Celebrating 30 years of breakout games, action-packed Reaxxion is the next generation, letting gamers wield the power to manipulate liquid metal to destroy targets! Like no breakout game before it, Reaxxion is a unique entertainment experience that will capture your imagination and excite your senses.', SYSDATE ,10500, '' );
	INSERT INTO MAP_APP_CATEGORY VALUES( 15950, 3 );

	INSERT INTO MAP_APP_DEVELOPER VALUES( 15950, 178 );

	INSERT INTO MAP_APP_GENRE VALUES( 15950, 7 );

	INSERT INTO MAP_APP_LANG VALUES ( 15950, 2,  'Y', 'N', 'N' );

	INSERT INTO MAP_APP_PUBLISHER VALUES( 15950, 178 );

	INSERT INTO MAP_APP_TAG VALUES( 15950, 597 );
	INSERT INTO MAP_APP_TAG VALUES( 15950, 1773 );

INSERT INTO APP_TABLE	 VALUES( 48720, 'Mount_&_Blade:_With_Fire_&_Sword', 'The standalone expansion for Mount & Blade! With Fire & Sword builds and expands upon the highly regarded combat system from Mount & Blade: Warband. Firearms have been introduced to the battlefield.', SYSDATE ,10000, '' );
	INSERT INTO MAP_APP_CATEGORY VALUES( 48720, 3 );
	INSERT INTO MAP_APP_CATEGORY VALUES( 48720, 1 );
	INSERT INTO MAP_APP_CATEGORY VALUES( 48720, 4 );

	INSERT INTO MAP_APP_DEVELOPER VALUES( 48720, 225 );

	INSERT INTO MAP_APP_GENRE VALUES( 48720, 1 );
	INSERT INTO MAP_APP_GENRE VALUES( 48720, 6 );

	INSERT INTO MAP_APP_LANG VALUES ( 48720, 1,  'Y', 'N', 'N' );
	INSERT INTO MAP_APP_LANG VALUES ( 48720, 2,  'Y', 'N', 'N' );
	INSERT INTO MAP_APP_LANG VALUES ( 48720, 4,  'Y', 'N', 'N' );
	INSERT INTO MAP_APP_LANG VALUES ( 48720, 10,  'Y', 'N', 'N' );
	INSERT INTO MAP_APP_LANG VALUES ( 48720, 7,  'Y', 'N', 'N' );
	INSERT INTO MAP_APP_LANG VALUES ( 48720, 6,  'Y', 'N', 'N' );
	INSERT INTO MAP_APP_LANG VALUES ( 48720, 24,  'Y', 'N', 'N' );
	INSERT INTO MAP_APP_LANG VALUES ( 48720, 11,  'Y', 'N', 'N' );
	INSERT INTO MAP_APP_LANG VALUES ( 48720, 8,  'Y', 'N', 'N' );
	INSERT INTO MAP_APP_LANG VALUES ( 48720, 19,  'Y', 'N', 'N' );

	INSERT INTO MAP_APP_PUBLISHER VALUES( 48720, 225 );

	INSERT INTO MAP_APP_TAG VALUES( 48720, 122 );
	INSERT INTO MAP_APP_TAG VALUES( 48720, 1695 );
	INSERT INTO MAP_APP_TAG VALUES( 48720, 19 );
	INSERT INTO MAP_APP_TAG VALUES( 48720, 4172 );
	INSERT INTO MAP_APP_TAG VALUES( 48720, 9 );
	INSERT INTO MAP_APP_TAG VALUES( 48720, 3859 );
	INSERT INTO MAP_APP_TAG VALUES( 48720, 3987 );
	INSERT INTO MAP_APP_TAG VALUES( 48720, 4182 );
	INSERT INTO MAP_APP_TAG VALUES( 48720, 1678 );
	INSERT INTO MAP_APP_TAG VALUES( 48720, 3810 );
	INSERT INTO MAP_APP_TAG VALUES( 48720, 1697 );
	INSERT INTO MAP_APP_TAG VALUES( 48720, 21 );
	INSERT INTO MAP_APP_TAG VALUES( 48720, 4747 );
	INSERT INTO MAP_APP_TAG VALUES( 48720, 3839 );
	INSERT INTO MAP_APP_TAG VALUES( 48720, 1669 );
	INSERT INTO MAP_APP_TAG VALUES( 48720, 599 );
	INSERT INTO MAP_APP_TAG VALUES( 48720, 6041 );
	INSERT INTO MAP_APP_TAG VALUES( 48720, 4231 );
	INSERT INTO MAP_APP_TAG VALUES( 48720, 3796 );
	INSERT INTO MAP_APP_TAG VALUES( 48720, 492 );

INSERT INTO APP_TABLE	 VALUES( 15960, 'Little_Farm', 'Have a down-home good time at Little Farm, where you''ll use your puzzle-solving and matching skills to help The Normans adjust to farm life and grow truck-loads of vegetables! The Normans left the city to retreat to Uncle Nate''s farm?but this isn''t a farm of leisure!', SYSDATE ,10500, '' );
	INSERT INTO MAP_APP_CATEGORY VALUES( 15960, 3 );

	INSERT INTO MAP_APP_DEVELOPER VALUES( 15960, 178 );

	INSERT INTO MAP_APP_GENRE VALUES( 15960, 7 );

	INSERT INTO MAP_APP_LANG VALUES ( 15960, 2,  'Y', 'N', 'N' );

	INSERT INTO MAP_APP_PUBLISHER VALUES( 15960, 178 );

	INSERT INTO MAP_APP_TAG VALUES( 15960, 597 );
	INSERT INTO MAP_APP_TAG VALUES( 15960, 22602 );
	INSERT INTO MAP_APP_TAG VALUES( 15960, 1664 );
	INSERT INTO MAP_APP_TAG VALUES( 15960, 4182 );

INSERT INTO APP_TABLE	 VALUES( 15970, 'Luxor', 'Addictive and exciting, Luxor is an action-puzzler that takes you on a thrilling adventure across Ancient Egypt. Isis has enlisted you to battle Set and his evil minions. Use your scarab to shoot and destroy the approaching spheres before they reach the pyramids. Use Isis? magic by catching talismans, gems, and Ankh coins.', SYSDATE ,10500, '' );
	INSERT INTO MAP_APP_CATEGORY VALUES( 15970, 3 );

	INSERT INTO MAP_APP_DEVELOPER VALUES( 15970, 178 );

	INSERT INTO MAP_APP_GENRE VALUES( 15970, 7 );

	INSERT INTO MAP_APP_LANG VALUES ( 15970, 2,  'Y', 'N', 'N' );
	INSERT INTO MAP_APP_LANG VALUES ( 15970, 4,  'Y', 'N', 'N' );
	INSERT INTO MAP_APP_LANG VALUES ( 15970, 6,  'Y', 'N', 'N' );
	INSERT INTO MAP_APP_LANG VALUES ( 15970, 12,  'Y', 'N', 'N' );

	INSERT INTO MAP_APP_PUBLISHER VALUES( 15970, 178 );

	INSERT INTO MAP_APP_TAG VALUES( 15970, 597 );
	INSERT INTO MAP_APP_TAG VALUES( 15970, 1665 );

INSERT INTO APP_TABLE	 VALUES( 16000, 'Discovery!_A_Seek_and_Find_Adventure', 'Break out your magnifying glass and passport-It''s time for Discovery!, the seek-and-find game show with your host, Jerry Landers and the beautiful Jill Summers. Step up to the wheel, and choose today''s adventure! Will it be Spain, China, Australia, or one of three other fabulous international hot spots?', SYSDATE ,10500, '' );
	INSERT INTO MAP_APP_CATEGORY VALUES( 16000, 3 );

	INSERT INTO MAP_APP_DEVELOPER VALUES( 16000, 178 );

	INSERT INTO MAP_APP_GENRE VALUES( 16000, 7 );

	INSERT INTO MAP_APP_LANG VALUES ( 16000, 2,  'Y', 'N', 'N' );

	INSERT INTO MAP_APP_PUBLISHER VALUES( 16000, 178 );

	INSERT INTO MAP_APP_TAG VALUES( 16000, 597 );
	INSERT INTO MAP_APP_TAG VALUES( 16000, 1738 );

INSERT INTO APP_TABLE	 VALUES( 16020, 'Samantha_Swift_and_the_Hidden_Roses_of_Athena', 'On a quest to recover the Scepter of Zeus for The Museum of Lost Secrets, archeologist and adventurer Samantha Swift stumbles upon one of the greatest archeological finds of all time! Unfortunately, she also runs into greedy treasure hunter Ravena Stryker.', SYSDATE ,10500, '' );
	INSERT INTO MAP_APP_CATEGORY VALUES( 16020, 3 );

	INSERT INTO MAP_APP_DEVELOPER VALUES( 16020, 178 );

	INSERT INTO MAP_APP_GENRE VALUES( 16020, 7 );

	INSERT INTO MAP_APP_LANG VALUES ( 16020, 2,  'Y', 'N', 'N' );

	INSERT INTO MAP_APP_PUBLISHER VALUES( 16020, 178 );

	INSERT INTO MAP_APP_TAG VALUES( 16020, 597 );
	INSERT INTO MAP_APP_TAG VALUES( 16020, 1738 );
	INSERT INTO MAP_APP_TAG VALUES( 16020, 21 );
	INSERT INTO MAP_APP_TAG VALUES( 16020, 7208 );

INSERT INTO APP_TABLE	 VALUES( 16030, '7_Wonders:_Treasures_of_Seven', 'It''s time to build nine of the most intriguing structures throughout history! Match runes to break blocks and uncover the lock and keystone for each round. Rotate the cube face to move your keystone along the pathways you''ve created to reach each level''s lock and conquer all six sides!', SYSDATE ,10500, '' );
	INSERT INTO MAP_APP_CATEGORY VALUES( 16030, 3 );

	INSERT INTO MAP_APP_DEVELOPER VALUES( 16030, 178 );

	INSERT INTO MAP_APP_GENRE VALUES( 16030, 7 );

	INSERT INTO MAP_APP_LANG VALUES ( 16030, 2,  'Y', 'N', 'N' );

	INSERT INTO MAP_APP_PUBLISHER VALUES( 16030, 178 );

	INSERT INTO MAP_APP_TAG VALUES( 16030, 597 );
	INSERT INTO MAP_APP_TAG VALUES( 16030, 1665 );
	INSERT INTO MAP_APP_TAG VALUES( 16030, 1664 );

INSERT INTO APP_TABLE	 VALUES( 48800, 'Ship_Simulator_Extremes', 'VSTEP and Paradox are proud to announce the next installment of the acclaimed Ship Simulator series. With over 550K copies sold, the series returns to take you into the most extreme conditions on earth¡¦ Ever wonder how it feels to sail a half-million-ton supertanker through the perfect storm?', SYSDATE ,21000, '' );
	INSERT INTO MAP_APP_CATEGORY VALUES( 48800, 3 );
	INSERT INTO MAP_APP_CATEGORY VALUES( 48800, 1 );

	INSERT INTO MAP_APP_DEVELOPER VALUES( 48800, 433 );

	INSERT INTO MAP_APP_GENRE VALUES( 48800, 8 );

	INSERT INTO MAP_APP_LANG VALUES ( 48800, 2,  'Y', 'N', 'N' );
	INSERT INTO MAP_APP_LANG VALUES ( 48800, 6,  'Y', 'N', 'N' );
	INSERT INTO MAP_APP_LANG VALUES ( 48800, 7,  'Y', 'N', 'N' );


	INSERT INTO MAP_APP_TAG VALUES( 48800, 599 );
	INSERT INTO MAP_APP_TAG VALUES( 48800, 4175 );
	INSERT INTO MAP_APP_TAG VALUES( 48800, 6910 );
	INSERT INTO MAP_APP_TAG VALUES( 48800, 21 );
	INSERT INTO MAP_APP_TAG VALUES( 48800, 3859 );
	INSERT INTO MAP_APP_TAG VALUES( 48800, 1695 );

INSERT INTO APP_TABLE	 VALUES( 16040, 'Luxor:_Quest_for_the_Afterlife', 'LUXOR, the #1-selling, action-puzzle game, blasts outside Egypt''s borders and onto the Silk Road in search of riches beyond imagination. One of the most beautiful and well-known faces in history is also one of its greatest mysteries.', SYSDATE ,10500, '' );
	INSERT INTO MAP_APP_CATEGORY VALUES( 16040, 3 );

	INSERT INTO MAP_APP_DEVELOPER VALUES( 16040, 178 );

	INSERT INTO MAP_APP_GENRE VALUES( 16040, 7 );

	INSERT INTO MAP_APP_LANG VALUES ( 16040, 2,  'Y', 'N', 'N' );

	INSERT INTO MAP_APP_PUBLISHER VALUES( 16040, 178 );

	INSERT INTO MAP_APP_TAG VALUES( 16040, 597 );

INSERT INTO APP_TABLE	 VALUES( 16060, 'Samantha_Swift_and_the_Golden_Touch', 'When Samantha''s new benefactor asks her to track down Alexander the Great''s Scroll of Wealth, the opportunity seems too be good to be true?searching for the scroll while collecting amazing finds for the Museum of Secrets Lost!', SYSDATE ,10500, '' );
	INSERT INTO MAP_APP_CATEGORY VALUES( 16060, 3 );

	INSERT INTO MAP_APP_DEVELOPER VALUES( 16060, 178 );

	INSERT INTO MAP_APP_GENRE VALUES( 16060, 7 );

	INSERT INTO MAP_APP_LANG VALUES ( 16060, 2,  'Y', 'N', 'N' );

	INSERT INTO MAP_APP_PUBLISHER VALUES( 16060, 178 );

	INSERT INTO MAP_APP_TAG VALUES( 16060, 597 );
	INSERT INTO MAP_APP_TAG VALUES( 16060, 1738 );
	INSERT INTO MAP_APP_TAG VALUES( 16060, 21 );
	INSERT INTO MAP_APP_TAG VALUES( 16060, 7208 );

INSERT INTO APP_TABLE	 VALUES( 16100, 'Virtual_Villagers:_A_New_Home', 'Care for and nurture a tribe of little people by teaching them the basics of survival. They need to become farmers, builders, scientists, parents and make decisions about unpredictable ''island events''! Guide their day-to-day lives and help them explore and restore their new home.', SYSDATE ,-1, '' );
	INSERT INTO MAP_APP_CATEGORY VALUES( 16100, 3 );

	INSERT INTO MAP_APP_DEVELOPER VALUES( 16100, 179 );

	INSERT INTO MAP_APP_GENRE VALUES( 16100, 7 );
	INSERT INTO MAP_APP_GENRE VALUES( 16100, 8 );

	INSERT INTO MAP_APP_LANG VALUES ( 16100, 2,  'Y', 'N', 'N' );

	INSERT INTO MAP_APP_PUBLISHER VALUES( 16100, 179 );

	INSERT INTO MAP_APP_TAG VALUES( 16100, 597 );
	INSERT INTO MAP_APP_TAG VALUES( 16100, 599 );

INSERT INTO APP_TABLE	 VALUES( 16110, 'Virtual_Villagers:_The_Lost_Children', 'Somewhere in the Pacific, there was a beautiful island, called Isola, where lost villagers made their home. The castaways explored their small part of the island and knew every corner. Only a mysterious cave had not been carefully explored.', SYSDATE ,-1, '' );
	INSERT INTO MAP_APP_CATEGORY VALUES( 16110, 3 );

	INSERT INTO MAP_APP_DEVELOPER VALUES( 16110, 179 );

	INSERT INTO MAP_APP_GENRE VALUES( 16110, 7 );
	INSERT INTO MAP_APP_GENRE VALUES( 16110, 8 );

	INSERT INTO MAP_APP_LANG VALUES ( 16110, 2,  'Y', 'N', 'N' );

	INSERT INTO MAP_APP_PUBLISHER VALUES( 16110, 179 );

	INSERT INTO MAP_APP_TAG VALUES( 16110, 597 );
	INSERT INTO MAP_APP_TAG VALUES( 16110, 599 );

INSERT INTO APP_TABLE	 VALUES( 16120, 'Plant_Tycoon', 'Plant Tycoon is a gardening sim game where you nurture plants and experiment with increasingly rare and valuable species. The object is to breed and cross breed plants until you find the 6 Magic Plants of Isola and solve the genetic puzzle. You start with a couple of dollars, a handful of seeds, some soil and water.', SYSDATE ,-1, '' );
	INSERT INTO MAP_APP_CATEGORY VALUES( 16120, 3 );

	INSERT INTO MAP_APP_DEVELOPER VALUES( 16120, 179 );

	INSERT INTO MAP_APP_GENRE VALUES( 16120, 7 );
	INSERT INTO MAP_APP_GENRE VALUES( 16120, 8 );

	INSERT INTO MAP_APP_LANG VALUES ( 16120, 2,  'Y', 'N', 'N' );

	INSERT INTO MAP_APP_PUBLISHER VALUES( 16120, 179 );

	INSERT INTO MAP_APP_TAG VALUES( 16120, 597 );
	INSERT INTO MAP_APP_TAG VALUES( 16120, 599 );
	INSERT INTO MAP_APP_TAG VALUES( 16120, 12472 );

INSERT INTO APP_TABLE	 VALUES( 16130, 'Fish_Tycoon', 'Fish Tycoon is a virtual fish breeding game. The object is to breed and cross breed fish until you find the 7 Magic Fish and solve the genetic puzzle. You will have to buy supplies like meds, eggs and special plants and then sell some of your fish in your virtual pet store.', SYSDATE ,-1, '' );
	INSERT INTO MAP_APP_CATEGORY VALUES( 16130, 3 );

	INSERT INTO MAP_APP_DEVELOPER VALUES( 16130, 179 );

	INSERT INTO MAP_APP_GENRE VALUES( 16130, 7 );
	INSERT INTO MAP_APP_GENRE VALUES( 16130, 8 );

	INSERT INTO MAP_APP_LANG VALUES ( 16130, 2,  'Y', 'N', 'N' );

	INSERT INTO MAP_APP_PUBLISHER VALUES( 16130, 179 );

	INSERT INTO MAP_APP_TAG VALUES( 16130, 597 );
	INSERT INTO MAP_APP_TAG VALUES( 16130, 599 );
	INSERT INTO MAP_APP_TAG VALUES( 16130, 12472 );

INSERT INTO APP_TABLE	 VALUES( 16180, 'Virtual_Villagers_-_The_Secret_City', 'Embark on a journey with a group of villagers in search of a new part of the island to populate. Land on the hidden shores of the northern side of Isola and explore what was once a secret city. Find new sources of food to nourish your villagers and help them rebuild the remains of this mysterious city. Who lived here before?', SYSDATE ,-1, '' );
	INSERT INTO MAP_APP_CATEGORY VALUES( 16180, 3 );

	INSERT INTO MAP_APP_DEVELOPER VALUES( 16180, 179 );

	INSERT INTO MAP_APP_GENRE VALUES( 16180, 7 );
	INSERT INTO MAP_APP_GENRE VALUES( 16180, 8 );

	INSERT INTO MAP_APP_LANG VALUES ( 16180, 2,  'Y', 'N', 'N' );

	INSERT INTO MAP_APP_PUBLISHER VALUES( 16180, 179 );

	INSERT INTO MAP_APP_TAG VALUES( 16180, 597 );
	INSERT INTO MAP_APP_TAG VALUES( 16180, 599 );

INSERT INTO APP_TABLE	 VALUES( 48950, 'Greed_Corp', 'Turn-based strategy at its finest.', SYSDATE ,-1, '' );
	INSERT INTO MAP_APP_CATEGORY VALUES( 48950, 3 );
	INSERT INTO MAP_APP_CATEGORY VALUES( 48950, 1 );
	INSERT INTO MAP_APP_CATEGORY VALUES( 48950, 4 );
	INSERT INTO MAP_APP_CATEGORY VALUES( 48950, 8 );
	INSERT INTO MAP_APP_CATEGORY VALUES( 48950, 18 );

	INSERT INTO MAP_APP_DEVELOPER VALUES( 48950, 434 );

	INSERT INTO MAP_APP_GENRE VALUES( 48950, 5 );

	INSERT INTO MAP_APP_LANG VALUES ( 48950, 2,  'Y', 'N', 'N' );
	INSERT INTO MAP_APP_LANG VALUES ( 48950, 4,  'Y', 'N', 'N' );
	INSERT INTO MAP_APP_LANG VALUES ( 48950, 6,  'Y', 'N', 'N' );
	INSERT INTO MAP_APP_LANG VALUES ( 48950, 7,  'Y', 'N', 'N' );


	INSERT INTO MAP_APP_TAG VALUES( 48950, 9 );
	INSERT INTO MAP_APP_TAG VALUES( 48950, 1677 );
	INSERT INTO MAP_APP_TAG VALUES( 48950, 3859 );
	INSERT INTO MAP_APP_TAG VALUES( 48950, 1664 );
	INSERT INTO MAP_APP_TAG VALUES( 48950, 1741 );
	INSERT INTO MAP_APP_TAG VALUES( 48950, 4182 );
	INSERT INTO MAP_APP_TAG VALUES( 48950, 7368 );
	INSERT INTO MAP_APP_TAG VALUES( 48950, 1717 );

INSERT INTO APP_TABLE	 VALUES( 49000, 'Hotel_Dash¢â_Suite_Success¢â', 'When Quinn''s new travel business hits a snag, she needs Flo''s patented elbow grease to help renovate and run hotels all over DinerTown¢â! As Flo, you will deliver guest''s luggage, drop off room service and provide extra towels, blankets and anything else they may need to stay happy and leave big tips!', SYSDATE ,-1, '' );
	INSERT INTO MAP_APP_CATEGORY VALUES( 49000, 3 );

	INSERT INTO MAP_APP_DEVELOPER VALUES( 49000, 324 );

	INSERT INTO MAP_APP_GENRE VALUES( 49000, 7 );

	INSERT INTO MAP_APP_LANG VALUES ( 49000, 2,  'Y', 'N', 'N' );

	INSERT INTO MAP_APP_PUBLISHER VALUES( 49000, 324 );

	INSERT INTO MAP_APP_TAG VALUES( 49000, 597 );

INSERT INTO APP_TABLE	 VALUES( 16300, 'Everyday_Shooter', 'Everyday Shooter is an album of games exploring the expressive power of abstract shooters. Dissolute sounds of destruction are replaced with guitar riffs harmonizing over an all-guitar soundtrack, while modulating shapes celebrate the flowing beauty of geometry.', SYSDATE ,-1, '' );
	INSERT INTO MAP_APP_CATEGORY VALUES( 16300, 3 );
	INSERT INTO MAP_APP_CATEGORY VALUES( 16300, 7 );

	INSERT INTO MAP_APP_DEVELOPER VALUES( 16300, 180 );

	INSERT INTO MAP_APP_GENRE VALUES( 16300, 4 );
	INSERT INTO MAP_APP_GENRE VALUES( 16300, 7 );

	INSERT INTO MAP_APP_LANG VALUES ( 16300, 2,  'Y', 'N', 'N' );


	INSERT INTO MAP_APP_TAG VALUES( 16300, 492 );
	INSERT INTO MAP_APP_TAG VALUES( 16300, 597 );
	INSERT INTO MAP_APP_TAG VALUES( 16300, 4758 );
	INSERT INTO MAP_APP_TAG VALUES( 16300, 1774 );
	INSERT INTO MAP_APP_TAG VALUES( 16300, 1621 );
	INSERT INTO MAP_APP_TAG VALUES( 16300, 1756 );

INSERT INTO APP_TABLE	 VALUES( 16450, 'F.E.A.R._2:_Project_Origin', 'Deployed just minutes before the blast triggered by the original F.E.A.R. team, you assume the role of Special Forces Sgt. Michael Becket as your routine mission quickly turns into a fight for survival against the wrath of Alma Wade.', SYSDATE ,16000, '' );
	INSERT INTO MAP_APP_CATEGORY VALUES( 16450, 3 );
	INSERT INTO MAP_APP_CATEGORY VALUES( 16450, 1 );

	INSERT INTO MAP_APP_DEVELOPER VALUES( 16450, 58 );

	INSERT INTO MAP_APP_GENRE VALUES( 16450, 1 );

	INSERT INTO MAP_APP_LANG VALUES ( 16450, 2,  'Y', 'N', 'N' );
	INSERT INTO MAP_APP_LANG VALUES ( 16450, 3,  'Y', 'N', 'N' );
	INSERT INTO MAP_APP_LANG VALUES ( 16450, 4,  'Y', 'N', 'N' );
	INSERT INTO MAP_APP_LANG VALUES ( 16450, 10,  'Y', 'N', 'N' );
	INSERT INTO MAP_APP_LANG VALUES ( 16450, 9,  'Y', 'N', 'N' );
	INSERT INTO MAP_APP_LANG VALUES ( 16450, 6,  'Y', 'N', 'N' );
	INSERT INTO MAP_APP_LANG VALUES ( 16450, 7,  'Y', 'N', 'N' );
	INSERT INTO MAP_APP_LANG VALUES ( 16450, 24,  'Y', 'N', 'N' );
	INSERT INTO MAP_APP_LANG VALUES ( 16450, 25,  'Y', 'N', 'N' );


	INSERT INTO MAP_APP_TAG VALUES( 16450, 1667 );
	INSERT INTO MAP_APP_TAG VALUES( 16450, 1663 );
	INSERT INTO MAP_APP_TAG VALUES( 16450, 19 );
	INSERT INTO MAP_APP_TAG VALUES( 16450, 4182 );
	INSERT INTO MAP_APP_TAG VALUES( 16450, 1774 );
	INSERT INTO MAP_APP_TAG VALUES( 16450, 5796 );
	INSERT INTO MAP_APP_TAG VALUES( 16450, 4345 );
	INSERT INTO MAP_APP_TAG VALUES( 16450, 3859 );
	INSERT INTO MAP_APP_TAG VALUES( 16450, 1721 );
	INSERT INTO MAP_APP_TAG VALUES( 16450, 3839 );
	INSERT INTO MAP_APP_TAG VALUES( 16450, 4166 );
	INSERT INTO MAP_APP_TAG VALUES( 16450, 3942 );
	INSERT INTO MAP_APP_TAG VALUES( 16450, 1693 );
	INSERT INTO MAP_APP_TAG VALUES( 16450, 1742 );

INSERT INTO APP_TABLE	 VALUES( 16500, 'Chaos_Theory', 'Meet Chaos Theory! A balanced mix of arcade gameplay and challenging physics-based puzzle solving.The main objective in Chaos Theory is to fill "Collectors" with magnetically charged particles. Those particles move freely in the environment and are influenced by other objects and their magnetic forces.', SYSDATE ,-1, '' );
	INSERT INTO MAP_APP_CATEGORY VALUES( 16500, 3 );
	INSERT INTO MAP_APP_CATEGORY VALUES( 16500, 4 );

	INSERT INTO MAP_APP_DEVELOPER VALUES( 16500, 181 );

	INSERT INTO MAP_APP_GENRE VALUES( 16500, 7 );
	INSERT INTO MAP_APP_GENRE VALUES( 16500, 4 );

	INSERT INTO MAP_APP_LANG VALUES ( 16500, 2,  'Y', 'N', 'N' );
	INSERT INTO MAP_APP_LANG VALUES ( 16500, 6,  'Y', 'N', 'N' );

	INSERT INTO MAP_APP_PUBLISHER VALUES( 16500, 181 );

	INSERT INTO MAP_APP_TAG VALUES( 16500, 492 );
	INSERT INTO MAP_APP_TAG VALUES( 16500, 597 );
	INSERT INTO MAP_APP_TAG VALUES( 16500, 1664 );

INSERT INTO APP_TABLE	 VALUES( 49300, 'Commander:_Conquest_of_the_Americas', 'Combining elements from both trading and strategy games, Commander: Conquest of the Americas will appeal to a wide range of players. Players take charge of one of the many European powers aiming to conquer the New World.', SYSDATE ,-1, '' );
	INSERT INTO MAP_APP_CATEGORY VALUES( 49300, 3 );
	INSERT INTO MAP_APP_CATEGORY VALUES( 49300, 4 );

	INSERT INTO MAP_APP_DEVELOPER VALUES( 49300, 259 );

	INSERT INTO MAP_APP_GENRE VALUES( 49300, 5 );

	INSERT INTO MAP_APP_LANG VALUES ( 49300, 2,  'Y', 'N', 'N' );
	INSERT INTO MAP_APP_LANG VALUES ( 49300, 4,  'Y', 'N', 'N' );
	INSERT INTO MAP_APP_LANG VALUES ( 49300, 6,  'Y', 'N', 'N' );
	INSERT INTO MAP_APP_LANG VALUES ( 49300, 7,  'Y', 'N', 'N' );

	INSERT INTO MAP_APP_PUBLISHER VALUES( 49300, 259 );

	INSERT INTO MAP_APP_TAG VALUES( 49300, 9 );
	INSERT INTO MAP_APP_TAG VALUES( 49300, 6910 );
	INSERT INTO MAP_APP_TAG VALUES( 49300, 3987 );
	INSERT INTO MAP_APP_TAG VALUES( 49300, 13577 );
	INSERT INTO MAP_APP_TAG VALUES( 49300, 4695 );
	INSERT INTO MAP_APP_TAG VALUES( 49300, 3834 );
	INSERT INTO MAP_APP_TAG VALUES( 49300, 4166 );
	INSERT INTO MAP_APP_TAG VALUES( 49300, 4202 );
	INSERT INTO MAP_APP_TAG VALUES( 49300, 21 );
	INSERT INTO MAP_APP_TAG VALUES( 49300, 1695 );
	INSERT INTO MAP_APP_TAG VALUES( 49300, 4486 );
	INSERT INTO MAP_APP_TAG VALUES( 49300, 4835 );
	INSERT INTO MAP_APP_TAG VALUES( 49300, 6426 );
	INSERT INTO MAP_APP_TAG VALUES( 49300, 7782 );
	INSERT INTO MAP_APP_TAG VALUES( 49300, 1681 );

INSERT INTO APP_TABLE	 VALUES( 49320, 'Woody_Two-Legs:_Attack_of_the_Zombie_Pirates', 'Meet Woody Two-Legs, the least infamous pirate of Seven Seas. Things have never gone quite right for Woody. That is, until he scored big time and got his hands on huge treasure. Sailing to remote island, Woody was about to bury his treasure, just as any good pirate would do.', SYSDATE ,-1, '' );
	INSERT INTO MAP_APP_CATEGORY VALUES( 49320, 3 );
	INSERT INTO MAP_APP_CATEGORY VALUES( 49320, 4 );

	INSERT INTO MAP_APP_DEVELOPER VALUES( 49320, 259 );

	INSERT INTO MAP_APP_GENRE VALUES( 49320, 7 );

	INSERT INTO MAP_APP_LANG VALUES ( 49320, 2,  'Y', 'N', 'N' );
	INSERT INTO MAP_APP_LANG VALUES ( 49320, 4,  'Y', 'N', 'N' );
	INSERT INTO MAP_APP_LANG VALUES ( 49320, 6,  'Y', 'N', 'N' );

	INSERT INTO MAP_APP_PUBLISHER VALUES( 49320, 259 );

	INSERT INTO MAP_APP_TAG VALUES( 49320, 597 );
	INSERT INTO MAP_APP_TAG VALUES( 49320, 1681 );

INSERT INTO APP_TABLE	 VALUES( 49330, 'Pirates_of_Black_Cove', 'Set in the golden age of pirates, this is your chance to become pirate king and conquer the Caribbean. Join, champion, and unite the three pirate factions: Pirates, Corsairs and Buccaneers. You must ultimately leverage this unity in all out war against the evil Pirates of Black Cove.', SYSDATE ,-1, '' );
	INSERT INTO MAP_APP_CATEGORY VALUES( 49330, 3 );
	INSERT INTO MAP_APP_CATEGORY VALUES( 49330, 4 );

	INSERT INTO MAP_APP_DEVELOPER VALUES( 49330, 259 );

	INSERT INTO MAP_APP_GENRE VALUES( 49330, 5 );

	INSERT INTO MAP_APP_LANG VALUES ( 49330, 2,  'Y', 'N', 'N' );
	INSERT INTO MAP_APP_LANG VALUES ( 49330, 6,  'Y', 'N', 'N' );


	INSERT INTO MAP_APP_TAG VALUES( 49330, 9 );
	INSERT INTO MAP_APP_TAG VALUES( 49330, 1681 );
	INSERT INTO MAP_APP_TAG VALUES( 49330, 1676 );
	INSERT INTO MAP_APP_TAG VALUES( 49330, 19 );
	INSERT INTO MAP_APP_TAG VALUES( 49330, 4182 );

INSERT INTO APP_TABLE	 VALUES( 16600, 'Trials_2:_Second_Edition', 'RedLynx Trials 2 Second Edition is a spectacular motorcycle game featuring stunning graphics and addictive gameplay! 4 game types (race, flip, wheelie, dynamic)Race: Race against other players to compete levels as fast as possibleFlip: Try to make as many backflips or frontflips with your bikeWheelie: Drive on your backwheel for longest...', SYSDATE ,-1, '' );
	INSERT INTO MAP_APP_CATEGORY VALUES( 16600, 3 );
	INSERT INTO MAP_APP_CATEGORY VALUES( 16600, 1 );
	INSERT INTO MAP_APP_CATEGORY VALUES( 16600, 4 );

	INSERT INTO MAP_APP_DEVELOPER VALUES( 16600, 182 );

	INSERT INTO MAP_APP_GENRE VALUES( 16600, 4 );
	INSERT INTO MAP_APP_GENRE VALUES( 16600, 9 );
	INSERT INTO MAP_APP_GENRE VALUES( 16600, 11 );

	INSERT INTO MAP_APP_LANG VALUES ( 16600, 2,  'Y', 'N', 'N' );
	INSERT INTO MAP_APP_LANG VALUES ( 16600, 3,  'Y', 'N', 'N' );
	INSERT INTO MAP_APP_LANG VALUES ( 16600, 4,  'Y', 'N', 'N' );
	INSERT INTO MAP_APP_LANG VALUES ( 16600, 9,  'Y', 'N', 'N' );
	INSERT INTO MAP_APP_LANG VALUES ( 16600, 10,  'Y', 'N', 'N' );
	INSERT INTO MAP_APP_LANG VALUES ( 16600, 15,  'Y', 'N', 'N' );
	INSERT INTO MAP_APP_LANG VALUES ( 16600, 6,  'Y', 'N', 'N' );
	INSERT INTO MAP_APP_LANG VALUES ( 16600, 7,  'Y', 'N', 'N' );
	INSERT INTO MAP_APP_LANG VALUES ( 16600, 24,  'Y', 'N', 'N' );
	INSERT INTO MAP_APP_LANG VALUES ( 16600, 12,  'Y', 'N', 'N' );


	INSERT INTO MAP_APP_TAG VALUES( 16600, 699 );
	INSERT INTO MAP_APP_TAG VALUES( 16600, 492 );
	INSERT INTO MAP_APP_TAG VALUES( 16600, 701 );

INSERT INTO APP_TABLE	 VALUES( 16620, 'Monster_Trucks_Nitro', 'Race, jump and nitroboost your way pass thrilling dynamic levels with your monster trucks. Earn medals and unlock new levels and vehicles. Lots of brilliant tracks Be fast but use also your wits to pass the tracks Improve your times and earn medals Collect the Nitro tanks to unleash special powers! Unlock extra trucks!', SYSDATE ,-1, '' );
	INSERT INTO MAP_APP_CATEGORY VALUES( 16620, 3 );

	INSERT INTO MAP_APP_DEVELOPER VALUES( 16620, 183 );

	INSERT INTO MAP_APP_GENRE VALUES( 16620, 4 );
	INSERT INTO MAP_APP_GENRE VALUES( 16620, 9 );
	INSERT INTO MAP_APP_GENRE VALUES( 16620, 11 );

	INSERT INTO MAP_APP_LANG VALUES ( 16620, 2,  'Y', 'N', 'N' );


	INSERT INTO MAP_APP_TAG VALUES( 16620, 699 );
	INSERT INTO MAP_APP_TAG VALUES( 16620, 701 );
	INSERT INTO MAP_APP_TAG VALUES( 16620, 492 );

INSERT INTO APP_TABLE	 VALUES( 49470, 'Magic:_The_Gathering_-_Duels_of_the_Planeswalkers_2012', 'Deck Pack 2 Now Available!', SYSDATE ,-1, '' );
	INSERT INTO MAP_APP_CATEGORY VALUES( 49470, 3 );
	INSERT INTO MAP_APP_CATEGORY VALUES( 49470, 1 );
	INSERT INTO MAP_APP_CATEGORY VALUES( 49470, 16 );
	INSERT INTO MAP_APP_CATEGORY VALUES( 49470, 4 );
	INSERT INTO MAP_APP_CATEGORY VALUES( 49470, 7 );
	INSERT INTO MAP_APP_CATEGORY VALUES( 49470, 8 );
	INSERT INTO MAP_APP_CATEGORY VALUES( 49470, 11 );
	INSERT INTO MAP_APP_CATEGORY VALUES( 49470, 18 );

	INSERT INTO MAP_APP_DEVELOPER VALUES( 49470, 435 );

	INSERT INTO MAP_APP_GENRE VALUES( 49470, 5 );

	INSERT INTO MAP_APP_LANG VALUES ( 49470, 2,  'Y', 'N', 'N' );
	INSERT INTO MAP_APP_LANG VALUES ( 49470, 3,  'Y', 'N', 'N' );
	INSERT INTO MAP_APP_LANG VALUES ( 49470, 4,  'Y', 'N', 'N' );
	INSERT INTO MAP_APP_LANG VALUES ( 49470, 6,  'Y', 'N', 'N' );
	INSERT INTO MAP_APP_LANG VALUES ( 49470, 7,  'Y', 'N', 'N' );


	INSERT INTO MAP_APP_TAG VALUES( 49470, 1666 );
	INSERT INTO MAP_APP_TAG VALUES( 49470, 9 );
	INSERT INTO MAP_APP_TAG VALUES( 49470, 9271 );
	INSERT INTO MAP_APP_TAG VALUES( 49470, 4057 );
	INSERT INTO MAP_APP_TAG VALUES( 49470, 3859 );
	INSERT INTO MAP_APP_TAG VALUES( 49470, 1770 );
	INSERT INTO MAP_APP_TAG VALUES( 49470, 4182 );
	INSERT INTO MAP_APP_TAG VALUES( 49470, 1677 );
	INSERT INTO MAP_APP_TAG VALUES( 49470, 1684 );

INSERT INTO APP_TABLE	 VALUES( 16730, 'Legendary', 'All creatures of ancient myth, legend and lore are real ? they''ve just been sealed away for thousands of years inside Pandora''s Box, waiting... When a thief named Deckard is hired to steal an ancient artifact, he unwittingly triggers a war between man and myth.', SYSDATE ,3300, '' );
	INSERT INTO MAP_APP_CATEGORY VALUES( 16730, 3 );

	INSERT INTO MAP_APP_DEVELOPER VALUES( 16730, 184 );

	INSERT INTO MAP_APP_GENRE VALUES( 16730, 1 );

	INSERT INTO MAP_APP_LANG VALUES ( 16730, 2,  'Y', 'N', 'N' );


	INSERT INTO MAP_APP_TAG VALUES( 16730, 19 );
	INSERT INTO MAP_APP_TAG VALUES( 16730, 1663 );
	INSERT INTO MAP_APP_TAG VALUES( 16730, 1774 );
	INSERT INTO MAP_APP_TAG VALUES( 16730, 3839 );
	INSERT INTO MAP_APP_TAG VALUES( 16730, 1667 );
	INSERT INTO MAP_APP_TAG VALUES( 16730, 3859 );
	INSERT INTO MAP_APP_TAG VALUES( 16730, 4166 );
	INSERT INTO MAP_APP_TAG VALUES( 16730, 4182 );
	INSERT INTO MAP_APP_TAG VALUES( 16730, 16094 );

INSERT INTO APP_TABLE	 VALUES( 49520, 'Borderlands_2', '', SYSDATE ,-1, '' );






INSERT INTO APP_TABLE	 VALUES( 49540, 'Aliens:_Colonial_Marines_Collection', 'You & your friends are the deadliest killers in the galaxy ? the US Colonial Marines. It¡¯s up to you to not just survive, but wipe out the Xeno infestation.', SYSDATE ,32040, '' );
	INSERT INTO MAP_APP_CATEGORY VALUES( 49540, 3 );
	INSERT INTO MAP_APP_CATEGORY VALUES( 49540, 1 );
	INSERT INTO MAP_APP_CATEGORY VALUES( 49540, 16 );
	INSERT INTO MAP_APP_CATEGORY VALUES( 49540, 4 );
	INSERT INTO MAP_APP_CATEGORY VALUES( 49540, 17 );

	INSERT INTO MAP_APP_DEVELOPER VALUES( 49540, 2 );

	INSERT INTO MAP_APP_GENRE VALUES( 49540, 1 );

	INSERT INTO MAP_APP_LANG VALUES ( 49540, 2,  'Y', 'N', 'N' );
	INSERT INTO MAP_APP_LANG VALUES ( 49540, 3,  'Y', 'N', 'N' );
	INSERT INTO MAP_APP_LANG VALUES ( 49540, 4,  'Y', 'N', 'N' );
	INSERT INTO MAP_APP_LANG VALUES ( 49540, 10,  'Y', 'N', 'N' );
	INSERT INTO MAP_APP_LANG VALUES ( 49540, 9,  'Y', 'N', 'N' );
	INSERT INTO MAP_APP_LANG VALUES ( 49540, 6,  'Y', 'N', 'N' );
	INSERT INTO MAP_APP_LANG VALUES ( 49540, 7,  'Y', 'N', 'N' );

	INSERT INTO MAP_APP_PUBLISHER VALUES( 49540, 302 );

	INSERT INTO MAP_APP_TAG VALUES( 49540, 19 );
	INSERT INTO MAP_APP_TAG VALUES( 49540, 1663 );
	INSERT INTO MAP_APP_TAG VALUES( 49540, 1673 );
	INSERT INTO MAP_APP_TAG VALUES( 49540, 1685 );
	INSERT INTO MAP_APP_TAG VALUES( 49540, 3942 );
	INSERT INTO MAP_APP_TAG VALUES( 49540, 1774 );
	INSERT INTO MAP_APP_TAG VALUES( 49540, 3859 );
	INSERT INTO MAP_APP_TAG VALUES( 49540, 1667 );
	INSERT INTO MAP_APP_TAG VALUES( 49540, 1755 );
	INSERT INTO MAP_APP_TAG VALUES( 49540, 3843 );
	INSERT INTO MAP_APP_TAG VALUES( 49540, 1662 );
	INSERT INTO MAP_APP_TAG VALUES( 49540, 4182 );
	INSERT INTO MAP_APP_TAG VALUES( 49540, 3839 );
	INSERT INTO MAP_APP_TAG VALUES( 49540, 4166 );
	INSERT INTO MAP_APP_TAG VALUES( 49540, 4345 );
	INSERT INTO MAP_APP_TAG VALUES( 49540, 4295 );
	INSERT INTO MAP_APP_TAG VALUES( 49540, 7208 );

INSERT INTO APP_TABLE	 VALUES( 16810, 'Sid_Meier''s_Civilization_IV:_Colonization', 'Sid Meier''s Civilization IV: Colonization is the third offering in the award winning Civilization IV series. A re-imagining of the classic Colonization game Sid Meier created in 1994, Sid Meier''s Civilization IV: Colonization is a total conversion of the Civilization IV engine into a game experience in which players will lead a European...', SYSDATE ,21000, '' );
	INSERT INTO MAP_APP_CATEGORY VALUES( 16810, 3 );
	INSERT INTO MAP_APP_CATEGORY VALUES( 16810, 1 );

	INSERT INTO MAP_APP_DEVELOPER VALUES( 16810, 45 );

	INSERT INTO MAP_APP_GENRE VALUES( 16810, 5 );

	INSERT INTO MAP_APP_LANG VALUES ( 16810, 2,  'Y', 'N', 'N' );
	INSERT INTO MAP_APP_LANG VALUES ( 16810, 3,  'Y', 'N', 'N' );
	INSERT INTO MAP_APP_LANG VALUES ( 16810, 4,  'Y', 'N', 'N' );
	INSERT INTO MAP_APP_LANG VALUES ( 16810, 6,  'Y', 'N', 'N' );
	INSERT INTO MAP_APP_LANG VALUES ( 16810, 7,  'Y', 'N', 'N' );


	INSERT INTO MAP_APP_TAG VALUES( 16810, 9 );
	INSERT INTO MAP_APP_TAG VALUES( 16810, 1741 );
	INSERT INTO MAP_APP_TAG VALUES( 16810, 1677 );
	INSERT INTO MAP_APP_TAG VALUES( 16810, 1670 );
	INSERT INTO MAP_APP_TAG VALUES( 16810, 3987 );
	INSERT INTO MAP_APP_TAG VALUES( 16810, 4182 );
	INSERT INTO MAP_APP_TAG VALUES( 16810, 3859 );
	INSERT INTO MAP_APP_TAG VALUES( 16810, 1669 );

INSERT INTO APP_TABLE	 VALUES( 49600, 'Beat_Hazard', 'Experience your music collection like never before with this intense music driven arcade shooter. Each of your songs will have its own unique ebb and flow based on the music.', SYSDATE ,10500, '' );
	INSERT INTO MAP_APP_CATEGORY VALUES( 49600, 3 );
	INSERT INTO MAP_APP_CATEGORY VALUES( 49600, 1 );
	INSERT INTO MAP_APP_CATEGORY VALUES( 49600, 16 );
	INSERT INTO MAP_APP_CATEGORY VALUES( 49600, 21 );
	INSERT INTO MAP_APP_CATEGORY VALUES( 49600, 10 );
	INSERT INTO MAP_APP_CATEGORY VALUES( 49600, 4 );
	INSERT INTO MAP_APP_CATEGORY VALUES( 49600, 17 );
	INSERT INTO MAP_APP_CATEGORY VALUES( 49600, 5 );
	INSERT INTO MAP_APP_CATEGORY VALUES( 49600, 8 );
	INSERT INTO MAP_APP_CATEGORY VALUES( 49600, 18 );

	INSERT INTO MAP_APP_DEVELOPER VALUES( 49600, 436 );

	INSERT INTO MAP_APP_GENRE VALUES( 49600, 1 );
	INSERT INTO MAP_APP_GENRE VALUES( 49600, 7 );
	INSERT INTO MAP_APP_GENRE VALUES( 49600, 4 );

	INSERT INTO MAP_APP_LANG VALUES ( 49600, 2,  'Y', 'N', 'N' );
	INSERT INTO MAP_APP_LANG VALUES ( 49600, 3,  'Y', 'N', 'N' );
	INSERT INTO MAP_APP_LANG VALUES ( 49600, 4,  'Y', 'N', 'N' );
	INSERT INTO MAP_APP_LANG VALUES ( 49600, 6,  'Y', 'N', 'N' );
	INSERT INTO MAP_APP_LANG VALUES ( 49600, 7,  'Y', 'N', 'N' );
	INSERT INTO MAP_APP_LANG VALUES ( 49600, 17,  'Y', 'N', 'N' );

	INSERT INTO MAP_APP_PUBLISHER VALUES( 49600, 436 );

	INSERT INTO MAP_APP_TAG VALUES( 49600, 1621 );
	INSERT INTO MAP_APP_TAG VALUES( 49600, 492 );
	INSERT INTO MAP_APP_TAG VALUES( 49600, 4255 );
	INSERT INTO MAP_APP_TAG VALUES( 49600, 19 );
	INSERT INTO MAP_APP_TAG VALUES( 49600, 8253 );
	INSERT INTO MAP_APP_TAG VALUES( 49600, 4758 );
	INSERT INTO MAP_APP_TAG VALUES( 49600, 1752 );
	INSERT INTO MAP_APP_TAG VALUES( 49600, 597 );
	INSERT INTO MAP_APP_TAG VALUES( 49600, 4305 );
	INSERT INTO MAP_APP_TAG VALUES( 49600, 1685 );
	INSERT INTO MAP_APP_TAG VALUES( 49600, 1774 );
	INSERT INTO MAP_APP_TAG VALUES( 49600, 3859 );
	INSERT INTO MAP_APP_TAG VALUES( 49600, 4885 );
	INSERT INTO MAP_APP_TAG VALUES( 49600, 4182 );
	INSERT INTO MAP_APP_TAG VALUES( 49600, 1773 );
	INSERT INTO MAP_APP_TAG VALUES( 49600, 3841 );
	INSERT INTO MAP_APP_TAG VALUES( 49600, 1755 );
	INSERT INTO MAP_APP_TAG VALUES( 49600, 4711 );
	INSERT INTO MAP_APP_TAG VALUES( 49600, 1756 );
	INSERT INTO MAP_APP_TAG VALUES( 49600, 3871 );

INSERT INTO APP_TABLE	 VALUES( 17100, 'Children_of_the_Nile:_Enhanced_Edition', 'Children of the Nile¢â is a unique gem of a city-building game, unparalleled in both grandeur and attention to detail.As Pharaoh you will guide your people through thousands of years of history: from simple hunter-gatherers to the creation of an immortal civilization.', SYSDATE ,-1, '' );
	INSERT INTO MAP_APP_CATEGORY VALUES( 17100, 3 );
	INSERT INTO MAP_APP_CATEGORY VALUES( 17100, 4 );

	INSERT INTO MAP_APP_DEVELOPER VALUES( 17100, 185 );

	INSERT INTO MAP_APP_GENRE VALUES( 17100, 5 );
	INSERT INTO MAP_APP_GENRE VALUES( 17100, 8 );

	INSERT INTO MAP_APP_LANG VALUES ( 17100, 2,  'Y', 'N', 'N' );
	INSERT INTO MAP_APP_LANG VALUES ( 17100, 3,  'Y', 'N', 'N' );
	INSERT INTO MAP_APP_LANG VALUES ( 17100, 4,  'Y', 'N', 'N' );
	INSERT INTO MAP_APP_LANG VALUES ( 17100, 6,  'Y', 'N', 'N' );
	INSERT INTO MAP_APP_LANG VALUES ( 17100, 7,  'Y', 'N', 'N' );

	INSERT INTO MAP_APP_PUBLISHER VALUES( 17100, 185 );

	INSERT INTO MAP_APP_TAG VALUES( 17100, 4328 );
	INSERT INTO MAP_APP_TAG VALUES( 17100, 3987 );
	INSERT INTO MAP_APP_TAG VALUES( 17100, 12472 );
	INSERT INTO MAP_APP_TAG VALUES( 17100, 599 );
	INSERT INTO MAP_APP_TAG VALUES( 17100, 9 );
	INSERT INTO MAP_APP_TAG VALUES( 17100, 3810 );
	INSERT INTO MAP_APP_TAG VALUES( 17100, 8945 );

INSERT INTO APP_TABLE	 VALUES( 17120, 'Children_of_the_Nile:_Alexandria', 'Children of the Nile: Alexandria is an addition to the base Children of the Nile game, adding a new mini-campaign focused on the rise of the city of Alexandria. Using the unique city-building dynamics of Children of the Nile, you will carve out a new dynasty to rule all of Egypt, and build the greatest city of the ancient world!', SYSDATE ,-1, '' );
	INSERT INTO MAP_APP_CATEGORY VALUES( 17120, 3 );
	INSERT INTO MAP_APP_CATEGORY VALUES( 17120, 4 );

	INSERT INTO MAP_APP_DEVELOPER VALUES( 17120, 185 );

	INSERT INTO MAP_APP_GENRE VALUES( 17120, 5 );
	INSERT INTO MAP_APP_GENRE VALUES( 17120, 8 );

	INSERT INTO MAP_APP_LANG VALUES ( 17120, 2,  'Y', 'N', 'N' );
	INSERT INTO MAP_APP_LANG VALUES ( 17120, 3,  'Y', 'N', 'N' );
	INSERT INTO MAP_APP_LANG VALUES ( 17120, 4,  'Y', 'N', 'N' );
	INSERT INTO MAP_APP_LANG VALUES ( 17120, 6,  'Y', 'N', 'N' );
	INSERT INTO MAP_APP_LANG VALUES ( 17120, 7,  'Y', 'N', 'N' );

	INSERT INTO MAP_APP_PUBLISHER VALUES( 17120, 185 );

	INSERT INTO MAP_APP_TAG VALUES( 17120, 4328 );
	INSERT INTO MAP_APP_TAG VALUES( 17120, 599 );
	INSERT INTO MAP_APP_TAG VALUES( 17120, 3987 );
	INSERT INTO MAP_APP_TAG VALUES( 17120, 12472 );
	INSERT INTO MAP_APP_TAG VALUES( 17120, 4182 );
	INSERT INTO MAP_APP_TAG VALUES( 17120, 3810 );
	INSERT INTO MAP_APP_TAG VALUES( 17120, 9 );

INSERT INTO APP_TABLE	 VALUES( 49900, 'Plain_Sight', 'Plain Sight is a multiplayer arcade game about suicidal ninja robots. Fly through space, leap over planetoids and destroy opponents with your trusty katana. Killing fellow robots lets you steal their tasty, tasty energy. Packed with spinach-like goodness; energy makes you bigger, stronger, faster and generally more awesome.', SYSDATE ,-1, '' );
	INSERT INTO MAP_APP_CATEGORY VALUES( 49900, 1 );
	INSERT INTO MAP_APP_CATEGORY VALUES( 49900, 4 );
	INSERT INTO MAP_APP_CATEGORY VALUES( 49900, 18 );

	INSERT INTO MAP_APP_DEVELOPER VALUES( 49900, 437 );

	INSERT INTO MAP_APP_GENRE VALUES( 49900, 1 );
	INSERT INTO MAP_APP_GENRE VALUES( 49900, 4 );

	INSERT INTO MAP_APP_LANG VALUES ( 49900, 2,  'Y', 'N', 'N' );
	INSERT INTO MAP_APP_LANG VALUES ( 49900, 3,  'Y', 'N', 'N' );
	INSERT INTO MAP_APP_LANG VALUES ( 49900, 4,  'Y', 'N', 'N' );
	INSERT INTO MAP_APP_LANG VALUES ( 49900, 6,  'Y', 'N', 'N' );
	INSERT INTO MAP_APP_LANG VALUES ( 49900, 7,  'Y', 'N', 'N' );

	INSERT INTO MAP_APP_PUBLISHER VALUES( 49900, 437 );

	INSERT INTO MAP_APP_TAG VALUES( 49900, 19 );
	INSERT INTO MAP_APP_TAG VALUES( 49900, 492 );
	INSERT INTO MAP_APP_TAG VALUES( 49900, 3859 );
	INSERT INTO MAP_APP_TAG VALUES( 49900, 5752 );

INSERT INTO APP_TABLE	 VALUES( 17140, 'Hinterland', 'June 11, 2009 - Update Two new playable Orc classes: Lord (Warrior) or Shaman. Expanded gameplay: Orcs consume twice as much food, learn martial skills faster, manufacture items slower, and the Shaman uses totems to summon creatures. Several new items regardless of character class.', SYSDATE ,-1, '' );
	INSERT INTO MAP_APP_CATEGORY VALUES( 17140, 3 );
	INSERT INTO MAP_APP_CATEGORY VALUES( 17140, 4 );

	INSERT INTO MAP_APP_DEVELOPER VALUES( 17140, 185 );

	INSERT INTO MAP_APP_GENRE VALUES( 17140, 6 );
	INSERT INTO MAP_APP_GENRE VALUES( 17140, 5 );

	INSERT INTO MAP_APP_LANG VALUES ( 17140, 2,  'Y', 'N', 'N' );
	INSERT INTO MAP_APP_LANG VALUES ( 17140, 4,  'Y', 'N', 'N' );
	INSERT INTO MAP_APP_LANG VALUES ( 17140, 6,  'Y', 'N', 'N' );
	INSERT INTO MAP_APP_LANG VALUES ( 17140, 7,  'Y', 'N', 'N' );

	INSERT INTO MAP_APP_PUBLISHER VALUES( 17140, 185 );

	INSERT INTO MAP_APP_TAG VALUES( 17140, 122 );
	INSERT INTO MAP_APP_TAG VALUES( 17140, 9 );
	INSERT INTO MAP_APP_TAG VALUES( 17140, 1684 );
	INSERT INTO MAP_APP_TAG VALUES( 17140, 4231 );
	INSERT INTO MAP_APP_TAG VALUES( 17140, 19 );
	INSERT INTO MAP_APP_TAG VALUES( 17140, 4182 );
	INSERT INTO MAP_APP_TAG VALUES( 17140, 4328 );

INSERT INTO APP_TABLE	 VALUES( 17180, 'Mosby''s_Confederacy', 'As John Singleton Mosby, one of the Civil War''s most interesting and dynamic leaders, you are charged, not with leading vast armies into battle, but with commanding small bands of skirmishers, scouts, and guerilla fighters on opportunistic missions to scout, ambush, steal supplies, and harass a larger and better-armed force of Union soldi', SYSDATE ,-1, '' );
	INSERT INTO MAP_APP_CATEGORY VALUES( 17180, 3 );
	INSERT INTO MAP_APP_CATEGORY VALUES( 17180, 4 );

	INSERT INTO MAP_APP_DEVELOPER VALUES( 17180, 185 );

	INSERT INTO MAP_APP_GENRE VALUES( 17180, 5 );

	INSERT INTO MAP_APP_LANG VALUES ( 17180, 2,  'Y', 'N', 'N' );

	INSERT INTO MAP_APP_PUBLISHER VALUES( 17180, 185 );

	INSERT INTO MAP_APP_TAG VALUES( 17180, 9 );
	INSERT INTO MAP_APP_TAG VALUES( 17180, 3987 );

INSERT INTO APP_TABLE	 VALUES( 50000, 'Nimbus', 'Nimbus is a unique combination of racing & puzzling. The player controls a craft with no means of directly propelling itself and needs to use whatever is scattered around the levels to acquire thrust and reach the goal. Traverse a world map with several distinct islands in order to recover your lost love.', SYSDATE ,10500, '' );
	INSERT INTO MAP_APP_CATEGORY VALUES( 50000, 3 );
	INSERT INTO MAP_APP_CATEGORY VALUES( 50000, 4 );
	INSERT INTO MAP_APP_CATEGORY VALUES( 50000, 7 );
	INSERT INTO MAP_APP_CATEGORY VALUES( 50000, 8 );
	INSERT INTO MAP_APP_CATEGORY VALUES( 50000, 11 );
	INSERT INTO MAP_APP_CATEGORY VALUES( 50000, 18 );

	INSERT INTO MAP_APP_DEVELOPER VALUES( 50000, 438 );

	INSERT INTO MAP_APP_GENRE VALUES( 50000, 4 );
	INSERT INTO MAP_APP_GENRE VALUES( 50000, 9 );

	INSERT INTO MAP_APP_LANG VALUES ( 50000, 2,  'Y', 'N', 'N' );

	INSERT INTO MAP_APP_PUBLISHER VALUES( 50000, 438 );

	INSERT INTO MAP_APP_TAG VALUES( 50000, 492 );
	INSERT INTO MAP_APP_TAG VALUES( 50000, 699 );
	INSERT INTO MAP_APP_TAG VALUES( 50000, 1664 );
	INSERT INTO MAP_APP_TAG VALUES( 50000, 3968 );
	INSERT INTO MAP_APP_TAG VALUES( 50000, 4026 );
	INSERT INTO MAP_APP_TAG VALUES( 50000, 5390 );

INSERT INTO APP_TABLE	 VALUES( 17300, 'Crysis', 'Adapt to Survive ? An epic story thrusts players into an ever-changing environment, forcing them to adapt their tactics and approach to conquer battlefields ranging from newly frozen jungle to zero-gravity alien environments. Suit up! ? A high-tech Nanosuit allows gamers to augment their abilities in real time on the battlefield.', SYSDATE ,32000, '' );
	INSERT INTO MAP_APP_CATEGORY VALUES( 17300, 3 );

	INSERT INTO MAP_APP_DEVELOPER VALUES( 17300, 186 );

	INSERT INTO MAP_APP_GENRE VALUES( 17300, 1 );

	INSERT INTO MAP_APP_LANG VALUES ( 17300, 2,  'Y', 'N', 'N' );
	INSERT INTO MAP_APP_LANG VALUES ( 17300, 3,  'Y', 'N', 'N' );
	INSERT INTO MAP_APP_LANG VALUES ( 17300, 4,  'Y', 'N', 'N' );
	INSERT INTO MAP_APP_LANG VALUES ( 17300, 10,  'Y', 'N', 'N' );
	INSERT INTO MAP_APP_LANG VALUES ( 17300, 9,  'Y', 'N', 'N' );
	INSERT INTO MAP_APP_LANG VALUES ( 17300, 6,  'Y', 'N', 'N' );
	INSERT INTO MAP_APP_LANG VALUES ( 17300, 7,  'Y', 'N', 'N' );
	INSERT INTO MAP_APP_LANG VALUES ( 17300, 24,  'Y', 'N', 'N' );
	INSERT INTO MAP_APP_LANG VALUES ( 17300, 25,  'Y', 'N', 'N' );

	INSERT INTO MAP_APP_PUBLISHER VALUES( 17300, 427 );

	INSERT INTO MAP_APP_TAG VALUES( 17300, 1663 );
	INSERT INTO MAP_APP_TAG VALUES( 17300, 19 );
	INSERT INTO MAP_APP_TAG VALUES( 17300, 3942 );
	INSERT INTO MAP_APP_TAG VALUES( 17300, 4182 );
	INSERT INTO MAP_APP_TAG VALUES( 17300, 1687 );
	INSERT INTO MAP_APP_TAG VALUES( 17300, 1774 );
	INSERT INTO MAP_APP_TAG VALUES( 17300, 1673 );
	INSERT INTO MAP_APP_TAG VALUES( 17300, 1695 );
	INSERT INTO MAP_APP_TAG VALUES( 17300, 5407 );
	INSERT INTO MAP_APP_TAG VALUES( 17300, 3839 );
	INSERT INTO MAP_APP_TAG VALUES( 17300, 3859 );
	INSERT INTO MAP_APP_TAG VALUES( 17300, 4295 );
	INSERT INTO MAP_APP_TAG VALUES( 17300, 21 );
	INSERT INTO MAP_APP_TAG VALUES( 17300, 4166 );
	INSERT INTO MAP_APP_TAG VALUES( 17300, 1742 );
	INSERT INTO MAP_APP_TAG VALUES( 17300, 1693 );
	INSERT INTO MAP_APP_TAG VALUES( 17300, 3810 );
	INSERT INTO MAP_APP_TAG VALUES( 17300, 1756 );
	INSERT INTO MAP_APP_TAG VALUES( 17300, 5363 );
	INSERT INTO MAP_APP_TAG VALUES( 17300, 1669 );

INSERT INTO APP_TABLE	 VALUES( 17330, 'Crysis_Warhead¢ç', 'Pulse-racing new installment from 2007''s PC Game of the Year*: Play as Sergeant Sykes and experience a whole new side of the battle. A standard combat mission behind enemy lines becomes critical when you discover your enemies have captured something of vital importance to the ensuing war.', SYSDATE ,14000, '' );
	INSERT INTO MAP_APP_CATEGORY VALUES( 17330, 3 );

	INSERT INTO MAP_APP_DEVELOPER VALUES( 17330, 186 );

	INSERT INTO MAP_APP_GENRE VALUES( 17330, 1 );

	INSERT INTO MAP_APP_LANG VALUES ( 17330, 2,  'Y', 'N', 'N' );
	INSERT INTO MAP_APP_LANG VALUES ( 17330, 3,  'Y', 'N', 'N' );
	INSERT INTO MAP_APP_LANG VALUES ( 17330, 4,  'Y', 'N', 'N' );
	INSERT INTO MAP_APP_LANG VALUES ( 17330, 10,  'Y', 'N', 'N' );
	INSERT INTO MAP_APP_LANG VALUES ( 17330, 9,  'Y', 'N', 'N' );
	INSERT INTO MAP_APP_LANG VALUES ( 17330, 6,  'Y', 'N', 'N' );
	INSERT INTO MAP_APP_LANG VALUES ( 17330, 7,  'Y', 'N', 'N' );
	INSERT INTO MAP_APP_LANG VALUES ( 17330, 24,  'Y', 'N', 'N' );
	INSERT INTO MAP_APP_LANG VALUES ( 17330, 25,  'Y', 'N', 'N' );

	INSERT INTO MAP_APP_PUBLISHER VALUES( 17330, 427 );

	INSERT INTO MAP_APP_TAG VALUES( 17330, 19 );
	INSERT INTO MAP_APP_TAG VALUES( 17330, 1663 );
	INSERT INTO MAP_APP_TAG VALUES( 17330, 3942 );
	INSERT INTO MAP_APP_TAG VALUES( 17330, 1774 );
	INSERT INTO MAP_APP_TAG VALUES( 17330, 4182 );
	INSERT INTO MAP_APP_TAG VALUES( 17330, 1673 );
	INSERT INTO MAP_APP_TAG VALUES( 17330, 4168 );
	INSERT INTO MAP_APP_TAG VALUES( 17330, 3839 );
	INSERT INTO MAP_APP_TAG VALUES( 17330, 3859 );
	INSERT INTO MAP_APP_TAG VALUES( 17330, 5407 );
	INSERT INTO MAP_APP_TAG VALUES( 17330, 21 );
	INSERT INTO MAP_APP_TAG VALUES( 17330, 1687 );
	INSERT INTO MAP_APP_TAG VALUES( 17330, 1695 );
	INSERT INTO MAP_APP_TAG VALUES( 17330, 4295 );

INSERT INTO APP_TABLE	 VALUES( 50130, 'Mafia_II', '', SYSDATE ,-1, '' );






INSERT INTO APP_TABLE	 VALUES( 17390, 'SPORE¢â', 'From Single Cell to Galactic God, evolve your creature in a universe of your own creations. Play through Spore''s five evolutionary stages: Cell, Creature, Tribe, Civilization, and Space. Each stage has its own unique style, challenges, and goals.', SYSDATE ,32000, '' );
	INSERT INTO MAP_APP_CATEGORY VALUES( 17390, 3 );

	INSERT INTO MAP_APP_DEVELOPER VALUES( 17390, 187 );

	INSERT INTO MAP_APP_GENRE VALUES( 17390, 8 );

	INSERT INTO MAP_APP_LANG VALUES ( 17390, 3,  'Y', 'N', 'N' );
	INSERT INTO MAP_APP_LANG VALUES ( 17390, 10,  'Y', 'N', 'N' );
	INSERT INTO MAP_APP_LANG VALUES ( 17390, 9,  'Y', 'N', 'N' );
	INSERT INTO MAP_APP_LANG VALUES ( 17390, 6,  'Y', 'N', 'N' );
	INSERT INTO MAP_APP_LANG VALUES ( 17390, 12,  'Y', 'N', 'N' );
	INSERT INTO MAP_APP_LANG VALUES ( 17390, 2,  'Y', 'N', 'N' );
	INSERT INTO MAP_APP_LANG VALUES ( 17390, 4,  'Y', 'N', 'N' );
	INSERT INTO MAP_APP_LANG VALUES ( 17390, 13,  'Y', 'N', 'N' );
	INSERT INTO MAP_APP_LANG VALUES ( 17390, 14,  'Y', 'N', 'N' );
	INSERT INTO MAP_APP_LANG VALUES ( 17390, 15,  'Y', 'N', 'N' );
	INSERT INTO MAP_APP_LANG VALUES ( 17390, 24,  'Y', 'N', 'N' );
	INSERT INTO MAP_APP_LANG VALUES ( 17390, 7,  'Y', 'N', 'N' );
	INSERT INTO MAP_APP_LANG VALUES ( 17390, 25,  'Y', 'N', 'N' );
	INSERT INTO MAP_APP_LANG VALUES ( 17390, 17,  'Y', 'N', 'N' );
	INSERT INTO MAP_APP_LANG VALUES ( 17390, 18,  'Y', 'N', 'N' );

	INSERT INTO MAP_APP_PUBLISHER VALUES( 17390, 427 );

	INSERT INTO MAP_APP_TAG VALUES( 17390, 599 );
	INSERT INTO MAP_APP_TAG VALUES( 17390, 3810 );
	INSERT INTO MAP_APP_TAG VALUES( 17390, 1695 );
	INSERT INTO MAP_APP_TAG VALUES( 17390, 1755 );
	INSERT INTO MAP_APP_TAG VALUES( 17390, 3834 );
	INSERT INTO MAP_APP_TAG VALUES( 17390, 21 );
	INSERT INTO MAP_APP_TAG VALUES( 17390, 4182 );
	INSERT INTO MAP_APP_TAG VALUES( 17390, 5300 );
	INSERT INTO MAP_APP_TAG VALUES( 17390, 1673 );
	INSERT INTO MAP_APP_TAG VALUES( 17390, 9 );
	INSERT INTO MAP_APP_TAG VALUES( 17390, 3942 );
	INSERT INTO MAP_APP_TAG VALUES( 17390, 4136 );
	INSERT INTO MAP_APP_TAG VALUES( 17390, 5794 );
	INSERT INTO MAP_APP_TAG VALUES( 17390, 5350 );
	INSERT INTO MAP_APP_TAG VALUES( 17390, 19 );
	INSERT INTO MAP_APP_TAG VALUES( 17390, 122 );
	INSERT INTO MAP_APP_TAG VALUES( 17390, 597 );
	INSERT INTO MAP_APP_TAG VALUES( 17390, 3859 );
	INSERT INTO MAP_APP_TAG VALUES( 17390, 1719 );
	INSERT INTO MAP_APP_TAG VALUES( 17390, 1676 );

INSERT INTO APP_TABLE	 VALUES( 17410, 'Mirror''s_Edge¢â', 'In a city where information is heavily monitored, agile couriers called Runners transport sensitive data away from prying eyes. In this seemingly utopian paradise, a crime has been committed, your sister has been framed and now you are being hunted.', SYSDATE ,19000, '' );
	INSERT INTO MAP_APP_CATEGORY VALUES( 17410, 3 );
	INSERT INTO MAP_APP_CATEGORY VALUES( 17410, 17 );
	INSERT INTO MAP_APP_CATEGORY VALUES( 17410, 7 );

	INSERT INTO MAP_APP_DEVELOPER VALUES( 17410, 188 );

	INSERT INTO MAP_APP_GENRE VALUES( 17410, 1 );
	INSERT INTO MAP_APP_GENRE VALUES( 17410, 3 );

	INSERT INTO MAP_APP_LANG VALUES ( 17410, 2,  'Y', 'Y', 'N' );
	INSERT INTO MAP_APP_LANG VALUES ( 17410, 3,  'Y', 'Y', 'N' );
	INSERT INTO MAP_APP_LANG VALUES ( 17410, 4,  'Y', 'Y', 'N' );
	INSERT INTO MAP_APP_LANG VALUES ( 17410, 9,  'Y', 'Y', 'N' );
	INSERT INTO MAP_APP_LANG VALUES ( 17410, 10,  'Y', 'N', 'N' );
	INSERT INTO MAP_APP_LANG VALUES ( 17410, 13,  'Y', 'N', 'N' );
	INSERT INTO MAP_APP_LANG VALUES ( 17410, 6,  'Y', 'Y', 'N' );
	INSERT INTO MAP_APP_LANG VALUES ( 17410, 7,  'Y', 'Y', 'N' );
	INSERT INTO MAP_APP_LANG VALUES ( 17410, 24,  'Y', 'N', 'N' );
	INSERT INTO MAP_APP_LANG VALUES ( 17410, 25,  'Y', 'N', 'N' );

	INSERT INTO MAP_APP_PUBLISHER VALUES( 17410, 427 );

	INSERT INTO MAP_APP_TAG VALUES( 17410, 4036 );
	INSERT INTO MAP_APP_TAG VALUES( 17410, 3839 );
	INSERT INTO MAP_APP_TAG VALUES( 17410, 19 );
	INSERT INTO MAP_APP_TAG VALUES( 17410, 7208 );
	INSERT INTO MAP_APP_TAG VALUES( 17410, 4182 );
	INSERT INTO MAP_APP_TAG VALUES( 17410, 1756 );
	INSERT INTO MAP_APP_TAG VALUES( 17410, 21 );
	INSERT INTO MAP_APP_TAG VALUES( 17410, 1625 );
	INSERT INTO MAP_APP_TAG VALUES( 17410, 4166 );
	INSERT INTO MAP_APP_TAG VALUES( 17410, 4252 );
	INSERT INTO MAP_APP_TAG VALUES( 17410, 3942 );
	INSERT INTO MAP_APP_TAG VALUES( 17410, 4295 );
	INSERT INTO MAP_APP_TAG VALUES( 17410, 1663 );
	INSERT INTO MAP_APP_TAG VALUES( 17410, 5390 );
	INSERT INTO MAP_APP_TAG VALUES( 17410, 4115 );
	INSERT INTO MAP_APP_TAG VALUES( 17410, 1664 );
	INSERT INTO MAP_APP_TAG VALUES( 17410, 4305 );
	INSERT INTO MAP_APP_TAG VALUES( 17410, 1693 );
	INSERT INTO MAP_APP_TAG VALUES( 17410, 4234 );

INSERT INTO APP_TABLE	 VALUES( 17430, 'Need_for_Speed_Undercover', 'Chase or Be Chased. You never thought it would turn out like this?an all-out chase where you''re the hunted. And the hunter. Now you must get behind the wheel and risk everything to infiltrate a ruthless international crime syndicate and take them down.', SYSDATE ,10000, '' );
	INSERT INTO MAP_APP_CATEGORY VALUES( 17430, 3 );
	INSERT INTO MAP_APP_CATEGORY VALUES( 17430, 1 );
	INSERT INTO MAP_APP_CATEGORY VALUES( 17430, 7 );

	INSERT INTO MAP_APP_DEVELOPER VALUES( 17430, 189 );

	INSERT INTO MAP_APP_GENRE VALUES( 17430, 1 );
	INSERT INTO MAP_APP_GENRE VALUES( 17430, 9 );

	INSERT INTO MAP_APP_LANG VALUES ( 17430, 2,  'Y', 'N', 'N' );

	INSERT INTO MAP_APP_PUBLISHER VALUES( 17430, 427 );

	INSERT INTO MAP_APP_TAG VALUES( 17430, 699 );
	INSERT INTO MAP_APP_TAG VALUES( 17430, 1695 );
	INSERT INTO MAP_APP_TAG VALUES( 17430, 3859 );
	INSERT INTO MAP_APP_TAG VALUES( 17430, 19 );
	INSERT INTO MAP_APP_TAG VALUES( 17430, 1773 );
	INSERT INTO MAP_APP_TAG VALUES( 17430, 1644 );
	INSERT INTO MAP_APP_TAG VALUES( 17430, 4182 );
	INSERT INTO MAP_APP_TAG VALUES( 17430, 1742 );
	INSERT INTO MAP_APP_TAG VALUES( 17430, 599 );

INSERT INTO APP_TABLE	 VALUES( 17440, 'SPORE¢â_Creepy_&_Cute_Parts_Pack', 'Add horror and humor to your universe. Make grotesque beasts or cuddly critters, then watch them do the robot, zombie walk, break dance and more! Includes over 100 new items.', SYSDATE ,21000, '' );
	INSERT INTO MAP_APP_CATEGORY VALUES( 17440, 3 );

	INSERT INTO MAP_APP_DEVELOPER VALUES( 17440, 187 );

	INSERT INTO MAP_APP_GENRE VALUES( 17440, 8 );

	INSERT INTO MAP_APP_LANG VALUES ( 17440, 3,  'Y', 'N', 'N' );
	INSERT INTO MAP_APP_LANG VALUES ( 17440, 10,  'Y', 'N', 'N' );
	INSERT INTO MAP_APP_LANG VALUES ( 17440, 9,  'Y', 'N', 'N' );
	INSERT INTO MAP_APP_LANG VALUES ( 17440, 6,  'Y', 'N', 'N' );
	INSERT INTO MAP_APP_LANG VALUES ( 17440, 12,  'Y', 'N', 'N' );
	INSERT INTO MAP_APP_LANG VALUES ( 17440, 2,  'Y', 'N', 'N' );
	INSERT INTO MAP_APP_LANG VALUES ( 17440, 4,  'Y', 'N', 'N' );
	INSERT INTO MAP_APP_LANG VALUES ( 17440, 13,  'Y', 'N', 'N' );
	INSERT INTO MAP_APP_LANG VALUES ( 17440, 14,  'Y', 'N', 'N' );
	INSERT INTO MAP_APP_LANG VALUES ( 17440, 15,  'Y', 'N', 'N' );
	INSERT INTO MAP_APP_LANG VALUES ( 17440, 24,  'Y', 'N', 'N' );
	INSERT INTO MAP_APP_LANG VALUES ( 17440, 7,  'Y', 'N', 'N' );
	INSERT INTO MAP_APP_LANG VALUES ( 17440, 25,  'Y', 'N', 'N' );
	INSERT INTO MAP_APP_LANG VALUES ( 17440, 17,  'Y', 'N', 'N' );
	INSERT INTO MAP_APP_LANG VALUES ( 17440, 18,  'Y', 'N', 'N' );

	INSERT INTO MAP_APP_PUBLISHER VALUES( 17440, 427 );

	INSERT INTO MAP_APP_TAG VALUES( 17440, 599 );
	INSERT INTO MAP_APP_TAG VALUES( 17440, 4182 );
	INSERT INTO MAP_APP_TAG VALUES( 17440, 21 );
	INSERT INTO MAP_APP_TAG VALUES( 17440, 1695 );
	INSERT INTO MAP_APP_TAG VALUES( 17440, 4136 );
	INSERT INTO MAP_APP_TAG VALUES( 17440, 5300 );
	INSERT INTO MAP_APP_TAG VALUES( 17440, 9 );
	INSERT INTO MAP_APP_TAG VALUES( 17440, 3810 );
	INSERT INTO MAP_APP_TAG VALUES( 17440, 4726 );
	INSERT INTO MAP_APP_TAG VALUES( 17440, 1673 );
	INSERT INTO MAP_APP_TAG VALUES( 17440, 3942 );
	INSERT INTO MAP_APP_TAG VALUES( 17440, 4747 );

INSERT INTO APP_TABLE	 VALUES( 17450, 'Dragon_Age:_Origins', 'You are a Grey Warden, one of the last of a legendary order of guardians. With the return of an ancient foe and the kingdom engulfed in civil war, you have been chosen by fate to unite the shattered lands and slay the archdemon once and for all.', SYSDATE ,19000, '' );
	INSERT INTO MAP_APP_CATEGORY VALUES( 17450, 3 );

	INSERT INTO MAP_APP_DEVELOPER VALUES( 17450, 190 );

	INSERT INTO MAP_APP_GENRE VALUES( 17450, 6 );

	INSERT INTO MAP_APP_LANG VALUES ( 17450, 2,  'Y', 'N', 'N' );
	INSERT INTO MAP_APP_LANG VALUES ( 17450, 3,  'Y', 'N', 'N' );
	INSERT INTO MAP_APP_LANG VALUES ( 17450, 4,  'Y', 'N', 'N' );
	INSERT INTO MAP_APP_LANG VALUES ( 17450, 10,  'Y', 'N', 'N' );
	INSERT INTO MAP_APP_LANG VALUES ( 17450, 9,  'Y', 'N', 'N' );
	INSERT INTO MAP_APP_LANG VALUES ( 17450, 7,  'Y', 'N', 'N' );
	INSERT INTO MAP_APP_LANG VALUES ( 17450, 24,  'Y', 'N', 'N' );
	INSERT INTO MAP_APP_LANG VALUES ( 17450, 6,  'Y', 'N', 'N' );

	INSERT INTO MAP_APP_PUBLISHER VALUES( 17450, 427 );

	INSERT INTO MAP_APP_TAG VALUES( 17450, 122 );
	INSERT INTO MAP_APP_TAG VALUES( 17450, 1684 );
	INSERT INTO MAP_APP_TAG VALUES( 17450, 1742 );
	INSERT INTO MAP_APP_TAG VALUES( 17450, 6971 );
	INSERT INTO MAP_APP_TAG VALUES( 17450, 4182 );
	INSERT INTO MAP_APP_TAG VALUES( 17450, 7107 );
	INSERT INTO MAP_APP_TAG VALUES( 17450, 21 );
	INSERT INTO MAP_APP_TAG VALUES( 17450, 4166 );
	INSERT INTO MAP_APP_TAG VALUES( 17450, 4604 );
	INSERT INTO MAP_APP_TAG VALUES( 17450, 1708 );
	INSERT INTO MAP_APP_TAG VALUES( 17450, 6426 );
	INSERT INTO MAP_APP_TAG VALUES( 17450, 4747 );
	INSERT INTO MAP_APP_TAG VALUES( 17450, 10695 );
	INSERT INTO MAP_APP_TAG VALUES( 17450, 4046 );
	INSERT INTO MAP_APP_TAG VALUES( 17450, 1695 );
	INSERT INTO MAP_APP_TAG VALUES( 17450, 4947 );
	INSERT INTO MAP_APP_TAG VALUES( 17450, 1697 );
	INSERT INTO MAP_APP_TAG VALUES( 17450, 7208 );
	INSERT INTO MAP_APP_TAG VALUES( 17450, 4236 );
	INSERT INTO MAP_APP_TAG VALUES( 17450, 19 );

INSERT INTO APP_TABLE	 VALUES( 17460, 'Mass_Effect', 'As Commander Shepard, you lead an elite squad on a heroic, action-packed adventure throughout the galaxy. Discover the imminent danger from an ancient threat and battle the traitorous Saren and his deadly army to save civilization. The fate of all life depends on your actions!', SYSDATE ,15000, '' );
	INSERT INTO MAP_APP_CATEGORY VALUES( 17460, 3 );

	INSERT INTO MAP_APP_DEVELOPER VALUES( 17460, 190 );

	INSERT INTO MAP_APP_GENRE VALUES( 17460, 1 );
	INSERT INTO MAP_APP_GENRE VALUES( 17460, 6 );

	INSERT INTO MAP_APP_LANG VALUES ( 17460, 2,  'Y', 'N', 'N' );
	INSERT INTO MAP_APP_LANG VALUES ( 17460, 3,  'Y', 'N', 'N' );
	INSERT INTO MAP_APP_LANG VALUES ( 17460, 4,  'Y', 'N', 'N' );
	INSERT INTO MAP_APP_LANG VALUES ( 17460, 6,  'Y', 'N', 'N' );
	INSERT INTO MAP_APP_LANG VALUES ( 17460, 7,  'Y', 'N', 'N' );

	INSERT INTO MAP_APP_PUBLISHER VALUES( 17460, 427 );

	INSERT INTO MAP_APP_TAG VALUES( 17460, 122 );
	INSERT INTO MAP_APP_TAG VALUES( 17460, 3942 );
	INSERT INTO MAP_APP_TAG VALUES( 17460, 1742 );
	INSERT INTO MAP_APP_TAG VALUES( 17460, 19 );
	INSERT INTO MAP_APP_TAG VALUES( 17460, 3814 );
	INSERT INTO MAP_APP_TAG VALUES( 17460, 4182 );
	INSERT INTO MAP_APP_TAG VALUES( 17460, 1755 );
	INSERT INTO MAP_APP_TAG VALUES( 17460, 1756 );
	INSERT INTO MAP_APP_TAG VALUES( 17460, 1697 );
	INSERT INTO MAP_APP_TAG VALUES( 17460, 6426 );
	INSERT INTO MAP_APP_TAG VALUES( 17460, 7208 );
	INSERT INTO MAP_APP_TAG VALUES( 17460, 1774 );
	INSERT INTO MAP_APP_TAG VALUES( 17460, 21 );
	INSERT INTO MAP_APP_TAG VALUES( 17460, 7107 );
	INSERT INTO MAP_APP_TAG VALUES( 17460, 1695 );
	INSERT INTO MAP_APP_TAG VALUES( 17460, 4166 );
	INSERT INTO MAP_APP_TAG VALUES( 17460, 4747 );
	INSERT INTO MAP_APP_TAG VALUES( 17460, 4947 );
	INSERT INTO MAP_APP_TAG VALUES( 17460, 4231 );
	INSERT INTO MAP_APP_TAG VALUES( 17460, 4604 );

INSERT INTO APP_TABLE	 VALUES( 17470, 'Dead_Space', 'Only the Dead Survive. A massive deep-space mining ship goes dark after unearthing a strange artifact on a distant planet. Engineer Isaac Clarke embarks on the repair mission, only to uncover a nightmarish blood bath ? the ship''s crew horribly slaughtered and infected by alien scourge.', SYSDATE ,19000, '' );
	INSERT INTO MAP_APP_CATEGORY VALUES( 17470, 3 );
	INSERT INTO MAP_APP_CATEGORY VALUES( 17470, 17 );

	INSERT INTO MAP_APP_DEVELOPER VALUES( 17470, 191 );

	INSERT INTO MAP_APP_GENRE VALUES( 17470, 1 );

	INSERT INTO MAP_APP_LANG VALUES ( 17470, 2,  'Y', 'N', 'N' );
	INSERT INTO MAP_APP_LANG VALUES ( 17470, 3,  'Y', 'N', 'N' );
	INSERT INTO MAP_APP_LANG VALUES ( 17470, 4,  'Y', 'N', 'N' );
	INSERT INTO MAP_APP_LANG VALUES ( 17470, 6,  'Y', 'N', 'N' );
	INSERT INTO MAP_APP_LANG VALUES ( 17470, 7,  'Y', 'N', 'N' );

	INSERT INTO MAP_APP_PUBLISHER VALUES( 17470, 427 );

	INSERT INTO MAP_APP_TAG VALUES( 17470, 1667 );
	INSERT INTO MAP_APP_TAG VALUES( 17470, 19 );
	INSERT INTO MAP_APP_TAG VALUES( 17470, 3942 );
	INSERT INTO MAP_APP_TAG VALUES( 17470, 1755 );
	INSERT INTO MAP_APP_TAG VALUES( 17470, 1697 );
	INSERT INTO MAP_APP_TAG VALUES( 17470, 3978 );
	INSERT INTO MAP_APP_TAG VALUES( 17470, 3814 );
	INSERT INTO MAP_APP_TAG VALUES( 17470, 4166 );
	INSERT INTO MAP_APP_TAG VALUES( 17470, 4182 );
	INSERT INTO MAP_APP_TAG VALUES( 17470, 4345 );
	INSERT INTO MAP_APP_TAG VALUES( 17470, 1774 );
	INSERT INTO MAP_APP_TAG VALUES( 17470, 1673 );
	INSERT INTO MAP_APP_TAG VALUES( 17470, 4342 );
	INSERT INTO MAP_APP_TAG VALUES( 17470, 4295 );
	INSERT INTO MAP_APP_TAG VALUES( 17470, 1742 );
	INSERT INTO MAP_APP_TAG VALUES( 17470, 15954 );
	INSERT INTO MAP_APP_TAG VALUES( 17470, 1662 );
	INSERT INTO MAP_APP_TAG VALUES( 17470, 21 );
	INSERT INTO MAP_APP_TAG VALUES( 17470, 1659 );
	INSERT INTO MAP_APP_TAG VALUES( 17470, 122 );

INSERT INTO APP_TABLE	 VALUES( 17480, 'Command_&_Conquer:_Red_Alert_3', 'The desperate leadership of a doomed Soviet Union travels back in time to change history and restore the glory of Mother Russia. The time travel mission goes awry, creating an alternate timeline where technology has followed an entirely different evolution, a new superpower has been thrust on to the world stage, and World War III is...', SYSDATE ,19000, '' );
	INSERT INTO MAP_APP_CATEGORY VALUES( 17480, 3 );

	INSERT INTO MAP_APP_DEVELOPER VALUES( 17480, 192 );

	INSERT INTO MAP_APP_GENRE VALUES( 17480, 5 );

	INSERT INTO MAP_APP_LANG VALUES ( 17480, 2,  'Y', 'N', 'N' );
	INSERT INTO MAP_APP_LANG VALUES ( 17480, 3,  'Y', 'N', 'N' );
	INSERT INTO MAP_APP_LANG VALUES ( 17480, 4,  'Y', 'N', 'N' );
	INSERT INTO MAP_APP_LANG VALUES ( 17480, 10,  'Y', 'N', 'N' );
	INSERT INTO MAP_APP_LANG VALUES ( 17480, 9,  'Y', 'N', 'N' );
	INSERT INTO MAP_APP_LANG VALUES ( 17480, 24,  'Y', 'N', 'N' );
	INSERT INTO MAP_APP_LANG VALUES ( 17480, 6,  'Y', 'N', 'N' );
	INSERT INTO MAP_APP_LANG VALUES ( 17480, 25,  'Y', 'N', 'N' );
	INSERT INTO MAP_APP_LANG VALUES ( 17480, 7,  'Y', 'N', 'N' );

	INSERT INTO MAP_APP_PUBLISHER VALUES( 17480, 427 );

	INSERT INTO MAP_APP_TAG VALUES( 17480, 9 );
	INSERT INTO MAP_APP_TAG VALUES( 17480, 1676 );
	INSERT INTO MAP_APP_TAG VALUES( 17480, 7332 );
	INSERT INTO MAP_APP_TAG VALUES( 17480, 3859 );
	INSERT INTO MAP_APP_TAG VALUES( 17480, 1685 );
	INSERT INTO MAP_APP_TAG VALUES( 17480, 4598 );
	INSERT INTO MAP_APP_TAG VALUES( 17480, 3942 );
	INSERT INTO MAP_APP_TAG VALUES( 17480, 4508 );
	INSERT INTO MAP_APP_TAG VALUES( 17480, 4161 );
	INSERT INTO MAP_APP_TAG VALUES( 17480, 4182 );
	INSERT INTO MAP_APP_TAG VALUES( 17480, 1719 );
	INSERT INTO MAP_APP_TAG VALUES( 17480, 1693 );
	INSERT INTO MAP_APP_TAG VALUES( 17480, 19 );
	INSERT INTO MAP_APP_TAG VALUES( 17480, 3843 );
	INSERT INTO MAP_APP_TAG VALUES( 17480, 1756 );
	INSERT INTO MAP_APP_TAG VALUES( 17480, 18594 );
	INSERT INTO MAP_APP_TAG VALUES( 17480, 1678 );
	INSERT INTO MAP_APP_TAG VALUES( 17480, 4166 );

INSERT INTO APP_TABLE	 VALUES( 50300, 'Spec_Ops:_The_Line', '', SYSDATE ,-1, '' );






INSERT INTO APP_TABLE	 VALUES( 17710, 'Nuclear_Dawn', 'Explore war-torn post-apocalyptic landscapes and take fight against enemies using various weapons in this FPS/RTS hybrid.', SYSDATE ,10500, '' );
	INSERT INTO MAP_APP_CATEGORY VALUES( 17710, 1 );
	INSERT INTO MAP_APP_CATEGORY VALUES( 17710, 10 );
	INSERT INTO MAP_APP_CATEGORY VALUES( 17710, 4 );
	INSERT INTO MAP_APP_CATEGORY VALUES( 17710, 5 );
	INSERT INTO MAP_APP_CATEGORY VALUES( 17710, 14 );
	INSERT INTO MAP_APP_CATEGORY VALUES( 17710, 7 );
	INSERT INTO MAP_APP_CATEGORY VALUES( 17710, 8 );
	INSERT INTO MAP_APP_CATEGORY VALUES( 17710, 2 );
	INSERT INTO MAP_APP_CATEGORY VALUES( 17710, 11 );
	INSERT INTO MAP_APP_CATEGORY VALUES( 17710, 18 );
	INSERT INTO MAP_APP_CATEGORY VALUES( 17710, 13 );

	INSERT INTO MAP_APP_DEVELOPER VALUES( 17710, 193 );
	INSERT INTO MAP_APP_DEVELOPER VALUES( 17710, 194 );

	INSERT INTO MAP_APP_GENRE VALUES( 17710, 1 );
	INSERT INTO MAP_APP_GENRE VALUES( 17710, 5 );

	INSERT INTO MAP_APP_LANG VALUES ( 17710, 2,  'Y', 'Y', 'N' );
	INSERT INTO MAP_APP_LANG VALUES ( 17710, 9,  'Y', 'N', 'N' );
	INSERT INTO MAP_APP_LANG VALUES ( 17710, 24,  'Y', 'N', 'N' );
	INSERT INTO MAP_APP_LANG VALUES ( 17710, 6,  'Y', 'Y', 'N' );


	INSERT INTO MAP_APP_TAG VALUES( 17710, 9 );
	INSERT INTO MAP_APP_TAG VALUES( 17710, 1663 );
	INSERT INTO MAP_APP_TAG VALUES( 17710, 19 );
	INSERT INTO MAP_APP_TAG VALUES( 17710, 3859 );
	INSERT INTO MAP_APP_TAG VALUES( 17710, 1676 );
	INSERT INTO MAP_APP_TAG VALUES( 17710, 3835 );
	INSERT INTO MAP_APP_TAG VALUES( 17710, 3942 );
	INSERT INTO MAP_APP_TAG VALUES( 17710, 1774 );
	INSERT INTO MAP_APP_TAG VALUES( 17710, 1708 );
	INSERT INTO MAP_APP_TAG VALUES( 17710, 3839 );
	INSERT INTO MAP_APP_TAG VALUES( 17710, 1685 );

INSERT INTO APP_TABLE	 VALUES( 50510, 'Burn_Zombie_Burn!', 'Welcome to the char-grilled world of Burn Zombie Burn, where the best type of undead is barbequed undead. The goals are simple: keep Bruce alive, as he tries to keep Daisy alive, and get the highest score possible. Standing (well, ambling) in your way is a never ending horde of the rotting, stinking and stupid undead.', SYSDATE ,-1, '' );
	INSERT INTO MAP_APP_CATEGORY VALUES( 50510, 3 );
	INSERT INTO MAP_APP_CATEGORY VALUES( 50510, 4 );
	INSERT INTO MAP_APP_CATEGORY VALUES( 50510, 7 );
	INSERT INTO MAP_APP_CATEGORY VALUES( 50510, 8 );
	INSERT INTO MAP_APP_CATEGORY VALUES( 50510, 18 );

	INSERT INTO MAP_APP_DEVELOPER VALUES( 50510, 439 );

	INSERT INTO MAP_APP_GENRE VALUES( 50510, 1 );

	INSERT INTO MAP_APP_LANG VALUES ( 50510, 2,  'Y', 'N', 'N' );
	INSERT INTO MAP_APP_LANG VALUES ( 50510, 3,  'Y', 'N', 'N' );
	INSERT INTO MAP_APP_LANG VALUES ( 50510, 4,  'Y', 'N', 'N' );
	INSERT INTO MAP_APP_LANG VALUES ( 50510, 6,  'Y', 'N', 'N' );
	INSERT INTO MAP_APP_LANG VALUES ( 50510, 7,  'Y', 'N', 'N' );


	INSERT INTO MAP_APP_TAG VALUES( 50510, 19 );
	INSERT INTO MAP_APP_TAG VALUES( 50510, 1659 );

INSERT INTO APP_TABLE	 VALUES( 18000, 'Precipice_of_Darkness,_Episode_One', 'On the Rain-Slick Precipice of Darkness, Episode One is the first installment in the RPG-Adventure game series based on the web comic Penny Arcade. Create your character in the classic comic style, and join Gabe and Tycho in the alternate 1920s universe of New Arcadia, where you''ll combat savage enemies, solve mysteries, meet bizarre new...', SYSDATE ,-1, '' );
	INSERT INTO MAP_APP_CATEGORY VALUES( 18000, 3 );
	INSERT INTO MAP_APP_CATEGORY VALUES( 18000, 4 );

	INSERT INTO MAP_APP_DEVELOPER VALUES( 18000, 195 );

	INSERT INTO MAP_APP_GENRE VALUES( 18000, 3 );
	INSERT INTO MAP_APP_GENRE VALUES( 18000, 6 );

	INSERT INTO MAP_APP_LANG VALUES ( 18000, 2,  'Y', 'N', 'N' );

	INSERT INTO MAP_APP_PUBLISHER VALUES( 18000, 195 );

	INSERT INTO MAP_APP_TAG VALUES( 18000, 122 );
	INSERT INTO MAP_APP_TAG VALUES( 18000, 21 );
	INSERT INTO MAP_APP_TAG VALUES( 18000, 1719 );
	INSERT INTO MAP_APP_TAG VALUES( 18000, 4136 );
	INSERT INTO MAP_APP_TAG VALUES( 18000, 4182 );
	INSERT INTO MAP_APP_TAG VALUES( 18000, 1677 );

INSERT INTO APP_TABLE	 VALUES( 18020, 'Precipice_of_Darkness,_Episode_Two', 'On the Rain-Slick Precipice of Darkness, Episode Two is the second installment in the RPG-adventure game series based on the web comic Penny Arcade. Whether you''re a fan of the first installment or new to the series, you''ll be able to pick up and play Episode Two as a standalone experience.', SYSDATE ,-1, '' );
	INSERT INTO MAP_APP_CATEGORY VALUES( 18020, 3 );
	INSERT INTO MAP_APP_CATEGORY VALUES( 18020, 4 );

	INSERT INTO MAP_APP_DEVELOPER VALUES( 18020, 195 );

	INSERT INTO MAP_APP_GENRE VALUES( 18020, 3 );
	INSERT INTO MAP_APP_GENRE VALUES( 18020, 6 );

	INSERT INTO MAP_APP_LANG VALUES ( 18020, 2,  'Y', 'N', 'N' );

	INSERT INTO MAP_APP_PUBLISHER VALUES( 18020, 195 );

	INSERT INTO MAP_APP_TAG VALUES( 18020, 122 );
	INSERT INTO MAP_APP_TAG VALUES( 18020, 21 );
	INSERT INTO MAP_APP_TAG VALUES( 18020, 1719 );
	INSERT INTO MAP_APP_TAG VALUES( 18020, 4182 );
	INSERT INTO MAP_APP_TAG VALUES( 18020, 4136 );
	INSERT INTO MAP_APP_TAG VALUES( 18020, 1677 );

INSERT INTO APP_TABLE	 VALUES( 18040, 'DeathSpank', 'For uncounted years, DeathSpank has been a Dispenser of Justice, a Vanquisher of Evil, and a Hero to the Downtrodden. DeathSpank has long searched for a powerful artifact called¡¦.The Artifact. Forged by unknown hands for unknown purposes some unknown time in the past, The Artifact is now within DeathSpank¡¯s reach. What is The Artifact?', SYSDATE ,16000, '' );
	INSERT INTO MAP_APP_CATEGORY VALUES( 18040, 3 );
	INSERT INTO MAP_APP_CATEGORY VALUES( 18040, 21 );
	INSERT INTO MAP_APP_CATEGORY VALUES( 18040, 4 );
	INSERT INTO MAP_APP_CATEGORY VALUES( 18040, 7 );
	INSERT INTO MAP_APP_CATEGORY VALUES( 18040, 8 );
	INSERT INTO MAP_APP_CATEGORY VALUES( 18040, 18 );

	INSERT INTO MAP_APP_DEVELOPER VALUES( 18040, 195 );

	INSERT INTO MAP_APP_GENRE VALUES( 18040, 1 );
	INSERT INTO MAP_APP_GENRE VALUES( 18040, 4 );
	INSERT INTO MAP_APP_GENRE VALUES( 18040, 6 );

	INSERT INTO MAP_APP_LANG VALUES ( 18040, 2,  'Y', 'N', 'N' );

	INSERT INTO MAP_APP_PUBLISHER VALUES( 18040, 427 );

	INSERT INTO MAP_APP_TAG VALUES( 18040, 122 );
	INSERT INTO MAP_APP_TAG VALUES( 18040, 19 );
	INSERT INTO MAP_APP_TAG VALUES( 18040, 492 );
	INSERT INTO MAP_APP_TAG VALUES( 18040, 1719 );
	INSERT INTO MAP_APP_TAG VALUES( 18040, 4231 );
	INSERT INTO MAP_APP_TAG VALUES( 18040, 1646 );
	INSERT INTO MAP_APP_TAG VALUES( 18040, 4182 );
	INSERT INTO MAP_APP_TAG VALUES( 18040, 3841 );

INSERT INTO APP_TABLE	 VALUES( 18050, 'DeathSpank:_Thongs_of_Virtue', 'Deathspank and Deathspank: Thongs of Virtue are now available on the Mac!', SYSDATE ,-1, '' );
	INSERT INTO MAP_APP_CATEGORY VALUES( 18050, 3 );
	INSERT INTO MAP_APP_CATEGORY VALUES( 18050, 21 );
	INSERT INTO MAP_APP_CATEGORY VALUES( 18050, 4 );
	INSERT INTO MAP_APP_CATEGORY VALUES( 18050, 7 );
	INSERT INTO MAP_APP_CATEGORY VALUES( 18050, 8 );
	INSERT INTO MAP_APP_CATEGORY VALUES( 18050, 18 );

	INSERT INTO MAP_APP_DEVELOPER VALUES( 18050, 195 );

	INSERT INTO MAP_APP_GENRE VALUES( 18050, 1 );
	INSERT INTO MAP_APP_GENRE VALUES( 18050, 6 );
	INSERT INTO MAP_APP_GENRE VALUES( 18050, 4 );

	INSERT INTO MAP_APP_LANG VALUES ( 18050, 2,  'Y', 'N', 'N' );

	INSERT INTO MAP_APP_PUBLISHER VALUES( 18050, 427 );

	INSERT INTO MAP_APP_TAG VALUES( 18050, 19 );
	INSERT INTO MAP_APP_TAG VALUES( 18050, 122 );
	INSERT INTO MAP_APP_TAG VALUES( 18050, 492 );
	INSERT INTO MAP_APP_TAG VALUES( 18050, 4231 );
	INSERT INTO MAP_APP_TAG VALUES( 18050, 1719 );
	INSERT INTO MAP_APP_TAG VALUES( 18050, 3841 );
	INSERT INTO MAP_APP_TAG VALUES( 18050, 1646 );

INSERT INTO APP_TABLE	 VALUES( 18070, 'The_Baconing', 'Roesha is a downloadable co-op character who helps DeathSpank in both his battles and his adventure. Enjoy 50% off both the game and DLC!', SYSDATE ,-1, '' );
	INSERT INTO MAP_APP_CATEGORY VALUES( 18070, 3 );
	INSERT INTO MAP_APP_CATEGORY VALUES( 18070, 21 );
	INSERT INTO MAP_APP_CATEGORY VALUES( 18070, 4 );
	INSERT INTO MAP_APP_CATEGORY VALUES( 18070, 7 );
	INSERT INTO MAP_APP_CATEGORY VALUES( 18070, 8 );
	INSERT INTO MAP_APP_CATEGORY VALUES( 18070, 18 );

	INSERT INTO MAP_APP_DEVELOPER VALUES( 18070, 195 );

	INSERT INTO MAP_APP_GENRE VALUES( 18070, 1 );
	INSERT INTO MAP_APP_GENRE VALUES( 18070, 3 );
	INSERT INTO MAP_APP_GENRE VALUES( 18070, 6 );

	INSERT INTO MAP_APP_LANG VALUES ( 18070, 2,  'Y', 'Y', 'N' );

	INSERT INTO MAP_APP_PUBLISHER VALUES( 18070, 195 );

	INSERT INTO MAP_APP_TAG VALUES( 18070, 122 );
	INSERT INTO MAP_APP_TAG VALUES( 18070, 19 );
	INSERT INTO MAP_APP_TAG VALUES( 18070, 21 );
	INSERT INTO MAP_APP_TAG VALUES( 18070, 1719 );
	INSERT INTO MAP_APP_TAG VALUES( 18070, 3841 );
	INSERT INTO MAP_APP_TAG VALUES( 18070, 4182 );
	INSERT INTO MAP_APP_TAG VALUES( 18070, 4231 );

INSERT INTO APP_TABLE	 VALUES( 18120, 'Unstoppable_Gorg', 'Defend the solar system from fearsome aliens by sending satellites into orbit in revolutionary tower defense action!', SYSDATE ,9500, '' );
	INSERT INTO MAP_APP_CATEGORY VALUES( 18120, 3 );
	INSERT INTO MAP_APP_CATEGORY VALUES( 18120, 4 );
	INSERT INTO MAP_APP_CATEGORY VALUES( 18120, 8 );
	INSERT INTO MAP_APP_CATEGORY VALUES( 18120, 18 );

	INSERT INTO MAP_APP_DEVELOPER VALUES( 18120, 196 );

	INSERT INTO MAP_APP_GENRE VALUES( 18120, 1 );
	INSERT INTO MAP_APP_GENRE VALUES( 18120, 7 );
	INSERT INTO MAP_APP_GENRE VALUES( 18120, 4 );
	INSERT INTO MAP_APP_GENRE VALUES( 18120, 5 );

	INSERT INTO MAP_APP_LANG VALUES ( 18120, 2,  'Y', 'N', 'N' );
	INSERT INTO MAP_APP_LANG VALUES ( 18120, 6,  'Y', 'N', 'N' );

	INSERT INTO MAP_APP_PUBLISHER VALUES( 18120, 196 );

	INSERT INTO MAP_APP_TAG VALUES( 18120, 1645 );
	INSERT INTO MAP_APP_TAG VALUES( 18120, 9 );
	INSERT INTO MAP_APP_TAG VALUES( 18120, 492 );
	INSERT INTO MAP_APP_TAG VALUES( 18120, 597 );
	INSERT INTO MAP_APP_TAG VALUES( 18120, 19 );
	INSERT INTO MAP_APP_TAG VALUES( 18120, 3942 );
	INSERT INTO MAP_APP_TAG VALUES( 18120, 1673 );
	INSERT INTO MAP_APP_TAG VALUES( 18120, 1755 );
	INSERT INTO MAP_APP_TAG VALUES( 18120, 25085 );

INSERT INTO APP_TABLE	 VALUES( 50910, 'Professor_Fizzwizzle_and_the_Molten_Mystery', 'While on a well deserved vacation, Professor Fizzwizzle''s investigation of a strange volcano has landed him in a Molten Mystery! Now it''s up to you to master exciting new gadgets, outwit the Bat-Bots, and vanquish a truly cunning villain! Can the professor count on you to help?', SYSDATE ,7500, '' );
	INSERT INTO MAP_APP_CATEGORY VALUES( 50910, 3 );

	INSERT INTO MAP_APP_DEVELOPER VALUES( 50910, 85 );

	INSERT INTO MAP_APP_GENRE VALUES( 50910, 7 );

	INSERT INTO MAP_APP_LANG VALUES ( 50910, 2,  'Y', 'N', 'N' );

	INSERT INTO MAP_APP_PUBLISHER VALUES( 50910, 85 );

	INSERT INTO MAP_APP_TAG VALUES( 50910, 597 );
	INSERT INTO MAP_APP_TAG VALUES( 50910, 1664 );

INSERT INTO APP_TABLE	 VALUES( 50920, 'Hidden_Expedition:_Amazon', 'Big Fish Games Studios takes you on an Adventure into the stunning world of the Amazon with the Hidden Expedition team in search of a missing professor. A tattered map referencing the legendary Beetle Temple is your only clue as you begin your adventure deep into the Amazon Rain forest.', SYSDATE ,10500, '' );
	INSERT INTO MAP_APP_CATEGORY VALUES( 50920, 3 );

	INSERT INTO MAP_APP_DEVELOPER VALUES( 50920, 85 );

	INSERT INTO MAP_APP_GENRE VALUES( 50920, 7 );
	INSERT INTO MAP_APP_GENRE VALUES( 50920, 4 );

	INSERT INTO MAP_APP_LANG VALUES ( 50920, 2,  'Y', 'N', 'N' );

	INSERT INTO MAP_APP_PUBLISHER VALUES( 50920, 85 );

	INSERT INTO MAP_APP_TAG VALUES( 50920, 597 );
	INSERT INTO MAP_APP_TAG VALUES( 50920, 492 );
	INSERT INTO MAP_APP_TAG VALUES( 50920, 1738 );

INSERT INTO APP_TABLE	 VALUES( 50930, 'Hidden_Expedition:_Everest', 'Fresh from a successful exploration of the wreck of the Titanic, the Hidden Expedition Club will pit one of its stellar members against a formidable group of opponents in a race to the summit of Everest. Other groups will battle you to be the first to summit Mount Everest. Expert Everest climber Ed Viesturs will assist you along the way.', SYSDATE ,10500, '' );
	INSERT INTO MAP_APP_CATEGORY VALUES( 50930, 3 );

	INSERT INTO MAP_APP_DEVELOPER VALUES( 50930, 85 );

	INSERT INTO MAP_APP_GENRE VALUES( 50930, 7 );

	INSERT INTO MAP_APP_LANG VALUES ( 50930, 2,  'Y', 'N', 'N' );

	INSERT INTO MAP_APP_PUBLISHER VALUES( 50930, 85 );

	INSERT INTO MAP_APP_TAG VALUES( 50930, 597 );
	INSERT INTO MAP_APP_TAG VALUES( 50930, 1738 );

INSERT INTO APP_TABLE	 VALUES( 50940, 'Hidden_Expedition:_Titanic', 'On April 14, 1912, the great steamship RMS Titanic struck an iceberg and within hours it sank to the bottom of the Atlantic Ocean. As part of the Hidden Expedition Adventure League, it`s your job to explore the wreckage of this once-majestic ship and collect antique artifacts for the Titanic Museum.', SYSDATE ,10500, '' );
	INSERT INTO MAP_APP_CATEGORY VALUES( 50940, 3 );
	INSERT INTO MAP_APP_CATEGORY VALUES( 50940, 1 );

	INSERT INTO MAP_APP_DEVELOPER VALUES( 50940, 85 );

	INSERT INTO MAP_APP_GENRE VALUES( 50940, 7 );

	INSERT INTO MAP_APP_LANG VALUES ( 50940, 2,  'Y', 'N', 'N' );

	INSERT INTO MAP_APP_PUBLISHER VALUES( 50940, 85 );

	INSERT INTO MAP_APP_TAG VALUES( 50940, 597 );
	INSERT INTO MAP_APP_TAG VALUES( 50940, 1738 );

INSERT INTO APP_TABLE	 VALUES( 50960, 'Mystery_Case_Files:_Huntsville¢â', 'Do you have a keen eye for detail? See if you can locate enough hidden clues to solve the crimes and become a Master Detective. Mystery Case Files: Huntsville¢â provides players with a collection of intriguing mysteries and brain-teasers to solve. There are picture puzzles to ponder, strange crime scenes to explore, and much, much, more!', SYSDATE ,10500, '' );
	INSERT INTO MAP_APP_CATEGORY VALUES( 50960, 3 );

	INSERT INTO MAP_APP_DEVELOPER VALUES( 50960, 85 );

	INSERT INTO MAP_APP_GENRE VALUES( 50960, 7 );

	INSERT INTO MAP_APP_LANG VALUES ( 50960, 2,  'Y', 'N', 'N' );

	INSERT INTO MAP_APP_PUBLISHER VALUES( 50960, 85 );

	INSERT INTO MAP_APP_TAG VALUES( 50960, 597 );
	INSERT INTO MAP_APP_TAG VALUES( 50960, 1738 );

INSERT INTO APP_TABLE	 VALUES( 50970, 'Mystery_Case_Files:_Madame_Fate¢ç', 'Madame Fate¢â, a mysterious fortune teller, has foreseen her own demise at midnight this very day. She has asked for your help in investigating each quirky carnival worker to determine their whereabouts at midnight.', SYSDATE ,7500, '' );
	INSERT INTO MAP_APP_CATEGORY VALUES( 50970, 3 );

	INSERT INTO MAP_APP_DEVELOPER VALUES( 50970, 85 );

	INSERT INTO MAP_APP_GENRE VALUES( 50970, 7 );

	INSERT INTO MAP_APP_LANG VALUES ( 50970, 2,  'Y', 'N', 'N' );

	INSERT INTO MAP_APP_PUBLISHER VALUES( 50970, 85 );

	INSERT INTO MAP_APP_TAG VALUES( 50970, 597 );
	INSERT INTO MAP_APP_TAG VALUES( 50970, 1738 );

INSERT INTO APP_TABLE	 VALUES( 50980, 'Mystery_Case_Files:_Prime_Suspects¢â', 'The Queen''s Hope Diamond has been stolen! It''s up to you to search for clues throughout 22 levels, find the offending culprit, and recover the stolen gem. Expand your investigations through the game''s 29 unique locations by finding items that will unlock subsequent levels.', SYSDATE ,7500, '' );
	INSERT INTO MAP_APP_CATEGORY VALUES( 50980, 3 );

	INSERT INTO MAP_APP_DEVELOPER VALUES( 50980, 85 );

	INSERT INTO MAP_APP_GENRE VALUES( 50980, 7 );

	INSERT INTO MAP_APP_LANG VALUES ( 50980, 2,  'Y', 'N', 'N' );

	INSERT INTO MAP_APP_PUBLISHER VALUES( 50980, 85 );

	INSERT INTO MAP_APP_TAG VALUES( 50980, 597 );
	INSERT INTO MAP_APP_TAG VALUES( 50980, 1738 );

INSERT INTO APP_TABLE	 VALUES( 51000, 'Mystery_Case_Files:_Return_to_Ravenhearst¢â', 'Emma`s soul is free. But her ghost has delivered a dire warning: evil still lurks in Ravenhearst Manor. Big Fish Games Studios takes you deep inside the cursed estate in Mystery Case Files: Return to Ravenhearst¢â, the thrilling sequel.', SYSDATE ,10500, '' );
	INSERT INTO MAP_APP_CATEGORY VALUES( 51000, 3 );

	INSERT INTO MAP_APP_DEVELOPER VALUES( 51000, 85 );

	INSERT INTO MAP_APP_GENRE VALUES( 51000, 7 );

	INSERT INTO MAP_APP_LANG VALUES ( 51000, 2,  'Y', 'N', 'N' );

	INSERT INTO MAP_APP_PUBLISHER VALUES( 51000, 85 );

	INSERT INTO MAP_APP_TAG VALUES( 51000, 597 );
	INSERT INTO MAP_APP_TAG VALUES( 51000, 1738 );
	INSERT INTO MAP_APP_TAG VALUES( 51000, 1664 );

INSERT INTO APP_TABLE	 VALUES( 51010, 'My_Tribe', 'Create a prosperous island paradise for your industrious, intelligent tribe with this real-time Brain Teaser! Your tribe will have a mind of its own, learning skills and starting families even when you`re not around, but check back often to keep your island idyllic.', SYSDATE ,10500, '' );
	INSERT INTO MAP_APP_CATEGORY VALUES( 51010, 3 );
	INSERT INTO MAP_APP_CATEGORY VALUES( 51010, 5 );

	INSERT INTO MAP_APP_DEVELOPER VALUES( 51010, 85 );

	INSERT INTO MAP_APP_GENRE VALUES( 51010, 7 );
	INSERT INTO MAP_APP_GENRE VALUES( 51010, 8 );

	INSERT INTO MAP_APP_LANG VALUES ( 51010, 2,  'Y', 'Y', 'Y' );

	INSERT INTO MAP_APP_PUBLISHER VALUES( 51010, 85 );

	INSERT INTO MAP_APP_TAG VALUES( 51010, 597 );
	INSERT INTO MAP_APP_TAG VALUES( 51010, 599 );

INSERT INTO APP_TABLE	 VALUES( 51020, 'Unwell_Mel', 'The doctor is in, with this madcap Match 3 game! Poor Mel has every ailment in the book, and you`re the only one who can cure him. Use your scanner to figure out what¡¯s got him this time, whether it`s too much junk food, or some zany virus, and get to work.', SYSDATE ,7500, '' );
	INSERT INTO MAP_APP_CATEGORY VALUES( 51020, 3 );

	INSERT INTO MAP_APP_DEVELOPER VALUES( 51020, 85 );

	INSERT INTO MAP_APP_GENRE VALUES( 51020, 7 );

	INSERT INTO MAP_APP_LANG VALUES ( 51020, 2,  'Y', 'N', 'N' );

	INSERT INTO MAP_APP_PUBLISHER VALUES( 51020, 85 );

	INSERT INTO MAP_APP_TAG VALUES( 51020, 597 );
	INSERT INTO MAP_APP_TAG VALUES( 51020, 1665 );

INSERT INTO APP_TABLE	 VALUES( 51060, 'Drawn¢ç:_The_Painted_Tower', 'Enter the world of Drawn, and unravel the secrets of the Painted Tower. Overcome challenging puzzles on your quest to save Iris. A curse has locked each floor of the tower, and only the most creative adventurer can find a way through.', SYSDATE ,10500, '' );
	INSERT INTO MAP_APP_CATEGORY VALUES( 51060, 3 );
	INSERT INTO MAP_APP_CATEGORY VALUES( 51060, 4 );
	INSERT INTO MAP_APP_CATEGORY VALUES( 51060, 5 );

	INSERT INTO MAP_APP_DEVELOPER VALUES( 51060, 440 );

	INSERT INTO MAP_APP_GENRE VALUES( 51060, 3 );
	INSERT INTO MAP_APP_GENRE VALUES( 51060, 7 );

	INSERT INTO MAP_APP_LANG VALUES ( 51060, 2,  'Y', 'Y', 'Y' );

	INSERT INTO MAP_APP_PUBLISHER VALUES( 51060, 85 );

	INSERT INTO MAP_APP_TAG VALUES( 51060, 21 );
	INSERT INTO MAP_APP_TAG VALUES( 51060, 597 );
	INSERT INTO MAP_APP_TAG VALUES( 51060, 1698 );
	INSERT INTO MAP_APP_TAG VALUES( 51060, 1664 );
	INSERT INTO MAP_APP_TAG VALUES( 51060, 1738 );

INSERT INTO APP_TABLE	 VALUES( 18300, 'Spectraball', 'Spectraball combines elements of platforming, puzzle solving, addictive gameplay, and stunning visuals to deliver an experience that sets a new standard for the genre. In addition, Spectraball utilizes Steamworks, offering full support for achievements and stat tracking.', SYSDATE ,5500, '' );
	INSERT INTO MAP_APP_CATEGORY VALUES( 18300, 3 );
	INSERT INTO MAP_APP_CATEGORY VALUES( 18300, 4 );
	INSERT INTO MAP_APP_CATEGORY VALUES( 18300, 5 );
	INSERT INTO MAP_APP_CATEGORY VALUES( 18300, 7 );

	INSERT INTO MAP_APP_DEVELOPER VALUES( 18300, 197 );

	INSERT INTO MAP_APP_GENRE VALUES( 18300, 7 );
	INSERT INTO MAP_APP_GENRE VALUES( 18300, 4 );

	INSERT INTO MAP_APP_LANG VALUES ( 18300, 2,  'Y', 'N', 'N' );

	INSERT INTO MAP_APP_PUBLISHER VALUES( 18300, 197 );

	INSERT INTO MAP_APP_TAG VALUES( 18300, 597 );
	INSERT INTO MAP_APP_TAG VALUES( 18300, 492 );
	INSERT INTO MAP_APP_TAG VALUES( 18300, 1664 );

INSERT INTO APP_TABLE	 VALUES( 18400, 'Crazy_Machines_2', 'Crazy Machines 2 is packed with all new features to help you create your wackiest "Rube Goldberg-style" contraptions yet! All new elements, plus an amazing 3D physics engine lets you craft even more complex gadgets and effects.', SYSDATE ,10500, '' );
	INSERT INTO MAP_APP_CATEGORY VALUES( 18400, 3 );
	INSERT INTO MAP_APP_CATEGORY VALUES( 18400, 5 );

	INSERT INTO MAP_APP_DEVELOPER VALUES( 18400, 198 );

	INSERT INTO MAP_APP_GENRE VALUES( 18400, 7 );
	INSERT INTO MAP_APP_GENRE VALUES( 18400, 5 );

	INSERT INTO MAP_APP_LANG VALUES ( 18400, 2,  'Y', 'N', 'N' );


	INSERT INTO MAP_APP_TAG VALUES( 18400, 597 );
	INSERT INTO MAP_APP_TAG VALUES( 18400, 9 );
	INSERT INTO MAP_APP_TAG VALUES( 18400, 1664 );
	INSERT INTO MAP_APP_TAG VALUES( 18400, 3968 );
	INSERT INTO MAP_APP_TAG VALUES( 18400, 4182 );

INSERT INTO APP_TABLE	 VALUES( 18420, 'Crazy_Machines', 'Turn the crank, rotate the gears, push the levers, Use the catapult, explode it, or fly it...From grilling sausages with a pulley, gears, rubberbands and a candle to firing a cannon with a basketball, these wacky brain-teasers will light up your imagination with creative and addictive fun.', SYSDATE ,10500, '' );
	INSERT INTO MAP_APP_CATEGORY VALUES( 18420, 3 );

	INSERT INTO MAP_APP_DEVELOPER VALUES( 18420, 198 );

	INSERT INTO MAP_APP_GENRE VALUES( 18420, 7 );
	INSERT INTO MAP_APP_GENRE VALUES( 18420, 5 );

	INSERT INTO MAP_APP_LANG VALUES ( 18420, 2,  'Y', 'N', 'N' );


	INSERT INTO MAP_APP_TAG VALUES( 18420, 597 );
	INSERT INTO MAP_APP_TAG VALUES( 18420, 9 );
	INSERT INTO MAP_APP_TAG VALUES( 18420, 1664 );
	INSERT INTO MAP_APP_TAG VALUES( 18420, 3968 );

INSERT INTO APP_TABLE	 VALUES( 18430, 'Crazy_Machines_1.5', 'Create Your Own Zany "Rube Goldberg" Devices! Go crazy with over 200 brand new gizmo-twistin'' levels! Enjoy all-new elements, music, backgrounds and more. Start off in the Inventor''s Training Camp to sharpen your skills.', SYSDATE ,10500, '' );
	INSERT INTO MAP_APP_CATEGORY VALUES( 18430, 3 );

	INSERT INTO MAP_APP_DEVELOPER VALUES( 18430, 198 );

	INSERT INTO MAP_APP_GENRE VALUES( 18430, 7 );
	INSERT INTO MAP_APP_GENRE VALUES( 18430, 5 );

	INSERT INTO MAP_APP_LANG VALUES ( 18430, 2,  'Y', 'N', 'N' );


	INSERT INTO MAP_APP_TAG VALUES( 18430, 597 );
	INSERT INTO MAP_APP_TAG VALUES( 18430, 9 );
	INSERT INTO MAP_APP_TAG VALUES( 18430, 1664 );
	INSERT INTO MAP_APP_TAG VALUES( 18430, 3968 );

INSERT INTO APP_TABLE	 VALUES( 18480, 'Mata_Hari', 'TRUST NO ONE BUT YOURSELF as you adventure into the dark world of espionage amidst the volatile atmosphere of impending war. As a double agent, you must find clever ways to pit enemy factions against each other while eluding pursuers in each of your increasingly dangerous missions.', SYSDATE ,5500, '' );
	INSERT INTO MAP_APP_CATEGORY VALUES( 18480, 3 );

	INSERT INTO MAP_APP_DEVELOPER VALUES( 18480, 199 );

	INSERT INTO MAP_APP_GENRE VALUES( 18480, 3 );

	INSERT INTO MAP_APP_LANG VALUES ( 18480, 2,  'Y', 'N', 'N' );
	INSERT INTO MAP_APP_LANG VALUES ( 18480, 3,  'Y', 'N', 'N' );
	INSERT INTO MAP_APP_LANG VALUES ( 18480, 4,  'Y', 'N', 'N' );
	INSERT INTO MAP_APP_LANG VALUES ( 18480, 6,  'Y', 'N', 'N' );


	INSERT INTO MAP_APP_TAG VALUES( 18480, 21 );
	INSERT INTO MAP_APP_TAG VALUES( 18480, 1698 );
	INSERT INTO MAP_APP_TAG VALUES( 18480, 7208 );
	INSERT INTO MAP_APP_TAG VALUES( 18480, 1664 );
	INSERT INTO MAP_APP_TAG VALUES( 18480, 5382 );
	INSERT INTO MAP_APP_TAG VALUES( 18480, 3987 );

INSERT INTO APP_TABLE	 VALUES( 18500, 'Defense_Grid:_The_Awakening', 'Defense Grid: The Awakening is a unique spin on tower defense gameplay that will appeal to players of all skill levels. A horde of enemies is invading, and it''s up to the player to stop them by strategically building fortification towers around their base.', SYSDATE ,10500, '' );
	INSERT INTO MAP_APP_CATEGORY VALUES( 18500, 3 );
	INSERT INTO MAP_APP_CATEGORY VALUES( 18500, 4 );
	INSERT INTO MAP_APP_CATEGORY VALUES( 18500, 17 );
	INSERT INTO MAP_APP_CATEGORY VALUES( 18500, 5 );

	INSERT INTO MAP_APP_DEVELOPER VALUES( 18500, 200 );

	INSERT INTO MAP_APP_GENRE VALUES( 18500, 4 );
	INSERT INTO MAP_APP_GENRE VALUES( 18500, 5 );

	INSERT INTO MAP_APP_LANG VALUES ( 18500, 2,  'Y', 'N', 'N' );
	INSERT INTO MAP_APP_LANG VALUES ( 18500, 3,  'Y', 'N', 'N' );
	INSERT INTO MAP_APP_LANG VALUES ( 18500, 4,  'Y', 'N', 'N' );
	INSERT INTO MAP_APP_LANG VALUES ( 18500, 6,  'Y', 'N', 'N' );
	INSERT INTO MAP_APP_LANG VALUES ( 18500, 7,  'Y', 'N', 'N' );

	INSERT INTO MAP_APP_PUBLISHER VALUES( 18500, 200 );

	INSERT INTO MAP_APP_TAG VALUES( 18500, 1645 );
	INSERT INTO MAP_APP_TAG VALUES( 18500, 9 );
	INSERT INTO MAP_APP_TAG VALUES( 18500, 3942 );
	INSERT INTO MAP_APP_TAG VALUES( 18500, 492 );
	INSERT INTO MAP_APP_TAG VALUES( 18500, 4182 );
	INSERT INTO MAP_APP_TAG VALUES( 18500, 1673 );
	INSERT INTO MAP_APP_TAG VALUES( 18500, 4295 );
	INSERT INTO MAP_APP_TAG VALUES( 18500, 25085 );
	INSERT INTO MAP_APP_TAG VALUES( 18500, 4711 );
	INSERT INTO MAP_APP_TAG VALUES( 18500, 21 );
	INSERT INTO MAP_APP_TAG VALUES( 18500, 7481 );

INSERT INTO APP_TABLE	 VALUES( 18600, 'Mayhem_Intergalactic', 'Wage war on your friends and enemies in this simple and engaging strategy game. Easy to learn and quick to play, Mayhem Intergalactic is surprisingly strategic. Play against the computer, or duke it out with friends over the internet. The universe shall be yours!', SYSDATE ,10500, '' );
	INSERT INTO MAP_APP_CATEGORY VALUES( 18600, 3 );
	INSERT INTO MAP_APP_CATEGORY VALUES( 18600, 1 );
	INSERT INTO MAP_APP_CATEGORY VALUES( 18600, 4 );

	INSERT INTO MAP_APP_DEVELOPER VALUES( 18600, 201 );

	INSERT INTO MAP_APP_GENRE VALUES( 18600, 4 );
	INSERT INTO MAP_APP_GENRE VALUES( 18600, 5 );

	INSERT INTO MAP_APP_LANG VALUES ( 18600, 2,  'Y', 'N', 'N' );

	INSERT INTO MAP_APP_PUBLISHER VALUES( 18600, 201 );

	INSERT INTO MAP_APP_TAG VALUES( 18600, 492 );
	INSERT INTO MAP_APP_TAG VALUES( 18600, 9 );

INSERT INTO APP_TABLE	 VALUES( 18700, 'And_Yet_It_Moves', 'And Yet It Moves is a puzzle-platformer, set in a unique world, made of ripped paper. Within the paper-collage you can jump, run and last but certainly not least: rotate the world. Learn how to apply the physical consequences of rotation to master the many tricky situations you may encounter.', SYSDATE ,10500, '' );
	INSERT INTO MAP_APP_CATEGORY VALUES( 18700, 3 );
	INSERT INTO MAP_APP_CATEGORY VALUES( 18700, 4 );
	INSERT INTO MAP_APP_CATEGORY VALUES( 18700, 7 );

	INSERT INTO MAP_APP_DEVELOPER VALUES( 18700, 202 );

	INSERT INTO MAP_APP_GENRE VALUES( 18700, 1 );
	INSERT INTO MAP_APP_GENRE VALUES( 18700, 4 );

	INSERT INTO MAP_APP_LANG VALUES ( 18700, 2,  'Y', 'N', 'N' );
	INSERT INTO MAP_APP_LANG VALUES ( 18700, 3,  'Y', 'N', 'N' );
	INSERT INTO MAP_APP_LANG VALUES ( 18700, 4,  'Y', 'N', 'N' );
	INSERT INTO MAP_APP_LANG VALUES ( 18700, 6,  'Y', 'N', 'N' );
	INSERT INTO MAP_APP_LANG VALUES ( 18700, 7,  'Y', 'N', 'N' );
	INSERT INTO MAP_APP_LANG VALUES ( 18700, 11,  'Y', 'N', 'N' );

	INSERT INTO MAP_APP_PUBLISHER VALUES( 18700, 202 );

	INSERT INTO MAP_APP_TAG VALUES( 18700, 1625 );
	INSERT INTO MAP_APP_TAG VALUES( 18700, 492 );
	INSERT INTO MAP_APP_TAG VALUES( 18700, 1664 );
	INSERT INTO MAP_APP_TAG VALUES( 18700, 3871 );
	INSERT INTO MAP_APP_TAG VALUES( 18700, 597 );
	INSERT INTO MAP_APP_TAG VALUES( 18700, 4182 );
	INSERT INTO MAP_APP_TAG VALUES( 18700, 13782 );
	INSERT INTO MAP_APP_TAG VALUES( 18700, 19 );
	INSERT INTO MAP_APP_TAG VALUES( 18700, 1710 );

INSERT INTO APP_TABLE	 VALUES( 18820, 'Zero_Gear', 'Zero Gear is physically-fueled, online multiplayer kart combat madness. Deck out your kart and character before jumping into one of many different game modes. Outrageous kinematic gameplay and weapons make every round a blast. The potential for tiny vehicular mayhem has never been so humongous!', SYSDATE ,5500, '' );
	INSERT INTO MAP_APP_CATEGORY VALUES( 18820, 3 );
	INSERT INTO MAP_APP_CATEGORY VALUES( 18820, 1 );
	INSERT INTO MAP_APP_CATEGORY VALUES( 18820, 4 );
	INSERT INTO MAP_APP_CATEGORY VALUES( 18820, 5 );
	INSERT INTO MAP_APP_CATEGORY VALUES( 18820, 7 );
	INSERT INTO MAP_APP_CATEGORY VALUES( 18820, 8 );
	INSERT INTO MAP_APP_CATEGORY VALUES( 18820, 11 );

	INSERT INTO MAP_APP_DEVELOPER VALUES( 18820, 203 );

	INSERT INTO MAP_APP_GENRE VALUES( 18820, 1 );
	INSERT INTO MAP_APP_GENRE VALUES( 18820, 4 );
	INSERT INTO MAP_APP_GENRE VALUES( 18820, 9 );
	INSERT INTO MAP_APP_GENRE VALUES( 18820, 11 );

	INSERT INTO MAP_APP_LANG VALUES ( 18820, 2,  'Y', 'N', 'N' );

	INSERT INTO MAP_APP_PUBLISHER VALUES( 18820, 203 );

	INSERT INTO MAP_APP_TAG VALUES( 18820, 699 );
	INSERT INTO MAP_APP_TAG VALUES( 18820, 492 );
	INSERT INTO MAP_APP_TAG VALUES( 18820, 701 );
	INSERT INTO MAP_APP_TAG VALUES( 18820, 19 );
	INSERT INTO MAP_APP_TAG VALUES( 18820, 3859 );
	INSERT INTO MAP_APP_TAG VALUES( 18820, 597 );

INSERT INTO APP_TABLE	 VALUES( 19200, 'Tank_Universal', 'Tank Universal creates a huge virtual ''Tron-like'' world where you take part in immense 3D tank battles involving scores of units both friendly and not so friendly in wide open levels! Players can bombard the enemy from a distance or close the gap and dodge shells point blank - all in an immersive first person perspective.', SYSDATE ,5500, '' );
	INSERT INTO MAP_APP_CATEGORY VALUES( 19200, 3 );
	INSERT INTO MAP_APP_CATEGORY VALUES( 19200, 4 );

	INSERT INTO MAP_APP_DEVELOPER VALUES( 19200, 204 );

	INSERT INTO MAP_APP_GENRE VALUES( 19200, 1 );
	INSERT INTO MAP_APP_GENRE VALUES( 19200, 4 );

	INSERT INTO MAP_APP_LANG VALUES ( 19200, 2,  'Y', 'N', 'N' );
	INSERT INTO MAP_APP_LANG VALUES ( 19200, 9,  'Y', 'N', 'N' );

	INSERT INTO MAP_APP_PUBLISHER VALUES( 19200, 123 );

	INSERT INTO MAP_APP_TAG VALUES( 19200, 19 );
	INSERT INTO MAP_APP_TAG VALUES( 19200, 492 );
	INSERT INTO MAP_APP_TAG VALUES( 19200, 13276 );
	INSERT INTO MAP_APP_TAG VALUES( 19200, 4182 );
	INSERT INTO MAP_APP_TAG VALUES( 19200, 4004 );
	INSERT INTO MAP_APP_TAG VALUES( 19200, 4166 );
	INSERT INTO MAP_APP_TAG VALUES( 19200, 597 );
	INSERT INTO MAP_APP_TAG VALUES( 19200, 1742 );
	INSERT INTO MAP_APP_TAG VALUES( 19200, 1756 );

INSERT INTO APP_TABLE	 VALUES( 19320, 'Space_Ark', 'Space Ark is a fun arcade/puzzle game with a hint of retro arcade flavour; inspired by classic arcade games of the late 80s, such as Rainbow Island, Bubble Bobble and Arkanoid. With your crack team of animal ¡®Arkonauts¡¯, you have escaped your once peaceful solar system, which has been shattered by a wandering black hole, and are now...', SYSDATE ,-1, '' );
	INSERT INTO MAP_APP_CATEGORY VALUES( 19320, 3 );
	INSERT INTO MAP_APP_CATEGORY VALUES( 19320, 4 );
	INSERT INTO MAP_APP_CATEGORY VALUES( 19320, 7 );
	INSERT INTO MAP_APP_CATEGORY VALUES( 19320, 8 );
	INSERT INTO MAP_APP_CATEGORY VALUES( 19320, 11 );
	INSERT INTO MAP_APP_CATEGORY VALUES( 19320, 18 );

	INSERT INTO MAP_APP_DEVELOPER VALUES( 19320, 205 );

	INSERT INTO MAP_APP_GENRE VALUES( 19320, 1 );
	INSERT INTO MAP_APP_GENRE VALUES( 19320, 4 );
	INSERT INTO MAP_APP_GENRE VALUES( 19320, 7 );

	INSERT INTO MAP_APP_LANG VALUES ( 19320, 2,  'Y', 'N', 'N' );


	INSERT INTO MAP_APP_TAG VALUES( 19320, 597 );
	INSERT INTO MAP_APP_TAG VALUES( 19320, 19 );
	INSERT INTO MAP_APP_TAG VALUES( 19320, 492 );

INSERT INTO APP_TABLE	 VALUES( 19800, 'Brothers_in_Arms:_Earned_in_Blood¢â', 'With its unprecedented combination of authenticity, compelling story and squad-based action, the Brothers in Arms franchise has established itself as a benchmark for military action games, receiving the highest average review scores of any console WWII game to date (www.gamerankings.com).', SYSDATE ,6250, '' );
	INSERT INTO MAP_APP_CATEGORY VALUES( 19800, 3 );

	INSERT INTO MAP_APP_DEVELOPER VALUES( 19800, 2 );

	INSERT INTO MAP_APP_GENRE VALUES( 19800, 1 );

	INSERT INTO MAP_APP_LANG VALUES ( 19800, 2,  'Y', 'N', 'N' );
	INSERT INTO MAP_APP_LANG VALUES ( 19800, 3,  'Y', 'N', 'N' );
	INSERT INTO MAP_APP_LANG VALUES ( 19800, 4,  'Y', 'N', 'N' );
	INSERT INTO MAP_APP_LANG VALUES ( 19800, 6,  'Y', 'N', 'N' );
	INSERT INTO MAP_APP_LANG VALUES ( 19800, 7,  'Y', 'N', 'N' );

	INSERT INTO MAP_APP_PUBLISHER VALUES( 19800, 160 );

	INSERT INTO MAP_APP_TAG VALUES( 19800, 19 );
	INSERT INTO MAP_APP_TAG VALUES( 19800, 1663 );
	INSERT INTO MAP_APP_TAG VALUES( 19800, 4150 );
	INSERT INTO MAP_APP_TAG VALUES( 19800, 1708 );
	INSERT INTO MAP_APP_TAG VALUES( 19800, 9 );
	INSERT INTO MAP_APP_TAG VALUES( 19800, 4168 );
	INSERT INTO MAP_APP_TAG VALUES( 19800, 4182 );

INSERT INTO APP_TABLE	 VALUES( 19830, 'Tom_Clancy''s_Rainbow_Six¢ç_3_Gold', 'Raven Shield:Command an elite multinational squad of special operatives against hidden terrorist forces. In Tom Clancy''s Rainbow Six 3: Raven Shield, the third installment to the wildly popular Rainbow Six series, Team Rainbow faces the hidden global forces of a new and secretive foe.', SYSDATE ,6250, '' );
	INSERT INTO MAP_APP_CATEGORY VALUES( 19830, 3 );

	INSERT INTO MAP_APP_DEVELOPER VALUES( 19830, 164 );
	INSERT INTO MAP_APP_DEVELOPER VALUES( 19830, 162 );

	INSERT INTO MAP_APP_GENRE VALUES( 19830, 1 );

	INSERT INTO MAP_APP_LANG VALUES ( 19830, 2,  'Y', 'N', 'N' );

	INSERT INTO MAP_APP_PUBLISHER VALUES( 19830, 160 );

	INSERT INTO MAP_APP_TAG VALUES( 19830, 1708 );
	INSERT INTO MAP_APP_TAG VALUES( 19830, 19 );
	INSERT INTO MAP_APP_TAG VALUES( 19830, 1663 );
	INSERT INTO MAP_APP_TAG VALUES( 19830, 599 );
	INSERT INTO MAP_APP_TAG VALUES( 19830, 9 );
	INSERT INTO MAP_APP_TAG VALUES( 19830, 4175 );
	INSERT INTO MAP_APP_TAG VALUES( 19830, 3839 );
	INSERT INTO MAP_APP_TAG VALUES( 19830, 1685 );
	INSERT INTO MAP_APP_TAG VALUES( 19830, 1693 );
	INSERT INTO MAP_APP_TAG VALUES( 19830, 1774 );
	INSERT INTO MAP_APP_TAG VALUES( 19830, 4182 );
	INSERT INTO MAP_APP_TAG VALUES( 19830, 3859 );

INSERT INTO APP_TABLE	 VALUES( 19900, 'Far_Cry¢ç_2:_Fortune''s_Edition', 'You are a gun for hire, trapped in a war-torn African state, stricken with malaria and forced to make deals with corrupt warlords on both sides of the conflict in order to make this country your home. You must identify and exploit your enemies'' weaknesses, neutralizing their superior numbers and firepower with surprise, subversion,...', SYSDATE ,12500, '' );
	INSERT INTO MAP_APP_CATEGORY VALUES( 19900, 3 );
	INSERT INTO MAP_APP_CATEGORY VALUES( 19900, 1 );

	INSERT INTO MAP_APP_DEVELOPER VALUES( 19900, 162 );

	INSERT INTO MAP_APP_GENRE VALUES( 19900, 1 );

	INSERT INTO MAP_APP_LANG VALUES ( 19900, 2,  'Y', 'N', 'N' );
	INSERT INTO MAP_APP_LANG VALUES ( 19900, 3,  'Y', 'N', 'N' );
	INSERT INTO MAP_APP_LANG VALUES ( 19900, 4,  'Y', 'N', 'N' );
	INSERT INTO MAP_APP_LANG VALUES ( 19900, 6,  'Y', 'N', 'N' );
	INSERT INTO MAP_APP_LANG VALUES ( 19900, 7,  'Y', 'N', 'N' );

	INSERT INTO MAP_APP_PUBLISHER VALUES( 19900, 160 );

	INSERT INTO MAP_APP_TAG VALUES( 19900, 1695 );
	INSERT INTO MAP_APP_TAG VALUES( 19900, 1663 );
	INSERT INTO MAP_APP_TAG VALUES( 19900, 19 );
	INSERT INTO MAP_APP_TAG VALUES( 19900, 1774 );
	INSERT INTO MAP_APP_TAG VALUES( 19900, 4182 );
	INSERT INTO MAP_APP_TAG VALUES( 19900, 3839 );
	INSERT INTO MAP_APP_TAG VALUES( 19900, 3859 );
	INSERT INTO MAP_APP_TAG VALUES( 19900, 21 );
	INSERT INTO MAP_APP_TAG VALUES( 19900, 3810 );
	INSERT INTO MAP_APP_TAG VALUES( 19900, 1687 );
	INSERT INTO MAP_APP_TAG VALUES( 19900, 4166 );
	INSERT INTO MAP_APP_TAG VALUES( 19900, 1662 );
	INSERT INTO MAP_APP_TAG VALUES( 19900, 8122 );
	INSERT INTO MAP_APP_TAG VALUES( 19900, 4175 );
	INSERT INTO MAP_APP_TAG VALUES( 19900, 3834 );
	INSERT INTO MAP_APP_TAG VALUES( 19900, 1742 );
	INSERT INTO MAP_APP_TAG VALUES( 19900, 1756 );
	INSERT INTO MAP_APP_TAG VALUES( 19900, 7481 );
	INSERT INTO MAP_APP_TAG VALUES( 19900, 1685 );
	INSERT INTO MAP_APP_TAG VALUES( 19900, 9 );

INSERT INTO APP_TABLE	 VALUES( 19930, 'The_Settlers¢ç:_Rise_Of_An_Empire_Gold_Edition', 'In Settlers: Rise of an Empire Gold Edition, the player creates their own empire of bustling cities in a captivating medieval world. However, threats are always looming so you must be prepared to defend your mighty kingdom. Powered by RenderWare, everything is visible, highly detailed, and real.', SYSDATE ,18500, '' );
	INSERT INTO MAP_APP_CATEGORY VALUES( 19930, 3 );

	INSERT INTO MAP_APP_DEVELOPER VALUES( 19930, 206 );

	INSERT INTO MAP_APP_GENRE VALUES( 19930, 5 );

	INSERT INTO MAP_APP_LANG VALUES ( 19930, 2,  'Y', 'N', 'N' );
	INSERT INTO MAP_APP_LANG VALUES ( 19930, 4,  'Y', 'N', 'N' );
	INSERT INTO MAP_APP_LANG VALUES ( 19930, 7,  'Y', 'N', 'N' );

	INSERT INTO MAP_APP_PUBLISHER VALUES( 19930, 160 );

	INSERT INTO MAP_APP_TAG VALUES( 19930, 9 );
	INSERT INTO MAP_APP_TAG VALUES( 19930, 4328 );
	INSERT INTO MAP_APP_TAG VALUES( 19930, 4172 );
	INSERT INTO MAP_APP_TAG VALUES( 19930, 4182 );
	INSERT INTO MAP_APP_TAG VALUES( 19930, 1676 );
	INSERT INTO MAP_APP_TAG VALUES( 19930, 3859 );

INSERT INTO APP_TABLE	 VALUES( 19980, 'Prince_of_Persia¢ç', 'The critically acclaimed Prince of Persia¢ç franchise returns for the first time on next-generation platforms with an all-new epic journey. Built by the same award-winning Ubisoft Montreal studio that created Assassin''s Creed¢â, Prince of Persia has been in development for over three years to deliver a whole new action-adventure gaming...', SYSDATE ,12500, '' );
	INSERT INTO MAP_APP_CATEGORY VALUES( 19980, 3 );

	INSERT INTO MAP_APP_DEVELOPER VALUES( 19980, 162 );

	INSERT INTO MAP_APP_GENRE VALUES( 19980, 1 );
	INSERT INTO MAP_APP_GENRE VALUES( 19980, 3 );

	INSERT INTO MAP_APP_LANG VALUES ( 19980, 2,  'Y', 'N', 'N' );
	INSERT INTO MAP_APP_LANG VALUES ( 19980, 3,  'Y', 'N', 'N' );
	INSERT INTO MAP_APP_LANG VALUES ( 19980, 4,  'Y', 'N', 'N' );
	INSERT INTO MAP_APP_LANG VALUES ( 19980, 6,  'Y', 'N', 'N' );
	INSERT INTO MAP_APP_LANG VALUES ( 19980, 7,  'Y', 'N', 'N' );

	INSERT INTO MAP_APP_PUBLISHER VALUES( 19980, 160 );

	INSERT INTO MAP_APP_TAG VALUES( 19980, 19 );
	INSERT INTO MAP_APP_TAG VALUES( 19980, 21 );
	INSERT INTO MAP_APP_TAG VALUES( 19980, 1625 );
	INSERT INTO MAP_APP_TAG VALUES( 19980, 4036 );
	INSERT INTO MAP_APP_TAG VALUES( 19980, 1697 );
	INSERT INTO MAP_APP_TAG VALUES( 19980, 4182 );
	INSERT INTO MAP_APP_TAG VALUES( 19980, 3834 );
	INSERT INTO MAP_APP_TAG VALUES( 19980, 1684 );
	INSERT INTO MAP_APP_TAG VALUES( 19980, 4166 );
	INSERT INTO MAP_APP_TAG VALUES( 19980, 1742 );
	INSERT INTO MAP_APP_TAG VALUES( 19980, 1695 );
	INSERT INTO MAP_APP_TAG VALUES( 19980, 1756 );
	INSERT INTO MAP_APP_TAG VALUES( 19980, 1654 );
	INSERT INTO MAP_APP_TAG VALUES( 19980, 1646 );

INSERT INTO APP_TABLE	 VALUES( 20200, 'Galactic_Bowling', 'Galactic Bowling is an exaggerated and stylized bowling game with an intergalactic twist. Players will engage in fast-paced single and multi-player competition while being submerged in a unique new universe filled with over-the-top humor, wild characters, unique levels, and addictive game play.', SYSDATE ,21000, '' );
	INSERT INTO MAP_APP_CATEGORY VALUES( 20200, 3 );
	INSERT INTO MAP_APP_CATEGORY VALUES( 20200, 1 );
	INSERT INTO MAP_APP_CATEGORY VALUES( 20200, 4 );
	INSERT INTO MAP_APP_CATEGORY VALUES( 20200, 7 );

	INSERT INTO MAP_APP_DEVELOPER VALUES( 20200, 207 );

	INSERT INTO MAP_APP_GENRE VALUES( 20200, 4 );
	INSERT INTO MAP_APP_GENRE VALUES( 20200, 7 );
	INSERT INTO MAP_APP_GENRE VALUES( 20200, 11 );

	INSERT INTO MAP_APP_LANG VALUES ( 20200, 2,  'Y', 'N', 'N' );

	INSERT INTO MAP_APP_PUBLISHER VALUES( 20200, 207 );

	INSERT INTO MAP_APP_TAG VALUES( 20200, 492 );
	INSERT INTO MAP_APP_TAG VALUES( 20200, 597 );
	INSERT INTO MAP_APP_TAG VALUES( 20200, 701 );
	INSERT INTO MAP_APP_TAG VALUES( 20200, 7328 );

INSERT INTO APP_TABLE	 VALUES( 20500, 'Red_Faction_Guerrilla_Steam_Edition', 'Set 50 years after the climactic events of the original Red Faction, Red Faction: Guerrilla allows players to take the role of an insurgent fighter with the newly re-established Red Faction movement as they battle for liberation from the oppressive Earth Defense Force.', SYSDATE ,20000, '' );
	INSERT INTO MAP_APP_CATEGORY VALUES( 20500, 3 );
	INSERT INTO MAP_APP_CATEGORY VALUES( 20500, 1 );
	INSERT INTO MAP_APP_CATEGORY VALUES( 20500, 4 );
	INSERT INTO MAP_APP_CATEGORY VALUES( 20500, 17 );
	INSERT INTO MAP_APP_CATEGORY VALUES( 20500, 5 );
	INSERT INTO MAP_APP_CATEGORY VALUES( 20500, 8 );
	INSERT INTO MAP_APP_CATEGORY VALUES( 20500, 18 );

	INSERT INTO MAP_APP_DEVELOPER VALUES( 20500, 101 );
	INSERT INTO MAP_APP_DEVELOPER VALUES( 20500, 208 );
	INSERT INTO MAP_APP_DEVELOPER VALUES( 20500, 72 );

	INSERT INTO MAP_APP_GENRE VALUES( 20500, 1 );

	INSERT INTO MAP_APP_LANG VALUES ( 20500, 2,  'Y', 'Y', 'Y' );
	INSERT INTO MAP_APP_LANG VALUES ( 20500, 3,  'Y', 'Y', 'Y' );
	INSERT INTO MAP_APP_LANG VALUES ( 20500, 4,  'Y', 'Y', 'Y' );
	INSERT INTO MAP_APP_LANG VALUES ( 20500, 10,  'Y', 'N', 'Y' );
	INSERT INTO MAP_APP_LANG VALUES ( 20500, 9,  'Y', 'Y', 'Y' );
	INSERT INTO MAP_APP_LANG VALUES ( 20500, 6,  'Y', 'Y', 'Y' );
	INSERT INTO MAP_APP_LANG VALUES ( 20500, 7,  'Y', 'Y', 'Y' );
	INSERT INTO MAP_APP_LANG VALUES ( 20500, 24,  'Y', 'N', 'Y' );

	INSERT INTO MAP_APP_PUBLISHER VALUES( 20500, 72 );

	INSERT INTO MAP_APP_TAG VALUES( 20500, 1695 );
	INSERT INTO MAP_APP_TAG VALUES( 20500, 19 );
	INSERT INTO MAP_APP_TAG VALUES( 20500, 5363 );
	INSERT INTO MAP_APP_TAG VALUES( 20500, 3968 );
	INSERT INTO MAP_APP_TAG VALUES( 20500, 3942 );
	INSERT INTO MAP_APP_TAG VALUES( 20500, 1697 );
	INSERT INTO MAP_APP_TAG VALUES( 20500, 6702 );
	INSERT INTO MAP_APP_TAG VALUES( 20500, 3814 );
	INSERT INTO MAP_APP_TAG VALUES( 20500, 3859 );
	INSERT INTO MAP_APP_TAG VALUES( 20500, 4182 );
	INSERT INTO MAP_APP_TAG VALUES( 20500, 3810 );
	INSERT INTO MAP_APP_TAG VALUES( 20500, 1774 );
	INSERT INTO MAP_APP_TAG VALUES( 20500, 21 );
	INSERT INTO MAP_APP_TAG VALUES( 20500, 4166 );
	INSERT INTO MAP_APP_TAG VALUES( 20500, 1685 );
	INSERT INTO MAP_APP_TAG VALUES( 20500, 1756 );
	INSERT INTO MAP_APP_TAG VALUES( 20500, 7481 );
	INSERT INTO MAP_APP_TAG VALUES( 20500, 1663 );
	INSERT INTO MAP_APP_TAG VALUES( 20500, 1662 );
	INSERT INTO MAP_APP_TAG VALUES( 20500, 4136 );

INSERT INTO APP_TABLE	 VALUES( 20510, 'S.T.A.L.K.E.R.:_Clear_Sky', 'S.T.A.L.K.E.R.: Clear Sky is set in 2011, one year prior to the events of the original S.T.A.L.K.E.R. game. A group of stalkers, for the first time, reaches the very heart of the Zone-the Chernobyl Nuclear Power Plant-and triggers a cataclysm on the brink of a catastrophe.', SYSDATE ,10500, '' );
	INSERT INTO MAP_APP_CATEGORY VALUES( 20510, 3 );
	INSERT INTO MAP_APP_CATEGORY VALUES( 20510, 1 );

	INSERT INTO MAP_APP_DEVELOPER VALUES( 20510, 52 );

	INSERT INTO MAP_APP_GENRE VALUES( 20510, 1 );
	INSERT INTO MAP_APP_GENRE VALUES( 20510, 6 );

	INSERT INTO MAP_APP_LANG VALUES ( 20510, 2,  'Y', 'N', 'N' );
	INSERT INTO MAP_APP_LANG VALUES ( 20510, 4,  'Y', 'N', 'N' );
	INSERT INTO MAP_APP_LANG VALUES ( 20510, 9,  'Y', 'N', 'N' );
	INSERT INTO MAP_APP_LANG VALUES ( 20510, 6,  'Y', 'N', 'N' );
	INSERT INTO MAP_APP_LANG VALUES ( 20510, 7,  'Y', 'N', 'N' );


	INSERT INTO MAP_APP_TAG VALUES( 20510, 1695 );
	INSERT INTO MAP_APP_TAG VALUES( 20510, 4166 );
	INSERT INTO MAP_APP_TAG VALUES( 20510, 3835 );
	INSERT INTO MAP_APP_TAG VALUES( 20510, 1663 );
	INSERT INTO MAP_APP_TAG VALUES( 20510, 1662 );
	INSERT INTO MAP_APP_TAG VALUES( 20510, 19 );
	INSERT INTO MAP_APP_TAG VALUES( 20510, 122 );
	INSERT INTO MAP_APP_TAG VALUES( 20510, 3839 );
	INSERT INTO MAP_APP_TAG VALUES( 20510, 1774 );
	INSERT INTO MAP_APP_TAG VALUES( 20510, 4182 );
	INSERT INTO MAP_APP_TAG VALUES( 20510, 3978 );
	INSERT INTO MAP_APP_TAG VALUES( 20510, 21 );
	INSERT INTO MAP_APP_TAG VALUES( 20510, 1669 );
	INSERT INTO MAP_APP_TAG VALUES( 20510, 3942 );
	INSERT INTO MAP_APP_TAG VALUES( 20510, 1667 );
	INSERT INTO MAP_APP_TAG VALUES( 20510, 1693 );
	INSERT INTO MAP_APP_TAG VALUES( 20510, 1659 );
	INSERT INTO MAP_APP_TAG VALUES( 20510, 3859 );
	INSERT INTO MAP_APP_TAG VALUES( 20510, 6276 );
	INSERT INTO MAP_APP_TAG VALUES( 20510, 3810 );

INSERT INTO APP_TABLE	 VALUES( 20530, 'Red_Faction', 'JOIN THE REVOLUTION! Lured to Mars by the Ultor Corporation''s promise of a better life, thousands have come to seek their fortune and work for the massive mining company. But all is not as it seems. A deadly plague is sweeping through the barracks, and miners suffer daily abuse at the hands of the Ultor guards.', SYSDATE ,10000, '' );
	INSERT INTO MAP_APP_CATEGORY VALUES( 20530, 3 );
	INSERT INTO MAP_APP_CATEGORY VALUES( 20530, 1 );
	INSERT INTO MAP_APP_CATEGORY VALUES( 20530, 8 );

	INSERT INTO MAP_APP_DEVELOPER VALUES( 20530, 209 );

	INSERT INTO MAP_APP_GENRE VALUES( 20530, 1 );

	INSERT INTO MAP_APP_LANG VALUES ( 20530, 2,  'Y', 'N', 'N' );

	INSERT INTO MAP_APP_PUBLISHER VALUES( 20530, 72 );

	INSERT INTO MAP_APP_TAG VALUES( 20530, 19 );
	INSERT INTO MAP_APP_TAG VALUES( 20530, 1663 );
	INSERT INTO MAP_APP_TAG VALUES( 20530, 3942 );
	INSERT INTO MAP_APP_TAG VALUES( 20530, 5363 );
	INSERT INTO MAP_APP_TAG VALUES( 20530, 1693 );
	INSERT INTO MAP_APP_TAG VALUES( 20530, 6702 );
	INSERT INTO MAP_APP_TAG VALUES( 20530, 1774 );
	INSERT INTO MAP_APP_TAG VALUES( 20530, 4182 );
	INSERT INTO MAP_APP_TAG VALUES( 20530, 3839 );
	INSERT INTO MAP_APP_TAG VALUES( 20530, 3859 );

INSERT INTO APP_TABLE	 VALUES( 20540, 'Company_of_Heroes:_Tales_of_Valor', 'Company of Heroes¢ç: Tales of Valor¢â is the expansion to the Game of the Year winner and highest rated real time strategy franchise Company of Heroes¢ç. Featuring new campaigns to overcome, units to command, and battlefields to conquer, Company of Heroes¢ç: Tales of Valor¢â delivers evolved gameplay mechanics and 3 episodic adventures...', SYSDATE ,21000, '' );
	INSERT INTO MAP_APP_CATEGORY VALUES( 20540, 3 );
	INSERT INTO MAP_APP_CATEGORY VALUES( 20540, 1 );
	INSERT INTO MAP_APP_CATEGORY VALUES( 20540, 8 );

	INSERT INTO MAP_APP_DEVELOPER VALUES( 20540, 54 );

	INSERT INTO MAP_APP_GENRE VALUES( 20540, 5 );

	INSERT INTO MAP_APP_LANG VALUES ( 20540, 2,  'Y', 'N', 'N' );
	INSERT INTO MAP_APP_LANG VALUES ( 20540, 3,  'Y', 'N', 'N' );
	INSERT INTO MAP_APP_LANG VALUES ( 20540, 4,  'Y', 'N', 'N' );
	INSERT INTO MAP_APP_LANG VALUES ( 20540, 6,  'Y', 'N', 'N' );
	INSERT INTO MAP_APP_LANG VALUES ( 20540, 7,  'Y', 'N', 'N' );

	INSERT INTO MAP_APP_PUBLISHER VALUES( 20540, 302 );

	INSERT INTO MAP_APP_TAG VALUES( 20540, 9 );
	INSERT INTO MAP_APP_TAG VALUES( 20540, 4150 );
	INSERT INTO MAP_APP_TAG VALUES( 20540, 1676 );
	INSERT INTO MAP_APP_TAG VALUES( 20540, 3859 );
	INSERT INTO MAP_APP_TAG VALUES( 20540, 4168 );
	INSERT INTO MAP_APP_TAG VALUES( 20540, 7332 );
	INSERT INTO MAP_APP_TAG VALUES( 20540, 4182 );
	INSERT INTO MAP_APP_TAG VALUES( 20540, 19 );
	INSERT INTO MAP_APP_TAG VALUES( 20540, 1678 );
	INSERT INTO MAP_APP_TAG VALUES( 20540, 1708 );

INSERT INTO APP_TABLE	 VALUES( 20550, 'Red_Faction_II', 'Twenty-second century Earth. Five years after the rebellion on Mars. For the last 15 years, Sopot, the corrupt dictator, has oppressed the people of the Commonwealth. His relentless pursuit of unification with the neighboring United Republic has left the country soaked in unnecessary bloodshed and poverty.', SYSDATE ,10000, '' );
	INSERT INTO MAP_APP_CATEGORY VALUES( 20550, 3 );
	INSERT INTO MAP_APP_CATEGORY VALUES( 20550, 8 );

	INSERT INTO MAP_APP_DEVELOPER VALUES( 20550, 209 );

	INSERT INTO MAP_APP_GENRE VALUES( 20550, 1 );
	INSERT INTO MAP_APP_GENRE VALUES( 20550, 5 );

	INSERT INTO MAP_APP_LANG VALUES ( 20550, 2,  'Y', 'N', 'N' );

	INSERT INTO MAP_APP_PUBLISHER VALUES( 20550, 72 );

	INSERT INTO MAP_APP_TAG VALUES( 20550, 19 );
	INSERT INTO MAP_APP_TAG VALUES( 20550, 1663 );
	INSERT INTO MAP_APP_TAG VALUES( 20550, 9 );
	INSERT INTO MAP_APP_TAG VALUES( 20550, 3942 );
	INSERT INTO MAP_APP_TAG VALUES( 20550, 5363 );
	INSERT INTO MAP_APP_TAG VALUES( 20550, 4182 );
	INSERT INTO MAP_APP_TAG VALUES( 20550, 1774 );
	INSERT INTO MAP_APP_TAG VALUES( 20550, 3839 );
	INSERT INTO MAP_APP_TAG VALUES( 20550, 1693 );

INSERT INTO APP_TABLE	 VALUES( 20570, 'Warhammer¢ç_40,000:_Dawn_of_War¢ç_II_Chaos_Rising', 'In Dawn of War II: Chaos Rising you will take command of the Blood Ravens and defend the sector against the Chaos Space Marines of the Black Legion. Purge the Chaos filth and hold the chapter together as traitorous forces work from within to try bring down the Blood Ravens.', SYSDATE ,21000, '' );
	INSERT INTO MAP_APP_CATEGORY VALUES( 20570, 3 );
	INSERT INTO MAP_APP_CATEGORY VALUES( 20570, 1 );
	INSERT INTO MAP_APP_CATEGORY VALUES( 20570, 16 );
	INSERT INTO MAP_APP_CATEGORY VALUES( 20570, 8 );

	INSERT INTO MAP_APP_DEVELOPER VALUES( 20570, 54 );
	INSERT INTO MAP_APP_DEVELOPER VALUES( 20570, 175 );

	INSERT INTO MAP_APP_GENRE VALUES( 20570, 5 );

	INSERT INTO MAP_APP_LANG VALUES ( 20570, 2,  'Y', 'N', 'N' );
	INSERT INTO MAP_APP_LANG VALUES ( 20570, 3,  'Y', 'N', 'N' );
	INSERT INTO MAP_APP_LANG VALUES ( 20570, 4,  'Y', 'N', 'N' );
	INSERT INTO MAP_APP_LANG VALUES ( 20570, 6,  'Y', 'N', 'N' );
	INSERT INTO MAP_APP_LANG VALUES ( 20570, 7,  'Y', 'N', 'N' );

	INSERT INTO MAP_APP_PUBLISHER VALUES( 20570, 302 );
	INSERT INTO MAP_APP_PUBLISHER VALUES( 20570, 175 );

	INSERT INTO MAP_APP_TAG VALUES( 20570, 9 );
	INSERT INTO MAP_APP_TAG VALUES( 20570, 12286 );
	INSERT INTO MAP_APP_TAG VALUES( 20570, 1676 );
	INSERT INTO MAP_APP_TAG VALUES( 20570, 3942 );
	INSERT INTO MAP_APP_TAG VALUES( 20570, 3859 );
	INSERT INTO MAP_APP_TAG VALUES( 20570, 5310 );
	INSERT INTO MAP_APP_TAG VALUES( 20570, 1708 );
	INSERT INTO MAP_APP_TAG VALUES( 20570, 122 );
	INSERT INTO MAP_APP_TAG VALUES( 20570, 4161 );
	INSERT INTO MAP_APP_TAG VALUES( 20570, 1685 );
	INSERT INTO MAP_APP_TAG VALUES( 20570, 4182 );
	INSERT INTO MAP_APP_TAG VALUES( 20570, 19 );
	INSERT INTO MAP_APP_TAG VALUES( 20570, 4345 );

INSERT INTO APP_TABLE	 VALUES( 20700, 'Starscape', 'Moonpod''s Starscape mixes old school arcade game play values with characterization and an involving plot to deepen the whole experience. With most of its crew missing and its weapons systems ruined, the space research station Aegis is all but lost.', SYSDATE ,10500, '' );
	INSERT INTO MAP_APP_CATEGORY VALUES( 20700, 3 );
	INSERT INTO MAP_APP_CATEGORY VALUES( 20700, 4 );

	INSERT INTO MAP_APP_DEVELOPER VALUES( 20700, 210 );

	INSERT INTO MAP_APP_GENRE VALUES( 20700, 1 );
	INSERT INTO MAP_APP_GENRE VALUES( 20700, 4 );
	INSERT INTO MAP_APP_GENRE VALUES( 20700, 5 );

	INSERT INTO MAP_APP_LANG VALUES ( 20700, 2,  'Y', 'N', 'N' );

	INSERT INTO MAP_APP_PUBLISHER VALUES( 20700, 210 );

	INSERT INTO MAP_APP_TAG VALUES( 20700, 19 );
	INSERT INTO MAP_APP_TAG VALUES( 20700, 492 );
	INSERT INTO MAP_APP_TAG VALUES( 20700, 9 );
	INSERT INTO MAP_APP_TAG VALUES( 20700, 1755 );
	INSERT INTO MAP_APP_TAG VALUES( 20700, 4791 );

INSERT INTO APP_TABLE	 VALUES( 20710, 'Mr._Robot', 'Asimov is a lowly service mechanoid aboard the interstellar colony ship Eidolon. Carrying hundreds of frozen human colonists to a new world. When the Eidolon''s computer brain malfunctions, it falls to Asimov to undertake a perilous journey through the bowels of the massive ship to save his robot friends and the precious human cargo. Mr.', SYSDATE ,10500, '' );
	INSERT INTO MAP_APP_CATEGORY VALUES( 20710, 3 );
	INSERT INTO MAP_APP_CATEGORY VALUES( 20710, 4 );

	INSERT INTO MAP_APP_DEVELOPER VALUES( 20710, 210 );

	INSERT INTO MAP_APP_GENRE VALUES( 20710, 1 );
	INSERT INTO MAP_APP_GENRE VALUES( 20710, 4 );
	INSERT INTO MAP_APP_GENRE VALUES( 20710, 5 );

	INSERT INTO MAP_APP_LANG VALUES ( 20710, 2,  'Y', 'N', 'N' );

	INSERT INTO MAP_APP_PUBLISHER VALUES( 20710, 210 );

	INSERT INTO MAP_APP_TAG VALUES( 20710, 492 );
	INSERT INTO MAP_APP_TAG VALUES( 20710, 9 );
	INSERT INTO MAP_APP_TAG VALUES( 20710, 19 );
	INSERT INTO MAP_APP_TAG VALUES( 20710, 1664 );
	INSERT INTO MAP_APP_TAG VALUES( 20710, 3942 );

INSERT INTO APP_TABLE	 VALUES( 20900, 'The_Witcher:_Enhanced_Edition_Director''s_Cut', 'Now you can experience this fantastic RPG on Mac and PC!', SYSDATE ,10500, '' );
	INSERT INTO MAP_APP_CATEGORY VALUES( 20900, 3 );
	INSERT INTO MAP_APP_CATEGORY VALUES( 20900, 8 );

	INSERT INTO MAP_APP_DEVELOPER VALUES( 20900, 211 );

	INSERT INTO MAP_APP_GENRE VALUES( 20900, 1 );
	INSERT INTO MAP_APP_GENRE VALUES( 20900, 6 );

	INSERT INTO MAP_APP_LANG VALUES ( 20900, 2,  'Y', 'N', 'N' );
	INSERT INTO MAP_APP_LANG VALUES ( 20900, 3,  'Y', 'N', 'N' );
	INSERT INTO MAP_APP_LANG VALUES ( 20900, 4,  'Y', 'N', 'N' );
	INSERT INTO MAP_APP_LANG VALUES ( 20900, 9,  'Y', 'N', 'N' );
	INSERT INTO MAP_APP_LANG VALUES ( 20900, 10,  'Y', 'N', 'N' );
	INSERT INTO MAP_APP_LANG VALUES ( 20900, 6,  'Y', 'N', 'N' );
	INSERT INTO MAP_APP_LANG VALUES ( 20900, 7,  'Y', 'N', 'N' );
	INSERT INTO MAP_APP_LANG VALUES ( 20900, 24,  'Y', 'N', 'N' );
	INSERT INTO MAP_APP_LANG VALUES ( 20900, 25,  'Y', 'N', 'N' );
	INSERT INTO MAP_APP_LANG VALUES ( 20900, 8,  'Y', 'N', 'N' );

	INSERT INTO MAP_APP_PUBLISHER VALUES( 20900, 211 );

	INSERT INTO MAP_APP_TAG VALUES( 20900, 122 );
	INSERT INTO MAP_APP_TAG VALUES( 20900, 1684 );
	INSERT INTO MAP_APP_TAG VALUES( 20900, 1742 );
	INSERT INTO MAP_APP_TAG VALUES( 20900, 5611 );
	INSERT INTO MAP_APP_TAG VALUES( 20900, 1697 );
	INSERT INTO MAP_APP_TAG VALUES( 20900, 4182 );
	INSERT INTO MAP_APP_TAG VALUES( 20900, 6426 );
	INSERT INTO MAP_APP_TAG VALUES( 20900, 19 );
	INSERT INTO MAP_APP_TAG VALUES( 20900, 6650 );
	INSERT INTO MAP_APP_TAG VALUES( 20900, 21 );
	INSERT INTO MAP_APP_TAG VALUES( 20900, 4604 );
	INSERT INTO MAP_APP_TAG VALUES( 20900, 3796 );
	INSERT INTO MAP_APP_TAG VALUES( 20900, 4166 );
	INSERT INTO MAP_APP_TAG VALUES( 20900, 1756 );
	INSERT INTO MAP_APP_TAG VALUES( 20900, 1695 );
	INSERT INTO MAP_APP_TAG VALUES( 20900, 6971 );
	INSERT INTO MAP_APP_TAG VALUES( 20900, 4172 );
	INSERT INTO MAP_APP_TAG VALUES( 20900, 4231 );
	INSERT INTO MAP_APP_TAG VALUES( 20900, 4057 );
	INSERT INTO MAP_APP_TAG VALUES( 20900, 1693 );

INSERT INTO APP_TABLE	 VALUES( 20920, 'The_Witcher_2:_Assassins_of_Kings_Enhanced_Edition', '', SYSDATE ,-1, '' );






INSERT INTO APP_TABLE	 VALUES( 21000, 'LEGO_Batman', 'When all the villains in Arkham Asylum team up and break loose, only the dynamic duo is bold enough to take them on to save Gotham City. The fun of LEGO, the drama of Batman and the uniqueness of the combination makes for a comical and exciting adventure in LEGO Batman: The Videogame.', SYSDATE ,21000, '' );
	INSERT INTO MAP_APP_CATEGORY VALUES( 21000, 3 );
	INSERT INTO MAP_APP_CATEGORY VALUES( 21000, 21 );
	INSERT INTO MAP_APP_CATEGORY VALUES( 21000, 17 );

	INSERT INTO MAP_APP_DEVELOPER VALUES( 21000, 212 );

	INSERT INTO MAP_APP_GENRE VALUES( 21000, 1 );
	INSERT INTO MAP_APP_GENRE VALUES( 21000, 3 );

	INSERT INTO MAP_APP_LANG VALUES ( 21000, 2,  'Y', 'N', 'N' );
	INSERT INTO MAP_APP_LANG VALUES ( 21000, 4,  'Y', 'N', 'N' );
	INSERT INTO MAP_APP_LANG VALUES ( 21000, 7,  'Y', 'N', 'N' );


	INSERT INTO MAP_APP_TAG VALUES( 21000, 1736 );
	INSERT INTO MAP_APP_TAG VALUES( 21000, 19 );
	INSERT INTO MAP_APP_TAG VALUES( 21000, 21 );
	INSERT INTO MAP_APP_TAG VALUES( 21000, 1694 );
	INSERT INTO MAP_APP_TAG VALUES( 21000, 3841 );
	INSERT INTO MAP_APP_TAG VALUES( 21000, 5350 );
	INSERT INTO MAP_APP_TAG VALUES( 21000, 1671 );
	INSERT INTO MAP_APP_TAG VALUES( 21000, 1685 );
	INSERT INTO MAP_APP_TAG VALUES( 21000, 1719 );
	INSERT INTO MAP_APP_TAG VALUES( 21000, 1751 );
	INSERT INTO MAP_APP_TAG VALUES( 21000, 4182 );
	INSERT INTO MAP_APP_TAG VALUES( 21000, 4136 );
	INSERT INTO MAP_APP_TAG VALUES( 21000, 1697 );
	INSERT INTO MAP_APP_TAG VALUES( 21000, 7481 );
	INSERT INTO MAP_APP_TAG VALUES( 21000, 7368 );
	INSERT INTO MAP_APP_TAG VALUES( 21000, 3859 );

INSERT INTO APP_TABLE	 VALUES( 21010, 'Watchmen:_The_End_is_Nigh', 'The lines between good and bad have been blurred and crime and terror run rampant in the streets. The alleys, rooftops and sewers are crawling with criminals and brutal gangs. And now, Underboss ? in a daring escape ? has broken out of prison and is ruling with vicious darkness.', SYSDATE ,-1, '' );
	INSERT INTO MAP_APP_CATEGORY VALUES( 21010, 3 );
	INSERT INTO MAP_APP_CATEGORY VALUES( 21010, 1 );
	INSERT INTO MAP_APP_CATEGORY VALUES( 21010, 21 );

	INSERT INTO MAP_APP_DEVELOPER VALUES( 21010, 213 );

	INSERT INTO MAP_APP_GENRE VALUES( 21010, 1 );

	INSERT INTO MAP_APP_LANG VALUES ( 21010, 2,  'Y', 'N', 'N' );
	INSERT INTO MAP_APP_LANG VALUES ( 21010, 3,  'Y', 'N', 'N' );
	INSERT INTO MAP_APP_LANG VALUES ( 21010, 4,  'Y', 'N', 'N' );
	INSERT INTO MAP_APP_LANG VALUES ( 21010, 6,  'Y', 'N', 'N' );
	INSERT INTO MAP_APP_LANG VALUES ( 21010, 7,  'Y', 'N', 'N' );


	INSERT INTO MAP_APP_TAG VALUES( 21010, 19 );
	INSERT INTO MAP_APP_TAG VALUES( 21010, 1671 );
	INSERT INTO MAP_APP_TAG VALUES( 21010, 4158 );
	INSERT INTO MAP_APP_TAG VALUES( 21010, 3841 );
	INSERT INTO MAP_APP_TAG VALUES( 21010, 1697 );
	INSERT INTO MAP_APP_TAG VALUES( 21010, 1743 );

INSERT INTO APP_TABLE	 VALUES( 21030, 'Watchmen:_The_End_is_Nigh_Part_2', 'Watchmen: The End Is Nigh Part 2 delves further into the partnership of Rorschach and Nite Owl before the hero-banning Keene Act. It¡¯s now June 1977, and any day now the passage of the Keene Act will outlaw all masked vigilantes not sanctioned by the government.', SYSDATE ,-1, '' );
	INSERT INTO MAP_APP_CATEGORY VALUES( 21030, 3 );
	INSERT INTO MAP_APP_CATEGORY VALUES( 21030, 16 );
	INSERT INTO MAP_APP_CATEGORY VALUES( 21030, 7 );

	INSERT INTO MAP_APP_DEVELOPER VALUES( 21030, 213 );

	INSERT INTO MAP_APP_GENRE VALUES( 21030, 1 );

	INSERT INTO MAP_APP_LANG VALUES ( 21030, 2,  'Y', 'N', 'N' );
	INSERT INTO MAP_APP_LANG VALUES ( 21030, 3,  'Y', 'N', 'N' );
	INSERT INTO MAP_APP_LANG VALUES ( 21030, 4,  'Y', 'N', 'N' );
	INSERT INTO MAP_APP_LANG VALUES ( 21030, 6,  'Y', 'N', 'N' );
	INSERT INTO MAP_APP_LANG VALUES ( 21030, 7,  'Y', 'N', 'N' );


	INSERT INTO MAP_APP_TAG VALUES( 21030, 19 );
	INSERT INTO MAP_APP_TAG VALUES( 21030, 1671 );
	INSERT INTO MAP_APP_TAG VALUES( 21030, 4158 );

INSERT INTO APP_TABLE	 VALUES( 21090, 'F.E.A.R.', 'Experience the original F.E.A.R. along with F.E.A.R. Extraction Point and F.E.A.R. Perseus Mandate. Available Now!', SYSDATE ,10500, '' );
	INSERT INTO MAP_APP_CATEGORY VALUES( 21090, 3 );

	INSERT INTO MAP_APP_DEVELOPER VALUES( 21090, 214 );
	INSERT INTO MAP_APP_DEVELOPER VALUES( 21090, 215 );

	INSERT INTO MAP_APP_GENRE VALUES( 21090, 1 );

	INSERT INTO MAP_APP_LANG VALUES ( 21090, 2,  'Y', 'N', 'N' );


	INSERT INTO MAP_APP_TAG VALUES( 21090, 1667 );
	INSERT INTO MAP_APP_TAG VALUES( 21090, 1663 );
	INSERT INTO MAP_APP_TAG VALUES( 21090, 19 );
	INSERT INTO MAP_APP_TAG VALUES( 21090, 5796 );
	INSERT INTO MAP_APP_TAG VALUES( 21090, 1693 );
	INSERT INTO MAP_APP_TAG VALUES( 21090, 4182 );
	INSERT INTO MAP_APP_TAG VALUES( 21090, 4166 );
	INSERT INTO MAP_APP_TAG VALUES( 21090, 1774 );
	INSERT INTO MAP_APP_TAG VALUES( 21090, 4345 );
	INSERT INTO MAP_APP_TAG VALUES( 21090, 3839 );
	INSERT INTO MAP_APP_TAG VALUES( 21090, 1742 );
	INSERT INTO MAP_APP_TAG VALUES( 21090, 3942 );
	INSERT INTO MAP_APP_TAG VALUES( 21090, 4342 );
	INSERT INTO MAP_APP_TAG VALUES( 21090, 1721 );
	INSERT INTO MAP_APP_TAG VALUES( 21090, 1756 );
	INSERT INTO MAP_APP_TAG VALUES( 21090, 3978 );
	INSERT INTO MAP_APP_TAG VALUES( 21090, 21 );

INSERT INTO APP_TABLE	 VALUES( 21100, 'F.E.A.R._3', 'F.E.A.R. 3 delivers all the hallmarks that define the F.E.A.R. brand: terrifying paranormal experience, frenetic combat and a dramatic storyline.', SYSDATE ,21000, '' );
	INSERT INTO MAP_APP_CATEGORY VALUES( 21100, 3 );
	INSERT INTO MAP_APP_CATEGORY VALUES( 21100, 1 );
	INSERT INTO MAP_APP_CATEGORY VALUES( 21100, 16 );
	INSERT INTO MAP_APP_CATEGORY VALUES( 21100, 4 );
	INSERT INTO MAP_APP_CATEGORY VALUES( 21100, 7 );
	INSERT INTO MAP_APP_CATEGORY VALUES( 21100, 8 );
	INSERT INTO MAP_APP_CATEGORY VALUES( 21100, 18 );

	INSERT INTO MAP_APP_DEVELOPER VALUES( 21100, 216 );

	INSERT INTO MAP_APP_GENRE VALUES( 21100, 1 );

	INSERT INTO MAP_APP_LANG VALUES ( 21100, 2,  'Y', 'Y', 'N' );
	INSERT INTO MAP_APP_LANG VALUES ( 21100, 3,  'Y', 'Y', 'N' );
	INSERT INTO MAP_APP_LANG VALUES ( 21100, 4,  'Y', 'Y', 'N' );
	INSERT INTO MAP_APP_LANG VALUES ( 21100, 10,  'Y', 'N', 'N' );
	INSERT INTO MAP_APP_LANG VALUES ( 21100, 9,  'Y', 'N', 'N' );
	INSERT INTO MAP_APP_LANG VALUES ( 21100, 13,  'Y', 'N', 'N' );
	INSERT INTO MAP_APP_LANG VALUES ( 21100, 5,  'Y', 'N', 'N' );
	INSERT INTO MAP_APP_LANG VALUES ( 21100, 6,  'Y', 'Y', 'N' );
	INSERT INTO MAP_APP_LANG VALUES ( 21100, 7,  'Y', 'Y', 'N' );


	INSERT INTO MAP_APP_TAG VALUES( 21100, 1663 );
	INSERT INTO MAP_APP_TAG VALUES( 21100, 1667 );
	INSERT INTO MAP_APP_TAG VALUES( 21100, 19 );
	INSERT INTO MAP_APP_TAG VALUES( 21100, 1685 );
	INSERT INTO MAP_APP_TAG VALUES( 21100, 3859 );
	INSERT INTO MAP_APP_TAG VALUES( 21100, 1774 );
	INSERT INTO MAP_APP_TAG VALUES( 21100, 4182 );
	INSERT INTO MAP_APP_TAG VALUES( 21100, 4345 );
	INSERT INTO MAP_APP_TAG VALUES( 21100, 3843 );
	INSERT INTO MAP_APP_TAG VALUES( 21100, 3839 );
	INSERT INTO MAP_APP_TAG VALUES( 21100, 5796 );
	INSERT INTO MAP_APP_TAG VALUES( 21100, 3942 );
	INSERT INTO MAP_APP_TAG VALUES( 21100, 21 );
	INSERT INTO MAP_APP_TAG VALUES( 21100, 1659 );
	INSERT INTO MAP_APP_TAG VALUES( 21100, 4821 );
	INSERT INTO MAP_APP_TAG VALUES( 21100, 1742 );
	INSERT INTO MAP_APP_TAG VALUES( 21100, 4166 );
	INSERT INTO MAP_APP_TAG VALUES( 21100, 4234 );
	INSERT INTO MAP_APP_TAG VALUES( 21100, 7481 );

INSERT INTO APP_TABLE	 VALUES( 21130, 'LEGO_Harry_Potter:_Years_1-4', 'Build the adventure from Privet Drive to the Triwizard Tournament and experience the magic of the first four Harry Potter stories ? LEGO style! Explore Hogwarts¢â School of Witchcraft and Wizardry, learn spells, brew potions and relive the adventures like never before with tongue-in-cheek humor and creative customization that is unique to...', SYSDATE ,21000, '' );
	INSERT INTO MAP_APP_CATEGORY VALUES( 21130, 3 );
	INSERT INTO MAP_APP_CATEGORY VALUES( 21130, 21 );
	INSERT INTO MAP_APP_CATEGORY VALUES( 21130, 17 );

	INSERT INTO MAP_APP_DEVELOPER VALUES( 21130, 217 );

	INSERT INTO MAP_APP_GENRE VALUES( 21130, 1 );
	INSERT INTO MAP_APP_GENRE VALUES( 21130, 3 );

	INSERT INTO MAP_APP_LANG VALUES ( 21130, 2,  'Y', 'N', 'N' );
	INSERT INTO MAP_APP_LANG VALUES ( 21130, 3,  'Y', 'N', 'N' );
	INSERT INTO MAP_APP_LANG VALUES ( 21130, 4,  'Y', 'N', 'N' );
	INSERT INTO MAP_APP_LANG VALUES ( 21130, 6,  'Y', 'N', 'N' );
	INSERT INTO MAP_APP_LANG VALUES ( 21130, 7,  'Y', 'N', 'N' );


	INSERT INTO MAP_APP_TAG VALUES( 21130, 1736 );
	INSERT INTO MAP_APP_TAG VALUES( 21130, 19 );
	INSERT INTO MAP_APP_TAG VALUES( 21130, 21 );
	INSERT INTO MAP_APP_TAG VALUES( 21130, 3841 );
	INSERT INTO MAP_APP_TAG VALUES( 21130, 4057 );
	INSERT INTO MAP_APP_TAG VALUES( 21130, 5350 );
	INSERT INTO MAP_APP_TAG VALUES( 21130, 4182 );
	INSERT INTO MAP_APP_TAG VALUES( 21130, 1684 );
	INSERT INTO MAP_APP_TAG VALUES( 21130, 1719 );
	INSERT INTO MAP_APP_TAG VALUES( 21130, 1695 );
	INSERT INTO MAP_APP_TAG VALUES( 21130, 10816 );
	INSERT INTO MAP_APP_TAG VALUES( 21130, 1664 );
	INSERT INTO MAP_APP_TAG VALUES( 21130, 4136 );
	INSERT INTO MAP_APP_TAG VALUES( 21130, 1685 );
	INSERT INTO MAP_APP_TAG VALUES( 21130, 7481 );

INSERT INTO APP_TABLE	 VALUES( 21300, 'Gravitron_2', 'Gravitron 2 is a retro styled arcade gravity shooter in which you must pilot your way through some of the most devious terrains ever devised. Key Features: 40+ stages packed full of enemies and traps 3D sound in a 2D enviroment Online highscores Configurable controls Stylized neon vector graphics Bucket load full of particle effects...', SYSDATE ,-1, '' );
	INSERT INTO MAP_APP_CATEGORY VALUES( 21300, 3 );
	INSERT INTO MAP_APP_CATEGORY VALUES( 21300, 4 );

	INSERT INTO MAP_APP_DEVELOPER VALUES( 21300, 218 );

	INSERT INTO MAP_APP_GENRE VALUES( 21300, 4 );
	INSERT INTO MAP_APP_GENRE VALUES( 21300, 7 );

	INSERT INTO MAP_APP_LANG VALUES ( 21300, 2,  'Y', 'N', 'N' );

	INSERT INTO MAP_APP_PUBLISHER VALUES( 21300, 218 );

	INSERT INTO MAP_APP_TAG VALUES( 21300, 1773 );

INSERT INTO APP_TABLE	 VALUES( 21400, 'Project_Aftermath', 'Project Aftermath is the PAX10 winning Arcade RTS where you command up to four squads of soldiers in exciting battles in a retro-futuristic world. Equip your squads to suit your playing style, researching new items using the spoils of war; choosing from over 100 different weapons, armour, power-up augmentations and spell-like special...', SYSDATE ,-1, '' );
	INSERT INTO MAP_APP_CATEGORY VALUES( 21400, 3 );
	INSERT INTO MAP_APP_CATEGORY VALUES( 21400, 4 );

	INSERT INTO MAP_APP_DEVELOPER VALUES( 21400, 219 );

	INSERT INTO MAP_APP_GENRE VALUES( 21400, 5 );
	INSERT INTO MAP_APP_GENRE VALUES( 21400, 1 );
	INSERT INTO MAP_APP_GENRE VALUES( 21400, 4 );

	INSERT INTO MAP_APP_LANG VALUES ( 21400, 2,  'Y', 'N', 'N' );

	INSERT INTO MAP_APP_PUBLISHER VALUES( 21400, 219 );

	INSERT INTO MAP_APP_TAG VALUES( 21400, 1676 );
	INSERT INTO MAP_APP_TAG VALUES( 21400, 9 );

INSERT INTO APP_TABLE	 VALUES( 21640, 'Flock!', 'Join the Herd! Protect your cornfields and lock up your livestock, because FLOCK is here! Pilot a UFO around vibrantly-colored landscapes in this charming sandbox puzzle game where you must herd animal life back to the Motherflocker.', SYSDATE ,4900, '' );
	INSERT INTO MAP_APP_CATEGORY VALUES( 21640, 3 );
	INSERT INTO MAP_APP_CATEGORY VALUES( 21640, 21 );
	INSERT INTO MAP_APP_CATEGORY VALUES( 21640, 4 );
	INSERT INTO MAP_APP_CATEGORY VALUES( 21640, 7 );

	INSERT INTO MAP_APP_DEVELOPER VALUES( 21640, 220 );

	INSERT INTO MAP_APP_GENRE VALUES( 21640, 7 );
	INSERT INTO MAP_APP_GENRE VALUES( 21640, 5 );

	INSERT INTO MAP_APP_LANG VALUES ( 21640, 2,  'Y', 'N', 'N' );
	INSERT INTO MAP_APP_LANG VALUES ( 21640, 3,  'Y', 'N', 'N' );
	INSERT INTO MAP_APP_LANG VALUES ( 21640, 4,  'Y', 'N', 'N' );
	INSERT INTO MAP_APP_LANG VALUES ( 21640, 6,  'Y', 'N', 'N' );
	INSERT INTO MAP_APP_LANG VALUES ( 21640, 7,  'Y', 'N', 'N' );

	INSERT INTO MAP_APP_PUBLISHER VALUES( 21640, 221 );

	INSERT INTO MAP_APP_TAG VALUES( 21640, 597 );
	INSERT INTO MAP_APP_TAG VALUES( 21640, 9 );
	INSERT INTO MAP_APP_TAG VALUES( 21640, 1664 );
	INSERT INTO MAP_APP_TAG VALUES( 21640, 1673 );

INSERT INTO APP_TABLE	 VALUES( 21690, 'Resident_Evil¢â_5/_Biohazard_5¢ç', 'This game is a port of the Games for Windows - Live version that was released in 2009. If you buy the Untold Stories Bundle here on Steam, it will be the same as upgrading to Resident Evil 5 Gold Edition.', SYSDATE ,18830, '' );
	INSERT INTO MAP_APP_CATEGORY VALUES( 21690, 3 );
	INSERT INTO MAP_APP_CATEGORY VALUES( 21690, 1 );
	INSERT INTO MAP_APP_CATEGORY VALUES( 21690, 16 );
	INSERT INTO MAP_APP_CATEGORY VALUES( 21690, 4 );
	INSERT INTO MAP_APP_CATEGORY VALUES( 21690, 17 );
	INSERT INTO MAP_APP_CATEGORY VALUES( 21690, 5 );
	INSERT INTO MAP_APP_CATEGORY VALUES( 21690, 8 );
	INSERT INTO MAP_APP_CATEGORY VALUES( 21690, 18 );

	INSERT INTO MAP_APP_DEVELOPER VALUES( 21690, 221 );

	INSERT INTO MAP_APP_GENRE VALUES( 21690, 1 );
	INSERT INTO MAP_APP_GENRE VALUES( 21690, 3 );

	INSERT INTO MAP_APP_LANG VALUES ( 21690, 2,  'Y', 'Y', 'Y' );
	INSERT INTO MAP_APP_LANG VALUES ( 21690, 3,  'Y', 'N', 'Y' );
	INSERT INTO MAP_APP_LANG VALUES ( 21690, 4,  'Y', 'N', 'Y' );
	INSERT INTO MAP_APP_LANG VALUES ( 21690, 10,  'Y', 'N', 'Y' );
	INSERT INTO MAP_APP_LANG VALUES ( 21690, 9,  'Y', 'N', 'Y' );
	INSERT INTO MAP_APP_LANG VALUES ( 21690, 6,  'Y', 'N', 'Y' );
	INSERT INTO MAP_APP_LANG VALUES ( 21690, 7,  'Y', 'N', 'Y' );
	INSERT INTO MAP_APP_LANG VALUES ( 21690, 24,  'Y', 'N', 'Y' );
	INSERT INTO MAP_APP_LANG VALUES ( 21690, 11,  'Y', 'N', 'Y' );

	INSERT INTO MAP_APP_PUBLISHER VALUES( 21690, 221 );

	INSERT INTO MAP_APP_TAG VALUES( 21690, 19 );
	INSERT INTO MAP_APP_TAG VALUES( 21690, 1659 );
	INSERT INTO MAP_APP_TAG VALUES( 21690, 1685 );
	INSERT INTO MAP_APP_TAG VALUES( 21690, 3814 );
	INSERT INTO MAP_APP_TAG VALUES( 21690, 21 );
	INSERT INTO MAP_APP_TAG VALUES( 21690, 1667 );
	INSERT INTO MAP_APP_TAG VALUES( 21690, 4508 );
	INSERT INTO MAP_APP_TAG VALUES( 21690, 3843 );
	INSERT INTO MAP_APP_TAG VALUES( 21690, 1697 );
	INSERT INTO MAP_APP_TAG VALUES( 21690, 3978 );
	INSERT INTO MAP_APP_TAG VALUES( 21690, 1774 );
	INSERT INTO MAP_APP_TAG VALUES( 21690, 4182 );
	INSERT INTO MAP_APP_TAG VALUES( 21690, 3859 );
	INSERT INTO MAP_APP_TAG VALUES( 21690, 7208 );
	INSERT INTO MAP_APP_TAG VALUES( 21690, 1662 );
	INSERT INTO MAP_APP_TAG VALUES( 21690, 3841 );
	INSERT INTO MAP_APP_TAG VALUES( 21690, 4559 );
	INSERT INTO MAP_APP_TAG VALUES( 21690, 4345 );
	INSERT INTO MAP_APP_TAG VALUES( 21690, 29363 );
	INSERT INTO MAP_APP_TAG VALUES( 21690, 4166 );

INSERT INTO APP_TABLE	 VALUES( 21780, 'Driver¢ç_Parallel_Lines', 'You were the fastest wheelman on the street. You were a legend. You were money. Until they set you up and sent you down. Twenty-eight years inside for someone else''s crime. Now you''re getting out. Guess what? You got a new job, it''s called getting revenge.', SYSDATE ,6250, '' );
	INSERT INTO MAP_APP_CATEGORY VALUES( 21780, 3 );

	INSERT INTO MAP_APP_DEVELOPER VALUES( 21780, 222 );

	INSERT INTO MAP_APP_GENRE VALUES( 21780, 9 );

	INSERT INTO MAP_APP_LANG VALUES ( 21780, 2,  'Y', 'N', 'N' );
	INSERT INTO MAP_APP_LANG VALUES ( 21780, 3,  'Y', 'N', 'N' );
	INSERT INTO MAP_APP_LANG VALUES ( 21780, 4,  'Y', 'N', 'N' );
	INSERT INTO MAP_APP_LANG VALUES ( 21780, 6,  'Y', 'N', 'N' );
	INSERT INTO MAP_APP_LANG VALUES ( 21780, 7,  'Y', 'N', 'N' );

	INSERT INTO MAP_APP_PUBLISHER VALUES( 21780, 160 );

	INSERT INTO MAP_APP_TAG VALUES( 21780, 699 );
	INSERT INTO MAP_APP_TAG VALUES( 21780, 19 );
	INSERT INTO MAP_APP_TAG VALUES( 21780, 1695 );
	INSERT INTO MAP_APP_TAG VALUES( 21780, 1644 );
	INSERT INTO MAP_APP_TAG VALUES( 21780, 4182 );

INSERT INTO APP_TABLE	 VALUES( 21800, 'Tom_Clancy''s_EndWar¢â', 'Live the thrilling career of an army commander and lead your army to victory in a massive online World War III! Take control of the U.S.-led Joint Strike Force, the European Enforcers Corps, or the Russian Spetsnaz Guards Brigade in a persistent ongoing World War.', SYSDATE ,12500, '' );
	INSERT INTO MAP_APP_CATEGORY VALUES( 21800, 3 );
	INSERT INTO MAP_APP_CATEGORY VALUES( 21800, 1 );

	INSERT INTO MAP_APP_DEVELOPER VALUES( 21800, 223 );

	INSERT INTO MAP_APP_GENRE VALUES( 21800, 5 );

	INSERT INTO MAP_APP_LANG VALUES ( 21800, 2,  'Y', 'N', 'N' );
	INSERT INTO MAP_APP_LANG VALUES ( 21800, 3,  'Y', 'N', 'N' );
	INSERT INTO MAP_APP_LANG VALUES ( 21800, 4,  'Y', 'N', 'N' );
	INSERT INTO MAP_APP_LANG VALUES ( 21800, 6,  'Y', 'N', 'N' );
	INSERT INTO MAP_APP_LANG VALUES ( 21800, 7,  'Y', 'N', 'N' );

	INSERT INTO MAP_APP_PUBLISHER VALUES( 21800, 160 );

	INSERT INTO MAP_APP_TAG VALUES( 21800, 9 );
	INSERT INTO MAP_APP_TAG VALUES( 21800, 1676 );
	INSERT INTO MAP_APP_TAG VALUES( 21800, 1708 );
	INSERT INTO MAP_APP_TAG VALUES( 21800, 27758 );
	INSERT INTO MAP_APP_TAG VALUES( 21800, 1678 );
	INSERT INTO MAP_APP_TAG VALUES( 21800, 3859 );
	INSERT INTO MAP_APP_TAG VALUES( 21800, 4182 );

INSERT INTO APP_TABLE	 VALUES( 21980, 'Call_of_Juarez¢ç:_Bound_in_Blood', 'THE OLD WEST, 1864. In order to save their family, the McCall brothers will kill anyone who stands between them and the legendary Gold of Juarez. But when the allure of women and money tests their bond as brothers, will the blood they share prove to be thicker?', SYSDATE ,12500, '' );
	INSERT INTO MAP_APP_CATEGORY VALUES( 21980, 3 );

	INSERT INTO MAP_APP_DEVELOPER VALUES( 21980, 31 );

	INSERT INTO MAP_APP_GENRE VALUES( 21980, 1 );

	INSERT INTO MAP_APP_LANG VALUES ( 21980, 2,  'Y', 'N', 'N' );
	INSERT INTO MAP_APP_LANG VALUES ( 21980, 3,  'Y', 'N', 'N' );
	INSERT INTO MAP_APP_LANG VALUES ( 21980, 4,  'Y', 'N', 'N' );
	INSERT INTO MAP_APP_LANG VALUES ( 21980, 6,  'Y', 'N', 'N' );
	INSERT INTO MAP_APP_LANG VALUES ( 21980, 7,  'Y', 'N', 'N' );

	INSERT INTO MAP_APP_PUBLISHER VALUES( 21980, 160 );

	INSERT INTO MAP_APP_TAG VALUES( 21980, 1647 );
	INSERT INTO MAP_APP_TAG VALUES( 21980, 19 );
	INSERT INTO MAP_APP_TAG VALUES( 21980, 1663 );
	INSERT INTO MAP_APP_TAG VALUES( 21980, 4182 );
	INSERT INTO MAP_APP_TAG VALUES( 21980, 21 );
	INSERT INTO MAP_APP_TAG VALUES( 21980, 1774 );
	INSERT INTO MAP_APP_TAG VALUES( 21980, 3859 );
	INSERT INTO MAP_APP_TAG VALUES( 21980, 3839 );
	INSERT INTO MAP_APP_TAG VALUES( 21980, 1695 );
	INSERT INTO MAP_APP_TAG VALUES( 21980, 1742 );
	INSERT INTO MAP_APP_TAG VALUES( 21980, 3987 );
	INSERT INTO MAP_APP_TAG VALUES( 21980, 4166 );
	INSERT INTO MAP_APP_TAG VALUES( 21980, 5796 );
	INSERT INTO MAP_APP_TAG VALUES( 21980, 1756 );

INSERT INTO APP_TABLE	 VALUES( 22000, 'World_of_Goo', 'World of Goo is a multiple award winning physics based puzzle / construction game made entirely by two guys.', SYSDATE ,10500, '' );
	INSERT INTO MAP_APP_CATEGORY VALUES( 22000, 3 );
	INSERT INTO MAP_APP_CATEGORY VALUES( 22000, 4 );

	INSERT INTO MAP_APP_DEVELOPER VALUES( 22000, 224 );

	INSERT INTO MAP_APP_GENRE VALUES( 22000, 4 );

	INSERT INTO MAP_APP_LANG VALUES ( 22000, 2,  'Y', 'N', 'N' );

	INSERT INTO MAP_APP_PUBLISHER VALUES( 22000, 224 );

	INSERT INTO MAP_APP_TAG VALUES( 22000, 1664 );
	INSERT INTO MAP_APP_TAG VALUES( 22000, 492 );
	INSERT INTO MAP_APP_TAG VALUES( 22000, 3968 );
	INSERT INTO MAP_APP_TAG VALUES( 22000, 4182 );
	INSERT INTO MAP_APP_TAG VALUES( 22000, 1756 );
	INSERT INTO MAP_APP_TAG VALUES( 22000, 597 );
	INSERT INTO MAP_APP_TAG VALUES( 22000, 3871 );
	INSERT INTO MAP_APP_TAG VALUES( 22000, 1719 );
	INSERT INTO MAP_APP_TAG VALUES( 22000, 4726 );
	INSERT INTO MAP_APP_TAG VALUES( 22000, 1643 );
	INSERT INTO MAP_APP_TAG VALUES( 22000, 4166 );
	INSERT INTO MAP_APP_TAG VALUES( 22000, 4136 );
	INSERT INTO MAP_APP_TAG VALUES( 22000, 1651 );
	INSERT INTO MAP_APP_TAG VALUES( 22000, 25085 );
	INSERT INTO MAP_APP_TAG VALUES( 22000, 9 );
	INSERT INTO MAP_APP_TAG VALUES( 22000, 1693 );
	INSERT INTO MAP_APP_TAG VALUES( 22000, 1710 );
	INSERT INTO MAP_APP_TAG VALUES( 22000, 1742 );
	INSERT INTO MAP_APP_TAG VALUES( 22000, 4026 );
	INSERT INTO MAP_APP_TAG VALUES( 22000, 5350 );

INSERT INTO APP_TABLE	 VALUES( 22100, 'Mount_&_Blade', 'Calradia is a land at war, offering great riches and even greater dangers to adventurers and mercenaries that flock to shed their blood on its soil. With courage and a strong sword, an unknown stranger can make a name as a warrior. Free-form sand-box gameplay.', SYSDATE ,10000, '' );
	INSERT INTO MAP_APP_CATEGORY VALUES( 22100, 3 );
	INSERT INTO MAP_APP_CATEGORY VALUES( 22100, 5 );
	INSERT INTO MAP_APP_CATEGORY VALUES( 22100, 13 );

	INSERT INTO MAP_APP_DEVELOPER VALUES( 22100, 225 );

	INSERT INTO MAP_APP_GENRE VALUES( 22100, 4 );
	INSERT INTO MAP_APP_GENRE VALUES( 22100, 6 );

	INSERT INTO MAP_APP_LANG VALUES ( 22100, 1,  'Y', 'N', 'N' );
	INSERT INTO MAP_APP_LANG VALUES ( 22100, 2,  'Y', 'N', 'N' );
	INSERT INTO MAP_APP_LANG VALUES ( 22100, 10,  'Y', 'N', 'N' );
	INSERT INTO MAP_APP_LANG VALUES ( 22100, 6,  'Y', 'N', 'N' );
	INSERT INTO MAP_APP_LANG VALUES ( 22100, 24,  'Y', 'N', 'N' );
	INSERT INTO MAP_APP_LANG VALUES ( 22100, 8,  'Y', 'N', 'N' );

	INSERT INTO MAP_APP_PUBLISHER VALUES( 22100, 225 );

	INSERT INTO MAP_APP_TAG VALUES( 22100, 122 );
	INSERT INTO MAP_APP_TAG VALUES( 22100, 4172 );
	INSERT INTO MAP_APP_TAG VALUES( 22100, 1695 );
	INSERT INTO MAP_APP_TAG VALUES( 22100, 9 );
	INSERT INTO MAP_APP_TAG VALUES( 22100, 3810 );
	INSERT INTO MAP_APP_TAG VALUES( 22100, 19 );
	INSERT INTO MAP_APP_TAG VALUES( 22100, 4182 );
	INSERT INTO MAP_APP_TAG VALUES( 22100, 21 );
	INSERT INTO MAP_APP_TAG VALUES( 22100, 1697 );
	INSERT INTO MAP_APP_TAG VALUES( 22100, 3987 );
	INSERT INTO MAP_APP_TAG VALUES( 22100, 4231 );
	INSERT INTO MAP_APP_TAG VALUES( 22100, 1669 );
	INSERT INTO MAP_APP_TAG VALUES( 22100, 492 );
	INSERT INTO MAP_APP_TAG VALUES( 22100, 3859 );
	INSERT INTO MAP_APP_TAG VALUES( 22100, 4747 );
	INSERT INTO MAP_APP_TAG VALUES( 22100, 3839 );
	INSERT INTO MAP_APP_TAG VALUES( 22100, 599 );
	INSERT INTO MAP_APP_TAG VALUES( 22100, 4711 );
	INSERT INTO MAP_APP_TAG VALUES( 22100, 1684 );
	INSERT INTO MAP_APP_TAG VALUES( 22100, 7208 );

INSERT INTO APP_TABLE	 VALUES( 22120, 'Penumbra:_Black_Plague_Gold_Edition', 'Surrounded by enemies and assaulted by terror from all sides, Philip must collect clues and solve vexing puzzles while combating the gnawing psychological terrors that assail his mind and threaten to strip him of his sanity.', SYSDATE ,10500, '' );
	INSERT INTO MAP_APP_CATEGORY VALUES( 22120, 3 );
	INSERT INTO MAP_APP_CATEGORY VALUES( 22120, 6 );

	INSERT INTO MAP_APP_DEVELOPER VALUES( 22120, 226 );

	INSERT INTO MAP_APP_GENRE VALUES( 22120, 1 );
	INSERT INTO MAP_APP_GENRE VALUES( 22120, 3 );
	INSERT INTO MAP_APP_GENRE VALUES( 22120, 4 );

	INSERT INTO MAP_APP_LANG VALUES ( 22120, 2,  'Y', 'N', 'N' );

	INSERT INTO MAP_APP_PUBLISHER VALUES( 22120, 226 );

	INSERT INTO MAP_APP_TAG VALUES( 22120, 1667 );
	INSERT INTO MAP_APP_TAG VALUES( 22120, 21 );
	INSERT INTO MAP_APP_TAG VALUES( 22120, 3839 );
	INSERT INTO MAP_APP_TAG VALUES( 22120, 1721 );
	INSERT INTO MAP_APP_TAG VALUES( 22120, 1687 );
	INSERT INTO MAP_APP_TAG VALUES( 22120, 1742 );
	INSERT INTO MAP_APP_TAG VALUES( 22120, 4182 );
	INSERT INTO MAP_APP_TAG VALUES( 22120, 4166 );
	INSERT INTO MAP_APP_TAG VALUES( 22120, 492 );
	INSERT INTO MAP_APP_TAG VALUES( 22120, 3978 );
	INSERT INTO MAP_APP_TAG VALUES( 22120, 7432 );
	INSERT INTO MAP_APP_TAG VALUES( 22120, 1664 );
	INSERT INTO MAP_APP_TAG VALUES( 22120, 4342 );
	INSERT INTO MAP_APP_TAG VALUES( 22120, 19 );
	INSERT INTO MAP_APP_TAG VALUES( 22120, 1662 );
	INSERT INTO MAP_APP_TAG VALUES( 22120, 1693 );
	INSERT INTO MAP_APP_TAG VALUES( 22120, 3859 );
	INSERT INTO MAP_APP_TAG VALUES( 22120, 1756 );
	INSERT INTO MAP_APP_TAG VALUES( 22120, 6650 );

INSERT INTO APP_TABLE	 VALUES( 22130, 'Hearts_of_Iron_2_Complete', 'Includes Hearts of Iron II plus the two expansions, Doomsday and Armageddon When Germany is defeated in 1945, the Allies and the new Soviet alliance fight for supremacy. World War III is drawing closer. Play as the ruler of one of 175 countries through World Wars II and III.', SYSDATE ,16000, '' );
	INSERT INTO MAP_APP_CATEGORY VALUES( 22130, 3 );
	INSERT INTO MAP_APP_CATEGORY VALUES( 22130, 1 );

	INSERT INTO MAP_APP_DEVELOPER VALUES( 22130, 227 );

	INSERT INTO MAP_APP_GENRE VALUES( 22130, 5 );

	INSERT INTO MAP_APP_LANG VALUES ( 22130, 2,  'Y', 'N', 'N' );


	INSERT INTO MAP_APP_TAG VALUES( 22130, 9 );
	INSERT INTO MAP_APP_TAG VALUES( 22130, 4364 );
	INSERT INTO MAP_APP_TAG VALUES( 22130, 4150 );
	INSERT INTO MAP_APP_TAG VALUES( 22130, 3987 );

INSERT INTO APP_TABLE	 VALUES( 22200, 'Zeno_Clash', 'Zeno Clash is an action/fighting game set in a punk fantasy world. The game is played from a first person perspective and the combat is generally up close and brutal. Experience a deep storyline set in a fantastic world.', SYSDATE ,10500, '' );
	INSERT INTO MAP_APP_CATEGORY VALUES( 22200, 3 );
	INSERT INTO MAP_APP_CATEGORY VALUES( 22200, 4 );
	INSERT INTO MAP_APP_CATEGORY VALUES( 22200, 5 );
	INSERT INTO MAP_APP_CATEGORY VALUES( 22200, 8 );

	INSERT INTO MAP_APP_DEVELOPER VALUES( 22200, 228 );

	INSERT INTO MAP_APP_GENRE VALUES( 22200, 1 );
	INSERT INTO MAP_APP_GENRE VALUES( 22200, 4 );

	INSERT INTO MAP_APP_LANG VALUES ( 22200, 2,  'Y', 'Y', 'N' );
	INSERT INTO MAP_APP_LANG VALUES ( 22200, 3,  'Y', 'N', 'N' );
	INSERT INTO MAP_APP_LANG VALUES ( 22200, 4,  'Y', 'N', 'N' );
	INSERT INTO MAP_APP_LANG VALUES ( 22200, 10,  'Y', 'N', 'N' );
	INSERT INTO MAP_APP_LANG VALUES ( 22200, 6,  'Y', 'N', 'N' );
	INSERT INTO MAP_APP_LANG VALUES ( 22200, 7,  'Y', 'N', 'N' );

	INSERT INTO MAP_APP_PUBLISHER VALUES( 22200, 228 );

	INSERT INTO MAP_APP_TAG VALUES( 22200, 19 );
	INSERT INTO MAP_APP_TAG VALUES( 22200, 492 );
	INSERT INTO MAP_APP_TAG VALUES( 22200, 1710 );
	INSERT INTO MAP_APP_TAG VALUES( 22200, 4158 );
	INSERT INTO MAP_APP_TAG VALUES( 22200, 1663 );
	INSERT INTO MAP_APP_TAG VALUES( 22200, 1743 );
	INSERT INTO MAP_APP_TAG VALUES( 22200, 3839 );
	INSERT INTO MAP_APP_TAG VALUES( 22200, 4234 );
	INSERT INTO MAP_APP_TAG VALUES( 22200, 4182 );
	INSERT INTO MAP_APP_TAG VALUES( 22200, 21 );
	INSERT INTO MAP_APP_TAG VALUES( 22200, 1684 );
	INSERT INTO MAP_APP_TAG VALUES( 22200, 4166 );
	INSERT INTO MAP_APP_TAG VALUES( 22200, 1742 );

INSERT INTO APP_TABLE	 VALUES( 22230, 'Rock_of_Ages', 'A rock-solid combination of rock-rolling action, deep strategy, and captivating art and music from different ages of history, this is a game of crush or be crushed!', SYSDATE ,10500, '' );
	INSERT INTO MAP_APP_CATEGORY VALUES( 22230, 3 );
	INSERT INTO MAP_APP_CATEGORY VALUES( 22230, 1 );
	INSERT INTO MAP_APP_CATEGORY VALUES( 22230, 4 );
	INSERT INTO MAP_APP_CATEGORY VALUES( 22230, 5 );
	INSERT INTO MAP_APP_CATEGORY VALUES( 22230, 7 );
	INSERT INTO MAP_APP_CATEGORY VALUES( 22230, 8 );
	INSERT INTO MAP_APP_CATEGORY VALUES( 22230, 18 );

	INSERT INTO MAP_APP_DEVELOPER VALUES( 22230, 228 );

	INSERT INTO MAP_APP_GENRE VALUES( 22230, 1 );
	INSERT INTO MAP_APP_GENRE VALUES( 22230, 4 );
	INSERT INTO MAP_APP_GENRE VALUES( 22230, 9 );
	INSERT INTO MAP_APP_GENRE VALUES( 22230, 5 );

	INSERT INTO MAP_APP_LANG VALUES ( 22230, 2,  'Y', 'N', 'N' );
	INSERT INTO MAP_APP_LANG VALUES ( 22230, 3,  'Y', 'N', 'N' );
	INSERT INTO MAP_APP_LANG VALUES ( 22230, 4,  'Y', 'N', 'N' );
	INSERT INTO MAP_APP_LANG VALUES ( 22230, 9,  'Y', 'N', 'N' );
	INSERT INTO MAP_APP_LANG VALUES ( 22230, 6,  'Y', 'N', 'N' );
	INSERT INTO MAP_APP_LANG VALUES ( 22230, 7,  'Y', 'N', 'N' );
	INSERT INTO MAP_APP_LANG VALUES ( 22230, 11,  'Y', 'N', 'N' );


	INSERT INTO MAP_APP_TAG VALUES( 22230, 1719 );
	INSERT INTO MAP_APP_TAG VALUES( 22230, 492 );
	INSERT INTO MAP_APP_TAG VALUES( 22230, 9 );
	INSERT INTO MAP_APP_TAG VALUES( 22230, 19 );
	INSERT INTO MAP_APP_TAG VALUES( 22230, 1645 );
	INSERT INTO MAP_APP_TAG VALUES( 22230, 699 );
	INSERT INTO MAP_APP_TAG VALUES( 22230, 3987 );
	INSERT INTO MAP_APP_TAG VALUES( 22230, 3859 );
	INSERT INTO MAP_APP_TAG VALUES( 22230, 4136 );
	INSERT INTO MAP_APP_TAG VALUES( 22230, 7368 );
	INSERT INTO MAP_APP_TAG VALUES( 22230, 7328 );
	INSERT INTO MAP_APP_TAG VALUES( 22230, 4182 );
	INSERT INTO MAP_APP_TAG VALUES( 22230, 597 );
	INSERT INTO MAP_APP_TAG VALUES( 22230, 5363 );
	INSERT INTO MAP_APP_TAG VALUES( 22230, 10816 );
	INSERT INTO MAP_APP_TAG VALUES( 22230, 7481 );

INSERT INTO APP_TABLE	 VALUES( 55000, 'Flotilla', 'Lead your orbital battleships to victory in Flotilla! Fight, trade, and explore new planets in your journey through the galaxy. Discover upgrades and artifacts to install on your fleet ships, and engage in battle with bounty hunters and pirate space-chickens.', SYSDATE ,10500, '' );
	INSERT INTO MAP_APP_CATEGORY VALUES( 55000, 7 );

	INSERT INTO MAP_APP_DEVELOPER VALUES( 55000, 441 );

	INSERT INTO MAP_APP_GENRE VALUES( 55000, 3 );
	INSERT INTO MAP_APP_GENRE VALUES( 55000, 5 );
	INSERT INTO MAP_APP_GENRE VALUES( 55000, 4 );

	INSERT INTO MAP_APP_LANG VALUES ( 55000, 2,  'Y', 'N', 'N' );

	INSERT INTO MAP_APP_PUBLISHER VALUES( 55000, 441 );

	INSERT INTO MAP_APP_TAG VALUES( 55000, 9 );
	INSERT INTO MAP_APP_TAG VALUES( 55000, 492 );
	INSERT INTO MAP_APP_TAG VALUES( 55000, 21 );
	INSERT INTO MAP_APP_TAG VALUES( 55000, 1755 );
	INSERT INTO MAP_APP_TAG VALUES( 55000, 3942 );
	INSERT INTO MAP_APP_TAG VALUES( 55000, 1708 );
	INSERT INTO MAP_APP_TAG VALUES( 55000, 4234 );
	INSERT INTO MAP_APP_TAG VALUES( 55000, 1716 );

INSERT INTO APP_TABLE	 VALUES( 55020, 'Air_Forte', 'Air Forte is a high-altitude game of math, vocabulary, and geography. Compete with friends or fly solo in the various arenas. Good luck, pilot! Key features: Play with friends: Up to four people can play Air Forte together. Find out who''s the best pilot!', SYSDATE ,10500, '' );
	INSERT INTO MAP_APP_CATEGORY VALUES( 55020, 3 );
	INSERT INTO MAP_APP_CATEGORY VALUES( 55020, 1 );
	INSERT INTO MAP_APP_CATEGORY VALUES( 55020, 16 );
	INSERT INTO MAP_APP_CATEGORY VALUES( 55020, 4 );
	INSERT INTO MAP_APP_CATEGORY VALUES( 55020, 7 );
	INSERT INTO MAP_APP_CATEGORY VALUES( 55020, 11 );

	INSERT INTO MAP_APP_DEVELOPER VALUES( 55020, 441 );


	INSERT INTO MAP_APP_LANG VALUES ( 55020, 2,  'Y', 'N', 'N' );

	INSERT INTO MAP_APP_PUBLISHER VALUES( 55020, 441 );

	INSERT INTO MAP_APP_TAG VALUES( 55020, 1036 );
	INSERT INTO MAP_APP_TAG VALUES( 55020, 597 );

INSERT INTO APP_TABLE	 VALUES( 55040, 'Atom_Zombie_Smasher', 'Take command of your mercenary forces in Atom Zombie Smasher. The zombie apocalypse is upon us and it''s up to you to evacuate everyone before they fall prey to the undead.Conduct massive rescue operations with a helping hand from snipers, artillery crews, orbital bombardments, and more.', SYSDATE ,10500, '' );
	INSERT INTO MAP_APP_CATEGORY VALUES( 55040, 3 );
	INSERT INTO MAP_APP_CATEGORY VALUES( 55040, 21 );
	INSERT INTO MAP_APP_CATEGORY VALUES( 55040, 4 );
	INSERT INTO MAP_APP_CATEGORY VALUES( 55040, 7 );
	INSERT INTO MAP_APP_CATEGORY VALUES( 55040, 11 );

	INSERT INTO MAP_APP_DEVELOPER VALUES( 55040, 441 );

	INSERT INTO MAP_APP_GENRE VALUES( 55040, 4 );
	INSERT INTO MAP_APP_GENRE VALUES( 55040, 5 );

	INSERT INTO MAP_APP_LANG VALUES ( 55040, 2,  'Y', 'N', 'N' );

	INSERT INTO MAP_APP_PUBLISHER VALUES( 55040, 441 );

	INSERT INTO MAP_APP_TAG VALUES( 55040, 9 );
	INSERT INTO MAP_APP_TAG VALUES( 55040, 1659 );
	INSERT INTO MAP_APP_TAG VALUES( 55040, 492 );
	INSERT INTO MAP_APP_TAG VALUES( 55040, 4791 );
	INSERT INTO MAP_APP_TAG VALUES( 55040, 1645 );
	INSERT INTO MAP_APP_TAG VALUES( 55040, 1708 );
	INSERT INTO MAP_APP_TAG VALUES( 55040, 4711 );
	INSERT INTO MAP_APP_TAG VALUES( 55040, 5125 );
	INSERT INTO MAP_APP_TAG VALUES( 55040, 1756 );
	INSERT INTO MAP_APP_TAG VALUES( 55040, 3841 );
	INSERT INTO MAP_APP_TAG VALUES( 55040, 4182 );
	INSERT INTO MAP_APP_TAG VALUES( 55040, 7368 );
	INSERT INTO MAP_APP_TAG VALUES( 55040, 1685 );
	INSERT INTO MAP_APP_TAG VALUES( 55040, 3810 );
	INSERT INTO MAP_APP_TAG VALUES( 55040, 1669 );
	INSERT INTO MAP_APP_TAG VALUES( 55040, 597 );

INSERT INTO APP_TABLE	 VALUES( 22300, 'Fallout_3', 'Vault-Tec engineers have worked around the clock on an interactive reproduction of Wasteland life for you to enjoy from the comfort of your own vault. Included is an expansive world, unique combat, shockingly realistic visuals, tons of player choice, and an incredible cast of dynamic characters.', SYSDATE ,10500, '' );
	INSERT INTO MAP_APP_CATEGORY VALUES( 22300, 3 );
	INSERT INTO MAP_APP_CATEGORY VALUES( 22300, 7 );

	INSERT INTO MAP_APP_DEVELOPER VALUES( 22300, 229 );

	INSERT INTO MAP_APP_GENRE VALUES( 22300, 6 );

	INSERT INTO MAP_APP_LANG VALUES ( 22300, 2,  'Y', 'N', 'N' );
	INSERT INTO MAP_APP_LANG VALUES ( 22300, 3,  'Y', 'N', 'N' );
	INSERT INTO MAP_APP_LANG VALUES ( 22300, 4,  'Y', 'N', 'N' );
	INSERT INTO MAP_APP_LANG VALUES ( 22300, 6,  'Y', 'N', 'N' );
	INSERT INTO MAP_APP_LANG VALUES ( 22300, 7,  'Y', 'N', 'N' );


	INSERT INTO MAP_APP_TAG VALUES( 22300, 1695 );
	INSERT INTO MAP_APP_TAG VALUES( 22300, 3835 );
	INSERT INTO MAP_APP_TAG VALUES( 22300, 122 );
	INSERT INTO MAP_APP_TAG VALUES( 22300, 4182 );
	INSERT INTO MAP_APP_TAG VALUES( 22300, 3834 );
	INSERT INTO MAP_APP_TAG VALUES( 22300, 3839 );
	INSERT INTO MAP_APP_TAG VALUES( 22300, 3942 );
	INSERT INTO MAP_APP_TAG VALUES( 22300, 19 );
	INSERT INTO MAP_APP_TAG VALUES( 22300, 1669 );
	INSERT INTO MAP_APP_TAG VALUES( 22300, 21 );
	INSERT INTO MAP_APP_TAG VALUES( 22300, 1663 );
	INSERT INTO MAP_APP_TAG VALUES( 22300, 4166 );
	INSERT INTO MAP_APP_TAG VALUES( 22300, 1774 );
	INSERT INTO MAP_APP_TAG VALUES( 22300, 1697 );
	INSERT INTO MAP_APP_TAG VALUES( 22300, 4747 );
	INSERT INTO MAP_APP_TAG VALUES( 22300, 3810 );
	INSERT INTO MAP_APP_TAG VALUES( 22300, 1742 );
	INSERT INTO MAP_APP_TAG VALUES( 22300, 4231 );
	INSERT INTO MAP_APP_TAG VALUES( 22300, 1667 );
	INSERT INTO MAP_APP_TAG VALUES( 22300, 7208 );

INSERT INTO APP_TABLE	 VALUES( 22310, 'Rogue_Warrior', 'Rogue Warrior is a character-driven, first-person-shooter, featuring Richard ''Demo Dick'' Marcinko''s explosive personality in an action-packed single player campaign, and intense multiplayer combat. Playing as Richard ''Demo Dick'' Marcinko, you go behind the iron curtain to disrupt a suspected North Korean ballistic missile program.', SYSDATE ,5760, '' );
	INSERT INTO MAP_APP_CATEGORY VALUES( 22310, 3 );
	INSERT INTO MAP_APP_CATEGORY VALUES( 22310, 1 );
	INSERT INTO MAP_APP_CATEGORY VALUES( 22310, 4 );
	INSERT INTO MAP_APP_CATEGORY VALUES( 22310, 8 );
	INSERT INTO MAP_APP_CATEGORY VALUES( 22310, 18 );

	INSERT INTO MAP_APP_DEVELOPER VALUES( 22310, 40 );

	INSERT INTO MAP_APP_GENRE VALUES( 22310, 1 );

	INSERT INTO MAP_APP_LANG VALUES ( 22310, 2,  'Y', 'N', 'N' );
	INSERT INTO MAP_APP_LANG VALUES ( 22310, 3,  'Y', 'N', 'N' );
	INSERT INTO MAP_APP_LANG VALUES ( 22310, 4,  'Y', 'N', 'N' );
	INSERT INTO MAP_APP_LANG VALUES ( 22310, 6,  'Y', 'N', 'N' );
	INSERT INTO MAP_APP_LANG VALUES ( 22310, 7,  'Y', 'N', 'N' );


	INSERT INTO MAP_APP_TAG VALUES( 22310, 19 );
	INSERT INTO MAP_APP_TAG VALUES( 22310, 4234 );
	INSERT INTO MAP_APP_TAG VALUES( 22310, 1663 );
	INSERT INTO MAP_APP_TAG VALUES( 22310, 4136 );
	INSERT INTO MAP_APP_TAG VALUES( 22310, 1687 );
	INSERT INTO MAP_APP_TAG VALUES( 22310, 1719 );

INSERT INTO APP_TABLE	 VALUES( 22320, 'The_Elder_Scrolls_III:_Morrowind¢ç_Game_of_the_Year_Edition', 'The Elder Scrolls III: Morrowind¢ç Game of the Year Edition includes Morrowind plus all of the content from the Bloodmoon and Tribunal expansions. The original Mod Construction Set is not included in this package. An epic, open-ended single-player RPG, Morrowind allows you to create and play any kind of character imaginable.', SYSDATE ,17300, '' );
	INSERT INTO MAP_APP_CATEGORY VALUES( 22320, 3 );
	INSERT INTO MAP_APP_CATEGORY VALUES( 22320, 8 );

	INSERT INTO MAP_APP_DEVELOPER VALUES( 22320, 229 );

	INSERT INTO MAP_APP_GENRE VALUES( 22320, 6 );

	INSERT INTO MAP_APP_LANG VALUES ( 22320, 2,  'Y', 'N', 'N' );
	INSERT INTO MAP_APP_LANG VALUES ( 22320, 4,  'Y', 'N', 'N' );
	INSERT INTO MAP_APP_LANG VALUES ( 22320, 6,  'Y', 'N', 'N' );


	INSERT INTO MAP_APP_TAG VALUES( 22320, 122 );
	INSERT INTO MAP_APP_TAG VALUES( 22320, 1695 );
	INSERT INTO MAP_APP_TAG VALUES( 22320, 1684 );
	INSERT INTO MAP_APP_TAG VALUES( 22320, 1693 );
	INSERT INTO MAP_APP_TAG VALUES( 22320, 1756 );
	INSERT INTO MAP_APP_TAG VALUES( 22320, 1669 );
	INSERT INTO MAP_APP_TAG VALUES( 22320, 3839 );
	INSERT INTO MAP_APP_TAG VALUES( 22320, 21 );
	INSERT INTO MAP_APP_TAG VALUES( 22320, 4182 );
	INSERT INTO MAP_APP_TAG VALUES( 22320, 7782 );
	INSERT INTO MAP_APP_TAG VALUES( 22320, 4166 );
	INSERT INTO MAP_APP_TAG VALUES( 22320, 4057 );
	INSERT INTO MAP_APP_TAG VALUES( 22320, 3810 );
	INSERT INTO MAP_APP_TAG VALUES( 22320, 1742 );
	INSERT INTO MAP_APP_TAG VALUES( 22320, 3834 );
	INSERT INTO MAP_APP_TAG VALUES( 22320, 4231 );
	INSERT INTO MAP_APP_TAG VALUES( 22320, 4747 );
	INSERT INTO MAP_APP_TAG VALUES( 22320, 4172 );
	INSERT INTO MAP_APP_TAG VALUES( 22320, 19 );
	INSERT INTO MAP_APP_TAG VALUES( 22320, 1697 );

INSERT INTO APP_TABLE	 VALUES( 22330, 'The_Elder_Scrolls_IV:_Oblivion¢ç_Game_of_the_Year_Edition_Deluxe', 'The Elder Scrolls IV: Oblivion¢ç Game of the Year Edition presents one of the best RPGs of all time like never before. Step inside the most richly detailed and vibrant game-world ever created. With a powerful combination of freeform gameplay and unprecedented graphics, you can unravel the main quest at your own pace or explore the vast...', SYSDATE ,23080, '' );
	INSERT INTO MAP_APP_CATEGORY VALUES( 22330, 3 );
	INSERT INTO MAP_APP_CATEGORY VALUES( 22330, 8 );

	INSERT INTO MAP_APP_DEVELOPER VALUES( 22330, 230 );


	INSERT INTO MAP_APP_LANG VALUES ( 22330, 2,  'Y', 'N', 'N' );


	INSERT INTO MAP_APP_TAG VALUES( 22330, 1695 );
	INSERT INTO MAP_APP_TAG VALUES( 22330, 122 );
	INSERT INTO MAP_APP_TAG VALUES( 22330, 1684 );
	INSERT INTO MAP_APP_TAG VALUES( 22330, 4182 );
	INSERT INTO MAP_APP_TAG VALUES( 22330, 1669 );
	INSERT INTO MAP_APP_TAG VALUES( 22330, 3839 );
	INSERT INTO MAP_APP_TAG VALUES( 22330, 3834 );
	INSERT INTO MAP_APP_TAG VALUES( 22330, 21 );
	INSERT INTO MAP_APP_TAG VALUES( 22330, 1756 );
	INSERT INTO MAP_APP_TAG VALUES( 22330, 19 );
	INSERT INTO MAP_APP_TAG VALUES( 22330, 4057 );
	INSERT INTO MAP_APP_TAG VALUES( 22330, 3810 );
	INSERT INTO MAP_APP_TAG VALUES( 22330, 4747 );
	INSERT INTO MAP_APP_TAG VALUES( 22330, 4166 );
	INSERT INTO MAP_APP_TAG VALUES( 22330, 1742 );
	INSERT INTO MAP_APP_TAG VALUES( 22330, 4172 );
	INSERT INTO MAP_APP_TAG VALUES( 22330, 4231 );
	INSERT INTO MAP_APP_TAG VALUES( 22330, 1693 );
	INSERT INTO MAP_APP_TAG VALUES( 22330, 1697 );
	INSERT INTO MAP_APP_TAG VALUES( 22330, 4604 );

INSERT INTO APP_TABLE	 VALUES( 22340, 'Call_of_Cthulhu¢ç:_Dark_Corners_of_the_Earth', 'Call of Cthulhu: Dark Corners of the Earth is a first-person horror game that combines intense action and adventure elements.', SYSDATE ,5760, '' );
	INSERT INTO MAP_APP_CATEGORY VALUES( 22340, 3 );

	INSERT INTO MAP_APP_DEVELOPER VALUES( 22340, 231 );


	INSERT INTO MAP_APP_LANG VALUES ( 22340, 2,  'Y', 'N', 'N' );
	INSERT INTO MAP_APP_LANG VALUES ( 22340, 4,  'Y', 'N', 'N' );
	INSERT INTO MAP_APP_LANG VALUES ( 22340, 6,  'Y', 'N', 'N' );


	INSERT INTO MAP_APP_TAG VALUES( 22340, 1667 );
	INSERT INTO MAP_APP_TAG VALUES( 22340, 7432 );
	INSERT INTO MAP_APP_TAG VALUES( 22340, 3839 );
	INSERT INTO MAP_APP_TAG VALUES( 22340, 3978 );
	INSERT INTO MAP_APP_TAG VALUES( 22340, 3796 );
	INSERT INTO MAP_APP_TAG VALUES( 22340, 1663 );
	INSERT INTO MAP_APP_TAG VALUES( 22340, 21 );
	INSERT INTO MAP_APP_TAG VALUES( 22340, 1687 );
	INSERT INTO MAP_APP_TAG VALUES( 22340, 4166 );
	INSERT INTO MAP_APP_TAG VALUES( 22340, 4182 );
	INSERT INTO MAP_APP_TAG VALUES( 22340, 1742 );
	INSERT INTO MAP_APP_TAG VALUES( 22340, 19 );
	INSERT INTO MAP_APP_TAG VALUES( 22340, 1693 );
	INSERT INTO MAP_APP_TAG VALUES( 22340, 1662 );
	INSERT INTO MAP_APP_TAG VALUES( 22340, 1774 );
	INSERT INTO MAP_APP_TAG VALUES( 22340, 4026 );
	INSERT INTO MAP_APP_TAG VALUES( 22340, 4345 );
	INSERT INTO MAP_APP_TAG VALUES( 22340, 4342 );

INSERT INTO APP_TABLE	 VALUES( 55110, 'Red_Faction¢ç:_Armageddon¢â', 'Red Faction: Armageddon Path to War includes 4 new missions, 2 unlockable items and 10 new achievements!', SYSDATE ,20000, '' );
	INSERT INTO MAP_APP_CATEGORY VALUES( 55110, 3 );
	INSERT INTO MAP_APP_CATEGORY VALUES( 55110, 16 );
	INSERT INTO MAP_APP_CATEGORY VALUES( 55110, 4 );
	INSERT INTO MAP_APP_CATEGORY VALUES( 55110, 7 );
	INSERT INTO MAP_APP_CATEGORY VALUES( 55110, 8 );
	INSERT INTO MAP_APP_CATEGORY VALUES( 55110, 2 );
	INSERT INTO MAP_APP_CATEGORY VALUES( 55110, 18 );

	INSERT INTO MAP_APP_DEVELOPER VALUES( 55110, 101 );

	INSERT INTO MAP_APP_GENRE VALUES( 55110, 1 );

	INSERT INTO MAP_APP_LANG VALUES ( 55110, 2,  'Y', 'N', 'N' );
	INSERT INTO MAP_APP_LANG VALUES ( 55110, 3,  'Y', 'N', 'N' );
	INSERT INTO MAP_APP_LANG VALUES ( 55110, 4,  'Y', 'N', 'N' );
	INSERT INTO MAP_APP_LANG VALUES ( 55110, 10,  'Y', 'N', 'N' );
	INSERT INTO MAP_APP_LANG VALUES ( 55110, 9,  'Y', 'N', 'N' );
	INSERT INTO MAP_APP_LANG VALUES ( 55110, 6,  'Y', 'N', 'N' );
	INSERT INTO MAP_APP_LANG VALUES ( 55110, 7,  'Y', 'N', 'N' );

	INSERT INTO MAP_APP_PUBLISHER VALUES( 55110, 72 );

	INSERT INTO MAP_APP_TAG VALUES( 55110, 19 );
	INSERT INTO MAP_APP_TAG VALUES( 55110, 5363 );
	INSERT INTO MAP_APP_TAG VALUES( 55110, 1697 );
	INSERT INTO MAP_APP_TAG VALUES( 55110, 3942 );
	INSERT INTO MAP_APP_TAG VALUES( 55110, 3814 );
	INSERT INTO MAP_APP_TAG VALUES( 55110, 4182 );
	INSERT INTO MAP_APP_TAG VALUES( 55110, 1774 );
	INSERT INTO MAP_APP_TAG VALUES( 55110, 1685 );
	INSERT INTO MAP_APP_TAG VALUES( 55110, 6702 );
	INSERT INTO MAP_APP_TAG VALUES( 55110, 1673 );
	INSERT INTO MAP_APP_TAG VALUES( 55110, 3859 );
	INSERT INTO MAP_APP_TAG VALUES( 55110, 21 );
	INSERT INTO MAP_APP_TAG VALUES( 55110, 7250 );
	INSERT INTO MAP_APP_TAG VALUES( 55110, 1695 );
	INSERT INTO MAP_APP_TAG VALUES( 55110, 1663 );
	INSERT INTO MAP_APP_TAG VALUES( 55110, 1667 );

INSERT INTO APP_TABLE	 VALUES( 22370, 'Fallout_3:_Game_of_the_Year_Edition', 'Prepare for the Future¢â With Fallout 3: Game of the Year Edition, experience the most acclaimed game of 2008 like never before. Create a character of your choosing and descend into an awe-inspiring, post-apocalyptic world where every minute is a fight for survival.', SYSDATE ,21000, '' );
	INSERT INTO MAP_APP_CATEGORY VALUES( 22370, 3 );

	INSERT INTO MAP_APP_DEVELOPER VALUES( 22370, 229 );

	INSERT INTO MAP_APP_GENRE VALUES( 22370, 6 );

	INSERT INTO MAP_APP_LANG VALUES ( 22370, 2,  'Y', 'N', 'N' );
	INSERT INTO MAP_APP_LANG VALUES ( 22370, 3,  'Y', 'N', 'N' );
	INSERT INTO MAP_APP_LANG VALUES ( 22370, 4,  'Y', 'N', 'N' );
	INSERT INTO MAP_APP_LANG VALUES ( 22370, 6,  'Y', 'N', 'N' );
	INSERT INTO MAP_APP_LANG VALUES ( 22370, 7,  'Y', 'N', 'N' );


	INSERT INTO MAP_APP_TAG VALUES( 22370, 1695 );
	INSERT INTO MAP_APP_TAG VALUES( 22370, 122 );
	INSERT INTO MAP_APP_TAG VALUES( 22370, 3835 );
	INSERT INTO MAP_APP_TAG VALUES( 22370, 4182 );
	INSERT INTO MAP_APP_TAG VALUES( 22370, 1669 );
	INSERT INTO MAP_APP_TAG VALUES( 22370, 3839 );
	INSERT INTO MAP_APP_TAG VALUES( 22370, 3942 );
	INSERT INTO MAP_APP_TAG VALUES( 22370, 19 );
	INSERT INTO MAP_APP_TAG VALUES( 22370, 21 );
	INSERT INTO MAP_APP_TAG VALUES( 22370, 1663 );
	INSERT INTO MAP_APP_TAG VALUES( 22370, 4711 );
	INSERT INTO MAP_APP_TAG VALUES( 22370, 3810 );
	INSERT INTO MAP_APP_TAG VALUES( 22370, 1697 );
	INSERT INTO MAP_APP_TAG VALUES( 22370, 3834 );
	INSERT INTO MAP_APP_TAG VALUES( 22370, 4166 );
	INSERT INTO MAP_APP_TAG VALUES( 22370, 1742 );
	INSERT INTO MAP_APP_TAG VALUES( 22370, 1774 );
	INSERT INTO MAP_APP_TAG VALUES( 22370, 7782 );
	INSERT INTO MAP_APP_TAG VALUES( 22370, 4231 );
	INSERT INTO MAP_APP_TAG VALUES( 22370, 1756 );

INSERT INTO APP_TABLE	 VALUES( 55140, 'MX_vs._ATV_Reflex', 'Think fast and hang on to your ride as you take independent control of the rider and take the ultimate test of mettle. Dual controls let you tear it up with death-defying tricks and high-flying freestyle action. Fight for traction and dig up the track to leave your mark.', SYSDATE ,20000, '' );
	INSERT INTO MAP_APP_CATEGORY VALUES( 55140, 3 );
	INSERT INTO MAP_APP_CATEGORY VALUES( 55140, 1 );
	INSERT INTO MAP_APP_CATEGORY VALUES( 55140, 4 );
	INSERT INTO MAP_APP_CATEGORY VALUES( 55140, 7 );
	INSERT INTO MAP_APP_CATEGORY VALUES( 55140, 8 );

	INSERT INTO MAP_APP_DEVELOPER VALUES( 55140, 386 );
	INSERT INTO MAP_APP_DEVELOPER VALUES( 55140, 442 );
	INSERT INTO MAP_APP_DEVELOPER VALUES( 55140, 72 );

	INSERT INTO MAP_APP_GENRE VALUES( 55140, 9 );

	INSERT INTO MAP_APP_LANG VALUES ( 55140, 2,  'Y', 'N', 'N' );
	INSERT INTO MAP_APP_LANG VALUES ( 55140, 3,  'Y', 'N', 'N' );
	INSERT INTO MAP_APP_LANG VALUES ( 55140, 4,  'Y', 'N', 'N' );
	INSERT INTO MAP_APP_LANG VALUES ( 55140, 6,  'Y', 'N', 'N' );
	INSERT INTO MAP_APP_LANG VALUES ( 55140, 7,  'Y', 'N', 'N' );

	INSERT INTO MAP_APP_PUBLISHER VALUES( 55140, 72 );

	INSERT INTO MAP_APP_TAG VALUES( 55140, 699 );
	INSERT INTO MAP_APP_TAG VALUES( 55140, 7622 );
	INSERT INTO MAP_APP_TAG VALUES( 55140, 701 );
	INSERT INTO MAP_APP_TAG VALUES( 55140, 3859 );
	INSERT INTO MAP_APP_TAG VALUES( 55140, 4182 );
	INSERT INTO MAP_APP_TAG VALUES( 55140, 1695 );
	INSERT INTO MAP_APP_TAG VALUES( 55140, 19 );
	INSERT INTO MAP_APP_TAG VALUES( 55140, 599 );
	INSERT INTO MAP_APP_TAG VALUES( 55140, 1669 );

INSERT INTO APP_TABLE	 VALUES( 22380, 'Fallout:_New_Vegas', 'Welcome to Vegas. New Vegas. Enjoy your stay!', SYSDATE ,10500, '' );
	INSERT INTO MAP_APP_CATEGORY VALUES( 22380, 3 );
	INSERT INTO MAP_APP_CATEGORY VALUES( 22380, 4 );
	INSERT INTO MAP_APP_CATEGORY VALUES( 22380, 7 );
	INSERT INTO MAP_APP_CATEGORY VALUES( 22380, 18 );

	INSERT INTO MAP_APP_DEVELOPER VALUES( 22380, 232 );

	INSERT INTO MAP_APP_GENRE VALUES( 22380, 1 );
	INSERT INTO MAP_APP_GENRE VALUES( 22380, 6 );

	INSERT INTO MAP_APP_LANG VALUES ( 22380, 2,  'Y', 'N', 'N' );
	INSERT INTO MAP_APP_LANG VALUES ( 22380, 3,  'Y', 'N', 'N' );
	INSERT INTO MAP_APP_LANG VALUES ( 22380, 4,  'Y', 'N', 'N' );
	INSERT INTO MAP_APP_LANG VALUES ( 22380, 6,  'Y', 'N', 'N' );
	INSERT INTO MAP_APP_LANG VALUES ( 22380, 7,  'Y', 'N', 'N' );


	INSERT INTO MAP_APP_TAG VALUES( 22380, 1695 );
	INSERT INTO MAP_APP_TAG VALUES( 22380, 122 );
	INSERT INTO MAP_APP_TAG VALUES( 22380, 3835 );
	INSERT INTO MAP_APP_TAG VALUES( 22380, 4182 );
	INSERT INTO MAP_APP_TAG VALUES( 22380, 1669 );
	INSERT INTO MAP_APP_TAG VALUES( 22380, 3839 );
	INSERT INTO MAP_APP_TAG VALUES( 22380, 19 );
	INSERT INTO MAP_APP_TAG VALUES( 22380, 3834 );
	INSERT INTO MAP_APP_TAG VALUES( 22380, 21 );
	INSERT INTO MAP_APP_TAG VALUES( 22380, 3942 );
	INSERT INTO MAP_APP_TAG VALUES( 22380, 1742 );
	INSERT INTO MAP_APP_TAG VALUES( 22380, 1663 );
	INSERT INTO MAP_APP_TAG VALUES( 22380, 4166 );
	INSERT INTO MAP_APP_TAG VALUES( 22380, 1647 );
	INSERT INTO MAP_APP_TAG VALUES( 22380, 3810 );
	INSERT INTO MAP_APP_TAG VALUES( 22380, 4231 );
	INSERT INTO MAP_APP_TAG VALUES( 22380, 1662 );
	INSERT INTO MAP_APP_TAG VALUES( 22380, 4747 );
	INSERT INTO MAP_APP_TAG VALUES( 22380, 1774 );
	INSERT INTO MAP_APP_TAG VALUES( 22380, 1697 );

INSERT INTO APP_TABLE	 VALUES( 55150, 'Warhammer_40,000:_Space_Marine', '', SYSDATE ,-1, '' );






INSERT INTO APP_TABLE	 VALUES( 22450, 'Hunted:_The_Demon¡¯s_Forge¢â', 'It will take the combined efforts of two great warriors to explore menacing dungeons, overgrown ruins, and downtrodden towns ¡¦ and discover the secrets of the Demon¡¯s Forge.', SYSDATE ,5760, '' );
	INSERT INTO MAP_APP_CATEGORY VALUES( 22450, 7 );
	INSERT INTO MAP_APP_CATEGORY VALUES( 22450, 8 );

	INSERT INTO MAP_APP_DEVELOPER VALUES( 22450, 233 );

	INSERT INTO MAP_APP_GENRE VALUES( 22450, 1 );
	INSERT INTO MAP_APP_GENRE VALUES( 22450, 3 );

	INSERT INTO MAP_APP_LANG VALUES ( 22450, 2,  'Y', 'N', 'N' );
	INSERT INTO MAP_APP_LANG VALUES ( 22450, 3,  'Y', 'N', 'N' );
	INSERT INTO MAP_APP_LANG VALUES ( 22450, 4,  'Y', 'N', 'N' );
	INSERT INTO MAP_APP_LANG VALUES ( 22450, 6,  'Y', 'N', 'N' );
	INSERT INTO MAP_APP_LANG VALUES ( 22450, 7,  'Y', 'N', 'N' );


	INSERT INTO MAP_APP_TAG VALUES( 22450, 19 );
	INSERT INTO MAP_APP_TAG VALUES( 22450, 21 );
	INSERT INTO MAP_APP_TAG VALUES( 22450, 1684 );
	INSERT INTO MAP_APP_TAG VALUES( 22450, 1685 );
	INSERT INTO MAP_APP_TAG VALUES( 22450, 1697 );
	INSERT INTO MAP_APP_TAG VALUES( 22450, 1646 );
	INSERT INTO MAP_APP_TAG VALUES( 22450, 122 );
	INSERT INTO MAP_APP_TAG VALUES( 22450, 4182 );
	INSERT INTO MAP_APP_TAG VALUES( 22450, 7208 );
	INSERT INTO MAP_APP_TAG VALUES( 22450, 4604 );
	INSERT INTO MAP_APP_TAG VALUES( 22450, 4106 );

INSERT INTO APP_TABLE	 VALUES( 55230, 'Saints_Row:_The_Third', 'Get ready for the most out-landish gameplay scenarios ever seen as the Third Street Saints take on the Syndicate!', SYSDATE ,10500, '' );
	INSERT INTO MAP_APP_CATEGORY VALUES( 55230, 3 );
	INSERT INTO MAP_APP_CATEGORY VALUES( 55230, 16 );
	INSERT INTO MAP_APP_CATEGORY VALUES( 55230, 4 );
	INSERT INTO MAP_APP_CATEGORY VALUES( 55230, 5 );
	INSERT INTO MAP_APP_CATEGORY VALUES( 55230, 7 );
	INSERT INTO MAP_APP_CATEGORY VALUES( 55230, 8 );

	INSERT INTO MAP_APP_DEVELOPER VALUES( 55230, 101 );

	INSERT INTO MAP_APP_GENRE VALUES( 55230, 1 );

	INSERT INTO MAP_APP_LANG VALUES ( 55230, 2,  'Y', 'Y', 'N' );
	INSERT INTO MAP_APP_LANG VALUES ( 55230, 3,  'Y', 'N', 'N' );
	INSERT INTO MAP_APP_LANG VALUES ( 55230, 4,  'Y', 'N', 'N' );
	INSERT INTO MAP_APP_LANG VALUES ( 55230, 10,  'Y', 'N', 'N' );
	INSERT INTO MAP_APP_LANG VALUES ( 55230, 9,  'Y', 'N', 'N' );
	INSERT INTO MAP_APP_LANG VALUES ( 55230, 24,  'Y', 'N', 'N' );
	INSERT INTO MAP_APP_LANG VALUES ( 55230, 6,  'Y', 'N', 'N' );
	INSERT INTO MAP_APP_LANG VALUES ( 55230, 7,  'Y', 'N', 'N' );
	INSERT INTO MAP_APP_LANG VALUES ( 55230, 17,  'Y', 'N', 'N' );


	INSERT INTO MAP_APP_TAG VALUES( 55230, 1695 );
	INSERT INTO MAP_APP_TAG VALUES( 55230, 19 );
	INSERT INTO MAP_APP_TAG VALUES( 55230, 1719 );
	INSERT INTO MAP_APP_TAG VALUES( 55230, 3814 );
	INSERT INTO MAP_APP_TAG VALUES( 55230, 1685 );
	INSERT INTO MAP_APP_TAG VALUES( 55230, 3810 );
	INSERT INTO MAP_APP_TAG VALUES( 55230, 4136 );
	INSERT INTO MAP_APP_TAG VALUES( 55230, 1697 );
	INSERT INTO MAP_APP_TAG VALUES( 55230, 3843 );
	INSERT INTO MAP_APP_TAG VALUES( 55230, 4182 );
	INSERT INTO MAP_APP_TAG VALUES( 55230, 4747 );
	INSERT INTO MAP_APP_TAG VALUES( 55230, 1756 );
	INSERT INTO MAP_APP_TAG VALUES( 55230, 1774 );
	INSERT INTO MAP_APP_TAG VALUES( 55230, 3859 );
	INSERT INTO MAP_APP_TAG VALUES( 55230, 6378 );
	INSERT INTO MAP_APP_TAG VALUES( 55230, 7208 );
	INSERT INTO MAP_APP_TAG VALUES( 55230, 21 );
	INSERT INTO MAP_APP_TAG VALUES( 55230, 1659 );
	INSERT INTO MAP_APP_TAG VALUES( 55230, 122 );
	INSERT INTO MAP_APP_TAG VALUES( 55230, 1651 );

INSERT INTO APP_TABLE	 VALUES( 22500, 'Spectromancer', 'Open your mind and discover your power as you explore the world of Spectromancer! A turn-based online fantasy card game, co-designed by Magic: The Gathering''s Richard Garfield and Alexey Stankevich, creator of Astral Tournament and Astral Masters, Spectromancer allows players to participate in a magical duel against other mages by...', SYSDATE ,-1, '' );
	INSERT INTO MAP_APP_CATEGORY VALUES( 22500, 3 );
	INSERT INTO MAP_APP_CATEGORY VALUES( 22500, 1 );
	INSERT INTO MAP_APP_CATEGORY VALUES( 22500, 19 );
	INSERT INTO MAP_APP_CATEGORY VALUES( 22500, 22 );
	INSERT INTO MAP_APP_CATEGORY VALUES( 22500, 10 );
	INSERT INTO MAP_APP_CATEGORY VALUES( 22500, 4 );

	INSERT INTO MAP_APP_DEVELOPER VALUES( 22500, 234 );
	INSERT INTO MAP_APP_DEVELOPER VALUES( 22500, 235 );

	INSERT INTO MAP_APP_GENRE VALUES( 22500, 5 );

	INSERT INTO MAP_APP_LANG VALUES ( 22500, 2,  'Y', 'N', 'N' );

	INSERT INTO MAP_APP_PUBLISHER VALUES( 22500, 235 );

	INSERT INTO MAP_APP_TAG VALUES( 22500, 9 );
	INSERT INTO MAP_APP_TAG VALUES( 22500, 1666 );

INSERT INTO APP_TABLE	 VALUES( 22600, 'Worms_Reloaded', 'Ten years on from Worms¢â Armageddon and the turn-based comic mayhem continues in Worms¢â Reloaded, an all-new edition available for PC through Steam.', SYSDATE ,21000, '' );
	INSERT INTO MAP_APP_CATEGORY VALUES( 22600, 3 );
	INSERT INTO MAP_APP_CATEGORY VALUES( 22600, 1 );
	INSERT INTO MAP_APP_CATEGORY VALUES( 22600, 4 );
	INSERT INTO MAP_APP_CATEGORY VALUES( 22600, 7 );
	INSERT INTO MAP_APP_CATEGORY VALUES( 22600, 8 );
	INSERT INTO MAP_APP_CATEGORY VALUES( 22600, 11 );
	INSERT INTO MAP_APP_CATEGORY VALUES( 22600, 18 );

	INSERT INTO MAP_APP_DEVELOPER VALUES( 22600, 236 );

	INSERT INTO MAP_APP_GENRE VALUES( 22600, 5 );

	INSERT INTO MAP_APP_LANG VALUES ( 22600, 2,  'Y', 'N', 'N' );
	INSERT INTO MAP_APP_LANG VALUES ( 22600, 3,  'Y', 'N', 'N' );
	INSERT INTO MAP_APP_LANG VALUES ( 22600, 4,  'Y', 'N', 'N' );
	INSERT INTO MAP_APP_LANG VALUES ( 22600, 6,  'Y', 'N', 'N' );
	INSERT INTO MAP_APP_LANG VALUES ( 22600, 7,  'Y', 'N', 'N' );

	INSERT INTO MAP_APP_PUBLISHER VALUES( 22600, 236 );

	INSERT INTO MAP_APP_TAG VALUES( 22600, 9 );
	INSERT INTO MAP_APP_TAG VALUES( 22600, 3871 );
	INSERT INTO MAP_APP_TAG VALUES( 22600, 1677 );
	INSERT INTO MAP_APP_TAG VALUES( 22600, 3859 );
	INSERT INTO MAP_APP_TAG VALUES( 22600, 1741 );
	INSERT INTO MAP_APP_TAG VALUES( 22600, 7368 );
	INSERT INTO MAP_APP_TAG VALUES( 22600, 4136 );
	INSERT INTO MAP_APP_TAG VALUES( 22600, 1693 );
	INSERT INTO MAP_APP_TAG VALUES( 22600, 1719 );
	INSERT INTO MAP_APP_TAG VALUES( 22600, 19 );
	INSERT INTO MAP_APP_TAG VALUES( 22600, 3843 );
	INSERT INTO MAP_APP_TAG VALUES( 22600, 5711 );
	INSERT INTO MAP_APP_TAG VALUES( 22600, 3841 );
	INSERT INTO MAP_APP_TAG VALUES( 22600, 4182 );
	INSERT INTO MAP_APP_TAG VALUES( 22600, 3798 );
	INSERT INTO MAP_APP_TAG VALUES( 22600, 1708 );
	INSERT INTO MAP_APP_TAG VALUES( 22600, 3878 );
	INSERT INTO MAP_APP_TAG VALUES( 22600, 1685 );
	INSERT INTO MAP_APP_TAG VALUES( 22600, 4840 );

INSERT INTO APP_TABLE	 VALUES( 22610, 'Alien_Breed:_Impact', 'Experience the explosive science fiction arcade-shooter that resurrects a much revered franchise in an epic single player and co-op multiplayer campaign.', SYSDATE ,10500, '' );
	INSERT INTO MAP_APP_CATEGORY VALUES( 22610, 3 );
	INSERT INTO MAP_APP_CATEGORY VALUES( 22610, 16 );
	INSERT INTO MAP_APP_CATEGORY VALUES( 22610, 4 );
	INSERT INTO MAP_APP_CATEGORY VALUES( 22610, 7 );

	INSERT INTO MAP_APP_DEVELOPER VALUES( 22610, 237 );

	INSERT INTO MAP_APP_GENRE VALUES( 22610, 1 );

	INSERT INTO MAP_APP_LANG VALUES ( 22610, 2,  'Y', 'N', 'N' );
	INSERT INTO MAP_APP_LANG VALUES ( 22610, 3,  'Y', 'N', 'N' );
	INSERT INTO MAP_APP_LANG VALUES ( 22610, 4,  'Y', 'N', 'N' );
	INSERT INTO MAP_APP_LANG VALUES ( 22610, 6,  'Y', 'N', 'N' );
	INSERT INTO MAP_APP_LANG VALUES ( 22610, 7,  'Y', 'N', 'N' );
	INSERT INTO MAP_APP_LANG VALUES ( 22610, 11,  'Y', 'N', 'N' );

	INSERT INTO MAP_APP_PUBLISHER VALUES( 22610, 236 );

	INSERT INTO MAP_APP_TAG VALUES( 22610, 19 );
	INSERT INTO MAP_APP_TAG VALUES( 22610, 1774 );
	INSERT INTO MAP_APP_TAG VALUES( 22610, 3942 );
	INSERT INTO MAP_APP_TAG VALUES( 22610, 1673 );
	INSERT INTO MAP_APP_TAG VALUES( 22610, 4791 );
	INSERT INTO MAP_APP_TAG VALUES( 22610, 1685 );
	INSERT INTO MAP_APP_TAG VALUES( 22610, 5851 );
	INSERT INTO MAP_APP_TAG VALUES( 22610, 1697 );
	INSERT INTO MAP_APP_TAG VALUES( 22610, 1755 );
	INSERT INTO MAP_APP_TAG VALUES( 22610, 1773 );
	INSERT INTO MAP_APP_TAG VALUES( 22610, 4182 );
	INSERT INTO MAP_APP_TAG VALUES( 22610, 4758 );

INSERT INTO APP_TABLE	 VALUES( 22650, 'Alien_Breed_2:_Assault', 'Can you survive the alien onslaught? Gamers across the world will now have a chance to play the next chapter in this high-budget, high-quality series.', SYSDATE ,10500, '' );
	INSERT INTO MAP_APP_CATEGORY VALUES( 22650, 3 );
	INSERT INTO MAP_APP_CATEGORY VALUES( 22650, 16 );
	INSERT INTO MAP_APP_CATEGORY VALUES( 22650, 4 );
	INSERT INTO MAP_APP_CATEGORY VALUES( 22650, 7 );
	INSERT INTO MAP_APP_CATEGORY VALUES( 22650, 11 );
	INSERT INTO MAP_APP_CATEGORY VALUES( 22650, 18 );

	INSERT INTO MAP_APP_DEVELOPER VALUES( 22650, 236 );

	INSERT INTO MAP_APP_GENRE VALUES( 22650, 1 );

	INSERT INTO MAP_APP_LANG VALUES ( 22650, 2,  'Y', 'N', 'N' );
	INSERT INTO MAP_APP_LANG VALUES ( 22650, 3,  'Y', 'N', 'N' );
	INSERT INTO MAP_APP_LANG VALUES ( 22650, 4,  'Y', 'N', 'N' );
	INSERT INTO MAP_APP_LANG VALUES ( 22650, 6,  'Y', 'N', 'N' );
	INSERT INTO MAP_APP_LANG VALUES ( 22650, 7,  'Y', 'N', 'N' );
	INSERT INTO MAP_APP_LANG VALUES ( 22650, 11,  'Y', 'N', 'N' );

	INSERT INTO MAP_APP_PUBLISHER VALUES( 22650, 236 );

	INSERT INTO MAP_APP_TAG VALUES( 22650, 19 );
	INSERT INTO MAP_APP_TAG VALUES( 22650, 1774 );
	INSERT INTO MAP_APP_TAG VALUES( 22650, 5851 );
	INSERT INTO MAP_APP_TAG VALUES( 22650, 1697 );
	INSERT INTO MAP_APP_TAG VALUES( 22650, 3942 );
	INSERT INTO MAP_APP_TAG VALUES( 22650, 1673 );
	INSERT INTO MAP_APP_TAG VALUES( 22650, 4182 );
	INSERT INTO MAP_APP_TAG VALUES( 22650, 1685 );
	INSERT INTO MAP_APP_TAG VALUES( 22650, 4791 );
	INSERT INTO MAP_APP_TAG VALUES( 22650, 4758 );
	INSERT INTO MAP_APP_TAG VALUES( 22650, 4637 );
	INSERT INTO MAP_APP_TAG VALUES( 22650, 1667 );

INSERT INTO APP_TABLE	 VALUES( 22670, 'Alien_Breed_3:_Descent', 'Experience the final explosive chapter in the Alien Breed series and uncover the horrifying truth surrounding the existence of the Breed. Launch discount good thru Nov. 24 10am PST.', SYSDATE ,10500, '' );
	INSERT INTO MAP_APP_CATEGORY VALUES( 22670, 3 );
	INSERT INTO MAP_APP_CATEGORY VALUES( 22670, 16 );
	INSERT INTO MAP_APP_CATEGORY VALUES( 22670, 4 );
	INSERT INTO MAP_APP_CATEGORY VALUES( 22670, 7 );
	INSERT INTO MAP_APP_CATEGORY VALUES( 22670, 11 );
	INSERT INTO MAP_APP_CATEGORY VALUES( 22670, 18 );

	INSERT INTO MAP_APP_DEVELOPER VALUES( 22670, 236 );

	INSERT INTO MAP_APP_GENRE VALUES( 22670, 1 );

	INSERT INTO MAP_APP_LANG VALUES ( 22670, 2,  'Y', 'N', 'N' );
	INSERT INTO MAP_APP_LANG VALUES ( 22670, 3,  'Y', 'N', 'N' );
	INSERT INTO MAP_APP_LANG VALUES ( 22670, 4,  'Y', 'N', 'N' );
	INSERT INTO MAP_APP_LANG VALUES ( 22670, 6,  'Y', 'N', 'N' );
	INSERT INTO MAP_APP_LANG VALUES ( 22670, 7,  'Y', 'N', 'N' );
	INSERT INTO MAP_APP_LANG VALUES ( 22670, 11,  'Y', 'N', 'N' );

	INSERT INTO MAP_APP_PUBLISHER VALUES( 22670, 236 );

	INSERT INTO MAP_APP_TAG VALUES( 22670, 19 );
	INSERT INTO MAP_APP_TAG VALUES( 22670, 1774 );
	INSERT INTO MAP_APP_TAG VALUES( 22670, 1697 );
	INSERT INTO MAP_APP_TAG VALUES( 22670, 3942 );
	INSERT INTO MAP_APP_TAG VALUES( 22670, 5851 );
	INSERT INTO MAP_APP_TAG VALUES( 22670, 1673 );
	INSERT INTO MAP_APP_TAG VALUES( 22670, 1685 );
	INSERT INTO MAP_APP_TAG VALUES( 22670, 4637 );

INSERT INTO APP_TABLE	 VALUES( 23150, 'Fluttabyes', 'Fluttabyes is a bright and cheerful "Match 4" game. Easy to pick up and play, and thoroughly addictive! Help the butterflies fly away by matching 4 or more of the same colour. If you match more than 6 butterflies you will earn a ladybird. If you match more than 9 butterflies, you will earn the magical rainbow butterfly!', SYSDATE ,2200, '' );
	INSERT INTO MAP_APP_CATEGORY VALUES( 23150, 3 );
	INSERT INTO MAP_APP_CATEGORY VALUES( 23150, 4 );

	INSERT INTO MAP_APP_DEVELOPER VALUES( 23150, 238 );

	INSERT INTO MAP_APP_GENRE VALUES( 23150, 7 );
	INSERT INTO MAP_APP_GENRE VALUES( 23150, 4 );

	INSERT INTO MAP_APP_LANG VALUES ( 23150, 2,  'Y', 'N', 'N' );
	INSERT INTO MAP_APP_LANG VALUES ( 23150, 3,  'Y', 'N', 'N' );
	INSERT INTO MAP_APP_LANG VALUES ( 23150, 4,  'Y', 'N', 'N' );
	INSERT INTO MAP_APP_LANG VALUES ( 23150, 6,  'Y', 'N', 'N' );
	INSERT INTO MAP_APP_LANG VALUES ( 23150, 7,  'Y', 'N', 'N' );

	INSERT INTO MAP_APP_PUBLISHER VALUES( 23150, 238 );

	INSERT INTO MAP_APP_TAG VALUES( 23150, 492 );
	INSERT INTO MAP_APP_TAG VALUES( 23150, 597 );

INSERT INTO APP_TABLE	 VALUES( 23300, 'Yosumin!¢â', 'Make rectangles of the same type of yosumin to make them disappear in this mind-bending puzzle game. The more you get, the better you''ll feel! Yosumin!, Square Enix''s puzzle masterpiece, is here! Simply select rectangles of the same type of yosumin to make them disappear in this simple yet challenging puzzle game.', SYSDATE ,-1, '' );
	INSERT INTO MAP_APP_CATEGORY VALUES( 23300, 3 );

	INSERT INTO MAP_APP_DEVELOPER VALUES( 23300, 239 );

	INSERT INTO MAP_APP_GENRE VALUES( 23300, 7 );

	INSERT INTO MAP_APP_LANG VALUES ( 23300, 2,  'Y', 'N', 'N' );
	INSERT INTO MAP_APP_LANG VALUES ( 23300, 3,  'Y', 'N', 'N' );
	INSERT INTO MAP_APP_LANG VALUES ( 23300, 4,  'Y', 'N', 'N' );
	INSERT INTO MAP_APP_LANG VALUES ( 23300, 6,  'Y', 'N', 'N' );
	INSERT INTO MAP_APP_LANG VALUES ( 23300, 7,  'Y', 'N', 'N' );
	INSERT INTO MAP_APP_LANG VALUES ( 23300, 11,  'Y', 'N', 'N' );

	INSERT INTO MAP_APP_PUBLISHER VALUES( 23300, 344 );

	INSERT INTO MAP_APP_TAG VALUES( 23300, 597 );
	INSERT INTO MAP_APP_TAG VALUES( 23300, 1664 );

INSERT INTO APP_TABLE	 VALUES( 23310, 'The_Last_Remnant¢â', 'Mitra, yama, qsiti, sovani... These four races exist in one world. A world filled with Remnants ? mysterious artifacts from an ancient era. Who created the Remnant? How long ago? And for what purpose? With these questions left unanswered, the Remnants became beneficial tools used for the good of civilization. The world was at peace...', SYSDATE ,-1, '' );
	INSERT INTO MAP_APP_CATEGORY VALUES( 23310, 3 );
	INSERT INTO MAP_APP_CATEGORY VALUES( 23310, 7 );

	INSERT INTO MAP_APP_DEVELOPER VALUES( 23310, 239 );

	INSERT INTO MAP_APP_GENRE VALUES( 23310, 6 );

	INSERT INTO MAP_APP_LANG VALUES ( 23310, 2,  'Y', 'N', 'N' );
	INSERT INTO MAP_APP_LANG VALUES ( 23310, 3,  'Y', 'N', 'N' );
	INSERT INTO MAP_APP_LANG VALUES ( 23310, 4,  'Y', 'N', 'N' );
	INSERT INTO MAP_APP_LANG VALUES ( 23310, 6,  'Y', 'N', 'N' );
	INSERT INTO MAP_APP_LANG VALUES ( 23310, 7,  'Y', 'N', 'N' );
	INSERT INTO MAP_APP_LANG VALUES ( 23310, 11,  'Y', 'N', 'N' );

	INSERT INTO MAP_APP_PUBLISHER VALUES( 23310, 344 );

	INSERT INTO MAP_APP_TAG VALUES( 23310, 4434 );
	INSERT INTO MAP_APP_TAG VALUES( 23310, 122 );
	INSERT INTO MAP_APP_TAG VALUES( 23310, 4182 );
	INSERT INTO MAP_APP_TAG VALUES( 23310, 1684 );
	INSERT INTO MAP_APP_TAG VALUES( 23310, 1677 );
	INSERT INTO MAP_APP_TAG VALUES( 23310, 1756 );
	INSERT INTO MAP_APP_TAG VALUES( 23310, 1741 );
	INSERT INTO MAP_APP_TAG VALUES( 23310, 1742 );
	INSERT INTO MAP_APP_TAG VALUES( 23310, 9 );
	INSERT INTO MAP_APP_TAG VALUES( 23310, 14139 );
	INSERT INTO MAP_APP_TAG VALUES( 23310, 21 );
	INSERT INTO MAP_APP_TAG VALUES( 23310, 4026 );
	INSERT INTO MAP_APP_TAG VALUES( 23310, 7481 );
	INSERT INTO MAP_APP_TAG VALUES( 23310, 1695 );
	INSERT INTO MAP_APP_TAG VALUES( 23310, 1708 );
	INSERT INTO MAP_APP_TAG VALUES( 23310, 19 );

INSERT INTO APP_TABLE	 VALUES( 23380, 'Gyromancer', 'Gyromancer is a Pop Cap / Square Enix collaboration. This is a Puzzle RPG. Join Rivel and his companion, Laska, on a grand chase spanning twelve stages. What awaits at the end of the hunt?Each stage contains its own objectives, from defeating the beasts that block your way to solving puzzles before time runs out.', SYSDATE ,-1, '' );
	INSERT INTO MAP_APP_CATEGORY VALUES( 23380, 3 );

	INSERT INTO MAP_APP_DEVELOPER VALUES( 23380, 239 );
	INSERT INTO MAP_APP_DEVELOPER VALUES( 23380, 37 );

	INSERT INTO MAP_APP_GENRE VALUES( 23380, 6 );

	INSERT INTO MAP_APP_LANG VALUES ( 23380, 2,  'Y', 'N', 'N' );
	INSERT INTO MAP_APP_LANG VALUES ( 23380, 3,  'Y', 'N', 'N' );
	INSERT INTO MAP_APP_LANG VALUES ( 23380, 4,  'Y', 'N', 'N' );
	INSERT INTO MAP_APP_LANG VALUES ( 23380, 6,  'Y', 'N', 'N' );
	INSERT INTO MAP_APP_LANG VALUES ( 23380, 7,  'Y', 'N', 'N' );
	INSERT INTO MAP_APP_LANG VALUES ( 23380, 11,  'Y', 'N', 'N' );

	INSERT INTO MAP_APP_PUBLISHER VALUES( 23380, 344 );

	INSERT INTO MAP_APP_TAG VALUES( 23380, 122 );
	INSERT INTO MAP_APP_TAG VALUES( 23380, 1664 );
	INSERT INTO MAP_APP_TAG VALUES( 23380, 1665 );
	INSERT INTO MAP_APP_TAG VALUES( 23380, 597 );

INSERT INTO APP_TABLE	 VALUES( 23400, 'Imperium_Romanum_Gold_Edition', 'The city builder strategy game Imperium Romanum is set in the time-honoured Roman Empire and players will marvel in the incredible attention to detail when working on a strategy to build a well organised, prosperous and commanding settlement. As governor of a Roman province, the fortune very much lies in the players own hands.', SYSDATE ,10500, '' );
	INSERT INTO MAP_APP_CATEGORY VALUES( 23400, 3 );

	INSERT INTO MAP_APP_DEVELOPER VALUES( 23400, 240 );

	INSERT INTO MAP_APP_GENRE VALUES( 23400, 8 );
	INSERT INTO MAP_APP_GENRE VALUES( 23400, 5 );

	INSERT INTO MAP_APP_LANG VALUES ( 23400, 2,  'Y', 'N', 'N' );
	INSERT INTO MAP_APP_LANG VALUES ( 23400, 4,  'Y', 'N', 'N' );
	INSERT INTO MAP_APP_LANG VALUES ( 23400, 6,  'Y', 'N', 'N' );


	INSERT INTO MAP_APP_TAG VALUES( 23400, 9 );
	INSERT INTO MAP_APP_TAG VALUES( 23400, 599 );
	INSERT INTO MAP_APP_TAG VALUES( 23400, 4328 );
	INSERT INTO MAP_APP_TAG VALUES( 23400, 6948 );
	INSERT INTO MAP_APP_TAG VALUES( 23400, 4182 );

INSERT INTO APP_TABLE	 VALUES( 23450, 'Grand_Ages:_Rome', 'Raise massive armies, embark on epic campaigns to expand the Empire, and take control of the known world! Engage in grand-scale city building and create magnificent cities with creativity and control like never before.', SYSDATE ,10500, '' );
	INSERT INTO MAP_APP_CATEGORY VALUES( 23450, 1 );

	INSERT INTO MAP_APP_DEVELOPER VALUES( 23450, 240 );

	INSERT INTO MAP_APP_GENRE VALUES( 23450, 8 );
	INSERT INTO MAP_APP_GENRE VALUES( 23450, 5 );

	INSERT INTO MAP_APP_LANG VALUES ( 23450, 2,  'Y', 'N', 'N' );
	INSERT INTO MAP_APP_LANG VALUES ( 23450, 4,  'Y', 'N', 'N' );
	INSERT INTO MAP_APP_LANG VALUES ( 23450, 6,  'Y', 'N', 'N' );


	INSERT INTO MAP_APP_TAG VALUES( 23450, 9 );
	INSERT INTO MAP_APP_TAG VALUES( 23450, 599 );
	INSERT INTO MAP_APP_TAG VALUES( 23450, 4328 );
	INSERT INTO MAP_APP_TAG VALUES( 23450, 3987 );
	INSERT INTO MAP_APP_TAG VALUES( 23450, 6948 );
	INSERT INTO MAP_APP_TAG VALUES( 23450, 3859 );
	INSERT INTO MAP_APP_TAG VALUES( 23450, 1676 );
	INSERT INTO MAP_APP_TAG VALUES( 23450, 4182 );

INSERT INTO APP_TABLE	 VALUES( 23455, 'Grand_Ages:_Rome_-_Reign_of_Augustus', 'Re-live the reign of Augustus in the official expansion pack for the hit PC title Grand Ages: Rome. Reign of Augustus includes a brand new campaign comprised of 12 missions, new maps and a wealth of enhanced gameplay features.', SYSDATE ,7500, '' );
	INSERT INTO MAP_APP_CATEGORY VALUES( 23455, 1 );

	INSERT INTO MAP_APP_DEVELOPER VALUES( 23455, 240 );

	INSERT INTO MAP_APP_GENRE VALUES( 23455, 5 );
	INSERT INTO MAP_APP_GENRE VALUES( 23455, 8 );

	INSERT INTO MAP_APP_LANG VALUES ( 23455, 2,  'Y', 'N', 'N' );
	INSERT INTO MAP_APP_LANG VALUES ( 23455, 4,  'Y', 'N', 'N' );
	INSERT INTO MAP_APP_LANG VALUES ( 23455, 6,  'Y', 'N', 'N' );


	INSERT INTO MAP_APP_TAG VALUES( 23455, 9 );
	INSERT INTO MAP_APP_TAG VALUES( 23455, 599 );
	INSERT INTO MAP_APP_TAG VALUES( 23455, 4328 );
	INSERT INTO MAP_APP_TAG VALUES( 23455, 6948 );
	INSERT INTO MAP_APP_TAG VALUES( 23455, 3987 );

INSERT INTO APP_TABLE	 VALUES( 23460, 'Ceville', 'The mean cruel cold blooded tyrant Ceville ruthlessly rules the beautiful kingdom of Faeryanis. Or rather, he used to rule the beautiful kingdom of Faeryanis, until the brave people revolted against his regime and drove him out of the palace.', SYSDATE ,6500, '' );
	INSERT INTO MAP_APP_CATEGORY VALUES( 23460, 3 );

	INSERT INTO MAP_APP_DEVELOPER VALUES( 23460, 241 );

	INSERT INTO MAP_APP_GENRE VALUES( 23460, 1 );
	INSERT INTO MAP_APP_GENRE VALUES( 23460, 3 );
	INSERT INTO MAP_APP_GENRE VALUES( 23460, 5 );

	INSERT INTO MAP_APP_LANG VALUES ( 23460, 2,  'Y', 'N', 'N' );
	INSERT INTO MAP_APP_LANG VALUES ( 23460, 6,  'Y', 'N', 'N' );


	INSERT INTO MAP_APP_TAG VALUES( 23460, 21 );
	INSERT INTO MAP_APP_TAG VALUES( 23460, 1698 );
	INSERT INTO MAP_APP_TAG VALUES( 23460, 9 );
	INSERT INTO MAP_APP_TAG VALUES( 23460, 19 );
	INSERT INTO MAP_APP_TAG VALUES( 23460, 1719 );
	INSERT INTO MAP_APP_TAG VALUES( 23460, 11333 );

INSERT INTO APP_TABLE	 VALUES( 23490, 'Tropico_3', 'Become the dictator of a remote island during the Cold War. Charm, persuade, intimidate, oppress, or cheat your people to stay in power! Are you a kind and generous leader? A corrupt and ruthless tyrant ruling with an iron fist?', SYSDATE ,10500, '' );
	INSERT INTO MAP_APP_CATEGORY VALUES( 23490, 3 );
	INSERT INTO MAP_APP_CATEGORY VALUES( 23490, 4 );

	INSERT INTO MAP_APP_DEVELOPER VALUES( 23490, 240 );

	INSERT INTO MAP_APP_GENRE VALUES( 23490, 8 );
	INSERT INTO MAP_APP_GENRE VALUES( 23490, 5 );

	INSERT INTO MAP_APP_LANG VALUES ( 23490, 2,  'Y', 'N', 'N' );
	INSERT INTO MAP_APP_LANG VALUES ( 23490, 3,  'Y', 'N', 'N' );
	INSERT INTO MAP_APP_LANG VALUES ( 23490, 4,  'Y', 'N', 'N' );
	INSERT INTO MAP_APP_LANG VALUES ( 23490, 6,  'Y', 'N', 'N' );
	INSERT INTO MAP_APP_LANG VALUES ( 23490, 7,  'Y', 'N', 'N' );


	INSERT INTO MAP_APP_TAG VALUES( 23490, 599 );
	INSERT INTO MAP_APP_TAG VALUES( 23490, 9 );
	INSERT INTO MAP_APP_TAG VALUES( 23490, 4328 );
	INSERT INTO MAP_APP_TAG VALUES( 23490, 12472 );
	INSERT INTO MAP_APP_TAG VALUES( 23490, 4754 );
	INSERT INTO MAP_APP_TAG VALUES( 23490, 3810 );
	INSERT INTO MAP_APP_TAG VALUES( 23490, 4182 );
	INSERT INTO MAP_APP_TAG VALUES( 23490, 1719 );
	INSERT INTO MAP_APP_TAG VALUES( 23490, 4136 );
	INSERT INTO MAP_APP_TAG VALUES( 23490, 1651 );
	INSERT INTO MAP_APP_TAG VALUES( 23490, 4695 );
	INSERT INTO MAP_APP_TAG VALUES( 23490, 1756 );
	INSERT INTO MAP_APP_TAG VALUES( 23490, 5179 );
	INSERT INTO MAP_APP_TAG VALUES( 23490, 4166 );

INSERT INTO APP_TABLE	 VALUES( 23500, 'Puzzle_Quest:_Galactrix', 'The puzzle game of the future has arrived! The original best-selling new Puzzle franchise is back in an all new dimension with its signature Match-3, turn based battles in an insanely addictive and masterful hybrid of RPG and Puzzle genres.', SYSDATE ,10500, '' );
	INSERT INTO MAP_APP_CATEGORY VALUES( 23500, 1 );
	INSERT INTO MAP_APP_CATEGORY VALUES( 23500, 8 );

	INSERT INTO MAP_APP_DEVELOPER VALUES( 23500, 145 );

	INSERT INTO MAP_APP_GENRE VALUES( 23500, 7 );
	INSERT INTO MAP_APP_GENRE VALUES( 23500, 6 );

	INSERT INTO MAP_APP_LANG VALUES ( 23500, 2,  'Y', 'N', 'N' );


	INSERT INTO MAP_APP_TAG VALUES( 23500, 122 );
	INSERT INTO MAP_APP_TAG VALUES( 23500, 597 );
	INSERT INTO MAP_APP_TAG VALUES( 23500, 1664 );
	INSERT INTO MAP_APP_TAG VALUES( 23500, 1665 );
	INSERT INTO MAP_APP_TAG VALUES( 23500, 3942 );

INSERT INTO APP_TABLE	 VALUES( 23530, 'Earth_Defense_Force:_Insect_Armageddon', 'Thousands of giant insects and aliens once again ravage the earth, and only the Earth Defense Force can stop them.', SYSDATE ,10500, '' );
	INSERT INTO MAP_APP_CATEGORY VALUES( 23530, 3 );
	INSERT INTO MAP_APP_CATEGORY VALUES( 23530, 1 );
	INSERT INTO MAP_APP_CATEGORY VALUES( 23530, 16 );
	INSERT INTO MAP_APP_CATEGORY VALUES( 23530, 4 );
	INSERT INTO MAP_APP_CATEGORY VALUES( 23530, 17 );
	INSERT INTO MAP_APP_CATEGORY VALUES( 23530, 8 );
	INSERT INTO MAP_APP_CATEGORY VALUES( 23530, 11 );

	INSERT INTO MAP_APP_DEVELOPER VALUES( 23530, 242 );

	INSERT INTO MAP_APP_GENRE VALUES( 23530, 1 );

	INSERT INTO MAP_APP_LANG VALUES ( 23530, 2,  'Y', 'Y', 'N' );


	INSERT INTO MAP_APP_TAG VALUES( 23530, 19 );
	INSERT INTO MAP_APP_TAG VALUES( 23530, 3814 );
	INSERT INTO MAP_APP_TAG VALUES( 23530, 5752 );
	INSERT INTO MAP_APP_TAG VALUES( 23530, 1685 );
	INSERT INTO MAP_APP_TAG VALUES( 23530, 3843 );
	INSERT INTO MAP_APP_TAG VALUES( 23530, 3942 );
	INSERT INTO MAP_APP_TAG VALUES( 23530, 4182 );
	INSERT INTO MAP_APP_TAG VALUES( 23530, 1774 );
	INSERT INTO MAP_APP_TAG VALUES( 23530, 1697 );

INSERT INTO APP_TABLE	 VALUES( 23600, 'Depths_of_Peril', 'Depths of Peril is a single player action RPG (role-playing game) with strong strategy elements. You play as a faction leader protecting the barbarian city, Jorvik, by destroying threatening monsters and completing quests. At the same time, you compete with rival factions to see who will rule the city.', SYSDATE ,10500, '' );
	INSERT INTO MAP_APP_CATEGORY VALUES( 23600, 3 );

	INSERT INTO MAP_APP_DEVELOPER VALUES( 23600, 243 );

	INSERT INTO MAP_APP_GENRE VALUES( 23600, 4 );
	INSERT INTO MAP_APP_GENRE VALUES( 23600, 6 );
	INSERT INTO MAP_APP_GENRE VALUES( 23600, 5 );

	INSERT INTO MAP_APP_LANG VALUES ( 23600, 2,  'Y', 'N', 'N' );

	INSERT INTO MAP_APP_PUBLISHER VALUES( 23600, 243 );

	INSERT INTO MAP_APP_TAG VALUES( 23600, 122 );
	INSERT INTO MAP_APP_TAG VALUES( 23600, 9 );
	INSERT INTO MAP_APP_TAG VALUES( 23600, 492 );
	INSERT INTO MAP_APP_TAG VALUES( 23600, 4231 );
	INSERT INTO MAP_APP_TAG VALUES( 23600, 4182 );

INSERT INTO APP_TABLE	 VALUES( 56400, 'Warhammer_40,000:_Dawn_of_War_II:_Retribution', 'Command any of the six unique factions in the next standalone expansion of the critically acclaimed Dawn of War real-time strategy franchise. Choose to build a massive army or lead a small squad of elite heroes into battle and experience a single player campaign customized to your favorite race.', SYSDATE ,32000, '' );
	INSERT INTO MAP_APP_CATEGORY VALUES( 56400, 3 );
	INSERT INTO MAP_APP_CATEGORY VALUES( 56400, 1 );
	INSERT INTO MAP_APP_CATEGORY VALUES( 56400, 16 );
	INSERT INTO MAP_APP_CATEGORY VALUES( 56400, 4 );
	INSERT INTO MAP_APP_CATEGORY VALUES( 56400, 8 );
	INSERT INTO MAP_APP_CATEGORY VALUES( 56400, 11 );
	INSERT INTO MAP_APP_CATEGORY VALUES( 56400, 18 );

	INSERT INTO MAP_APP_DEVELOPER VALUES( 56400, 54 );
	INSERT INTO MAP_APP_DEVELOPER VALUES( 56400, 175 );

	INSERT INTO MAP_APP_GENRE VALUES( 56400, 5 );

	INSERT INTO MAP_APP_LANG VALUES ( 56400, 2,  'Y', 'Y', 'Y' );
	INSERT INTO MAP_APP_LANG VALUES ( 56400, 3,  'Y', 'N', 'Y' );
	INSERT INTO MAP_APP_LANG VALUES ( 56400, 4,  'Y', 'N', 'Y' );
	INSERT INTO MAP_APP_LANG VALUES ( 56400, 10,  'Y', 'N', 'Y' );
	INSERT INTO MAP_APP_LANG VALUES ( 56400, 9,  'Y', 'N', 'Y' );
	INSERT INTO MAP_APP_LANG VALUES ( 56400, 6,  'Y', 'N', 'Y' );
	INSERT INTO MAP_APP_LANG VALUES ( 56400, 24,  'Y', 'N', 'Y' );
	INSERT INTO MAP_APP_LANG VALUES ( 56400, 8,  'Y', 'N', 'Y' );

	INSERT INTO MAP_APP_PUBLISHER VALUES( 56400, 302 );
	INSERT INTO MAP_APP_PUBLISHER VALUES( 56400, 175 );

	INSERT INTO MAP_APP_TAG VALUES( 56400, 12286 );
	INSERT INTO MAP_APP_TAG VALUES( 56400, 9 );
	INSERT INTO MAP_APP_TAG VALUES( 56400, 1676 );
	INSERT INTO MAP_APP_TAG VALUES( 56400, 1708 );
	INSERT INTO MAP_APP_TAG VALUES( 56400, 3942 );
	INSERT INTO MAP_APP_TAG VALUES( 56400, 3859 );
	INSERT INTO MAP_APP_TAG VALUES( 56400, 5310 );
	INSERT INTO MAP_APP_TAG VALUES( 56400, 3843 );
	INSERT INTO MAP_APP_TAG VALUES( 56400, 4161 );
	INSERT INTO MAP_APP_TAG VALUES( 56400, 4182 );
	INSERT INTO MAP_APP_TAG VALUES( 56400, 1685 );
	INSERT INTO MAP_APP_TAG VALUES( 56400, 4295 );
	INSERT INTO MAP_APP_TAG VALUES( 56400, 122 );
	INSERT INTO MAP_APP_TAG VALUES( 56400, 19 );
	INSERT INTO MAP_APP_TAG VALUES( 56400, 4345 );
	INSERT INTO MAP_APP_TAG VALUES( 56400, 1756 );
	INSERT INTO MAP_APP_TAG VALUES( 56400, 1684 );
	INSERT INTO MAP_APP_TAG VALUES( 56400, 4166 );
	INSERT INTO MAP_APP_TAG VALUES( 56400, 21 );

INSERT INTO APP_TABLE	 VALUES( 56438, 'Dawn_of_War_II:_Retribution_?_The_Last_Stand', 'Dawn of War II, Last Stand is a three player cooperative survival mode that is also available as a stand-alone game! You select a single hero and face off against waves of enemies with up to two other teammates.', SYSDATE ,10500, '' );
	INSERT INTO MAP_APP_CATEGORY VALUES( 56438, 16 );

	INSERT INTO MAP_APP_DEVELOPER VALUES( 56438, 54 );
	INSERT INTO MAP_APP_DEVELOPER VALUES( 56438, 175 );

	INSERT INTO MAP_APP_GENRE VALUES( 56438, 5 );

	INSERT INTO MAP_APP_LANG VALUES ( 56438, 2,  'Y', 'N', 'N' );
	INSERT INTO MAP_APP_LANG VALUES ( 56438, 3,  'Y', 'N', 'N' );
	INSERT INTO MAP_APP_LANG VALUES ( 56438, 4,  'Y', 'N', 'N' );
	INSERT INTO MAP_APP_LANG VALUES ( 56438, 6,  'Y', 'N', 'N' );
	INSERT INTO MAP_APP_LANG VALUES ( 56438, 7,  'Y', 'N', 'N' );

	INSERT INTO MAP_APP_PUBLISHER VALUES( 56438, 302 );
	INSERT INTO MAP_APP_PUBLISHER VALUES( 56438, 175 );

	INSERT INTO MAP_APP_TAG VALUES( 56438, 9 );
	INSERT INTO MAP_APP_TAG VALUES( 56438, 1676 );
	INSERT INTO MAP_APP_TAG VALUES( 56438, 12286 );
	INSERT INTO MAP_APP_TAG VALUES( 56438, 1685 );
	INSERT INTO MAP_APP_TAG VALUES( 56438, 5310 );
	INSERT INTO MAP_APP_TAG VALUES( 56438, 1662 );

INSERT INTO APP_TABLE	 VALUES( 23700, 'Puzzle_Kingdoms', 'Puzzle Kingdoms challenges players to plan out strategic attacks in order to defeat their opponents. Order troops across the map, conquering cities through innovative puzzle gameplay. Players build and manage armies led by heroic commanders to save the world of Etheria from the brink of destruction.', SYSDATE ,16000, '' );
	INSERT INTO MAP_APP_CATEGORY VALUES( 23700, 1 );
	INSERT INTO MAP_APP_CATEGORY VALUES( 23700, 8 );

	INSERT INTO MAP_APP_DEVELOPER VALUES( 23700, 145 );

	INSERT INTO MAP_APP_GENRE VALUES( 23700, 7 );

	INSERT INTO MAP_APP_LANG VALUES ( 23700, 2,  'Y', 'N', 'N' );

	INSERT INTO MAP_APP_PUBLISHER VALUES( 23700, 9 );

	INSERT INTO MAP_APP_TAG VALUES( 23700, 597 );
	INSERT INTO MAP_APP_TAG VALUES( 23700, 1664 );
	INSERT INTO MAP_APP_TAG VALUES( 23700, 1665 );
	INSERT INTO MAP_APP_TAG VALUES( 23700, 122 );
	INSERT INTO MAP_APP_TAG VALUES( 23700, 1684 );
	INSERT INTO MAP_APP_TAG VALUES( 23700, 4182 );

INSERT INTO APP_TABLE	 VALUES( 24010, 'Train_Simulator', 'Ever dreamed of driving trains? Now you can! Train Simulator 2018 brings to life some amazing train challenges on real world routes and delivers the ultimate railway hobby.', SYSDATE ,26000, '' );
	INSERT INTO MAP_APP_CATEGORY VALUES( 24010, 3 );
	INSERT INTO MAP_APP_CATEGORY VALUES( 24010, 4 );
	INSERT INTO MAP_APP_CATEGORY VALUES( 24010, 17 );
	INSERT INTO MAP_APP_CATEGORY VALUES( 24010, 5 );
	INSERT INTO MAP_APP_CATEGORY VALUES( 24010, 14 );
	INSERT INTO MAP_APP_CATEGORY VALUES( 24010, 15 );
	INSERT INTO MAP_APP_CATEGORY VALUES( 24010, 8 );
	INSERT INTO MAP_APP_CATEGORY VALUES( 24010, 18 );

	INSERT INTO MAP_APP_DEVELOPER VALUES( 24010, 244 );

	INSERT INTO MAP_APP_GENRE VALUES( 24010, 8 );

	INSERT INTO MAP_APP_LANG VALUES ( 24010, 2,  'Y', 'N', 'N' );
	INSERT INTO MAP_APP_LANG VALUES ( 24010, 3,  'Y', 'N', 'N' );
	INSERT INTO MAP_APP_LANG VALUES ( 24010, 4,  'Y', 'N', 'N' );
	INSERT INTO MAP_APP_LANG VALUES ( 24010, 10,  'Y', 'N', 'N' );
	INSERT INTO MAP_APP_LANG VALUES ( 24010, 9,  'Y', 'N', 'N' );
	INSERT INTO MAP_APP_LANG VALUES ( 24010, 6,  'Y', 'N', 'N' );
	INSERT INTO MAP_APP_LANG VALUES ( 24010, 7,  'Y', 'N', 'N' );


	INSERT INTO MAP_APP_TAG VALUES( 24010, 599 );
	INSERT INTO MAP_APP_TAG VALUES( 24010, 1616 );
	INSERT INTO MAP_APP_TAG VALUES( 24010, 4182 );
	INSERT INTO MAP_APP_TAG VALUES( 24010, 1644 );
	INSERT INTO MAP_APP_TAG VALUES( 24010, 4175 );
	INSERT INTO MAP_APP_TAG VALUES( 24010, 597 );
	INSERT INTO MAP_APP_TAG VALUES( 24010, 1654 );
	INSERT INTO MAP_APP_TAG VALUES( 24010, 1695 );
	INSERT INTO MAP_APP_TAG VALUES( 24010, 1643 );
	INSERT INTO MAP_APP_TAG VALUES( 24010, 1669 );
	INSERT INTO MAP_APP_TAG VALUES( 24010, 3810 );
	INSERT INTO MAP_APP_TAG VALUES( 24010, 8075 );
	INSERT INTO MAP_APP_TAG VALUES( 24010, 8122 );
	INSERT INTO MAP_APP_TAG VALUES( 24010, 4166 );
	INSERT INTO MAP_APP_TAG VALUES( 24010, 19 );
	INSERT INTO MAP_APP_TAG VALUES( 24010, 15564 );
	INSERT INTO MAP_APP_TAG VALUES( 24010, 4328 );
	INSERT INTO MAP_APP_TAG VALUES( 24010, 9 );
	INSERT INTO MAP_APP_TAG VALUES( 24010, 21978 );
	INSERT INTO MAP_APP_TAG VALUES( 24010, 128 );

INSERT INTO APP_TABLE	 VALUES( 57000, 'NyxQuest:_Kindred_Spirits', 'Fly with Nyx across the ruins of the ancient Greece in her dangerous search for her dearest friend Icarus. Use the powers of Zeus and the Gods from Olympus and use them wisely in order to help Nyx to complete her epic adventure.', SYSDATE ,3300, '' );
	INSERT INTO MAP_APP_CATEGORY VALUES( 57000, 3 );
	INSERT INTO MAP_APP_CATEGORY VALUES( 57000, 4 );

	INSERT INTO MAP_APP_DEVELOPER VALUES( 57000, 443 );

	INSERT INTO MAP_APP_GENRE VALUES( 57000, 1 );
	INSERT INTO MAP_APP_GENRE VALUES( 57000, 3 );

	INSERT INTO MAP_APP_LANG VALUES ( 57000, 2,  'Y', 'N', 'N' );
	INSERT INTO MAP_APP_LANG VALUES ( 57000, 3,  'Y', 'N', 'N' );
	INSERT INTO MAP_APP_LANG VALUES ( 57000, 4,  'Y', 'N', 'N' );
	INSERT INTO MAP_APP_LANG VALUES ( 57000, 6,  'Y', 'N', 'N' );
	INSERT INTO MAP_APP_LANG VALUES ( 57000, 7,  'Y', 'N', 'N' );

	INSERT INTO MAP_APP_PUBLISHER VALUES( 57000, 443 );

	INSERT INTO MAP_APP_TAG VALUES( 57000, 21 );
	INSERT INTO MAP_APP_TAG VALUES( 57000, 19 );
	INSERT INTO MAP_APP_TAG VALUES( 57000, 1625 );
	INSERT INTO MAP_APP_TAG VALUES( 57000, 7208 );
	INSERT INTO MAP_APP_TAG VALUES( 57000, 1664 );
	INSERT INTO MAP_APP_TAG VALUES( 57000, 16094 );

INSERT INTO APP_TABLE	 VALUES( 24240, 'PAYDAY¢â_The_Heist', 'Take on the role of a hardened career criminal executing intense, dynamic heists in constant pursuit of the next ¡°big score¡±', SYSDATE ,16000, '' );
	INSERT INTO MAP_APP_CATEGORY VALUES( 24240, 3 );
	INSERT INTO MAP_APP_CATEGORY VALUES( 24240, 16 );
	INSERT INTO MAP_APP_CATEGORY VALUES( 24240, 4 );
	INSERT INTO MAP_APP_CATEGORY VALUES( 24240, 5 );
	INSERT INTO MAP_APP_CATEGORY VALUES( 24240, 8 );
	INSERT INTO MAP_APP_CATEGORY VALUES( 24240, 11 );

	INSERT INTO MAP_APP_DEVELOPER VALUES( 24240, 245 );

	INSERT INTO MAP_APP_GENRE VALUES( 24240, 1 );

	INSERT INTO MAP_APP_LANG VALUES ( 24240, 2,  'Y', 'Y', 'N' );
	INSERT INTO MAP_APP_LANG VALUES ( 24240, 3,  'Y', 'N', 'N' );
	INSERT INTO MAP_APP_LANG VALUES ( 24240, 4,  'Y', 'N', 'N' );
	INSERT INTO MAP_APP_LANG VALUES ( 24240, 6,  'Y', 'N', 'N' );
	INSERT INTO MAP_APP_LANG VALUES ( 24240, 7,  'Y', 'N', 'N' );


	INSERT INTO MAP_APP_TAG VALUES( 24240, 1663 );
	INSERT INTO MAP_APP_TAG VALUES( 24240, 19 );
	INSERT INTO MAP_APP_TAG VALUES( 24240, 1685 );
	INSERT INTO MAP_APP_TAG VALUES( 24240, 1680 );
	INSERT INTO MAP_APP_TAG VALUES( 24240, 6378 );
	INSERT INTO MAP_APP_TAG VALUES( 24240, 3859 );
	INSERT INTO MAP_APP_TAG VALUES( 24240, 3843 );
	INSERT INTO MAP_APP_TAG VALUES( 24240, 1774 );
	INSERT INTO MAP_APP_TAG VALUES( 24240, 3839 );
	INSERT INTO MAP_APP_TAG VALUES( 24240, 1756 );
	INSERT INTO MAP_APP_TAG VALUES( 24240, 5711 );
	INSERT INTO MAP_APP_TAG VALUES( 24240, 4026 );
	INSERT INTO MAP_APP_TAG VALUES( 24240, 1687 );
	INSERT INTO MAP_APP_TAG VALUES( 24240, 1708 );
	INSERT INTO MAP_APP_TAG VALUES( 24240, 9 );
	INSERT INTO MAP_APP_TAG VALUES( 24240, 4182 );
	INSERT INTO MAP_APP_TAG VALUES( 24240, 599 );
	INSERT INTO MAP_APP_TAG VALUES( 24240, 122 );
	INSERT INTO MAP_APP_TAG VALUES( 24240, 492 );
	INSERT INTO MAP_APP_TAG VALUES( 24240, 21 );

INSERT INTO APP_TABLE	 VALUES( 24400, 'King_Arthur_-_The_Role-playing_Wargame', 'Welcome to the lost age of chivalry, where magic and myth is alive, and you are destined to be one of the living legends: Arthur, the son of Uther Pendragon, the Once and Future King of the prophecies. Fulfill your destiny and claim your rightful place on the throne of Britannia.', SYSDATE ,10500, '' );
	INSERT INTO MAP_APP_CATEGORY VALUES( 24400, 3 );
	INSERT INTO MAP_APP_CATEGORY VALUES( 24400, 1 );

	INSERT INTO MAP_APP_DEVELOPER VALUES( 24400, 246 );

	INSERT INTO MAP_APP_GENRE VALUES( 24400, 6 );
	INSERT INTO MAP_APP_GENRE VALUES( 24400, 5 );

	INSERT INTO MAP_APP_LANG VALUES ( 24400, 2,  'Y', 'N', 'N' );


	INSERT INTO MAP_APP_TAG VALUES( 24400, 9 );
	INSERT INTO MAP_APP_TAG VALUES( 24400, 122 );
	INSERT INTO MAP_APP_TAG VALUES( 24400, 1684 );
	INSERT INTO MAP_APP_TAG VALUES( 24400, 1677 );
	INSERT INTO MAP_APP_TAG VALUES( 24400, 7107 );
	INSERT INTO MAP_APP_TAG VALUES( 24400, 4182 );
	INSERT INTO MAP_APP_TAG VALUES( 24400, 4364 );

INSERT INTO APP_TABLE	 VALUES( 24410, 'Crusaders:_Thy_Kingdom_Come', 'It all happened in the darkest century of the medieval Europe, when a visionary Pope ignited the flames of the first crusade and united the rivaling nations for one single cause: to conquer the Holy Land.', SYSDATE ,10500, '' );
	INSERT INTO MAP_APP_CATEGORY VALUES( 24410, 3 );
	INSERT INTO MAP_APP_CATEGORY VALUES( 24410, 1 );

	INSERT INTO MAP_APP_DEVELOPER VALUES( 24410, 246 );

	INSERT INTO MAP_APP_GENRE VALUES( 24410, 5 );

	INSERT INTO MAP_APP_LANG VALUES ( 24410, 2,  'Y', 'N', 'N' );
	INSERT INTO MAP_APP_LANG VALUES ( 24410, 3,  'Y', 'N', 'N' );
	INSERT INTO MAP_APP_LANG VALUES ( 24410, 4,  'Y', 'N', 'N' );
	INSERT INTO MAP_APP_LANG VALUES ( 24410, 6,  'Y', 'N', 'N' );
	INSERT INTO MAP_APP_LANG VALUES ( 24410, 7,  'Y', 'N', 'N' );


	INSERT INTO MAP_APP_TAG VALUES( 24410, 9 );
	INSERT INTO MAP_APP_TAG VALUES( 24410, 4172 );
	INSERT INTO MAP_APP_TAG VALUES( 24410, 3987 );

INSERT INTO APP_TABLE	 VALUES( 24420, 'Aquaria', 'Aquaria is an award-winning action-adventure game set in a massive underwater world teeming with life and filled with ancient secrets. Join Naija, a lone underwater adventurer, as she travels from hidden caves shrouded in darkness, to beautiful, sunlit oases in search of her past.', SYSDATE ,-1, '' );
	INSERT INTO MAP_APP_CATEGORY VALUES( 24420, 3 );
	INSERT INTO MAP_APP_CATEGORY VALUES( 24420, 4 );
	INSERT INTO MAP_APP_CATEGORY VALUES( 24420, 7 );

	INSERT INTO MAP_APP_DEVELOPER VALUES( 24420, 247 );

	INSERT INTO MAP_APP_GENRE VALUES( 24420, 4 );

	INSERT INTO MAP_APP_LANG VALUES ( 24420, 2,  'Y', 'N', 'N' );

	INSERT INTO MAP_APP_PUBLISHER VALUES( 24420, 247 );

	INSERT INTO MAP_APP_TAG VALUES( 24420, 1628 );
	INSERT INTO MAP_APP_TAG VALUES( 24420, 492 );
	INSERT INTO MAP_APP_TAG VALUES( 24420, 7208 );
	INSERT INTO MAP_APP_TAG VALUES( 24420, 3834 );
	INSERT INTO MAP_APP_TAG VALUES( 24420, 1756 );
	INSERT INTO MAP_APP_TAG VALUES( 24420, 21 );
	INSERT INTO MAP_APP_TAG VALUES( 24420, 9157 );
	INSERT INTO MAP_APP_TAG VALUES( 24420, 3871 );
	INSERT INTO MAP_APP_TAG VALUES( 24420, 4182 );
	INSERT INTO MAP_APP_TAG VALUES( 24420, 19 );
	INSERT INTO MAP_APP_TAG VALUES( 24420, 1684 );
	INSERT INTO MAP_APP_TAG VALUES( 24420, 4166 );
	INSERT INTO MAP_APP_TAG VALUES( 24420, 1625 );
	INSERT INTO MAP_APP_TAG VALUES( 24420, 1695 );
	INSERT INTO MAP_APP_TAG VALUES( 24420, 3798 );
	INSERT INTO MAP_APP_TAG VALUES( 24420, 134316 );
	INSERT INTO MAP_APP_TAG VALUES( 24420, 1742 );
	INSERT INTO MAP_APP_TAG VALUES( 24420, 1664 );
	INSERT INTO MAP_APP_TAG VALUES( 24420, 4106 );
	INSERT INTO MAP_APP_TAG VALUES( 24420, 4255 );

INSERT INTO APP_TABLE	 VALUES( 57200, 'Puzzle_Dimension', 'Find solutions to 100 unique puzzles and experience the satisfaction of "Aha" moments!', SYSDATE ,-1, '' );
	INSERT INTO MAP_APP_CATEGORY VALUES( 57200, 3 );
	INSERT INTO MAP_APP_CATEGORY VALUES( 57200, 4 );
	INSERT INTO MAP_APP_CATEGORY VALUES( 57200, 7 );
	INSERT INTO MAP_APP_CATEGORY VALUES( 57200, 8 );
	INSERT INTO MAP_APP_CATEGORY VALUES( 57200, 11 );
	INSERT INTO MAP_APP_CATEGORY VALUES( 57200, 18 );

	INSERT INTO MAP_APP_DEVELOPER VALUES( 57200, 444 );

	INSERT INTO MAP_APP_GENRE VALUES( 57200, 7 );
	INSERT INTO MAP_APP_GENRE VALUES( 57200, 4 );

	INSERT INTO MAP_APP_LANG VALUES ( 57200, 1,  'Y', 'N', 'N' );
	INSERT INTO MAP_APP_LANG VALUES ( 57200, 2,  'Y', 'N', 'N' );
	INSERT INTO MAP_APP_LANG VALUES ( 57200, 3,  'Y', 'N', 'N' );
	INSERT INTO MAP_APP_LANG VALUES ( 57200, 4,  'Y', 'N', 'N' );
	INSERT INTO MAP_APP_LANG VALUES ( 57200, 10,  'Y', 'N', 'N' );
	INSERT INTO MAP_APP_LANG VALUES ( 57200, 9,  'Y', 'N', 'N' );
	INSERT INTO MAP_APP_LANG VALUES ( 57200, 13,  'Y', 'N', 'N' );
	INSERT INTO MAP_APP_LANG VALUES ( 57200, 6,  'Y', 'N', 'N' );
	INSERT INTO MAP_APP_LANG VALUES ( 57200, 7,  'Y', 'N', 'N' );
	INSERT INTO MAP_APP_LANG VALUES ( 57200, 11,  'Y', 'N', 'N' );
	INSERT INTO MAP_APP_LANG VALUES ( 57200, 12,  'Y', 'N', 'N' );

	INSERT INTO MAP_APP_PUBLISHER VALUES( 57200, 444 );

	INSERT INTO MAP_APP_TAG VALUES( 57200, 1664 );
	INSERT INTO MAP_APP_TAG VALUES( 57200, 492 );
	INSERT INTO MAP_APP_TAG VALUES( 57200, 597 );
	INSERT INTO MAP_APP_TAG VALUES( 57200, 4182 );

INSERT INTO APP_TABLE	 VALUES( 24460, 'King_Arthur:_Fallen_Champions', 'An all-new standalone expansion to the hit RPG-Strategy game!', SYSDATE ,5500, '' );
	INSERT INTO MAP_APP_CATEGORY VALUES( 24460, 3 );

	INSERT INTO MAP_APP_DEVELOPER VALUES( 24460, 246 );

	INSERT INTO MAP_APP_GENRE VALUES( 24460, 6 );
	INSERT INTO MAP_APP_GENRE VALUES( 24460, 5 );

	INSERT INTO MAP_APP_LANG VALUES ( 24460, 2,  'Y', 'N', 'N' );
	INSERT INTO MAP_APP_LANG VALUES ( 24460, 4,  'Y', 'N', 'N' );
	INSERT INTO MAP_APP_LANG VALUES ( 24460, 6,  'Y', 'N', 'N' );
	INSERT INTO MAP_APP_LANG VALUES ( 24460, 7,  'Y', 'N', 'N' );


	INSERT INTO MAP_APP_TAG VALUES( 24460, 9 );
	INSERT INTO MAP_APP_TAG VALUES( 24460, 122 );
	INSERT INTO MAP_APP_TAG VALUES( 24460, 1684 );

INSERT INTO APP_TABLE	 VALUES( 24480, 'King_Arthur_II:_The_Role-Playing_Wargame', 'Experience the sequel to the Role-playing Real Time Strategy Hit!', SYSDATE ,10500, '' );
	INSERT INTO MAP_APP_CATEGORY VALUES( 24480, 3 );
	INSERT INTO MAP_APP_CATEGORY VALUES( 24480, 4 );

	INSERT INTO MAP_APP_DEVELOPER VALUES( 24480, 246 );

	INSERT INTO MAP_APP_GENRE VALUES( 24480, 6 );
	INSERT INTO MAP_APP_GENRE VALUES( 24480, 5 );

	INSERT INTO MAP_APP_LANG VALUES ( 24480, 2,  'Y', 'N', 'N' );


	INSERT INTO MAP_APP_TAG VALUES( 24480, 9 );
	INSERT INTO MAP_APP_TAG VALUES( 24480, 122 );
	INSERT INTO MAP_APP_TAG VALUES( 24480, 1676 );
	INSERT INTO MAP_APP_TAG VALUES( 24480, 1684 );
	INSERT INTO MAP_APP_TAG VALUES( 24480, 4182 );

INSERT INTO APP_TABLE	 VALUES( 57300, 'Amnesia:_The_Dark_Descent', 'Amnesia: The Dark Descent, a first person survival horror. A game about immersion, discovery and living through a nightmare. An experience that will chill you to the core.', SYSDATE ,21000, '' );
	INSERT INTO MAP_APP_CATEGORY VALUES( 57300, 3 );
	INSERT INTO MAP_APP_CATEGORY VALUES( 57300, 17 );
	INSERT INTO MAP_APP_CATEGORY VALUES( 57300, 6 );
	INSERT INTO MAP_APP_CATEGORY VALUES( 57300, 12 );

	INSERT INTO MAP_APP_DEVELOPER VALUES( 57300, 226 );

	INSERT INTO MAP_APP_GENRE VALUES( 57300, 1 );
	INSERT INTO MAP_APP_GENRE VALUES( 57300, 3 );
	INSERT INTO MAP_APP_GENRE VALUES( 57300, 4 );

	INSERT INTO MAP_APP_LANG VALUES ( 57300, 2,  'Y', 'N', 'N' );
	INSERT INTO MAP_APP_LANG VALUES ( 57300, 3,  'Y', 'N', 'N' );
	INSERT INTO MAP_APP_LANG VALUES ( 57300, 4,  'Y', 'N', 'N' );
	INSERT INTO MAP_APP_LANG VALUES ( 57300, 9,  'Y', 'N', 'N' );
	INSERT INTO MAP_APP_LANG VALUES ( 57300, 6,  'Y', 'N', 'N' );
	INSERT INTO MAP_APP_LANG VALUES ( 57300, 7,  'Y', 'N', 'N' );

	INSERT INTO MAP_APP_PUBLISHER VALUES( 57300, 226 );

	INSERT INTO MAP_APP_TAG VALUES( 57300, 1667 );
	INSERT INTO MAP_APP_TAG VALUES( 57300, 3839 );
	INSERT INTO MAP_APP_TAG VALUES( 57300, 4166 );
	INSERT INTO MAP_APP_TAG VALUES( 57300, 3978 );
	INSERT INTO MAP_APP_TAG VALUES( 57300, 492 );
	INSERT INTO MAP_APP_TAG VALUES( 57300, 21 );
	INSERT INTO MAP_APP_TAG VALUES( 57300, 4342 );
	INSERT INTO MAP_APP_TAG VALUES( 57300, 4182 );
	INSERT INTO MAP_APP_TAG VALUES( 57300, 1687 );
	INSERT INTO MAP_APP_TAG VALUES( 57300, 1664 );
	INSERT INTO MAP_APP_TAG VALUES( 57300, 1662 );
	INSERT INTO MAP_APP_TAG VALUES( 57300, 1721 );
	INSERT INTO MAP_APP_TAG VALUES( 57300, 3952 );
	INSERT INTO MAP_APP_TAG VALUES( 57300, 19 );
	INSERT INTO MAP_APP_TAG VALUES( 57300, 1742 );
	INSERT INTO MAP_APP_TAG VALUES( 57300, 3834 );
	INSERT INTO MAP_APP_TAG VALUES( 57300, 1756 );
	INSERT INTO MAP_APP_TAG VALUES( 57300, 7432 );
	INSERT INTO MAP_APP_TAG VALUES( 57300, 1669 );
	INSERT INTO MAP_APP_TAG VALUES( 57300, 1693 );

INSERT INTO APP_TABLE	 VALUES( 24640, 'Trainz:_Classic_Cabon_City', 'Classic Cabon City is a large city with over 180 stations and a two-track system enabling full choice in the route to your destination. Drive two different Trams with their own cab and follow your route on the HUD interface, Switch junctions directly from the Driver''s cabin and explore the vast city laid out before you.', SYSDATE ,21000, '' );
	INSERT INTO MAP_APP_CATEGORY VALUES( 24640, 3 );

	INSERT INTO MAP_APP_DEVELOPER VALUES( 24640, 248 );

	INSERT INTO MAP_APP_GENRE VALUES( 24640, 8 );

	INSERT INTO MAP_APP_LANG VALUES ( 24640, 2,  'Y', 'N', 'N' );

	INSERT INTO MAP_APP_PUBLISHER VALUES( 24640, 248 );

	INSERT INTO MAP_APP_TAG VALUES( 24640, 599 );
	INSERT INTO MAP_APP_TAG VALUES( 24640, 1616 );

INSERT INTO APP_TABLE	 VALUES( 24650, 'Trainz_Settle_and_Carlisle', 'We take you to one of the most famous and scenic British main lines at the time of the transition from steam to diesel power. With 10 different types of locomotives and dozens of rolling stock items at your disposal you decide what train to drive.', SYSDATE ,21000, '' );
	INSERT INTO MAP_APP_CATEGORY VALUES( 24650, 3 );

	INSERT INTO MAP_APP_DEVELOPER VALUES( 24650, 248 );

	INSERT INTO MAP_APP_GENRE VALUES( 24650, 8 );

	INSERT INTO MAP_APP_LANG VALUES ( 24650, 2,  'Y', 'N', 'N' );

	INSERT INTO MAP_APP_PUBLISHER VALUES( 24650, 248 );

	INSERT INTO MAP_APP_TAG VALUES( 24650, 599 );
	INSERT INTO MAP_APP_TAG VALUES( 24650, 1616 );

INSERT INTO APP_TABLE	 VALUES( 24670, 'Trainz¢â_Simulator_12', 'Build And Operate The Railroad Of Your Dreams....With Your Friends!Trainz Simulator 12, Now With MultiplayerTS12 includes the most exciting new feature in the history of Trainz. The players have asked for it and we have delivered Trainz Multiplayer. Now players from all over the world can build, play and operate railroads together!', SYSDATE ,20500, '' );
	INSERT INTO MAP_APP_CATEGORY VALUES( 24670, 3 );
	INSERT INTO MAP_APP_CATEGORY VALUES( 24670, 1 );
	INSERT INTO MAP_APP_CATEGORY VALUES( 24670, 4 );
	INSERT INTO MAP_APP_CATEGORY VALUES( 24670, 11 );
	INSERT INTO MAP_APP_CATEGORY VALUES( 24670, 18 );

	INSERT INTO MAP_APP_DEVELOPER VALUES( 24670, 248 );

	INSERT INTO MAP_APP_GENRE VALUES( 24670, 8 );

	INSERT INTO MAP_APP_LANG VALUES ( 24670, 2,  'Y', 'Y', 'N' );

	INSERT INTO MAP_APP_PUBLISHER VALUES( 24670, 248 );

	INSERT INTO MAP_APP_TAG VALUES( 24670, 599 );
	INSERT INTO MAP_APP_TAG VALUES( 24670, 1616 );
	INSERT INTO MAP_APP_TAG VALUES( 24670, 3859 );
	INSERT INTO MAP_APP_TAG VALUES( 24670, 4182 );
	INSERT INTO MAP_APP_TAG VALUES( 24670, 4175 );

INSERT INTO APP_TABLE	 VALUES( 24720, 'SPORE¢â_Galactic_Adventures', 'Take Your Creature From Zero To Galactic Hero Get out of your starship and turn your Spore creatures into legendary Space Captains. For the first time, beam down with your allies to take on action-packed, planetside adventures.', SYSDATE ,21000, '' );
	INSERT INTO MAP_APP_CATEGORY VALUES( 24720, 3 );

	INSERT INTO MAP_APP_DEVELOPER VALUES( 24720, 249 );

	INSERT INTO MAP_APP_GENRE VALUES( 24720, 1 );
	INSERT INTO MAP_APP_GENRE VALUES( 24720, 8 );

	INSERT INTO MAP_APP_LANG VALUES ( 24720, 3,  'Y', 'N', 'N' );
	INSERT INTO MAP_APP_LANG VALUES ( 24720, 9,  'Y', 'N', 'N' );
	INSERT INTO MAP_APP_LANG VALUES ( 24720, 10,  'Y', 'N', 'N' );
	INSERT INTO MAP_APP_LANG VALUES ( 24720, 6,  'Y', 'N', 'N' );
	INSERT INTO MAP_APP_LANG VALUES ( 24720, 12,  'Y', 'N', 'N' );
	INSERT INTO MAP_APP_LANG VALUES ( 24720, 2,  'Y', 'N', 'N' );
	INSERT INTO MAP_APP_LANG VALUES ( 24720, 4,  'Y', 'N', 'N' );
	INSERT INTO MAP_APP_LANG VALUES ( 24720, 13,  'Y', 'N', 'N' );
	INSERT INTO MAP_APP_LANG VALUES ( 24720, 15,  'Y', 'N', 'N' );
	INSERT INTO MAP_APP_LANG VALUES ( 24720, 14,  'Y', 'N', 'N' );
	INSERT INTO MAP_APP_LANG VALUES ( 24720, 7,  'Y', 'N', 'N' );
	INSERT INTO MAP_APP_LANG VALUES ( 24720, 24,  'Y', 'N', 'N' );
	INSERT INTO MAP_APP_LANG VALUES ( 24720, 25,  'Y', 'N', 'N' );
	INSERT INTO MAP_APP_LANG VALUES ( 24720, 17,  'Y', 'N', 'N' );
	INSERT INTO MAP_APP_LANG VALUES ( 24720, 18,  'Y', 'N', 'N' );

	INSERT INTO MAP_APP_PUBLISHER VALUES( 24720, 427 );

	INSERT INTO MAP_APP_TAG VALUES( 24720, 599 );
	INSERT INTO MAP_APP_TAG VALUES( 24720, 19 );
	INSERT INTO MAP_APP_TAG VALUES( 24720, 1755 );
	INSERT INTO MAP_APP_TAG VALUES( 24720, 21 );
	INSERT INTO MAP_APP_TAG VALUES( 24720, 3834 );
	INSERT INTO MAP_APP_TAG VALUES( 24720, 1695 );
	INSERT INTO MAP_APP_TAG VALUES( 24720, 4182 );
	INSERT INTO MAP_APP_TAG VALUES( 24720, 9 );
	INSERT INTO MAP_APP_TAG VALUES( 24720, 3810 );
	INSERT INTO MAP_APP_TAG VALUES( 24720, 3942 );
	INSERT INTO MAP_APP_TAG VALUES( 24720, 3859 );
	INSERT INTO MAP_APP_TAG VALUES( 24720, 5300 );
	INSERT INTO MAP_APP_TAG VALUES( 24720, 4136 );
	INSERT INTO MAP_APP_TAG VALUES( 24720, 122 );
	INSERT INTO MAP_APP_TAG VALUES( 24720, 1719 );
	INSERT INTO MAP_APP_TAG VALUES( 24720, 1702 );

INSERT INTO APP_TABLE	 VALUES( 24740, 'Burnout_Paradise:_The_Ultimate_Box', 'Download Burnout¢â Paradise: The Ultimate Box today. Paradise City is the largest and most dangerous setting yet for the best-selling Burnout series. The massive setting gives players an open-ended world to explore, as they race their vehicles through hundreds of miles of roads and underground passages with more than 70 different cars.', SYSDATE ,19000, '' );
	INSERT INTO MAP_APP_CATEGORY VALUES( 24740, 3 );
	INSERT INTO MAP_APP_CATEGORY VALUES( 24740, 1 );

	INSERT INTO MAP_APP_DEVELOPER VALUES( 24740, 250 );

	INSERT INTO MAP_APP_GENRE VALUES( 24740, 9 );

	INSERT INTO MAP_APP_LANG VALUES ( 24740, 2,  'Y', 'N', 'N' );

	INSERT INTO MAP_APP_PUBLISHER VALUES( 24740, 427 );

	INSERT INTO MAP_APP_TAG VALUES( 24740, 699 );
	INSERT INTO MAP_APP_TAG VALUES( 24740, 1695 );
	INSERT INTO MAP_APP_TAG VALUES( 24740, 3859 );
	INSERT INTO MAP_APP_TAG VALUES( 24740, 5363 );
	INSERT INTO MAP_APP_TAG VALUES( 24740, 1756 );
	INSERT INTO MAP_APP_TAG VALUES( 24740, 1644 );
	INSERT INTO MAP_APP_TAG VALUES( 24740, 4182 );
	INSERT INTO MAP_APP_TAG VALUES( 24740, 1773 );
	INSERT INTO MAP_APP_TAG VALUES( 24740, 3834 );
	INSERT INTO MAP_APP_TAG VALUES( 24740, 3810 );
	INSERT INTO MAP_APP_TAG VALUES( 24740, 19 );
	INSERT INTO MAP_APP_TAG VALUES( 24740, 1685 );
	INSERT INTO MAP_APP_TAG VALUES( 24740, 7481 );
	INSERT INTO MAP_APP_TAG VALUES( 24740, 701 );
	INSERT INTO MAP_APP_TAG VALUES( 24740, 29363 );
	INSERT INTO MAP_APP_TAG VALUES( 24740, 1734 );
	INSERT INTO MAP_APP_TAG VALUES( 24740, 1697 );
	INSERT INTO MAP_APP_TAG VALUES( 24740, 4136 );
	INSERT INTO MAP_APP_TAG VALUES( 24740, 3843 );
	INSERT INTO MAP_APP_TAG VALUES( 24740, 599 );

INSERT INTO APP_TABLE	 VALUES( 24780, 'SimCity¢â_4_Deluxe_Edition', 'SimCity 4 Deluxe Edition includes the bestselling SimCity 4 and the all-new SimCity 4 Rush Hour Expansion Pack. Create the most massive region of cities ever, with a farming town, bedroom community, high-tech commercial center, and industrial backbone.', SYSDATE ,21000, '' );
	INSERT INTO MAP_APP_CATEGORY VALUES( 24780, 3 );

	INSERT INTO MAP_APP_DEVELOPER VALUES( 24780, 249 );
	INSERT INTO MAP_APP_DEVELOPER VALUES( 24780, 24 );

	INSERT INTO MAP_APP_GENRE VALUES( 24780, 8 );
	INSERT INTO MAP_APP_GENRE VALUES( 24780, 5 );

	INSERT INTO MAP_APP_LANG VALUES ( 24780, 2,  'Y', 'N', 'N' );
	INSERT INTO MAP_APP_LANG VALUES ( 24780, 3,  'Y', 'N', 'N' );
	INSERT INTO MAP_APP_LANG VALUES ( 24780, 4,  'Y', 'N', 'N' );
	INSERT INTO MAP_APP_LANG VALUES ( 24780, 14,  'Y', 'N', 'N' );
	INSERT INTO MAP_APP_LANG VALUES ( 24780, 6,  'Y', 'N', 'N' );
	INSERT INTO MAP_APP_LANG VALUES ( 24780, 7,  'Y', 'N', 'N' );
	INSERT INTO MAP_APP_LANG VALUES ( 24780, 17,  'Y', 'N', 'N' );
	INSERT INTO MAP_APP_LANG VALUES ( 24780, 12,  'Y', 'N', 'N' );

	INSERT INTO MAP_APP_PUBLISHER VALUES( 24780, 427 );
	INSERT INTO MAP_APP_PUBLISHER VALUES( 24780, 24 );

	INSERT INTO MAP_APP_TAG VALUES( 24780, 599 );
	INSERT INTO MAP_APP_TAG VALUES( 24780, 4328 );
	INSERT INTO MAP_APP_TAG VALUES( 24780, 9 );
	INSERT INTO MAP_APP_TAG VALUES( 24780, 12472 );
	INSERT INTO MAP_APP_TAG VALUES( 24780, 3810 );
	INSERT INTO MAP_APP_TAG VALUES( 24780, 1669 );
	INSERT INTO MAP_APP_TAG VALUES( 24780, 1693 );
	INSERT INTO MAP_APP_TAG VALUES( 24780, 1643 );
	INSERT INTO MAP_APP_TAG VALUES( 24780, 4182 );
	INSERT INTO MAP_APP_TAG VALUES( 24780, 4695 );
	INSERT INTO MAP_APP_TAG VALUES( 24780, 7107 );
	INSERT INTO MAP_APP_TAG VALUES( 24780, 3859 );
	INSERT INTO MAP_APP_TAG VALUES( 24780, 1756 );
	INSERT INTO MAP_APP_TAG VALUES( 24780, 4166 );

INSERT INTO APP_TABLE	 VALUES( 24790, 'Command_&_Conquer_3:_Tiberium_Wars', 'The year is 2047. A massive nuclear fireball explodes high in the night sky, marking the dramatic beginning of the Third Tiberium War and the long-awaited return of the most groundbreaking Real-Time Strategy franchise of all time.', SYSDATE ,15000, '' );
	INSERT INTO MAP_APP_CATEGORY VALUES( 24790, 3 );

	INSERT INTO MAP_APP_DEVELOPER VALUES( 24790, 192 );

	INSERT INTO MAP_APP_GENRE VALUES( 24790, 5 );

	INSERT INTO MAP_APP_LANG VALUES ( 24790, 2,  'Y', 'N', 'N' );
	INSERT INTO MAP_APP_LANG VALUES ( 24790, 3,  'Y', 'N', 'N' );
	INSERT INTO MAP_APP_LANG VALUES ( 24790, 4,  'Y', 'N', 'N' );
	INSERT INTO MAP_APP_LANG VALUES ( 24790, 10,  'Y', 'N', 'N' );
	INSERT INTO MAP_APP_LANG VALUES ( 24790, 9,  'Y', 'N', 'N' );
	INSERT INTO MAP_APP_LANG VALUES ( 24790, 6,  'Y', 'N', 'N' );
	INSERT INTO MAP_APP_LANG VALUES ( 24790, 7,  'Y', 'N', 'N' );
	INSERT INTO MAP_APP_LANG VALUES ( 24790, 17,  'Y', 'N', 'N' );
	INSERT INTO MAP_APP_LANG VALUES ( 24790, 12,  'Y', 'N', 'N' );

	INSERT INTO MAP_APP_PUBLISHER VALUES( 24790, 427 );

	INSERT INTO MAP_APP_TAG VALUES( 24790, 9 );
	INSERT INTO MAP_APP_TAG VALUES( 24790, 1676 );
	INSERT INTO MAP_APP_TAG VALUES( 24790, 7332 );
	INSERT INTO MAP_APP_TAG VALUES( 24790, 3942 );
	INSERT INTO MAP_APP_TAG VALUES( 24790, 3859 );
	INSERT INTO MAP_APP_TAG VALUES( 24790, 4182 );
	INSERT INTO MAP_APP_TAG VALUES( 24790, 19 );
	INSERT INTO MAP_APP_TAG VALUES( 24790, 18594 );
	INSERT INTO MAP_APP_TAG VALUES( 24790, 4166 );

INSERT INTO APP_TABLE	 VALUES( 24800, 'Command_&_Conquer:_Red_Alert_3_-_Uprising', 'Red Alert 3: Uprising features four new mini-campaigns, giving players a deeper dive into the storyline''s of the Soviets, the Allies, the Empire of the Rising Sun and a unique campaign centered on the origins of everyone¡¯s favorite psionic Japanese schoolgirl commando, Yuriko Omega.', SYSDATE ,19000, '' );
	INSERT INTO MAP_APP_CATEGORY VALUES( 24800, 3 );

	INSERT INTO MAP_APP_DEVELOPER VALUES( 24800, 192 );

	INSERT INTO MAP_APP_GENRE VALUES( 24800, 5 );

	INSERT INTO MAP_APP_LANG VALUES ( 24800, 2,  'Y', 'N', 'N' );
	INSERT INTO MAP_APP_LANG VALUES ( 24800, 3,  'Y', 'N', 'N' );
	INSERT INTO MAP_APP_LANG VALUES ( 24800, 4,  'Y', 'N', 'N' );
	INSERT INTO MAP_APP_LANG VALUES ( 24800, 10,  'Y', 'N', 'N' );
	INSERT INTO MAP_APP_LANG VALUES ( 24800, 9,  'Y', 'N', 'N' );
	INSERT INTO MAP_APP_LANG VALUES ( 24800, 5,  'Y', 'N', 'N' );
	INSERT INTO MAP_APP_LANG VALUES ( 24800, 24,  'Y', 'N', 'N' );
	INSERT INTO MAP_APP_LANG VALUES ( 24800, 6,  'Y', 'N', 'N' );
	INSERT INTO MAP_APP_LANG VALUES ( 24800, 25,  'Y', 'N', 'N' );
	INSERT INTO MAP_APP_LANG VALUES ( 24800, 7,  'Y', 'N', 'N' );

	INSERT INTO MAP_APP_PUBLISHER VALUES( 24800, 427 );

	INSERT INTO MAP_APP_TAG VALUES( 24800, 9 );
	INSERT INTO MAP_APP_TAG VALUES( 24800, 1676 );
	INSERT INTO MAP_APP_TAG VALUES( 24800, 7332 );
	INSERT INTO MAP_APP_TAG VALUES( 24800, 4182 );
	INSERT INTO MAP_APP_TAG VALUES( 24800, 3859 );
	INSERT INTO MAP_APP_TAG VALUES( 24800, 19 );
	INSERT INTO MAP_APP_TAG VALUES( 24800, 1678 );
	INSERT INTO MAP_APP_TAG VALUES( 24800, 3942 );
	INSERT INTO MAP_APP_TAG VALUES( 24800, 4598 );
	INSERT INTO MAP_APP_TAG VALUES( 24800, 18594 );
	INSERT INTO MAP_APP_TAG VALUES( 24800, 1685 );

INSERT INTO APP_TABLE	 VALUES( 24810, 'Command_&_Conquer_3:_Kane''s_Wrath', 'In the name of Kane! The Command & Conquer¢â series continues to thrive with Command & Conquer¢â 3: Kane¡¯s Wrath. As the expansion pack to the critically-acclaimed and fan favorite, Command & Conquer 3 Tiberium Wars¢â, this Real-time Strategy (RTS) game returns to the Tiberium Universe with Kane at the center of an epic new...', SYSDATE ,15000, '' );
	INSERT INTO MAP_APP_CATEGORY VALUES( 24810, 3 );
	INSERT INTO MAP_APP_CATEGORY VALUES( 24810, 1 );

	INSERT INTO MAP_APP_DEVELOPER VALUES( 24810, 192 );

	INSERT INTO MAP_APP_GENRE VALUES( 24810, 5 );

	INSERT INTO MAP_APP_LANG VALUES ( 24810, 2,  'Y', 'N', 'N' );
	INSERT INTO MAP_APP_LANG VALUES ( 24810, 3,  'Y', 'N', 'N' );
	INSERT INTO MAP_APP_LANG VALUES ( 24810, 4,  'Y', 'N', 'N' );
	INSERT INTO MAP_APP_LANG VALUES ( 24810, 10,  'Y', 'N', 'N' );
	INSERT INTO MAP_APP_LANG VALUES ( 24810, 9,  'Y', 'N', 'N' );
	INSERT INTO MAP_APP_LANG VALUES ( 24810, 6,  'Y', 'N', 'N' );
	INSERT INTO MAP_APP_LANG VALUES ( 24810, 7,  'Y', 'N', 'N' );
	INSERT INTO MAP_APP_LANG VALUES ( 24810, 17,  'Y', 'N', 'N' );
	INSERT INTO MAP_APP_LANG VALUES ( 24810, 12,  'Y', 'N', 'N' );

	INSERT INTO MAP_APP_PUBLISHER VALUES( 24810, 427 );

	INSERT INTO MAP_APP_TAG VALUES( 24810, 9 );
	INSERT INTO MAP_APP_TAG VALUES( 24810, 1676 );
	INSERT INTO MAP_APP_TAG VALUES( 24810, 7332 );
	INSERT INTO MAP_APP_TAG VALUES( 24810, 3942 );
	INSERT INTO MAP_APP_TAG VALUES( 24810, 3859 );
	INSERT INTO MAP_APP_TAG VALUES( 24810, 18594 );
	INSERT INTO MAP_APP_TAG VALUES( 24810, 4182 );

INSERT INTO APP_TABLE	 VALUES( 24840, 'Medal_of_Honor:_Airborne', 'Step into the boots of Boyd Travers, Private First Class of the ¡°All-American¡± 82nd Airborne Division, and revolutionize the way the war is fought. From a rocky beginning in Sicily to war winning triumphs in the heart of Germany, fight the epic WWII battles that turned America¡¯s first paratroopers into combat legends.', SYSDATE ,10500, '' );
	INSERT INTO MAP_APP_CATEGORY VALUES( 24840, 3 );
	INSERT INTO MAP_APP_CATEGORY VALUES( 24840, 1 );

	INSERT INTO MAP_APP_DEVELOPER VALUES( 24840, 192 );

	INSERT INTO MAP_APP_GENRE VALUES( 24840, 1 );

	INSERT INTO MAP_APP_LANG VALUES ( 24840, 2,  'Y', 'N', 'N' );
	INSERT INTO MAP_APP_LANG VALUES ( 24840, 3,  'Y', 'N', 'N' );
	INSERT INTO MAP_APP_LANG VALUES ( 24840, 4,  'Y', 'N', 'N' );
	INSERT INTO MAP_APP_LANG VALUES ( 24840, 6,  'Y', 'N', 'N' );
	INSERT INTO MAP_APP_LANG VALUES ( 24840, 7,  'Y', 'N', 'N' );

	INSERT INTO MAP_APP_PUBLISHER VALUES( 24840, 427 );

	INSERT INTO MAP_APP_TAG VALUES( 24840, 19 );
	INSERT INTO MAP_APP_TAG VALUES( 24840, 4150 );
	INSERT INTO MAP_APP_TAG VALUES( 24840, 1663 );
	INSERT INTO MAP_APP_TAG VALUES( 24840, 3859 );
	INSERT INTO MAP_APP_TAG VALUES( 24840, 1774 );
	INSERT INTO MAP_APP_TAG VALUES( 24840, 1678 );
	INSERT INTO MAP_APP_TAG VALUES( 24840, 4182 );
	INSERT INTO MAP_APP_TAG VALUES( 24840, 4168 );
	INSERT INTO MAP_APP_TAG VALUES( 24840, 3839 );
	INSERT INTO MAP_APP_TAG VALUES( 24840, 3987 );
	INSERT INTO MAP_APP_TAG VALUES( 24840, 4166 );
	INSERT INTO MAP_APP_TAG VALUES( 24840, 1693 );
	INSERT INTO MAP_APP_TAG VALUES( 24840, 1695 );

INSERT INTO APP_TABLE	 VALUES( 57620, 'Patrician_IV_-_Steam_Special_Edition', 'You are a merchant in northern Europe in the late Middle Ages when the Hanseatic League was flourishing. Your goal is to rise to the most successful and influential member of the Hanse, ultimately being elected Elderman, leader of the trading league.', SYSDATE ,16000, '' );
	INSERT INTO MAP_APP_CATEGORY VALUES( 57620, 3 );

	INSERT INTO MAP_APP_DEVELOPER VALUES( 57620, 445 );

	INSERT INTO MAP_APP_GENRE VALUES( 57620, 5 );

	INSERT INTO MAP_APP_LANG VALUES ( 57620, 2,  'Y', 'N', 'N' );
	INSERT INTO MAP_APP_LANG VALUES ( 57620, 6,  'Y', 'N', 'N' );


	INSERT INTO MAP_APP_TAG VALUES( 57620, 9 );
	INSERT INTO MAP_APP_TAG VALUES( 57620, 4202 );
	INSERT INTO MAP_APP_TAG VALUES( 57620, 8945 );
	INSERT INTO MAP_APP_TAG VALUES( 57620, 599 );
	INSERT INTO MAP_APP_TAG VALUES( 57620, 4695 );
	INSERT INTO MAP_APP_TAG VALUES( 57620, 4845 );
	INSERT INTO MAP_APP_TAG VALUES( 57620, 4182 );
	INSERT INTO MAP_APP_TAG VALUES( 57620, 3987 );

INSERT INTO APP_TABLE	 VALUES( 24870, 'Need_for_Speed:_Shift', 'Need for Speed¢â SHIFT is an award-winning authentic racing game that combines the true driver¡¯s experience with real-world physics, pixel-perfect car models, and a wide range of authentic race tracks. Need for Speed SHIFT takes players in a different direction to create a simulation experience that replicates the true feeling of driving...', SYSDATE ,10000, '' );
	INSERT INTO MAP_APP_CATEGORY VALUES( 24870, 3 );
	INSERT INTO MAP_APP_CATEGORY VALUES( 24870, 1 );

	INSERT INTO MAP_APP_DEVELOPER VALUES( 24870, 251 );

	INSERT INTO MAP_APP_GENRE VALUES( 24870, 9 );

	INSERT INTO MAP_APP_LANG VALUES ( 24870, 2,  'Y', 'N', 'N' );
	INSERT INTO MAP_APP_LANG VALUES ( 24870, 3,  'Y', 'N', 'N' );
	INSERT INTO MAP_APP_LANG VALUES ( 24870, 4,  'Y', 'N', 'N' );
	INSERT INTO MAP_APP_LANG VALUES ( 24870, 10,  'Y', 'N', 'N' );
	INSERT INTO MAP_APP_LANG VALUES ( 24870, 9,  'Y', 'N', 'N' );
	INSERT INTO MAP_APP_LANG VALUES ( 24870, 6,  'Y', 'N', 'N' );

	INSERT INTO MAP_APP_PUBLISHER VALUES( 24870, 427 );

	INSERT INTO MAP_APP_TAG VALUES( 24870, 699 );
	INSERT INTO MAP_APP_TAG VALUES( 24870, 599 );
	INSERT INTO MAP_APP_TAG VALUES( 24870, 3859 );
	INSERT INTO MAP_APP_TAG VALUES( 24870, 1644 );
	INSERT INTO MAP_APP_TAG VALUES( 24870, 1773 );
	INSERT INTO MAP_APP_TAG VALUES( 24870, 19 );
	INSERT INTO MAP_APP_TAG VALUES( 24870, 1695 );

INSERT INTO APP_TABLE	 VALUES( 57640, 'Broken_Sword:_Director''s_Cut', 'One of the all-time classic adventures, multi BAFTA-nominated "Broken Sword: Director''s Cut" pitches sassy journalist Nico Collard, and intrepid American George Stobbart into a mysterious journey of intrigue and jeopardy.', SYSDATE ,5500, '' );
	INSERT INTO MAP_APP_CATEGORY VALUES( 57640, 3 );

	INSERT INTO MAP_APP_DEVELOPER VALUES( 57640, 292 );

	INSERT INTO MAP_APP_GENRE VALUES( 57640, 3 );

	INSERT INTO MAP_APP_LANG VALUES ( 57640, 2,  'Y', 'Y', 'Y' );
	INSERT INTO MAP_APP_LANG VALUES ( 57640, 3,  'Y', 'Y', 'Y' );
	INSERT INTO MAP_APP_LANG VALUES ( 57640, 4,  'Y', 'Y', 'Y' );
	INSERT INTO MAP_APP_LANG VALUES ( 57640, 6,  'Y', 'Y', 'Y' );
	INSERT INTO MAP_APP_LANG VALUES ( 57640, 7,  'Y', 'Y', 'Y' );

	INSERT INTO MAP_APP_PUBLISHER VALUES( 57640, 292 );

	INSERT INTO MAP_APP_TAG VALUES( 57640, 21 );
	INSERT INTO MAP_APP_TAG VALUES( 57640, 1698 );
	INSERT INTO MAP_APP_TAG VALUES( 57640, 1693 );
	INSERT INTO MAP_APP_TAG VALUES( 57640, 5716 );
	INSERT INTO MAP_APP_TAG VALUES( 57640, 1664 );
	INSERT INTO MAP_APP_TAG VALUES( 57640, 7208 );
	INSERT INTO MAP_APP_TAG VALUES( 57640, 6815 );
	INSERT INTO MAP_APP_TAG VALUES( 57640, 4182 );
	INSERT INTO MAP_APP_TAG VALUES( 57640, 5372 );
	INSERT INTO MAP_APP_TAG VALUES( 57640, 4004 );
	INSERT INTO MAP_APP_TAG VALUES( 57640, 6691 );
	INSERT INTO MAP_APP_TAG VALUES( 57640, 1697 );
	INSERT INTO MAP_APP_TAG VALUES( 57640, 4166 );

INSERT INTO APP_TABLE	 VALUES( 57650, 'DUNGEONS_-_Steam_Special_Edition', 'Assume the role of a mighty (and mighty evil) Dungeon Lord and create your own diabolical demesnes underground. 10 different classes of heroes dare to enter your dungeon where 15 different monsters lurk in the dark.', SYSDATE ,10500, '' );
	INSERT INTO MAP_APP_CATEGORY VALUES( 57650, 3 );

	INSERT INTO MAP_APP_DEVELOPER VALUES( 57650, 241 );

	INSERT INTO MAP_APP_GENRE VALUES( 57650, 6 );
	INSERT INTO MAP_APP_GENRE VALUES( 57650, 5 );

	INSERT INTO MAP_APP_LANG VALUES ( 57650, 2,  'Y', 'N', 'N' );
	INSERT INTO MAP_APP_LANG VALUES ( 57650, 4,  'Y', 'N', 'N' );
	INSERT INTO MAP_APP_LANG VALUES ( 57650, 10,  'Y', 'N', 'N' );
	INSERT INTO MAP_APP_LANG VALUES ( 57650, 6,  'Y', 'N', 'N' );


	INSERT INTO MAP_APP_TAG VALUES( 57650, 9 );
	INSERT INTO MAP_APP_TAG VALUES( 57650, 122 );
	INSERT INTO MAP_APP_TAG VALUES( 57650, 1684 );
	INSERT INTO MAP_APP_TAG VALUES( 57650, 599 );

INSERT INTO APP_TABLE	 VALUES( 57680, 'The_First_Templar_-_Steam_Special_Edition', 'Uncover the mysteries behind the Templar Order! Steam Exclusive Edition includes bonus mission ¡°The Arena¡±.', SYSDATE ,10500, '' );
	INSERT INTO MAP_APP_CATEGORY VALUES( 57680, 3 );
	INSERT INTO MAP_APP_CATEGORY VALUES( 57680, 1 );
	INSERT INTO MAP_APP_CATEGORY VALUES( 57680, 16 );
	INSERT INTO MAP_APP_CATEGORY VALUES( 57680, 4 );

	INSERT INTO MAP_APP_DEVELOPER VALUES( 57680, 240 );

	INSERT INTO MAP_APP_GENRE VALUES( 57680, 1 );
	INSERT INTO MAP_APP_GENRE VALUES( 57680, 3 );

	INSERT INTO MAP_APP_LANG VALUES ( 57680, 2,  'Y', 'N', 'N' );
	INSERT INTO MAP_APP_LANG VALUES ( 57680, 4,  'Y', 'N', 'N' );
	INSERT INTO MAP_APP_LANG VALUES ( 57680, 6,  'Y', 'N', 'N' );


	INSERT INTO MAP_APP_TAG VALUES( 57680, 19 );
	INSERT INTO MAP_APP_TAG VALUES( 57680, 21 );
	INSERT INTO MAP_APP_TAG VALUES( 57680, 4172 );
	INSERT INTO MAP_APP_TAG VALUES( 57680, 1685 );
	INSERT INTO MAP_APP_TAG VALUES( 57680, 1697 );
	INSERT INTO MAP_APP_TAG VALUES( 57680, 1646 );
	INSERT INTO MAP_APP_TAG VALUES( 57680, 122 );
	INSERT INTO MAP_APP_TAG VALUES( 57680, 4182 );
	INSERT INTO MAP_APP_TAG VALUES( 57680, 3859 );
	INSERT INTO MAP_APP_TAG VALUES( 57680, 3841 );

INSERT INTO APP_TABLE	 VALUES( 57690, 'Tropico_4', 'The world is changing and Tropico is moving with the times - geographical powers rise and fall and the world market is dominated by new players with new demands and offers - and you, as El Presidente, face a whole new set of challenges.', SYSDATE ,16000, '' );
	INSERT INTO MAP_APP_CATEGORY VALUES( 57690, 3 );
	INSERT INTO MAP_APP_CATEGORY VALUES( 57690, 4 );
	INSERT INTO MAP_APP_CATEGORY VALUES( 57690, 5 );

	INSERT INTO MAP_APP_DEVELOPER VALUES( 57690, 240 );

	INSERT INTO MAP_APP_GENRE VALUES( 57690, 8 );
	INSERT INTO MAP_APP_GENRE VALUES( 57690, 5 );

	INSERT INTO MAP_APP_LANG VALUES ( 57690, 2,  'Y', 'Y', 'Y' );
	INSERT INTO MAP_APP_LANG VALUES ( 57690, 3,  'Y', 'Y', 'Y' );
	INSERT INTO MAP_APP_LANG VALUES ( 57690, 4,  'Y', 'Y', 'Y' );
	INSERT INTO MAP_APP_LANG VALUES ( 57690, 5,  'Y', 'N', 'Y' );
	INSERT INTO MAP_APP_LANG VALUES ( 57690, 6,  'Y', 'Y', 'Y' );
	INSERT INTO MAP_APP_LANG VALUES ( 57690, 7,  'Y', 'Y', 'Y' );


	INSERT INTO MAP_APP_TAG VALUES( 57690, 4328 );
	INSERT INTO MAP_APP_TAG VALUES( 57690, 599 );
	INSERT INTO MAP_APP_TAG VALUES( 57690, 9 );
	INSERT INTO MAP_APP_TAG VALUES( 57690, 1719 );
	INSERT INTO MAP_APP_TAG VALUES( 57690, 12472 );
	INSERT INTO MAP_APP_TAG VALUES( 57690, 3810 );
	INSERT INTO MAP_APP_TAG VALUES( 57690, 4182 );
	INSERT INTO MAP_APP_TAG VALUES( 57690, 1756 );
	INSERT INTO MAP_APP_TAG VALUES( 57690, 4695 );
	INSERT INTO MAP_APP_TAG VALUES( 57690, 7107 );
	INSERT INTO MAP_APP_TAG VALUES( 57690, 4754 );
	INSERT INTO MAP_APP_TAG VALUES( 57690, 1643 );
	INSERT INTO MAP_APP_TAG VALUES( 57690, 8945 );
	INSERT INTO MAP_APP_TAG VALUES( 57690, 4136 );
	INSERT INTO MAP_APP_TAG VALUES( 57690, 4853 );
	INSERT INTO MAP_APP_TAG VALUES( 57690, 4166 );
	INSERT INTO MAP_APP_TAG VALUES( 57690, 1676 );
	INSERT INTO MAP_APP_TAG VALUES( 57690, 5179 );
	INSERT INTO MAP_APP_TAG VALUES( 57690, 4845 );
	INSERT INTO MAP_APP_TAG VALUES( 57690, 5300 );

INSERT INTO APP_TABLE	 VALUES( 57700, 'Who''s_That_Flying?!', 'As the mysterious and powerful "Guardian of Earth" your steely eye and HYPER-POWERED LASER ARM have kept the citizens of Earth safe for generations.', SYSDATE ,6500, '' );
	INSERT INTO MAP_APP_CATEGORY VALUES( 57700, 3 );
	INSERT INTO MAP_APP_CATEGORY VALUES( 57700, 4 );
	INSERT INTO MAP_APP_CATEGORY VALUES( 57700, 17 );
	INSERT INTO MAP_APP_CATEGORY VALUES( 57700, 7 );
	INSERT INTO MAP_APP_CATEGORY VALUES( 57700, 8 );
	INSERT INTO MAP_APP_CATEGORY VALUES( 57700, 18 );

	INSERT INTO MAP_APP_DEVELOPER VALUES( 57700, 446 );

	INSERT INTO MAP_APP_GENRE VALUES( 57700, 1 );
	INSERT INTO MAP_APP_GENRE VALUES( 57700, 7 );
	INSERT INTO MAP_APP_GENRE VALUES( 57700, 4 );

	INSERT INTO MAP_APP_LANG VALUES ( 57700, 2,  'Y', 'N', 'N' );


	INSERT INTO MAP_APP_TAG VALUES( 57700, 19 );
	INSERT INTO MAP_APP_TAG VALUES( 57700, 492 );
	INSERT INTO MAP_APP_TAG VALUES( 57700, 597 );
	INSERT INTO MAP_APP_TAG VALUES( 57700, 4255 );

INSERT INTO APP_TABLE	 VALUES( 24960, 'Battlefield:_Bad_Company¢â_2', 'Battlefield: Bad Company 2¢â brings the award-winning Battlefield gameplay to the forefront of PC gaming with best-in-class vehicular combat and unexpected "Battlefield moments." New vehicles like the ATV and a transport helicopter allow for all-new multiplayer tactics on the Battlefield. With the Frostbite-enabled Destruction 2.', SYSDATE ,19000, '' );
	INSERT INTO MAP_APP_CATEGORY VALUES( 24960, 3 );
	INSERT INTO MAP_APP_CATEGORY VALUES( 24960, 1 );

	INSERT INTO MAP_APP_DEVELOPER VALUES( 24960, 188 );

	INSERT INTO MAP_APP_GENRE VALUES( 24960, 1 );

	INSERT INTO MAP_APP_LANG VALUES ( 24960, 2,  'Y', 'N', 'N' );
	INSERT INTO MAP_APP_LANG VALUES ( 24960, 3,  'Y', 'N', 'N' );
	INSERT INTO MAP_APP_LANG VALUES ( 24960, 4,  'Y', 'N', 'N' );
	INSERT INTO MAP_APP_LANG VALUES ( 24960, 10,  'Y', 'N', 'N' );
	INSERT INTO MAP_APP_LANG VALUES ( 24960, 6,  'Y', 'N', 'N' );
	INSERT INTO MAP_APP_LANG VALUES ( 24960, 7,  'Y', 'N', 'N' );
	INSERT INTO MAP_APP_LANG VALUES ( 24960, 11,  'Y', 'N', 'N' );

	INSERT INTO MAP_APP_PUBLISHER VALUES( 24960, 427 );

	INSERT INTO MAP_APP_TAG VALUES( 24960, 1663 );
	INSERT INTO MAP_APP_TAG VALUES( 24960, 3859 );
	INSERT INTO MAP_APP_TAG VALUES( 24960, 19 );
	INSERT INTO MAP_APP_TAG VALUES( 24960, 1774 );
	INSERT INTO MAP_APP_TAG VALUES( 24960, 5711 );
	INSERT INTO MAP_APP_TAG VALUES( 24960, 1678 );
	INSERT INTO MAP_APP_TAG VALUES( 24960, 3839 );
	INSERT INTO MAP_APP_TAG VALUES( 24960, 4168 );
	INSERT INTO MAP_APP_TAG VALUES( 24960, 5363 );
	INSERT INTO MAP_APP_TAG VALUES( 24960, 4182 );
	INSERT INTO MAP_APP_TAG VALUES( 24960, 1708 );
	INSERT INTO MAP_APP_TAG VALUES( 24960, 1685 );
	INSERT INTO MAP_APP_TAG VALUES( 24960, 4166 );
	INSERT INTO MAP_APP_TAG VALUES( 24960, 1719 );
	INSERT INTO MAP_APP_TAG VALUES( 24960, 1693 );
	INSERT INTO MAP_APP_TAG VALUES( 24960, 1695 );
	INSERT INTO MAP_APP_TAG VALUES( 24960, 9 );
	INSERT INTO MAP_APP_TAG VALUES( 24960, 21 );
	INSERT INTO MAP_APP_TAG VALUES( 24960, 599 );
	INSERT INTO MAP_APP_TAG VALUES( 24960, 3810 );

INSERT INTO APP_TABLE	 VALUES( 24980, 'Mass_Effect_2_Digital_Deluxe_Edition', 'From the makers of Star Wars¢ç: Knights of the Old Republic¢â, Dragon Age: Origins¢â, and Mass Effect¢â comes the dark second installment in the thrilling Mass Effect Trilogy! Two years after Commander Shepard repelled invading Reapers bent on the destruction of organic life, a mysterious new enemy has emerged.', SYSDATE ,30000, '' );
	INSERT INTO MAP_APP_CATEGORY VALUES( 24980, 3 );

	INSERT INTO MAP_APP_DEVELOPER VALUES( 24980, 190 );

	INSERT INTO MAP_APP_GENRE VALUES( 24980, 6 );

	INSERT INTO MAP_APP_LANG VALUES ( 24980, 2,  'Y', 'N', 'N' );
	INSERT INTO MAP_APP_LANG VALUES ( 24980, 3,  'Y', 'N', 'N' );
	INSERT INTO MAP_APP_LANG VALUES ( 24980, 4,  'Y', 'N', 'N' );
	INSERT INTO MAP_APP_LANG VALUES ( 24980, 10,  'Y', 'N', 'N' );
	INSERT INTO MAP_APP_LANG VALUES ( 24980, 9,  'Y', 'N', 'N' );
	INSERT INTO MAP_APP_LANG VALUES ( 24980, 6,  'Y', 'N', 'N' );
	INSERT INTO MAP_APP_LANG VALUES ( 24980, 24,  'Y', 'N', 'N' );
	INSERT INTO MAP_APP_LANG VALUES ( 24980, 25,  'Y', 'N', 'N' );
	INSERT INTO MAP_APP_LANG VALUES ( 24980, 7,  'Y', 'N', 'N' );

	INSERT INTO MAP_APP_PUBLISHER VALUES( 24980, 427 );

	INSERT INTO MAP_APP_TAG VALUES( 24980, 122 );
	INSERT INTO MAP_APP_TAG VALUES( 24980, 3942 );
	INSERT INTO MAP_APP_TAG VALUES( 24980, 1742 );
	INSERT INTO MAP_APP_TAG VALUES( 24980, 19 );
	INSERT INTO MAP_APP_TAG VALUES( 24980, 3814 );
	INSERT INTO MAP_APP_TAG VALUES( 24980, 1755 );
	INSERT INTO MAP_APP_TAG VALUES( 24980, 4182 );
	INSERT INTO MAP_APP_TAG VALUES( 24980, 1756 );
	INSERT INTO MAP_APP_TAG VALUES( 24980, 21 );
	INSERT INTO MAP_APP_TAG VALUES( 24980, 4145 );
	INSERT INTO MAP_APP_TAG VALUES( 24980, 6426 );
	INSERT INTO MAP_APP_TAG VALUES( 24980, 1697 );
	INSERT INTO MAP_APP_TAG VALUES( 24980, 1774 );
	INSERT INTO MAP_APP_TAG VALUES( 24980, 7208 );
	INSERT INTO MAP_APP_TAG VALUES( 24980, 4166 );
	INSERT INTO MAP_APP_TAG VALUES( 24980, 4747 );
	INSERT INTO MAP_APP_TAG VALUES( 24980, 4947 );
	INSERT INTO MAP_APP_TAG VALUES( 24980, 7107 );
	INSERT INTO MAP_APP_TAG VALUES( 24980, 4231 );
	INSERT INTO MAP_APP_TAG VALUES( 24980, 1693 );

INSERT INTO APP_TABLE	 VALUES( 25000, 'Overgrowth', 'Feel like the star of a martial arts film in Overgrowth, as you jump, kick, throw, and slash your way to victory. Free the rabbits from their evil overlords in the main story, then play through the prequel story, and finally, try out nine years of mods developed by the community, or create your own!', SYSDATE ,-1, '' );
	INSERT INTO MAP_APP_CATEGORY VALUES( 25000, 3 );
	INSERT INTO MAP_APP_CATEGORY VALUES( 25000, 7 );
	INSERT INTO MAP_APP_CATEGORY VALUES( 25000, 13 );

	INSERT INTO MAP_APP_DEVELOPER VALUES( 25000, 252 );

	INSERT INTO MAP_APP_GENRE VALUES( 25000, 1 );
	INSERT INTO MAP_APP_GENRE VALUES( 25000, 4 );

	INSERT INTO MAP_APP_LANG VALUES ( 25000, 2,  'Y', 'N', 'Y' );

	INSERT INTO MAP_APP_PUBLISHER VALUES( 25000, 252 );

	INSERT INTO MAP_APP_TAG VALUES( 25000, 19 );
	INSERT INTO MAP_APP_TAG VALUES( 25000, 4036 );
	INSERT INTO MAP_APP_TAG VALUES( 25000, 492 );
	INSERT INTO MAP_APP_TAG VALUES( 25000, 6915 );
	INSERT INTO MAP_APP_TAG VALUES( 25000, 3810 );
	INSERT INTO MAP_APP_TAG VALUES( 25000, 1734 );
	INSERT INTO MAP_APP_TAG VALUES( 25000, 1743 );
	INSERT INTO MAP_APP_TAG VALUES( 25000, 1695 );
	INSERT INTO MAP_APP_TAG VALUES( 25000, 1669 );
	INSERT INTO MAP_APP_TAG VALUES( 25000, 1688 );
	INSERT INTO MAP_APP_TAG VALUES( 25000, 3859 );
	INSERT INTO MAP_APP_TAG VALUES( 25000, 1697 );
	INSERT INTO MAP_APP_TAG VALUES( 25000, 4345 );
	INSERT INTO MAP_APP_TAG VALUES( 25000, 3968 );
	INSERT INTO MAP_APP_TAG VALUES( 25000, 4026 );
	INSERT INTO MAP_APP_TAG VALUES( 25000, 4136 );
	INSERT INTO MAP_APP_TAG VALUES( 25000, 4182 );
	INSERT INTO MAP_APP_TAG VALUES( 25000, 21 );
	INSERT INTO MAP_APP_TAG VALUES( 25000, 3841 );
	INSERT INTO MAP_APP_TAG VALUES( 25000, 599 );

INSERT INTO APP_TABLE	 VALUES( 25010, 'Lugaru_HD', 'Follow Turner, a rebel bunny rabbit with impressive combat skills in his quest to find those responsible for slaughtering his village. Uncover a far-reaching conspiracy involving the corrupt leaders of the rabbit republic and the wolves of the nearby lands. Streamlined Combat: Gone are the days of combo memorization and button mashing.', SYSDATE ,-1, '' );
	INSERT INTO MAP_APP_CATEGORY VALUES( 25010, 3 );

	INSERT INTO MAP_APP_DEVELOPER VALUES( 25010, 252 );

	INSERT INTO MAP_APP_GENRE VALUES( 25010, 1 );

	INSERT INTO MAP_APP_LANG VALUES ( 25010, 2,  'Y', 'N', 'N' );

	INSERT INTO MAP_APP_PUBLISHER VALUES( 25010, 252 );

	INSERT INTO MAP_APP_TAG VALUES( 25010, 19 );
	INSERT INTO MAP_APP_TAG VALUES( 25010, 492 );
	INSERT INTO MAP_APP_TAG VALUES( 25010, 6915 );
	INSERT INTO MAP_APP_TAG VALUES( 25010, 4036 );
	INSERT INTO MAP_APP_TAG VALUES( 25010, 4158 );
	INSERT INTO MAP_APP_TAG VALUES( 25010, 4182 );
	INSERT INTO MAP_APP_TAG VALUES( 25010, 1743 );
	INSERT INTO MAP_APP_TAG VALUES( 25010, 21 );
	INSERT INTO MAP_APP_TAG VALUES( 25010, 4026 );
	INSERT INTO MAP_APP_TAG VALUES( 25010, 1695 );
	INSERT INTO MAP_APP_TAG VALUES( 25010, 4166 );
	INSERT INTO MAP_APP_TAG VALUES( 25010, 122 );
	INSERT INTO MAP_APP_TAG VALUES( 25010, 4608 );
	INSERT INTO MAP_APP_TAG VALUES( 25010, 4835 );
	INSERT INTO MAP_APP_TAG VALUES( 25010, 3810 );

INSERT INTO APP_TABLE	 VALUES( 57800, 'Doc_Clock:_The_Toasted_Sandwich_of_Time', 'Invent almost anything out of everything you find, from catapults to incredible flying machines.', SYSDATE ,-1, '' );
	INSERT INTO MAP_APP_CATEGORY VALUES( 57800, 3 );
	INSERT INTO MAP_APP_CATEGORY VALUES( 57800, 4 );

	INSERT INTO MAP_APP_DEVELOPER VALUES( 57800, 447 );

	INSERT INTO MAP_APP_GENRE VALUES( 57800, 3 );
	INSERT INTO MAP_APP_GENRE VALUES( 57800, 7 );
	INSERT INTO MAP_APP_GENRE VALUES( 57800, 4 );

	INSERT INTO MAP_APP_LANG VALUES ( 57800, 2,  'Y', 'N', 'N' );
	INSERT INTO MAP_APP_LANG VALUES ( 57800, 3,  'Y', 'N', 'N' );
	INSERT INTO MAP_APP_LANG VALUES ( 57800, 4,  'Y', 'N', 'N' );
	INSERT INTO MAP_APP_LANG VALUES ( 57800, 6,  'Y', 'N', 'N' );
	INSERT INTO MAP_APP_LANG VALUES ( 57800, 7,  'Y', 'N', 'N' );
	INSERT INTO MAP_APP_LANG VALUES ( 57800, 17,  'Y', 'N', 'N' );

	INSERT INTO MAP_APP_PUBLISHER VALUES( 57800, 447 );

	INSERT INTO MAP_APP_TAG VALUES( 57800, 597 );
	INSERT INTO MAP_APP_TAG VALUES( 57800, 492 );
	INSERT INTO MAP_APP_TAG VALUES( 57800, 21 );
	INSERT INTO MAP_APP_TAG VALUES( 57800, 1664 );

INSERT INTO APP_TABLE	 VALUES( 57900, 'Duke_Nukem_Forever', '', SYSDATE ,-1, '' );






INSERT INTO APP_TABLE	 VALUES( 58200, 'Jolly_Rover', 'A comedic 2D point and click adventure, featuring a crazy cast of poxy pirate pooches.', SYSDATE ,-1, '' );
	INSERT INTO MAP_APP_CATEGORY VALUES( 58200, 3 );
	INSERT INTO MAP_APP_CATEGORY VALUES( 58200, 4 );
	INSERT INTO MAP_APP_CATEGORY VALUES( 58200, 8 );

	INSERT INTO MAP_APP_DEVELOPER VALUES( 58200, 448 );

	INSERT INTO MAP_APP_GENRE VALUES( 58200, 3 );
	INSERT INTO MAP_APP_GENRE VALUES( 58200, 4 );
	INSERT INTO MAP_APP_GENRE VALUES( 58200, 7 );

	INSERT INTO MAP_APP_LANG VALUES ( 58200, 2,  'Y', 'N', 'N' );

	INSERT INTO MAP_APP_PUBLISHER VALUES( 58200, 448 );

	INSERT INTO MAP_APP_TAG VALUES( 58200, 21 );
	INSERT INTO MAP_APP_TAG VALUES( 58200, 492 );
	INSERT INTO MAP_APP_TAG VALUES( 58200, 1698 );
	INSERT INTO MAP_APP_TAG VALUES( 58200, 597 );
	INSERT INTO MAP_APP_TAG VALUES( 58200, 1719 );
	INSERT INTO MAP_APP_TAG VALUES( 58200, 1681 );
	INSERT INTO MAP_APP_TAG VALUES( 58200, 5350 );
	INSERT INTO MAP_APP_TAG VALUES( 58200, 25085 );
	INSERT INTO MAP_APP_TAG VALUES( 58200, 4182 );

INSERT INTO APP_TABLE	 VALUES( 25500, 'Cricket_Revolution', 'Cricket Revolution is a multiplayer cricket sports action title for the PC. With innovative gameplay, single and multiplayer game modes, local and global tournaments, and challenging AI opponents that learn from your every move, Cricket Revolution is a cricket gaming experience unlike any other!', SYSDATE ,-1, '' );
	INSERT INTO MAP_APP_CATEGORY VALUES( 25500, 3 );
	INSERT INTO MAP_APP_CATEGORY VALUES( 25500, 1 );

	INSERT INTO MAP_APP_DEVELOPER VALUES( 25500, 253 );

	INSERT INTO MAP_APP_GENRE VALUES( 25500, 4 );
	INSERT INTO MAP_APP_GENRE VALUES( 25500, 8 );
	INSERT INTO MAP_APP_GENRE VALUES( 25500, 11 );

	INSERT INTO MAP_APP_LANG VALUES ( 25500, 2,  'Y', 'N', 'N' );

	INSERT INTO MAP_APP_PUBLISHER VALUES( 25500, 253 );

	INSERT INTO MAP_APP_TAG VALUES( 25500, 701 );
	INSERT INTO MAP_APP_TAG VALUES( 25500, 599 );
	INSERT INTO MAP_APP_TAG VALUES( 25500, 492 );

INSERT INTO APP_TABLE	 VALUES( 25600, 'Eschalon:_Book_I', 'Eschalon: Book I is an old-school role-playing game that will take you across massive outdoor environments and deep into dozens of sprawling dungeons as you seek to uncover the mystery of who you are. It features a tile-built, turn-based game world where the result of absolutely every action is rolled, calculated or statistically...', SYSDATE ,15500, '' );
	INSERT INTO MAP_APP_CATEGORY VALUES( 25600, 3 );

	INSERT INTO MAP_APP_DEVELOPER VALUES( 25600, 254 );

	INSERT INTO MAP_APP_GENRE VALUES( 25600, 4 );
	INSERT INTO MAP_APP_GENRE VALUES( 25600, 6 );

	INSERT INTO MAP_APP_LANG VALUES ( 25600, 2,  'Y', 'N', 'N' );

	INSERT INTO MAP_APP_PUBLISHER VALUES( 25600, 254 );

	INSERT INTO MAP_APP_TAG VALUES( 25600, 122 );
	INSERT INTO MAP_APP_TAG VALUES( 25600, 492 );
	INSERT INTO MAP_APP_TAG VALUES( 25600, 5851 );
	INSERT INTO MAP_APP_TAG VALUES( 25600, 1677 );
	INSERT INTO MAP_APP_TAG VALUES( 25600, 1684 );
	INSERT INTO MAP_APP_TAG VALUES( 25600, 3871 );
	INSERT INTO MAP_APP_TAG VALUES( 25600, 4182 );

INSERT INTO APP_TABLE	 VALUES( 25620, 'Eschalon:_Book_II', 'Return to the world of Eschalon in the sequel to 2007''s award-winning RPG. The blight of war now threatens all of Eschalon and the only hope for peace lies in the secret of your past. Don''t miss this second chapter in the epic Eschalon trilogy given "5 Stars" by RPGWatch and called "immensely appealing" by The...', SYSDATE ,6500, '' );
	INSERT INTO MAP_APP_CATEGORY VALUES( 25620, 3 );

	INSERT INTO MAP_APP_DEVELOPER VALUES( 25620, 254 );

	INSERT INTO MAP_APP_GENRE VALUES( 25620, 4 );
	INSERT INTO MAP_APP_GENRE VALUES( 25620, 6 );

	INSERT INTO MAP_APP_LANG VALUES ( 25620, 2,  'Y', 'N', 'N' );

	INSERT INTO MAP_APP_PUBLISHER VALUES( 25620, 254 );

	INSERT INTO MAP_APP_TAG VALUES( 25620, 122 );
	INSERT INTO MAP_APP_TAG VALUES( 25620, 492 );
	INSERT INTO MAP_APP_TAG VALUES( 25620, 5851 );
	INSERT INTO MAP_APP_TAG VALUES( 25620, 1677 );
	INSERT INTO MAP_APP_TAG VALUES( 25620, 1684 );
	INSERT INTO MAP_APP_TAG VALUES( 25620, 3871 );

INSERT INTO APP_TABLE	 VALUES( 58400, 'Turba', 'Turba provides a gameplay experience unlike any you have encountered before. Load in music from your PC and combo blocks to your favorite tunes in this unique new twist on the ¡°match-3¡± style game! The blocks on the game board generate and move to the beat of the song you choose.', SYSDATE ,5500, '' );
	INSERT INTO MAP_APP_CATEGORY VALUES( 58400, 3 );
	INSERT INTO MAP_APP_CATEGORY VALUES( 58400, 4 );
	INSERT INTO MAP_APP_CATEGORY VALUES( 58400, 11 );
	INSERT INTO MAP_APP_CATEGORY VALUES( 58400, 18 );

	INSERT INTO MAP_APP_DEVELOPER VALUES( 58400, 449 );

	INSERT INTO MAP_APP_GENRE VALUES( 58400, 7 );
	INSERT INTO MAP_APP_GENRE VALUES( 58400, 4 );

	INSERT INTO MAP_APP_LANG VALUES ( 58400, 2,  'Y', 'N', 'N' );

	INSERT INTO MAP_APP_PUBLISHER VALUES( 58400, 449 );

	INSERT INTO MAP_APP_TAG VALUES( 58400, 597 );
	INSERT INTO MAP_APP_TAG VALUES( 58400, 492 );
	INSERT INTO MAP_APP_TAG VALUES( 58400, 1621 );
	INSERT INTO MAP_APP_TAG VALUES( 58400, 1665 );
	INSERT INTO MAP_APP_TAG VALUES( 58400, 8253 );
	INSERT INTO MAP_APP_TAG VALUES( 58400, 1752 );

INSERT INTO APP_TABLE	 VALUES( 25700, 'Madballs_in_Babo:Invasion', 'Now with cross-platform multiplayer! PC vs. Mac at last.', SYSDATE ,5500, '' );
	INSERT INTO MAP_APP_CATEGORY VALUES( 25700, 3 );
	INSERT INTO MAP_APP_CATEGORY VALUES( 25700, 1 );
	INSERT INTO MAP_APP_CATEGORY VALUES( 25700, 16 );
	INSERT INTO MAP_APP_CATEGORY VALUES( 25700, 10 );
	INSERT INTO MAP_APP_CATEGORY VALUES( 25700, 4 );
	INSERT INTO MAP_APP_CATEGORY VALUES( 25700, 7 );
	INSERT INTO MAP_APP_CATEGORY VALUES( 25700, 8 );
	INSERT INTO MAP_APP_CATEGORY VALUES( 25700, 18 );

	INSERT INTO MAP_APP_DEVELOPER VALUES( 25700, 255 );

	INSERT INTO MAP_APP_GENRE VALUES( 25700, 4 );

	INSERT INTO MAP_APP_LANG VALUES ( 25700, 2,  'Y', 'N', 'N' );
	INSERT INTO MAP_APP_LANG VALUES ( 25700, 3,  'Y', 'N', 'N' );
	INSERT INTO MAP_APP_LANG VALUES ( 25700, 4,  'Y', 'N', 'N' );
	INSERT INTO MAP_APP_LANG VALUES ( 25700, 9,  'Y', 'N', 'N' );
	INSERT INTO MAP_APP_LANG VALUES ( 25700, 13,  'Y', 'N', 'N' );
	INSERT INTO MAP_APP_LANG VALUES ( 25700, 5,  'Y', 'N', 'N' );
	INSERT INTO MAP_APP_LANG VALUES ( 25700, 6,  'Y', 'N', 'N' );
	INSERT INTO MAP_APP_LANG VALUES ( 25700, 7,  'Y', 'N', 'N' );

	INSERT INTO MAP_APP_PUBLISHER VALUES( 25700, 255 );

	INSERT INTO MAP_APP_TAG VALUES( 25700, 492 );
	INSERT INTO MAP_APP_TAG VALUES( 25700, 4791 );
	INSERT INTO MAP_APP_TAG VALUES( 25700, 19 );
	INSERT INTO MAP_APP_TAG VALUES( 25700, 1774 );
	INSERT INTO MAP_APP_TAG VALUES( 25700, 1685 );
	INSERT INTO MAP_APP_TAG VALUES( 25700, 3859 );

INSERT INTO APP_TABLE	 VALUES( 58520, 'Blood_Bowl¢ç_Legendary_Edition', 'Inspired by the Warhammer Fantasy world, Blood Bowl is an ultra-violent combination of strategy and sports games. The Legendary Edition features 20 playable races, including 11 that are totally new, each offering its own game style! Make a competitive team, train it and buy the best equipment.', SYSDATE ,10700, '' );
	INSERT INTO MAP_APP_CATEGORY VALUES( 58520, 3 );
	INSERT INTO MAP_APP_CATEGORY VALUES( 58520, 1 );

	INSERT INTO MAP_APP_DEVELOPER VALUES( 58520, 84 );

	INSERT INTO MAP_APP_GENRE VALUES( 58520, 11 );
	INSERT INTO MAP_APP_GENRE VALUES( 58520, 5 );

	INSERT INTO MAP_APP_LANG VALUES ( 58520, 2,  'Y', 'N', 'N' );
	INSERT INTO MAP_APP_LANG VALUES ( 58520, 3,  'Y', 'N', 'N' );
	INSERT INTO MAP_APP_LANG VALUES ( 58520, 4,  'Y', 'N', 'N' );
	INSERT INTO MAP_APP_LANG VALUES ( 58520, 6,  'Y', 'N', 'N' );
	INSERT INTO MAP_APP_LANG VALUES ( 58520, 7,  'Y', 'N', 'N' );


	INSERT INTO MAP_APP_TAG VALUES( 58520, 9 );
	INSERT INTO MAP_APP_TAG VALUES( 58520, 701 );
	INSERT INTO MAP_APP_TAG VALUES( 58520, 1677 );
	INSERT INTO MAP_APP_TAG VALUES( 58520, 1770 );
	INSERT INTO MAP_APP_TAG VALUES( 58520, 1684 );
	INSERT INTO MAP_APP_TAG VALUES( 58520, 1741 );
	INSERT INTO MAP_APP_TAG VALUES( 58520, 3859 );
	INSERT INTO MAP_APP_TAG VALUES( 58520, 4182 );
	INSERT INTO MAP_APP_TAG VALUES( 58520, 5310 );
	INSERT INTO MAP_APP_TAG VALUES( 58520, 1708 );
	INSERT INTO MAP_APP_TAG VALUES( 58520, 12286 );

INSERT INTO APP_TABLE	 VALUES( 58560, 'Runaway:_A_Twist_of_Fate', 'Runaway: A Twist of Fate is the adventure game of the year! Featuring a production worthy of a big 2D animated movie, Runaway follows a story full of twists and turns, and packed with comical highlights. All in all, you will be confronted with more than 200 mysteries and puzzles to keep your brain running through a big adventure that you...', SYSDATE ,10500, '' );
	INSERT INTO MAP_APP_CATEGORY VALUES( 58560, 3 );

	INSERT INTO MAP_APP_DEVELOPER VALUES( 58560, 83 );

	INSERT INTO MAP_APP_GENRE VALUES( 58560, 3 );

	INSERT INTO MAP_APP_LANG VALUES ( 58560, 2,  'Y', 'N', 'N' );
	INSERT INTO MAP_APP_LANG VALUES ( 58560, 3,  'Y', 'N', 'N' );
	INSERT INTO MAP_APP_LANG VALUES ( 58560, 4,  'Y', 'N', 'N' );
	INSERT INTO MAP_APP_LANG VALUES ( 58560, 7,  'Y', 'N', 'N' );


	INSERT INTO MAP_APP_TAG VALUES( 58560, 21 );
	INSERT INTO MAP_APP_TAG VALUES( 58560, 1698 );
	INSERT INTO MAP_APP_TAG VALUES( 58560, 5716 );

INSERT INTO APP_TABLE	 VALUES( 25800, 'Europa_Universalis_III_Complete', 'Europa Universalis III Complete includes the original Europa Universalis III as well as the expansions In Nomine and Napoleons Ambition Europa Universalis III delves deeply into the areas of exploration, trade, warfare and diplomacy.', SYSDATE ,16000, '' );
	INSERT INTO MAP_APP_CATEGORY VALUES( 25800, 3 );
	INSERT INTO MAP_APP_CATEGORY VALUES( 25800, 1 );
	INSERT INTO MAP_APP_CATEGORY VALUES( 25800, 5 );

	INSERT INTO MAP_APP_DEVELOPER VALUES( 25800, 227 );

	INSERT INTO MAP_APP_GENRE VALUES( 25800, 5 );

	INSERT INTO MAP_APP_LANG VALUES ( 25800, 2,  'Y', 'N', 'N' );
	INSERT INTO MAP_APP_LANG VALUES ( 25800, 6,  'Y', 'N', 'N' );


	INSERT INTO MAP_APP_TAG VALUES( 25800, 4364 );
	INSERT INTO MAP_APP_TAG VALUES( 25800, 9 );
	INSERT INTO MAP_APP_TAG VALUES( 25800, 3987 );
	INSERT INTO MAP_APP_TAG VALUES( 25800, 7107 );
	INSERT INTO MAP_APP_TAG VALUES( 25800, 3810 );
	INSERT INTO MAP_APP_TAG VALUES( 25800, 4853 );
	INSERT INTO MAP_APP_TAG VALUES( 25800, 599 );
	INSERT INTO MAP_APP_TAG VALUES( 25800, 3859 );
	INSERT INTO MAP_APP_TAG VALUES( 25800, 4182 );
	INSERT INTO MAP_APP_TAG VALUES( 25800, 1685 );
	INSERT INTO MAP_APP_TAG VALUES( 25800, 1678 );
	INSERT INTO MAP_APP_TAG VALUES( 25800, 1676 );

INSERT INTO APP_TABLE	 VALUES( 58570, 'The_Next_BIG_Thing', 'The Next Big Thing is a great adventure game in high definition, loaded with laughs, tributes, mysteries and wacky puzzles!', SYSDATE ,10500, '' );
	INSERT INTO MAP_APP_CATEGORY VALUES( 58570, 3 );

	INSERT INTO MAP_APP_DEVELOPER VALUES( 58570, 83 );

	INSERT INTO MAP_APP_GENRE VALUES( 58570, 3 );

	INSERT INTO MAP_APP_LANG VALUES ( 58570, 2,  'Y', 'Y', 'Y' );
	INSERT INTO MAP_APP_LANG VALUES ( 58570, 4,  'Y', 'Y', 'Y' );
	INSERT INTO MAP_APP_LANG VALUES ( 58570, 9,  'Y', 'Y', 'Y' );
	INSERT INTO MAP_APP_LANG VALUES ( 58570, 6,  'Y', 'Y', 'Y' );


	INSERT INTO MAP_APP_TAG VALUES( 58570, 21 );
	INSERT INTO MAP_APP_TAG VALUES( 58570, 1698 );
	INSERT INTO MAP_APP_TAG VALUES( 58570, 5716 );
	INSERT INTO MAP_APP_TAG VALUES( 58570, 1719 );
	INSERT INTO MAP_APP_TAG VALUES( 58570, 4136 );
	INSERT INTO MAP_APP_TAG VALUES( 58570, 4182 );
	INSERT INTO MAP_APP_TAG VALUES( 58570, 1664 );

INSERT INTO APP_TABLE	 VALUES( 25808, 'Europa_Universalis_III:_Divine_Wind', 'The 4th expansion of the classic historical strategy game Europa Universalis III enhances every aspect of the game to create a deeper experience.', SYSDATE ,10500, '' );
	INSERT INTO MAP_APP_CATEGORY VALUES( 25808, 3 );
	INSERT INTO MAP_APP_CATEGORY VALUES( 25808, 1 );

	INSERT INTO MAP_APP_DEVELOPER VALUES( 25808, 227 );

	INSERT INTO MAP_APP_GENRE VALUES( 25808, 5 );

	INSERT INTO MAP_APP_LANG VALUES ( 25808, 2,  'Y', 'N', 'N' );
	INSERT INTO MAP_APP_LANG VALUES ( 25808, 6,  'Y', 'N', 'N' );


	INSERT INTO MAP_APP_TAG VALUES( 25808, 9 );

INSERT INTO APP_TABLE	 VALUES( 25830, 'Knights_of_Honor', 'As King, it is your duty to lead your people in their struggle to raise your kingdom from its humble beginnings to a position of power and prestige. War, diplomacy and a burgeoning economy are the means by which you increase your power and expand your influence.', SYSDATE ,10500, '' );
	INSERT INTO MAP_APP_CATEGORY VALUES( 25830, 3 );
	INSERT INTO MAP_APP_CATEGORY VALUES( 25830, 1 );

	INSERT INTO MAP_APP_DEVELOPER VALUES( 25830, 256 );

	INSERT INTO MAP_APP_GENRE VALUES( 25830, 5 );

	INSERT INTO MAP_APP_LANG VALUES ( 25830, 2,  'Y', 'N', 'N' );


	INSERT INTO MAP_APP_TAG VALUES( 25830, 9 );
	INSERT INTO MAP_APP_TAG VALUES( 25830, 4172 );
	INSERT INTO MAP_APP_TAG VALUES( 25830, 4364 );
	INSERT INTO MAP_APP_TAG VALUES( 25830, 1676 );
	INSERT INTO MAP_APP_TAG VALUES( 25830, 1678 );
	INSERT INTO MAP_APP_TAG VALUES( 25830, 3987 );
	INSERT INTO MAP_APP_TAG VALUES( 25830, 1693 );
	INSERT INTO MAP_APP_TAG VALUES( 25830, 1756 );

INSERT INTO APP_TABLE	 VALUES( 58610, 'Wargame:_European_Escalation', 'The New Fatal Error DLC includes a new 5-mission Operation and touch-screen controls.', SYSDATE ,10500, '' );
	INSERT INTO MAP_APP_CATEGORY VALUES( 58610, 3 );
	INSERT INTO MAP_APP_CATEGORY VALUES( 58610, 1 );
	INSERT INTO MAP_APP_CATEGORY VALUES( 58610, 4 );
	INSERT INTO MAP_APP_CATEGORY VALUES( 58610, 2 );

	INSERT INTO MAP_APP_DEVELOPER VALUES( 58610, 27 );

	INSERT INTO MAP_APP_GENRE VALUES( 58610, 5 );

	INSERT INTO MAP_APP_LANG VALUES ( 58610, 2,  'Y', 'Y', 'Y' );
	INSERT INTO MAP_APP_LANG VALUES ( 58610, 3,  'Y', 'N', 'Y' );
	INSERT INTO MAP_APP_LANG VALUES ( 58610, 4,  'Y', 'Y', 'Y' );
	INSERT INTO MAP_APP_LANG VALUES ( 58610, 9,  'Y', 'N', 'Y' );
	INSERT INTO MAP_APP_LANG VALUES ( 58610, 6,  'Y', 'Y', 'Y' );
	INSERT INTO MAP_APP_LANG VALUES ( 58610, 7,  'Y', 'N', 'Y' );
	INSERT INTO MAP_APP_LANG VALUES ( 58610, 8,  'Y', 'N', 'Y' );


	INSERT INTO MAP_APP_TAG VALUES( 58610, 9 );
	INSERT INTO MAP_APP_TAG VALUES( 58610, 1676 );
	INSERT INTO MAP_APP_TAG VALUES( 58610, 4168 );
	INSERT INTO MAP_APP_TAG VALUES( 58610, 5179 );
	INSERT INTO MAP_APP_TAG VALUES( 58610, 4684 );
	INSERT INTO MAP_APP_TAG VALUES( 58610, 4175 );
	INSERT INTO MAP_APP_TAG VALUES( 58610, 3813 );
	INSERT INTO MAP_APP_TAG VALUES( 58610, 4598 );
	INSERT INTO MAP_APP_TAG VALUES( 58610, 1678 );
	INSERT INTO MAP_APP_TAG VALUES( 58610, 19 );
	INSERT INTO MAP_APP_TAG VALUES( 58610, 599 );
	INSERT INTO MAP_APP_TAG VALUES( 58610, 4182 );
	INSERT INTO MAP_APP_TAG VALUES( 58610, 4161 );
	INSERT INTO MAP_APP_TAG VALUES( 58610, 3859 );
	INSERT INTO MAP_APP_TAG VALUES( 58610, 1708 );

INSERT INTO APP_TABLE	 VALUES( 25850, 'Elven_Legacy', 'This sequel to Fantasy Wars continues its story after banishing the archdemon. The shadows of destruction begin to loom on the horizon once a human mage uncovers a dark and powerful secret dating back to the remote past of the Elven race.', SYSDATE ,5500, '' );
	INSERT INTO MAP_APP_CATEGORY VALUES( 25850, 3 );
	INSERT INTO MAP_APP_CATEGORY VALUES( 25850, 1 );
	INSERT INTO MAP_APP_CATEGORY VALUES( 25850, 8 );
	INSERT INTO MAP_APP_CATEGORY VALUES( 25850, 13 );

	INSERT INTO MAP_APP_DEVELOPER VALUES( 25850, 257 );

	INSERT INTO MAP_APP_GENRE VALUES( 25850, 6 );
	INSERT INTO MAP_APP_GENRE VALUES( 25850, 5 );

	INSERT INTO MAP_APP_LANG VALUES ( 25850, 2,  'Y', 'Y', 'Y' );
	INSERT INTO MAP_APP_LANG VALUES ( 25850, 9,  'Y', 'Y', 'Y' );

	INSERT INTO MAP_APP_PUBLISHER VALUES( 25850, 32 );

	INSERT INTO MAP_APP_TAG VALUES( 25850, 9 );
	INSERT INTO MAP_APP_TAG VALUES( 25850, 122 );
	INSERT INTO MAP_APP_TAG VALUES( 25850, 1741 );

INSERT INTO APP_TABLE	 VALUES( 25890, 'Hearts_of_Iron_III', 'Hearts of Iron III lets you play the most engaging conflict in world history, World War 2, on all fronts as any country and through multiple different scenarios. Guide your nation to glory between 1936 and 1948 and wage war, conduct diplomacy and build your industry in the most detailed World War 2 game ever made.', SYSDATE ,10500, '' );
	INSERT INTO MAP_APP_CATEGORY VALUES( 25890, 3 );
	INSERT INTO MAP_APP_CATEGORY VALUES( 25890, 1 );
	INSERT INTO MAP_APP_CATEGORY VALUES( 25890, 16 );
	INSERT INTO MAP_APP_CATEGORY VALUES( 25890, 5 );

	INSERT INTO MAP_APP_DEVELOPER VALUES( 25890, 227 );

	INSERT INTO MAP_APP_GENRE VALUES( 25890, 5 );

	INSERT INTO MAP_APP_LANG VALUES ( 25890, 2,  'Y', 'N', 'N' );
	INSERT INTO MAP_APP_LANG VALUES ( 25890, 4,  'Y', 'N', 'N' );
	INSERT INTO MAP_APP_LANG VALUES ( 25890, 6,  'Y', 'N', 'N' );
	INSERT INTO MAP_APP_LANG VALUES ( 25890, 7,  'Y', 'N', 'N' );


	INSERT INTO MAP_APP_TAG VALUES( 25890, 4364 );
	INSERT INTO MAP_APP_TAG VALUES( 25890, 4150 );
	INSERT INTO MAP_APP_TAG VALUES( 25890, 9 );
	INSERT INTO MAP_APP_TAG VALUES( 25890, 3987 );
	INSERT INTO MAP_APP_TAG VALUES( 25890, 599 );
	INSERT INTO MAP_APP_TAG VALUES( 25890, 7107 );
	INSERT INTO MAP_APP_TAG VALUES( 25890, 4168 );
	INSERT INTO MAP_APP_TAG VALUES( 25890, 4026 );
	INSERT INTO MAP_APP_TAG VALUES( 25890, 3810 );
	INSERT INTO MAP_APP_TAG VALUES( 25890, 3859 );
	INSERT INTO MAP_APP_TAG VALUES( 25890, 1678 );
	INSERT INTO MAP_APP_TAG VALUES( 25890, 4182 );
	INSERT INTO MAP_APP_TAG VALUES( 25890, 1676 );
	INSERT INTO MAP_APP_TAG VALUES( 25890, 4684 );

INSERT INTO APP_TABLE	 VALUES( 25900, 'King''s_Bounty:_The_Legend', 'King''s Bounty: The Legend is an adventure game with tactical turn-based battles and role-playing elements.', SYSDATE ,7500, '' );
	INSERT INTO MAP_APP_CATEGORY VALUES( 25900, 3 );
	INSERT INTO MAP_APP_CATEGORY VALUES( 25900, 8 );

	INSERT INTO MAP_APP_DEVELOPER VALUES( 25900, 32 );

	INSERT INTO MAP_APP_GENRE VALUES( 25900, 6 );
	INSERT INTO MAP_APP_GENRE VALUES( 25900, 5 );

	INSERT INTO MAP_APP_LANG VALUES ( 25900, 2,  'Y', 'N', 'Y' );
	INSERT INTO MAP_APP_LANG VALUES ( 25900, 3,  'Y', 'N', 'Y' );
	INSERT INTO MAP_APP_LANG VALUES ( 25900, 9,  'Y', 'N', 'Y' );
	INSERT INTO MAP_APP_LANG VALUES ( 25900, 4,  'Y', 'N', 'Y' );
	INSERT INTO MAP_APP_LANG VALUES ( 25900, 6,  'Y', 'N', 'Y' );
	INSERT INTO MAP_APP_LANG VALUES ( 25900, 7,  'Y', 'N', 'Y' );
	INSERT INTO MAP_APP_LANG VALUES ( 25900, 24,  'Y', 'N', 'Y' );
	INSERT INTO MAP_APP_LANG VALUES ( 25900, 25,  'Y', 'N', 'Y' );
	INSERT INTO MAP_APP_LANG VALUES ( 25900, 11,  'Y', 'N', 'Y' );
	INSERT INTO MAP_APP_LANG VALUES ( 25900, 8,  'Y', 'N', 'Y' );

	INSERT INTO MAP_APP_PUBLISHER VALUES( 25900, 32 );

	INSERT INTO MAP_APP_TAG VALUES( 25900, 122 );
	INSERT INTO MAP_APP_TAG VALUES( 25900, 9 );
	INSERT INTO MAP_APP_TAG VALUES( 25900, 1741 );
	INSERT INTO MAP_APP_TAG VALUES( 25900, 1684 );
	INSERT INTO MAP_APP_TAG VALUES( 25900, 1677 );
	INSERT INTO MAP_APP_TAG VALUES( 25900, 21 );
	INSERT INTO MAP_APP_TAG VALUES( 25900, 1717 );
	INSERT INTO MAP_APP_TAG VALUES( 25900, 1708 );
	INSERT INTO MAP_APP_TAG VALUES( 25900, 21725 );
	INSERT INTO MAP_APP_TAG VALUES( 25900, 4182 );
	INSERT INTO MAP_APP_TAG VALUES( 25900, 4166 );
	INSERT INTO MAP_APP_TAG VALUES( 25900, 4325 );
	INSERT INTO MAP_APP_TAG VALUES( 25900, 1756 );
	INSERT INTO MAP_APP_TAG VALUES( 25900, 1693 );
	INSERT INTO MAP_APP_TAG VALUES( 25900, 1695 );

INSERT INTO APP_TABLE	 VALUES( 25910, 'Supreme_Ruler_2020_Gold', 'Supreme Ruler 2020 Gold contains Supreme Ruler 2020 and the expansion, Global Crisis: SUPREME RULER 2020 Overnight, the US dollar crashes AND the sound echoes across the globe. The economic crisis amplifies global instabilities and regional disputes, tearing the world asunder. Nations dissolve, economies collapse, and tensions escalate.', SYSDATE ,10500, '' );
	INSERT INTO MAP_APP_CATEGORY VALUES( 25910, 3 );
	INSERT INTO MAP_APP_CATEGORY VALUES( 25910, 1 );

	INSERT INTO MAP_APP_DEVELOPER VALUES( 25910, 258 );

	INSERT INTO MAP_APP_GENRE VALUES( 25910, 5 );

	INSERT INTO MAP_APP_LANG VALUES ( 25910, 2,  'Y', 'Y', 'N' );
	INSERT INTO MAP_APP_LANG VALUES ( 25910, 4,  'Y', 'N', 'N' );
	INSERT INTO MAP_APP_LANG VALUES ( 25910, 6,  'Y', 'N', 'N' );
	INSERT INTO MAP_APP_LANG VALUES ( 25910, 7,  'Y', 'N', 'N' );

	INSERT INTO MAP_APP_PUBLISHER VALUES( 25910, 258 );

	INSERT INTO MAP_APP_TAG VALUES( 25910, 9 );
	INSERT INTO MAP_APP_TAG VALUES( 25910, 4364 );
	INSERT INTO MAP_APP_TAG VALUES( 25910, 599 );
	INSERT INTO MAP_APP_TAG VALUES( 25910, 4754 );

INSERT INTO APP_TABLE	 VALUES( 25930, 'East_India_Company', 'In East India Company, players will enjoy building the World''s most powerful trading empire & engaging in vigorous battles in both single player & multiplayer modes, all within a breathtaking cinematic game environment.', SYSDATE ,-1, '' );
	INSERT INTO MAP_APP_CATEGORY VALUES( 25930, 3 );
	INSERT INTO MAP_APP_CATEGORY VALUES( 25930, 1 );

	INSERT INTO MAP_APP_DEVELOPER VALUES( 25930, 259 );

	INSERT INTO MAP_APP_GENRE VALUES( 25930, 5 );

	INSERT INTO MAP_APP_LANG VALUES ( 25930, 2,  'Y', 'N', 'N' );
	INSERT INTO MAP_APP_LANG VALUES ( 25930, 4,  'Y', 'N', 'N' );
	INSERT INTO MAP_APP_LANG VALUES ( 25930, 6,  'Y', 'N', 'N' );

	INSERT INTO MAP_APP_PUBLISHER VALUES( 25930, 259 );

	INSERT INTO MAP_APP_TAG VALUES( 25930, 9 );
	INSERT INTO MAP_APP_TAG VALUES( 25930, 4695 );
	INSERT INTO MAP_APP_TAG VALUES( 25930, 3987 );
	INSERT INTO MAP_APP_TAG VALUES( 25930, 4202 );

INSERT INTO APP_TABLE	 VALUES( 25980, 'Majesty_2', 'In the world of Majesty, you are the ruler of the kingdom Ardania. At your service are your loyal and somewhat obnoxious subordinates, who have their own minds about how things should be done. In fact, Majesty is the only game where your heroes decide on their own what should be done and when, leaving you to try to control them through...', SYSDATE ,10500, '' );
	INSERT INTO MAP_APP_CATEGORY VALUES( 25980, 3 );

	INSERT INTO MAP_APP_DEVELOPER VALUES( 25980, 257 );

	INSERT INTO MAP_APP_GENRE VALUES( 25980, 8 );
	INSERT INTO MAP_APP_GENRE VALUES( 25980, 5 );

	INSERT INTO MAP_APP_LANG VALUES ( 25980, 2,  'Y', 'N', 'N' );


	INSERT INTO MAP_APP_TAG VALUES( 25980, 9 );
	INSERT INTO MAP_APP_TAG VALUES( 25980, 599 );
	INSERT INTO MAP_APP_TAG VALUES( 25980, 1684 );
	INSERT INTO MAP_APP_TAG VALUES( 25980, 4182 );
	INSERT INTO MAP_APP_TAG VALUES( 25980, 4026 );
	INSERT INTO MAP_APP_TAG VALUES( 25980, 1676 );

INSERT INTO APP_TABLE	 VALUES( 25990, 'Majesty_Gold_HD', 'The High Definition edition of Majesty Gold contains main game, the Northern Expansion Pack as well as 2 new quests and several other graphics and gameplay updates. Majesty is a Real-time strategy game with indirect control ? your heroes have a will of their own!', SYSDATE ,10500, '' );
	INSERT INTO MAP_APP_CATEGORY VALUES( 25990, 3 );
	INSERT INTO MAP_APP_CATEGORY VALUES( 25990, 1 );

	INSERT INTO MAP_APP_DEVELOPER VALUES( 25990, 260 );

	INSERT INTO MAP_APP_GENRE VALUES( 25990, 5 );
	INSERT INTO MAP_APP_GENRE VALUES( 25990, 8 );

	INSERT INTO MAP_APP_LANG VALUES ( 25990, 2,  'Y', 'N', 'N' );


	INSERT INTO MAP_APP_TAG VALUES( 25990, 9 );
	INSERT INTO MAP_APP_TAG VALUES( 25990, 599 );
	INSERT INTO MAP_APP_TAG VALUES( 25990, 1684 );
	INSERT INTO MAP_APP_TAG VALUES( 25990, 4182 );
	INSERT INTO MAP_APP_TAG VALUES( 25990, 5851 );
	INSERT INTO MAP_APP_TAG VALUES( 25990, 7332 );
	INSERT INTO MAP_APP_TAG VALUES( 25990, 1676 );
	INSERT INTO MAP_APP_TAG VALUES( 25990, 4695 );
	INSERT INTO MAP_APP_TAG VALUES( 25990, 3859 );
	INSERT INTO MAP_APP_TAG VALUES( 25990, 1693 );

INSERT INTO APP_TABLE	 VALUES( 26500, 'Cogs', 'Cogs is a puzzle game where players build machines from sliding tiles. Players can choose from 50 levels and 3 gameplay modes. New puzzles are unlocked by building contraptions quickly and efficiently. Inventor Mode: Starting with simple puzzles, players are introduced to the widgets that are used to build machines ? gears, pipes,...', SYSDATE ,-1, '' );
	INSERT INTO MAP_APP_CATEGORY VALUES( 26500, 3 );
	INSERT INTO MAP_APP_CATEGORY VALUES( 26500, 4 );

	INSERT INTO MAP_APP_DEVELOPER VALUES( 26500, 261 );

	INSERT INTO MAP_APP_GENRE VALUES( 26500, 4 );
	INSERT INTO MAP_APP_GENRE VALUES( 26500, 7 );

	INSERT INTO MAP_APP_LANG VALUES ( 26500, 2,  'Y', 'N', 'N' );
	INSERT INTO MAP_APP_LANG VALUES ( 26500, 3,  'Y', 'N', 'N' );
	INSERT INTO MAP_APP_LANG VALUES ( 26500, 4,  'Y', 'N', 'N' );
	INSERT INTO MAP_APP_LANG VALUES ( 26500, 10,  'Y', 'N', 'N' );
	INSERT INTO MAP_APP_LANG VALUES ( 26500, 9,  'Y', 'N', 'N' );
	INSERT INTO MAP_APP_LANG VALUES ( 26500, 6,  'Y', 'N', 'N' );


	INSERT INTO MAP_APP_TAG VALUES( 26500, 1664 );
	INSERT INTO MAP_APP_TAG VALUES( 26500, 492 );
	INSERT INTO MAP_APP_TAG VALUES( 26500, 597 );
	INSERT INTO MAP_APP_TAG VALUES( 26500, 4182 );
	INSERT INTO MAP_APP_TAG VALUES( 26500, 1777 );
	INSERT INTO MAP_APP_TAG VALUES( 26500, 5350 );
	INSERT INTO MAP_APP_TAG VALUES( 26500, 4026 );

INSERT INTO APP_TABLE	 VALUES( 26800, 'Braid', 'Braid is a puzzle-platformer, drawn in a painterly style, where you can manipulate the flow of time in strange and unusual ways. From a house in the city, journey to a series of worlds and solve puzzles to rescue an abducted princess.', SYSDATE ,16000, '' );
	INSERT INTO MAP_APP_CATEGORY VALUES( 26800, 3 );
	INSERT INTO MAP_APP_CATEGORY VALUES( 26800, 4 );
	INSERT INTO MAP_APP_CATEGORY VALUES( 26800, 17 );
	INSERT INTO MAP_APP_CATEGORY VALUES( 26800, 8 );

	INSERT INTO MAP_APP_DEVELOPER VALUES( 26800, 262 );

	INSERT INTO MAP_APP_GENRE VALUES( 26800, 7 );
	INSERT INTO MAP_APP_GENRE VALUES( 26800, 4 );
	INSERT INTO MAP_APP_GENRE VALUES( 26800, 5 );

	INSERT INTO MAP_APP_LANG VALUES ( 26800, 2,  'Y', 'N', 'N' );
	INSERT INTO MAP_APP_LANG VALUES ( 26800, 3,  'Y', 'N', 'N' );
	INSERT INTO MAP_APP_LANG VALUES ( 26800, 4,  'Y', 'N', 'N' );
	INSERT INTO MAP_APP_LANG VALUES ( 26800, 13,  'Y', 'N', 'N' );
	INSERT INTO MAP_APP_LANG VALUES ( 26800, 5,  'Y', 'N', 'N' );
	INSERT INTO MAP_APP_LANG VALUES ( 26800, 6,  'Y', 'N', 'N' );
	INSERT INTO MAP_APP_LANG VALUES ( 26800, 7,  'Y', 'N', 'N' );
	INSERT INTO MAP_APP_LANG VALUES ( 26800, 11,  'Y', 'N', 'N' );
	INSERT INTO MAP_APP_LANG VALUES ( 26800, 8,  'Y', 'N', 'N' );

	INSERT INTO MAP_APP_PUBLISHER VALUES( 26800, 262 );

	INSERT INTO MAP_APP_TAG VALUES( 26800, 1664 );
	INSERT INTO MAP_APP_TAG VALUES( 26800, 1625 );
	INSERT INTO MAP_APP_TAG VALUES( 26800, 492 );
	INSERT INTO MAP_APP_TAG VALUES( 26800, 6625 );
	INSERT INTO MAP_APP_TAG VALUES( 26800, 3871 );
	INSERT INTO MAP_APP_TAG VALUES( 26800, 4182 );
	INSERT INTO MAP_APP_TAG VALUES( 26800, 5537 );
	INSERT INTO MAP_APP_TAG VALUES( 26800, 1756 );
	INSERT INTO MAP_APP_TAG VALUES( 26800, 4026 );
	INSERT INTO MAP_APP_TAG VALUES( 26800, 10679 );
	INSERT INTO MAP_APP_TAG VALUES( 26800, 597 );
	INSERT INTO MAP_APP_TAG VALUES( 26800, 9 );
	INSERT INTO MAP_APP_TAG VALUES( 26800, 4166 );
	INSERT INTO MAP_APP_TAG VALUES( 26800, 1693 );
	INSERT INTO MAP_APP_TAG VALUES( 26800, 1742 );
	INSERT INTO MAP_APP_TAG VALUES( 26800, 3798 );
	INSERT INTO MAP_APP_TAG VALUES( 26800, 21 );
	INSERT INTO MAP_APP_TAG VALUES( 26800, 19 );
	INSERT INTO MAP_APP_TAG VALUES( 26800, 7481 );
	INSERT INTO MAP_APP_TAG VALUES( 26800, 1684 );

INSERT INTO APP_TABLE	 VALUES( 26900, 'Crayon_Physics_Deluxe', 'Crayon Physics Deluxe is a 2D physics puzzle / sandbox game, in which you get to experience what it would be like if your drawings would be magically transformed into real physical objects. Solve puzzles with your artistic vision and creative use of physics.', SYSDATE ,21000, '' );
	INSERT INTO MAP_APP_CATEGORY VALUES( 26900, 3 );

	INSERT INTO MAP_APP_DEVELOPER VALUES( 26900, 263 );

	INSERT INTO MAP_APP_GENRE VALUES( 26900, 7 );
	INSERT INTO MAP_APP_GENRE VALUES( 26900, 4 );

	INSERT INTO MAP_APP_LANG VALUES ( 26900, 2,  'Y', 'N', 'N' );

	INSERT INTO MAP_APP_PUBLISHER VALUES( 26900, 263 );

	INSERT INTO MAP_APP_TAG VALUES( 26900, 492 );
	INSERT INTO MAP_APP_TAG VALUES( 26900, 597 );
	INSERT INTO MAP_APP_TAG VALUES( 26900, 1664 );
	INSERT INTO MAP_APP_TAG VALUES( 26900, 3968 );
	INSERT INTO MAP_APP_TAG VALUES( 26900, 5350 );
	INSERT INTO MAP_APP_TAG VALUES( 26900, 25085 );
	INSERT INTO MAP_APP_TAG VALUES( 26900, 4182 );
	INSERT INTO MAP_APP_TAG VALUES( 26900, 3871 );
	INSERT INTO MAP_APP_TAG VALUES( 26900, 4726 );

INSERT INTO APP_TABLE	 VALUES( 27000, 'The_Path', 'There is one rule in the game. And it needs to be broken. There is one goal. And when you attain it, you die.', SYSDATE ,10500, '' );
	INSERT INTO MAP_APP_CATEGORY VALUES( 27000, 3 );
	INSERT INTO MAP_APP_CATEGORY VALUES( 27000, 5 );

	INSERT INTO MAP_APP_DEVELOPER VALUES( 27000, 264 );

	INSERT INTO MAP_APP_GENRE VALUES( 27000, 3 );
	INSERT INTO MAP_APP_GENRE VALUES( 27000, 4 );

	INSERT INTO MAP_APP_LANG VALUES ( 27000, 2,  'Y', 'N', 'N' );
	INSERT INTO MAP_APP_LANG VALUES ( 27000, 3,  'Y', 'N', 'N' );
	INSERT INTO MAP_APP_LANG VALUES ( 27000, 4,  'Y', 'N', 'N' );
	INSERT INTO MAP_APP_LANG VALUES ( 27000, 13,  'Y', 'N', 'N' );
	INSERT INTO MAP_APP_LANG VALUES ( 27000, 14,  'Y', 'N', 'N' );
	INSERT INTO MAP_APP_LANG VALUES ( 27000, 6,  'Y', 'N', 'N' );
	INSERT INTO MAP_APP_LANG VALUES ( 27000, 25,  'Y', 'N', 'N' );
	INSERT INTO MAP_APP_LANG VALUES ( 27000, 7,  'Y', 'N', 'N' );
	INSERT INTO MAP_APP_LANG VALUES ( 27000, 17,  'Y', 'N', 'N' );

	INSERT INTO MAP_APP_PUBLISHER VALUES( 27000, 264 );

	INSERT INTO MAP_APP_TAG VALUES( 27000, 5900 );
	INSERT INTO MAP_APP_TAG VALUES( 27000, 492 );
	INSERT INTO MAP_APP_TAG VALUES( 27000, 21 );
	INSERT INTO MAP_APP_TAG VALUES( 27000, 3834 );
	INSERT INTO MAP_APP_TAG VALUES( 27000, 1667 );
	INSERT INTO MAP_APP_TAG VALUES( 27000, 7208 );
	INSERT INTO MAP_APP_TAG VALUES( 27000, 1710 );
	INSERT INTO MAP_APP_TAG VALUES( 27000, 13782 );
	INSERT INTO MAP_APP_TAG VALUES( 27000, 4182 );
	INSERT INTO MAP_APP_TAG VALUES( 27000, 4166 );
	INSERT INTO MAP_APP_TAG VALUES( 27000, 3952 );
	INSERT INTO MAP_APP_TAG VALUES( 27000, 4342 );
	INSERT INTO MAP_APP_TAG VALUES( 27000, 1742 );
	INSERT INTO MAP_APP_TAG VALUES( 27000, 1697 );
	INSERT INTO MAP_APP_TAG VALUES( 27000, 1756 );
	INSERT INTO MAP_APP_TAG VALUES( 27000, 9994 );
	INSERT INTO MAP_APP_TAG VALUES( 27000, 4234 );
	INSERT INTO MAP_APP_TAG VALUES( 27000, 1721 );

INSERT INTO APP_TABLE	 VALUES( 27020, 'The_Graveyard', 'The Graveyard is a very short computer game. You play an old lady who visits a graveyard. You walk around, sit on a bench and listen to a song. It''s more like an explorable painting than an actual game. An experiment with poetry and storytelling but without words.', SYSDATE ,5500, '' );
	INSERT INTO MAP_APP_CATEGORY VALUES( 27020, 3 );

	INSERT INTO MAP_APP_DEVELOPER VALUES( 27020, 264 );

	INSERT INTO MAP_APP_GENRE VALUES( 27020, 4 );
	INSERT INTO MAP_APP_GENRE VALUES( 27020, 8 );

	INSERT INTO MAP_APP_LANG VALUES ( 27020, 2,  'Y', 'N', 'N' );

	INSERT INTO MAP_APP_PUBLISHER VALUES( 27020, 264 );

	INSERT INTO MAP_APP_TAG VALUES( 27020, 5900 );
	INSERT INTO MAP_APP_TAG VALUES( 27020, 492 );
	INSERT INTO MAP_APP_TAG VALUES( 27020, 4234 );
	INSERT INTO MAP_APP_TAG VALUES( 27020, 7208 );
	INSERT INTO MAP_APP_TAG VALUES( 27020, 4166 );
	INSERT INTO MAP_APP_TAG VALUES( 27020, 599 );
	INSERT INTO MAP_APP_TAG VALUES( 27020, 5186 );
	INSERT INTO MAP_APP_TAG VALUES( 27020, 10397 );
	INSERT INTO MAP_APP_TAG VALUES( 27020, 1667 );
	INSERT INTO MAP_APP_TAG VALUES( 27020, 4182 );
	INSERT INTO MAP_APP_TAG VALUES( 27020, 4085 );

INSERT INTO APP_TABLE	 VALUES( 27050, 'Fatale', '"Salom?, Salom?, dance for me. I pray thee dance for me. I am sad to-night. Yes, I am passing sad to-night. When I came hither I slipped in blood, which is an evil omen; and I heard, I am sure I heard in the air a beating of wings, a beating of giant wings. I cannot tell what they mean .... I am sad to-night. Therefore dance for me.', SYSDATE ,7500, '' );
	INSERT INTO MAP_APP_CATEGORY VALUES( 27050, 3 );

	INSERT INTO MAP_APP_DEVELOPER VALUES( 27050, 264 );

	INSERT INTO MAP_APP_GENRE VALUES( 27050, 3 );
	INSERT INTO MAP_APP_GENRE VALUES( 27050, 7 );
	INSERT INTO MAP_APP_GENRE VALUES( 27050, 4 );

	INSERT INTO MAP_APP_LANG VALUES ( 27050, 2,  'Y', 'N', 'N' );

	INSERT INTO MAP_APP_PUBLISHER VALUES( 27050, 264 );

	INSERT INTO MAP_APP_TAG VALUES( 27050, 492 );
	INSERT INTO MAP_APP_TAG VALUES( 27050, 21 );
	INSERT INTO MAP_APP_TAG VALUES( 27050, 597 );
	INSERT INTO MAP_APP_TAG VALUES( 27050, 5186 );
	INSERT INTO MAP_APP_TAG VALUES( 27050, 4234 );

INSERT INTO APP_TABLE	 VALUES( 27200, 'Summer_Athletics', 'Get ready, set, go! Summer Athletics brings the action and excitement of the 26 most popular summer sporting disciplines right into your living room! The charming 3D comic style and varying levels of difficulty makes Summer Athletics great fun for the whole family.', SYSDATE ,21000, '' );
	INSERT INTO MAP_APP_CATEGORY VALUES( 27200, 3 );
	INSERT INTO MAP_APP_CATEGORY VALUES( 27200, 1 );
	INSERT INTO MAP_APP_CATEGORY VALUES( 27200, 16 );

	INSERT INTO MAP_APP_DEVELOPER VALUES( 27200, 265 );

	INSERT INTO MAP_APP_GENRE VALUES( 27200, 11 );

	INSERT INTO MAP_APP_LANG VALUES ( 27200, 2,  'Y', 'N', 'N' );
	INSERT INTO MAP_APP_LANG VALUES ( 27200, 3,  'Y', 'N', 'N' );
	INSERT INTO MAP_APP_LANG VALUES ( 27200, 4,  'Y', 'N', 'N' );
	INSERT INTO MAP_APP_LANG VALUES ( 27200, 6,  'Y', 'N', 'N' );
	INSERT INTO MAP_APP_LANG VALUES ( 27200, 7,  'Y', 'N', 'N' );


	INSERT INTO MAP_APP_TAG VALUES( 27200, 701 );

INSERT INTO APP_TABLE	 VALUES( 27400, 'Dangerous_High_School_Girls_in_Trouble!¢â', '"Well behaved women seldom make history." - Laurel Thatcher Ulrich This is the game where good girls get better by being bad! In the 1920s, young women had a chance to change society--by misbehaving. Gather a gang of girls. Explore. Battle petty townsfolk with quick, naughty games: Fib, Flirt, Taunt...', SYSDATE ,21000, '' );
	INSERT INTO MAP_APP_CATEGORY VALUES( 27400, 3 );

	INSERT INTO MAP_APP_DEVELOPER VALUES( 27400, 266 );

	INSERT INTO MAP_APP_GENRE VALUES( 27400, 6 );
	INSERT INTO MAP_APP_GENRE VALUES( 27400, 4 );
	INSERT INTO MAP_APP_GENRE VALUES( 27400, 7 );

	INSERT INTO MAP_APP_LANG VALUES ( 27400, 2,  'Y', 'N', 'N' );

	INSERT INTO MAP_APP_PUBLISHER VALUES( 27400, 266 );

	INSERT INTO MAP_APP_TAG VALUES( 27400, 492 );
	INSERT INTO MAP_APP_TAG VALUES( 27400, 122 );
	INSERT INTO MAP_APP_TAG VALUES( 27400, 597 );
	INSERT INTO MAP_APP_TAG VALUES( 27400, 7208 );
	INSERT INTO MAP_APP_TAG VALUES( 27400, 1770 );
	INSERT INTO MAP_APP_TAG VALUES( 27400, 4182 );

INSERT INTO APP_TABLE	 VALUES( 60340, 'Luxor:_5th_Passage', 'Enjoy classic marble-shooting action in an all-new Luxor adventure!', SYSDATE ,10500, '' );
	INSERT INTO MAP_APP_CATEGORY VALUES( 60340, 3 );

	INSERT INTO MAP_APP_DEVELOPER VALUES( 60340, 178 );

	INSERT INTO MAP_APP_GENRE VALUES( 60340, 1 );
	INSERT INTO MAP_APP_GENRE VALUES( 60340, 3 );
	INSERT INTO MAP_APP_GENRE VALUES( 60340, 7 );

	INSERT INTO MAP_APP_LANG VALUES ( 60340, 2,  'Y', 'N', 'N' );

	INSERT INTO MAP_APP_PUBLISHER VALUES( 60340, 178 );

	INSERT INTO MAP_APP_TAG VALUES( 60340, 597 );
	INSERT INTO MAP_APP_TAG VALUES( 60340, 19 );
	INSERT INTO MAP_APP_TAG VALUES( 60340, 21 );
	INSERT INTO MAP_APP_TAG VALUES( 60340, 1665 );

INSERT INTO APP_TABLE	 VALUES( 27600, 'Mevo_and_The_Grooveriders', 'In MEVO''s quest to reunite his band, bring back ''FUNK'', and defeat the enemy SILENCE, players must successfully progress through five beautifully crafted worlds (Ocean, Jungle, Desert, Space and Wormhole), finding avatars along the way that will help our reluctant hero unlock other levels and reach certain scores.', SYSDATE ,-1, '' );
	INSERT INTO MAP_APP_CATEGORY VALUES( 27600, 3 );
	INSERT INTO MAP_APP_CATEGORY VALUES( 27600, 4 );

	INSERT INTO MAP_APP_DEVELOPER VALUES( 27600, 267 );

	INSERT INTO MAP_APP_GENRE VALUES( 27600, 4 );
	INSERT INTO MAP_APP_GENRE VALUES( 27600, 7 );

	INSERT INTO MAP_APP_LANG VALUES ( 27600, 2,  'Y', 'N', 'N' );

	INSERT INTO MAP_APP_PUBLISHER VALUES( 27600, 267 );

	INSERT INTO MAP_APP_TAG VALUES( 27600, 492 );
	INSERT INTO MAP_APP_TAG VALUES( 27600, 597 );
	INSERT INTO MAP_APP_TAG VALUES( 27600, 1621 );

INSERT INTO APP_TABLE	 VALUES( 27800, 'Space_Giraffe', 'Space Giraffe is an abstract action arcade style game that takes place in a succession of beautiful environments generated by an advanced graphics synthesizer. It presents itself as a shooter but the more you play the more you discover the hidden depths and strategies that make the gameplay satisfyingly rich and rewarding.', SYSDATE ,-1, '' );
	INSERT INTO MAP_APP_CATEGORY VALUES( 27800, 3 );

	INSERT INTO MAP_APP_DEVELOPER VALUES( 27800, 268 );

	INSERT INTO MAP_APP_GENRE VALUES( 27800, 4 );

	INSERT INTO MAP_APP_LANG VALUES ( 27800, 2,  'Y', 'N', 'N' );
	INSERT INTO MAP_APP_LANG VALUES ( 27800, 3,  'Y', 'N', 'N' );
	INSERT INTO MAP_APP_LANG VALUES ( 27800, 4,  'Y', 'N', 'N' );
	INSERT INTO MAP_APP_LANG VALUES ( 27800, 13,  'Y', 'N', 'N' );
	INSERT INTO MAP_APP_LANG VALUES ( 27800, 6,  'Y', 'N', 'N' );
	INSERT INTO MAP_APP_LANG VALUES ( 27800, 7,  'Y', 'N', 'N' );
	INSERT INTO MAP_APP_LANG VALUES ( 27800, 11,  'Y', 'N', 'N' );

	INSERT INTO MAP_APP_PUBLISHER VALUES( 27800, 268 );

	INSERT INTO MAP_APP_TAG VALUES( 27800, 1714 );
	INSERT INTO MAP_APP_TAG VALUES( 27800, 1773 );
	INSERT INTO MAP_APP_TAG VALUES( 27800, 5154 );
	INSERT INTO MAP_APP_TAG VALUES( 27800, 4400 );

INSERT INTO APP_TABLE	 VALUES( 27810, 'Gridrunner_Revolution', 'Gridrunner Revolution is a game which has evolved over 27 years. The original Gridrunner games were created for the Commodore 64 and Vic-20 back in 1982. The company that made the games, Llamasoft, are now one of the longest established game developers in existence and over the intervening years have done pioneering work in the field of...', SYSDATE ,-1, '' );
	INSERT INTO MAP_APP_CATEGORY VALUES( 27810, 3 );
	INSERT INTO MAP_APP_CATEGORY VALUES( 27810, 7 );

	INSERT INTO MAP_APP_DEVELOPER VALUES( 27810, 268 );

	INSERT INTO MAP_APP_GENRE VALUES( 27810, 4 );

	INSERT INTO MAP_APP_LANG VALUES ( 27810, 2,  'Y', 'N', 'N' );
	INSERT INTO MAP_APP_LANG VALUES ( 27810, 3,  'Y', 'N', 'N' );
	INSERT INTO MAP_APP_LANG VALUES ( 27810, 13,  'Y', 'N', 'N' );
	INSERT INTO MAP_APP_LANG VALUES ( 27810, 11,  'Y', 'N', 'N' );

	INSERT INTO MAP_APP_PUBLISHER VALUES( 27810, 268 );

	INSERT INTO MAP_APP_TAG VALUES( 27810, 1773 );
	INSERT INTO MAP_APP_TAG VALUES( 27810, 492 );
	INSERT INTO MAP_APP_TAG VALUES( 27810, 1714 );

INSERT INTO APP_TABLE	 VALUES( 27900, 'Twin_Sector', 'The story of Twin Sector takes place in a post-apocalyptic future where the remains of mankind have been put to artificial sleep in cryogenic chambers deep under the contaminated surface of earth ? until the planet becomes habitable again. You as the player must take the role of Ashley Simms, the protagonist of Twin Sector.', SYSDATE ,5500, '' );
	INSERT INTO MAP_APP_CATEGORY VALUES( 27900, 3 );

	INSERT INTO MAP_APP_DEVELOPER VALUES( 27900, 269 );

	INSERT INTO MAP_APP_GENRE VALUES( 27900, 1 );
	INSERT INTO MAP_APP_GENRE VALUES( 27900, 3 );

	INSERT INTO MAP_APP_LANG VALUES ( 27900, 2,  'Y', 'Y', 'N' );
	INSERT INTO MAP_APP_LANG VALUES ( 27900, 3,  'Y', 'N', 'N' );
	INSERT INTO MAP_APP_LANG VALUES ( 27900, 4,  'Y', 'N', 'N' );
	INSERT INTO MAP_APP_LANG VALUES ( 27900, 28,  'Y', 'N', 'N' );
	INSERT INTO MAP_APP_LANG VALUES ( 27900, 6,  'Y', 'Y', 'N' );
	INSERT INTO MAP_APP_LANG VALUES ( 27900, 7,  'Y', 'N', 'N' );

	INSERT INTO MAP_APP_PUBLISHER VALUES( 27900, 406 );

	INSERT INTO MAP_APP_TAG VALUES( 27900, 19 );
	INSERT INTO MAP_APP_TAG VALUES( 27900, 21 );
	INSERT INTO MAP_APP_TAG VALUES( 27900, 1664 );
	INSERT INTO MAP_APP_TAG VALUES( 27900, 7208 );
	INSERT INTO MAP_APP_TAG VALUES( 27900, 3839 );
	INSERT INTO MAP_APP_TAG VALUES( 27900, 1742 );
	INSERT INTO MAP_APP_TAG VALUES( 27900, 1663 );

INSERT INTO APP_TABLE	 VALUES( 27920, 'Booster_Trooper', 'Booster Trooper is the future of multiplayer platform shooters. It provides tons of fun with its fast paced action and larger-than-life weapons. You can run or fly around the map, blasting your enemies to bits with bullets, rockets, grenades, magma and other weapons from your arsenal.', SYSDATE ,5500, '' );
	INSERT INTO MAP_APP_CATEGORY VALUES( 27920, 3 );
	INSERT INTO MAP_APP_CATEGORY VALUES( 27920, 1 );
	INSERT INTO MAP_APP_CATEGORY VALUES( 27920, 4 );
	INSERT INTO MAP_APP_CATEGORY VALUES( 27920, 7 );
	INSERT INTO MAP_APP_CATEGORY VALUES( 27920, 11 );
	INSERT INTO MAP_APP_CATEGORY VALUES( 27920, 18 );

	INSERT INTO MAP_APP_DEVELOPER VALUES( 27920, 269 );

	INSERT INTO MAP_APP_GENRE VALUES( 27920, 1 );
	INSERT INTO MAP_APP_GENRE VALUES( 27920, 4 );

	INSERT INTO MAP_APP_LANG VALUES ( 27920, 2,  'Y', 'N', 'N' );

	INSERT INTO MAP_APP_PUBLISHER VALUES( 27920, 269 );

	INSERT INTO MAP_APP_TAG VALUES( 27920, 19 );
	INSERT INTO MAP_APP_TAG VALUES( 27920, 492 );
	INSERT INTO MAP_APP_TAG VALUES( 27920, 1625 );
	INSERT INTO MAP_APP_TAG VALUES( 27920, 3859 );

INSERT INTO APP_TABLE	 VALUES( 60700, 'Power_of_Defense', 'Power Of Defense provides a new strategy and defense mix game experience. Defend your world from upcoming evil and oil-smelling robots. They come from the platform between both parallel universes you have to fight on by producing own robots to send them back to their native world.', SYSDATE ,-1, '' );
	INSERT INTO MAP_APP_CATEGORY VALUES( 60700, 3 );
	INSERT INTO MAP_APP_CATEGORY VALUES( 60700, 1 );
	INSERT INTO MAP_APP_CATEGORY VALUES( 60700, 4 );

	INSERT INTO MAP_APP_DEVELOPER VALUES( 60700, 450 );

	INSERT INTO MAP_APP_GENRE VALUES( 60700, 5 );
	INSERT INTO MAP_APP_GENRE VALUES( 60700, 4 );

	INSERT INTO MAP_APP_LANG VALUES ( 60700, 2,  'Y', 'N', 'N' );

	INSERT INTO MAP_APP_PUBLISHER VALUES( 60700, 450 );

	INSERT INTO MAP_APP_TAG VALUES( 60700, 9 );
	INSERT INTO MAP_APP_TAG VALUES( 60700, 492 );
	INSERT INTO MAP_APP_TAG VALUES( 60700, 1645 );

INSERT INTO APP_TABLE	 VALUES( 27940, 'Dead_Horde', 'As a survivor of the mutant virus, make your way through the city and wipe out the hordes of flesh eating mutants. Teamwork is the key to survive the DEAD HORDE...', SYSDATE ,10500, '' );
	INSERT INTO MAP_APP_CATEGORY VALUES( 27940, 3 );
	INSERT INTO MAP_APP_CATEGORY VALUES( 27940, 16 );
	INSERT INTO MAP_APP_CATEGORY VALUES( 27940, 21 );
	INSERT INTO MAP_APP_CATEGORY VALUES( 27940, 4 );
	INSERT INTO MAP_APP_CATEGORY VALUES( 27940, 7 );
	INSERT INTO MAP_APP_CATEGORY VALUES( 27940, 8 );
	INSERT INTO MAP_APP_CATEGORY VALUES( 27940, 18 );

	INSERT INTO MAP_APP_DEVELOPER VALUES( 27940, 269 );

	INSERT INTO MAP_APP_GENRE VALUES( 27940, 1 );
	INSERT INTO MAP_APP_GENRE VALUES( 27940, 4 );

	INSERT INTO MAP_APP_LANG VALUES ( 27940, 2,  'Y', 'N', 'N' );
	INSERT INTO MAP_APP_LANG VALUES ( 27940, 10,  'Y', 'N', 'N' );
	INSERT INTO MAP_APP_LANG VALUES ( 27940, 9,  'Y', 'N', 'N' );
	INSERT INTO MAP_APP_LANG VALUES ( 27940, 7,  'Y', 'N', 'N' );

	INSERT INTO MAP_APP_PUBLISHER VALUES( 27940, 269 );

	INSERT INTO MAP_APP_TAG VALUES( 27940, 19 );
	INSERT INTO MAP_APP_TAG VALUES( 27940, 1659 );
	INSERT INTO MAP_APP_TAG VALUES( 27940, 492 );
	INSERT INTO MAP_APP_TAG VALUES( 27940, 1662 );
	INSERT INTO MAP_APP_TAG VALUES( 27940, 3859 );
	INSERT INTO MAP_APP_TAG VALUES( 27940, 4182 );
	INSERT INTO MAP_APP_TAG VALUES( 27940, 4637 );
	INSERT INTO MAP_APP_TAG VALUES( 27940, 1667 );

INSERT INTO APP_TABLE	 VALUES( 28000, 'Kane_&_Lynch_2:_Dog_Days', 'Pure adrenaline of non-stop action in Single Player, Online Co-op and Multiplayer. Double the pleasure and mayhem with new multiplayer DLCs!', SYSDATE ,10500, '' );
	INSERT INTO MAP_APP_CATEGORY VALUES( 28000, 3 );
	INSERT INTO MAP_APP_CATEGORY VALUES( 28000, 1 );
	INSERT INTO MAP_APP_CATEGORY VALUES( 28000, 16 );
	INSERT INTO MAP_APP_CATEGORY VALUES( 28000, 4 );
	INSERT INTO MAP_APP_CATEGORY VALUES( 28000, 18 );

	INSERT INTO MAP_APP_DEVELOPER VALUES( 28000, 88 );

	INSERT INTO MAP_APP_GENRE VALUES( 28000, 1 );

	INSERT INTO MAP_APP_LANG VALUES ( 28000, 2,  'Y', 'N', 'N' );
	INSERT INTO MAP_APP_LANG VALUES ( 28000, 3,  'Y', 'N', 'N' );
	INSERT INTO MAP_APP_LANG VALUES ( 28000, 4,  'Y', 'N', 'N' );
	INSERT INTO MAP_APP_LANG VALUES ( 28000, 6,  'Y', 'N', 'N' );
	INSERT INTO MAP_APP_LANG VALUES ( 28000, 7,  'Y', 'N', 'N' );

	INSERT INTO MAP_APP_PUBLISHER VALUES( 28000, 344 );

	INSERT INTO MAP_APP_TAG VALUES( 28000, 19 );
	INSERT INTO MAP_APP_TAG VALUES( 28000, 1685 );
	INSERT INTO MAP_APP_TAG VALUES( 28000, 3814 );
	INSERT INTO MAP_APP_TAG VALUES( 28000, 6378 );
	INSERT INTO MAP_APP_TAG VALUES( 28000, 1774 );
	INSERT INTO MAP_APP_TAG VALUES( 28000, 1697 );
	INSERT INTO MAP_APP_TAG VALUES( 28000, 4234 );
	INSERT INTO MAP_APP_TAG VALUES( 28000, 1680 );
	INSERT INTO MAP_APP_TAG VALUES( 28000, 4166 );
	INSERT INTO MAP_APP_TAG VALUES( 28000, 4667 );
	INSERT INTO MAP_APP_TAG VALUES( 28000, 3859 );
	INSERT INTO MAP_APP_TAG VALUES( 28000, 4182 );
	INSERT INTO MAP_APP_TAG VALUES( 28000, 5611 );
	INSERT INTO MAP_APP_TAG VALUES( 28000, 1742 );
	INSERT INTO MAP_APP_TAG VALUES( 28000, 21 );
	INSERT INTO MAP_APP_TAG VALUES( 28000, 6650 );
	INSERT INTO MAP_APP_TAG VALUES( 28000, 1695 );

INSERT INTO APP_TABLE	 VALUES( 60800, 'Numen:_Contest_of_Heroes', 'Nine deities. Nine heroes. And only one champion. Mythical Greece. The land of gods, poets, heroes, but also of terrible monsters and creatures. Numen is a fully three-dimensional action RPG set in mythical Greece.', SYSDATE ,8500, '' );
	INSERT INTO MAP_APP_CATEGORY VALUES( 60800, 3 );

	INSERT INTO MAP_APP_DEVELOPER VALUES( 60800, 19 );

	INSERT INTO MAP_APP_GENRE VALUES( 60800, 6 );

	INSERT INTO MAP_APP_LANG VALUES ( 60800, 2,  'Y', 'N', 'N' );

	INSERT INTO MAP_APP_PUBLISHER VALUES( 60800, 19 );

	INSERT INTO MAP_APP_TAG VALUES( 60800, 122 );
	INSERT INTO MAP_APP_TAG VALUES( 60800, 4231 );
	INSERT INTO MAP_APP_TAG VALUES( 60800, 16094 );

INSERT INTO APP_TABLE	 VALUES( 61100, 'Lucid', 'Discover a new way to match blocks in this otherworldly, Zen-like, relaxing puzzle experience. Lucid is the world''s first Match-All puzzle game, in which you clear areas by combining all the blocks of an area. Enjoy the stunning visuals and relaxing sound effects as you make combos and hunt for the next perfect area to clear.', SYSDATE ,-1, '' );
	INSERT INTO MAP_APP_CATEGORY VALUES( 61100, 3 );
	INSERT INTO MAP_APP_CATEGORY VALUES( 61100, 4 );

	INSERT INTO MAP_APP_DEVELOPER VALUES( 61100, 451 );

	INSERT INTO MAP_APP_GENRE VALUES( 61100, 4 );
	INSERT INTO MAP_APP_GENRE VALUES( 61100, 7 );

	INSERT INTO MAP_APP_LANG VALUES ( 61100, 2,  'Y', 'N', 'N' );

	INSERT INTO MAP_APP_PUBLISHER VALUES( 61100, 451 );

	INSERT INTO MAP_APP_TAG VALUES( 61100, 597 );
	INSERT INTO MAP_APP_TAG VALUES( 61100, 492 );
	INSERT INTO MAP_APP_TAG VALUES( 61100, 1664 );
	INSERT INTO MAP_APP_TAG VALUES( 61100, 1665 );

INSERT INTO APP_TABLE	 VALUES( 61310, 'Fractal:_Make_Blooms_Not_War', 'Push, Combo, and Chain your way through a pulsing technicolor dreamscape all the while expanding your consciousness at 130 BPM.', SYSDATE ,7500, '' );
	INSERT INTO MAP_APP_CATEGORY VALUES( 61310, 3 );

	INSERT INTO MAP_APP_DEVELOPER VALUES( 61310, 452 );

	INSERT INTO MAP_APP_GENRE VALUES( 61310, 4 );
	INSERT INTO MAP_APP_GENRE VALUES( 61310, 7 );

	INSERT INTO MAP_APP_LANG VALUES ( 61310, 1,  'Y', 'N', 'N' );
	INSERT INTO MAP_APP_LANG VALUES ( 61310, 2,  'Y', 'N', 'N' );
	INSERT INTO MAP_APP_LANG VALUES ( 61310, 3,  'Y', 'N', 'N' );
	INSERT INTO MAP_APP_LANG VALUES ( 61310, 4,  'Y', 'N', 'N' );
	INSERT INTO MAP_APP_LANG VALUES ( 61310, 9,  'Y', 'N', 'N' );
	INSERT INTO MAP_APP_LANG VALUES ( 61310, 13,  'Y', 'N', 'N' );
	INSERT INTO MAP_APP_LANG VALUES ( 61310, 5,  'Y', 'N', 'N' );
	INSERT INTO MAP_APP_LANG VALUES ( 61310, 6,  'Y', 'N', 'N' );
	INSERT INTO MAP_APP_LANG VALUES ( 61310, 7,  'Y', 'N', 'N' );
	INSERT INTO MAP_APP_LANG VALUES ( 61310, 11,  'Y', 'N', 'N' );

	INSERT INTO MAP_APP_PUBLISHER VALUES( 61310, 452 );

	INSERT INTO MAP_APP_TAG VALUES( 61310, 597 );
	INSERT INTO MAP_APP_TAG VALUES( 61310, 492 );
	INSERT INTO MAP_APP_TAG VALUES( 61310, 1664 );

INSERT INTO APP_TABLE	 VALUES( 61500, 'Age_of_Wonders', 'Welcome to Age of Wonders, the authentic turn based fantasy strategy classic that started the hit series. Age of Wonders¡¯ intimate atmosphere with painterly graphics still shines today. The game¡¯s fully patched up, start building your fantasy empire today! The Age of Wonders, once a time of magic and peace.', SYSDATE ,6500, '' );
	INSERT INTO MAP_APP_CATEGORY VALUES( 61500, 3 );
	INSERT INTO MAP_APP_CATEGORY VALUES( 61500, 1 );

	INSERT INTO MAP_APP_DEVELOPER VALUES( 61500, 129 );

	INSERT INTO MAP_APP_GENRE VALUES( 61500, 6 );
	INSERT INTO MAP_APP_GENRE VALUES( 61500, 5 );

	INSERT INTO MAP_APP_LANG VALUES ( 61500, 2,  'Y', 'N', 'N' );


	INSERT INTO MAP_APP_TAG VALUES( 61500, 9 );
	INSERT INTO MAP_APP_TAG VALUES( 61500, 122 );
	INSERT INTO MAP_APP_TAG VALUES( 61500, 1741 );
	INSERT INTO MAP_APP_TAG VALUES( 61500, 1684 );
	INSERT INTO MAP_APP_TAG VALUES( 61500, 1677 );
	INSERT INTO MAP_APP_TAG VALUES( 61500, 1693 );
	INSERT INTO MAP_APP_TAG VALUES( 61500, 1670 );
	INSERT INTO MAP_APP_TAG VALUES( 61500, 1756 );
	INSERT INTO MAP_APP_TAG VALUES( 61500, 3859 );
	INSERT INTO MAP_APP_TAG VALUES( 61500, 4182 );

INSERT INTO APP_TABLE	 VALUES( 61510, 'Age_of_Wonders_II:_The_Wizard''s_Throne', 'Age of Wonders II is the wildly anticipated sequel to the award-winning strategy phenomenon. Delivering an invigorating mix of Empire Building, Role-playing, and Warfare, Age of Wonders II brings s turn-based strategy to new heights.', SYSDATE ,10500, '' );
	INSERT INTO MAP_APP_CATEGORY VALUES( 61510, 3 );
	INSERT INTO MAP_APP_CATEGORY VALUES( 61510, 1 );

	INSERT INTO MAP_APP_DEVELOPER VALUES( 61510, 129 );

	INSERT INTO MAP_APP_GENRE VALUES( 61510, 6 );
	INSERT INTO MAP_APP_GENRE VALUES( 61510, 5 );

	INSERT INTO MAP_APP_LANG VALUES ( 61510, 2,  'Y', 'N', 'N' );


	INSERT INTO MAP_APP_TAG VALUES( 61510, 9 );
	INSERT INTO MAP_APP_TAG VALUES( 61510, 122 );
	INSERT INTO MAP_APP_TAG VALUES( 61510, 1741 );
	INSERT INTO MAP_APP_TAG VALUES( 61510, 1677 );
	INSERT INTO MAP_APP_TAG VALUES( 61510, 1684 );
	INSERT INTO MAP_APP_TAG VALUES( 61510, 1670 );

INSERT INTO APP_TABLE	 VALUES( 61520, 'Age_of_Wonders_Shadow_Magic', 'Age of Wonders: Shadow Magic is the third entry in the award winning fantasy strategy series. This fan-favorite enhances the series'' praised fusion of empire building, role-playing and tactical combat with the eerie Shadow World and battle with races never before seen, across new and diverse landscapes.', SYSDATE ,10500, '' );
	INSERT INTO MAP_APP_CATEGORY VALUES( 61520, 3 );
	INSERT INTO MAP_APP_CATEGORY VALUES( 61520, 1 );

	INSERT INTO MAP_APP_DEVELOPER VALUES( 61520, 129 );

	INSERT INTO MAP_APP_GENRE VALUES( 61520, 6 );
	INSERT INTO MAP_APP_GENRE VALUES( 61520, 5 );

	INSERT INTO MAP_APP_LANG VALUES ( 61520, 2,  'Y', 'N', 'N' );


	INSERT INTO MAP_APP_TAG VALUES( 61520, 9 );
	INSERT INTO MAP_APP_TAG VALUES( 61520, 122 );
	INSERT INTO MAP_APP_TAG VALUES( 61520, 1741 );
	INSERT INTO MAP_APP_TAG VALUES( 61520, 1684 );
	INSERT INTO MAP_APP_TAG VALUES( 61520, 1677 );
	INSERT INTO MAP_APP_TAG VALUES( 61520, 1670 );
	INSERT INTO MAP_APP_TAG VALUES( 61520, 4182 );
	INSERT INTO MAP_APP_TAG VALUES( 61520, 3859 );
	INSERT INTO MAP_APP_TAG VALUES( 61520, 1693 );
	INSERT INTO MAP_APP_TAG VALUES( 61520, 4057 );

INSERT INTO APP_TABLE	 VALUES( 61600, 'Zen_Bound_2', 'Wrap your way to bliss in Zen Bound 2, the unique down-tempo indie game! This is a different gaming experience: an opportunity to slow down, zone out and focus on a task that¡¯s challenging but not stressful, a set of gentle puzzles for the mind and fingers to solve.', SYSDATE ,5500, '' );
	INSERT INTO MAP_APP_CATEGORY VALUES( 61600, 3 );
	INSERT INTO MAP_APP_CATEGORY VALUES( 61600, 4 );
	INSERT INTO MAP_APP_CATEGORY VALUES( 61600, 8 );

	INSERT INTO MAP_APP_DEVELOPER VALUES( 61600, 453 );

	INSERT INTO MAP_APP_GENRE VALUES( 61600, 4 );
	INSERT INTO MAP_APP_GENRE VALUES( 61600, 7 );

	INSERT INTO MAP_APP_LANG VALUES ( 61600, 2,  'Y', 'N', 'N' );

	INSERT INTO MAP_APP_PUBLISHER VALUES( 61600, 453 );

	INSERT INTO MAP_APP_TAG VALUES( 61600, 597 );
	INSERT INTO MAP_APP_TAG VALUES( 61600, 492 );
	INSERT INTO MAP_APP_TAG VALUES( 61600, 1664 );
	INSERT INTO MAP_APP_TAG VALUES( 61600, 1654 );
	INSERT INTO MAP_APP_TAG VALUES( 61600, 4182 );

INSERT INTO APP_TABLE	 VALUES( 61700, 'Might_&_Magic:_Clash_of_Heroes', 'Scattered across five different regions, five special heroes must travel their own dangerous paths to grow in strength, unravel a demonic plot & ultimately save the world from chaos.', SYSDATE ,12500, '' );
	INSERT INTO MAP_APP_CATEGORY VALUES( 61700, 3 );
	INSERT INTO MAP_APP_CATEGORY VALUES( 61700, 1 );
	INSERT INTO MAP_APP_CATEGORY VALUES( 61700, 16 );
	INSERT INTO MAP_APP_CATEGORY VALUES( 61700, 7 );
	INSERT INTO MAP_APP_CATEGORY VALUES( 61700, 8 );
	INSERT INTO MAP_APP_CATEGORY VALUES( 61700, 2 );
	INSERT INTO MAP_APP_CATEGORY VALUES( 61700, 18 );

	INSERT INTO MAP_APP_DEVELOPER VALUES( 61700, 454 );

	INSERT INTO MAP_APP_GENRE VALUES( 61700, 6 );
	INSERT INTO MAP_APP_GENRE VALUES( 61700, 5 );

	INSERT INTO MAP_APP_LANG VALUES ( 61700, 2,  'Y', 'N', 'N' );
	INSERT INTO MAP_APP_LANG VALUES ( 61700, 3,  'Y', 'N', 'N' );
	INSERT INTO MAP_APP_LANG VALUES ( 61700, 4,  'Y', 'N', 'N' );
	INSERT INTO MAP_APP_LANG VALUES ( 61700, 10,  'Y', 'N', 'N' );
	INSERT INTO MAP_APP_LANG VALUES ( 61700, 6,  'Y', 'N', 'N' );
	INSERT INTO MAP_APP_LANG VALUES ( 61700, 7,  'Y', 'N', 'N' );

	INSERT INTO MAP_APP_PUBLISHER VALUES( 61700, 160 );

	INSERT INTO MAP_APP_TAG VALUES( 61700, 9 );
	INSERT INTO MAP_APP_TAG VALUES( 61700, 1664 );
	INSERT INTO MAP_APP_TAG VALUES( 61700, 122 );
	INSERT INTO MAP_APP_TAG VALUES( 61700, 1677 );
	INSERT INTO MAP_APP_TAG VALUES( 61700, 1665 );
	INSERT INTO MAP_APP_TAG VALUES( 61700, 4182 );
	INSERT INTO MAP_APP_TAG VALUES( 61700, 3859 );
	INSERT INTO MAP_APP_TAG VALUES( 61700, 1684 );
	INSERT INTO MAP_APP_TAG VALUES( 61700, 4085 );
	INSERT INTO MAP_APP_TAG VALUES( 61700, 1708 );
	INSERT INTO MAP_APP_TAG VALUES( 61700, 597 );
	INSERT INTO MAP_APP_TAG VALUES( 61700, 21 );
	INSERT INTO MAP_APP_TAG VALUES( 61700, 1685 );
	INSERT INTO MAP_APP_TAG VALUES( 61700, 3871 );
	INSERT INTO MAP_APP_TAG VALUES( 61700, 7208 );

INSERT INTO APP_TABLE	 VALUES( 61730, 'Critter_Crunch', 'Using Critter Crunch''s ''Food Chain'' mechanic, players will eat their way through a smorgasbord of levels and gorge on a feast of modes, including Co-op and Versus multiplayer.', SYSDATE ,7500, '' );
	INSERT INTO MAP_APP_CATEGORY VALUES( 61730, 3 );
	INSERT INTO MAP_APP_CATEGORY VALUES( 61730, 1 );
	INSERT INTO MAP_APP_CATEGORY VALUES( 61730, 16 );
	INSERT INTO MAP_APP_CATEGORY VALUES( 61730, 4 );
	INSERT INTO MAP_APP_CATEGORY VALUES( 61730, 7 );
	INSERT INTO MAP_APP_CATEGORY VALUES( 61730, 8 );
	INSERT INTO MAP_APP_CATEGORY VALUES( 61730, 2 );
	INSERT INTO MAP_APP_CATEGORY VALUES( 61730, 18 );

	INSERT INTO MAP_APP_DEVELOPER VALUES( 61730, 454 );

	INSERT INTO MAP_APP_GENRE VALUES( 61730, 1 );
	INSERT INTO MAP_APP_GENRE VALUES( 61730, 4 );
	INSERT INTO MAP_APP_GENRE VALUES( 61730, 7 );

	INSERT INTO MAP_APP_LANG VALUES ( 61730, 2,  'Y', 'Y', 'N' );
	INSERT INTO MAP_APP_LANG VALUES ( 61730, 3,  'Y', 'Y', 'N' );
	INSERT INTO MAP_APP_LANG VALUES ( 61730, 4,  'Y', 'Y', 'N' );
	INSERT INTO MAP_APP_LANG VALUES ( 61730, 6,  'Y', 'Y', 'N' );
	INSERT INTO MAP_APP_LANG VALUES ( 61730, 7,  'Y', 'Y', 'N' );

	INSERT INTO MAP_APP_PUBLISHER VALUES( 61730, 454 );

	INSERT INTO MAP_APP_TAG VALUES( 61730, 492 );
	INSERT INTO MAP_APP_TAG VALUES( 61730, 597 );
	INSERT INTO MAP_APP_TAG VALUES( 61730, 1664 );
	INSERT INTO MAP_APP_TAG VALUES( 61730, 19 );
	INSERT INTO MAP_APP_TAG VALUES( 61730, 4726 );
	INSERT INTO MAP_APP_TAG VALUES( 61730, 5350 );
	INSERT INTO MAP_APP_TAG VALUES( 61730, 3841 );
	INSERT INTO MAP_APP_TAG VALUES( 61730, 3859 );

INSERT INTO APP_TABLE	 VALUES( 29120, 'Yumsters_2:_Around_the_World', 'Not only are these Yumsters crazy for strawberries, they can rock the bongos. For the love of fruity music, help them earn money by cleaning gardens to promote their band. To really skyrocket, Yumsters need the best equipment to win the ultimate grand prize at the fairy town music showdown.', SYSDATE ,5500, '' );
	INSERT INTO MAP_APP_CATEGORY VALUES( 29120, 3 );

	INSERT INTO MAP_APP_DEVELOPER VALUES( 29120, 270 );

	INSERT INTO MAP_APP_GENRE VALUES( 29120, 4 );
	INSERT INTO MAP_APP_GENRE VALUES( 29120, 7 );

	INSERT INTO MAP_APP_LANG VALUES ( 29120, 2,  'Y', 'N', 'N' );
	INSERT INTO MAP_APP_LANG VALUES ( 29120, 6,  'Y', 'N', 'N' );

	INSERT INTO MAP_APP_PUBLISHER VALUES( 29120, 270 );

	INSERT INTO MAP_APP_TAG VALUES( 29120, 597 );
	INSERT INTO MAP_APP_TAG VALUES( 29120, 492 );

INSERT INTO APP_TABLE	 VALUES( 29130, 'Musaic_Box', 'Uncover all of your grandfather''s sheet music, hidden in his home amongst a treasure trove of gorgeous antiques and musical relics. Melodious music box games will let you piece these special compositions together and unleash their symphonious secrets. Unlock Creative Mode and write your own outstanding arrangements.', SYSDATE ,5500, '' );
	INSERT INTO MAP_APP_CATEGORY VALUES( 29130, 3 );

	INSERT INTO MAP_APP_DEVELOPER VALUES( 29130, 270 );

	INSERT INTO MAP_APP_GENRE VALUES( 29130, 4 );
	INSERT INTO MAP_APP_GENRE VALUES( 29130, 7 );

	INSERT INTO MAP_APP_LANG VALUES ( 29130, 2,  'Y', 'N', 'N' );
	INSERT INTO MAP_APP_LANG VALUES ( 29130, 6,  'Y', 'N', 'N' );

	INSERT INTO MAP_APP_PUBLISHER VALUES( 29130, 270 );

	INSERT INTO MAP_APP_TAG VALUES( 29130, 492 );
	INSERT INTO MAP_APP_TAG VALUES( 29130, 597 );
	INSERT INTO MAP_APP_TAG VALUES( 29130, 1621 );
	INSERT INTO MAP_APP_TAG VALUES( 29130, 1664 );

INSERT INTO APP_TABLE	 VALUES( 29160, 'Blueberry_Garden', 'Congratulations Blueberry Garden! Winner of the Seumas McNally Grand Prize for ''Best Independent Game'' at the 2009 Independent Games Festival. Also a winner for ''Best Innovation'' at the 2008 Swedish Game Awards. Blueberry Garden is a short and experimental game about exploring a strange world.', SYSDATE ,-1, '' );
	INSERT INTO MAP_APP_CATEGORY VALUES( 29160, 3 );

	INSERT INTO MAP_APP_DEVELOPER VALUES( 29160, 271 );

	INSERT INTO MAP_APP_GENRE VALUES( 29160, 3 );
	INSERT INTO MAP_APP_GENRE VALUES( 29160, 4 );

	INSERT INTO MAP_APP_LANG VALUES ( 29160, 2,  'Y', 'N', 'N' );

	INSERT INTO MAP_APP_PUBLISHER VALUES( 29160, 271 );

	INSERT INTO MAP_APP_TAG VALUES( 29160, 21 );
	INSERT INTO MAP_APP_TAG VALUES( 29160, 492 );
	INSERT INTO MAP_APP_TAG VALUES( 29160, 4234 );
	INSERT INTO MAP_APP_TAG VALUES( 29160, 1664 );

INSERT INTO APP_TABLE	 VALUES( 62000, 'Flight_Control_HD', 'Control a never-ending stream of aircraft in this insanely addictive worldwide hit from Firemint! You¡¯re an air traffic controller at an increasingly busy airport; just point and drag aircraft to their landing zones with your mouse or trackpad. Sounds easy? It isn¡¯t!', SYSDATE ,5500, '' );
	INSERT INTO MAP_APP_CATEGORY VALUES( 62000, 3 );
	INSERT INTO MAP_APP_CATEGORY VALUES( 62000, 4 );
	INSERT INTO MAP_APP_CATEGORY VALUES( 62000, 8 );
	INSERT INTO MAP_APP_CATEGORY VALUES( 62000, 11 );
	INSERT INTO MAP_APP_CATEGORY VALUES( 62000, 18 );

	INSERT INTO MAP_APP_DEVELOPER VALUES( 62000, 455 );

	INSERT INTO MAP_APP_GENRE VALUES( 62000, 1 );
	INSERT INTO MAP_APP_GENRE VALUES( 62000, 7 );

	INSERT INTO MAP_APP_LANG VALUES ( 62000, 2,  'Y', 'N', 'N' );

	INSERT INTO MAP_APP_PUBLISHER VALUES( 62000, 455 );

	INSERT INTO MAP_APP_TAG VALUES( 62000, 597 );
	INSERT INTO MAP_APP_TAG VALUES( 62000, 19 );
	INSERT INTO MAP_APP_TAG VALUES( 62000, 1773 );
	INSERT INTO MAP_APP_TAG VALUES( 62000, 25085 );
	INSERT INTO MAP_APP_TAG VALUES( 62000, 4182 );
	INSERT INTO MAP_APP_TAG VALUES( 62000, 492 );
	INSERT INTO MAP_APP_TAG VALUES( 62000, 9 );

INSERT INTO APP_TABLE	 VALUES( 62100, 'Chime', 'A Zo? Mode production for the video game charity initiative OneBigGame, Chime pits gamers against the melody in an all-new puzzle experience. Place blocks against the clock, complete solid quads and try to cover the whole playing surface, all the while remixing and embellishing pieces by musicians from across the planet.', SYSDATE ,5500, '' );
	INSERT INTO MAP_APP_CATEGORY VALUES( 62100, 3 );
	INSERT INTO MAP_APP_CATEGORY VALUES( 62100, 4 );
	INSERT INTO MAP_APP_CATEGORY VALUES( 62100, 7 );
	INSERT INTO MAP_APP_CATEGORY VALUES( 62100, 11 );
	INSERT INTO MAP_APP_CATEGORY VALUES( 62100, 18 );

	INSERT INTO MAP_APP_DEVELOPER VALUES( 62100, 456 );

	INSERT INTO MAP_APP_GENRE VALUES( 62100, 7 );

	INSERT INTO MAP_APP_LANG VALUES ( 62100, 2,  'Y', 'N', 'N' );
	INSERT INTO MAP_APP_LANG VALUES ( 62100, 3,  'Y', 'N', 'N' );
	INSERT INTO MAP_APP_LANG VALUES ( 62100, 4,  'Y', 'N', 'N' );
	INSERT INTO MAP_APP_LANG VALUES ( 62100, 6,  'Y', 'N', 'N' );
	INSERT INTO MAP_APP_LANG VALUES ( 62100, 7,  'Y', 'N', 'N' );


	INSERT INTO MAP_APP_TAG VALUES( 62100, 597 );
	INSERT INTO MAP_APP_TAG VALUES( 62100, 1664 );
	INSERT INTO MAP_APP_TAG VALUES( 62100, 1621 );
	INSERT INTO MAP_APP_TAG VALUES( 62100, 1752 );
	INSERT INTO MAP_APP_TAG VALUES( 62100, 1756 );
	INSERT INTO MAP_APP_TAG VALUES( 62100, 492 );
	INSERT INTO MAP_APP_TAG VALUES( 62100, 4182 );

INSERT INTO APP_TABLE	 VALUES( 29540, 'Guild_Wars¢ç_Game_of_the_Year_Edition', 'An award-winning online fantasy epic awaits. No Subscription Fees! Take your first step into Guild Wars¢ç, the award-winning fantasy online roleplaying game enjoyed by millions of players. Across Tyria, the human kingdoms are under attack by the vicious Charr.', SYSDATE ,-1, '' );
	INSERT INTO MAP_APP_CATEGORY VALUES( 29540, 1 );
	INSERT INTO MAP_APP_CATEGORY VALUES( 29540, 24 );

	INSERT INTO MAP_APP_DEVELOPER VALUES( 29540, 272 );

	INSERT INTO MAP_APP_GENRE VALUES( 29540, 6 );
	INSERT INTO MAP_APP_GENRE VALUES( 29540, 10 );

	INSERT INTO MAP_APP_LANG VALUES ( 29540, 2,  'Y', 'Y', 'N' );
	INSERT INTO MAP_APP_LANG VALUES ( 29540, 3,  'Y', 'Y', 'N' );
	INSERT INTO MAP_APP_LANG VALUES ( 29540, 4,  'Y', 'Y', 'N' );
	INSERT INTO MAP_APP_LANG VALUES ( 29540, 9,  'Y', 'N', 'N' );
	INSERT INTO MAP_APP_LANG VALUES ( 29540, 10,  'Y', 'N', 'N' );
	INSERT INTO MAP_APP_LANG VALUES ( 29540, 5,  'Y', 'Y', 'N' );
	INSERT INTO MAP_APP_LANG VALUES ( 29540, 6,  'Y', 'Y', 'N' );
	INSERT INTO MAP_APP_LANG VALUES ( 29540, 7,  'Y', 'Y', 'N' );
	INSERT INTO MAP_APP_LANG VALUES ( 29540, 11,  'Y', 'N', 'N' );


	INSERT INTO MAP_APP_TAG VALUES( 29540, 122 );
	INSERT INTO MAP_APP_TAG VALUES( 29540, 128 );
	INSERT INTO MAP_APP_TAG VALUES( 29540, 1684 );
	INSERT INTO MAP_APP_TAG VALUES( 29540, 1742 );

INSERT INTO APP_TABLE	 VALUES( 29560, 'Guild_Wars_Factions¢ç', 'Two hundred years ago, the Betrayer called Shiro Tagachi transformed the lush continent of Cantha into a devastated landscape of stone forests and crystalline seas. Now, in an empire torn asunder by war, who you fight is as important as who you serve.', SYSDATE ,-1, '' );
	INSERT INTO MAP_APP_CATEGORY VALUES( 29560, 1 );
	INSERT INTO MAP_APP_CATEGORY VALUES( 29560, 24 );

	INSERT INTO MAP_APP_DEVELOPER VALUES( 29560, 272 );

	INSERT INTO MAP_APP_GENRE VALUES( 29560, 6 );
	INSERT INTO MAP_APP_GENRE VALUES( 29560, 10 );

	INSERT INTO MAP_APP_LANG VALUES ( 29560, 2,  'Y', 'Y', 'N' );
	INSERT INTO MAP_APP_LANG VALUES ( 29560, 3,  'Y', 'Y', 'N' );
	INSERT INTO MAP_APP_LANG VALUES ( 29560, 4,  'Y', 'Y', 'N' );
	INSERT INTO MAP_APP_LANG VALUES ( 29560, 9,  'Y', 'N', 'N' );
	INSERT INTO MAP_APP_LANG VALUES ( 29560, 10,  'Y', 'N', 'N' );
	INSERT INTO MAP_APP_LANG VALUES ( 29560, 5,  'Y', 'Y', 'N' );
	INSERT INTO MAP_APP_LANG VALUES ( 29560, 6,  'Y', 'Y', 'N' );
	INSERT INTO MAP_APP_LANG VALUES ( 29560, 7,  'Y', 'Y', 'N' );
	INSERT INTO MAP_APP_LANG VALUES ( 29560, 11,  'Y', 'N', 'N' );


	INSERT INTO MAP_APP_TAG VALUES( 29560, 128 );
	INSERT INTO MAP_APP_TAG VALUES( 29560, 122 );

INSERT INTO APP_TABLE	 VALUES( 29570, 'Guild_Wars_Trilogy', 'An award-winning online fantasy epic awaits. No subscription fees! Step into Guild Wars¢ç, the award-winning fantasy online roleplaying game enjoyed by millions of players. For the first time ever, Guild Wars Trilogy combines Guild Wars, Factions¢â, and Nightfall¢â into a single amazing experience.', SYSDATE ,-1, '' );
	INSERT INTO MAP_APP_CATEGORY VALUES( 29570, 1 );
	INSERT INTO MAP_APP_CATEGORY VALUES( 29570, 24 );

	INSERT INTO MAP_APP_DEVELOPER VALUES( 29570, 272 );

	INSERT INTO MAP_APP_GENRE VALUES( 29570, 10 );
	INSERT INTO MAP_APP_GENRE VALUES( 29570, 6 );

	INSERT INTO MAP_APP_LANG VALUES ( 29570, 2,  'Y', 'Y', 'N' );
	INSERT INTO MAP_APP_LANG VALUES ( 29570, 3,  'Y', 'Y', 'N' );
	INSERT INTO MAP_APP_LANG VALUES ( 29570, 4,  'Y', 'Y', 'N' );
	INSERT INTO MAP_APP_LANG VALUES ( 29570, 9,  'Y', 'N', 'N' );
	INSERT INTO MAP_APP_LANG VALUES ( 29570, 10,  'Y', 'N', 'N' );
	INSERT INTO MAP_APP_LANG VALUES ( 29570, 5,  'Y', 'Y', 'N' );
	INSERT INTO MAP_APP_LANG VALUES ( 29570, 6,  'Y', 'Y', 'N' );
	INSERT INTO MAP_APP_LANG VALUES ( 29570, 7,  'Y', 'Y', 'N' );
	INSERT INTO MAP_APP_LANG VALUES ( 29570, 11,  'Y', 'N', 'N' );


	INSERT INTO MAP_APP_TAG VALUES( 29570, 122 );
	INSERT INTO MAP_APP_TAG VALUES( 29570, 128 );
	INSERT INTO MAP_APP_TAG VALUES( 29570, 1754 );
	INSERT INTO MAP_APP_TAG VALUES( 29570, 1775 );

INSERT INTO APP_TABLE	 VALUES( 29580, 'Guild_Wars_Nightfall¢ç', 'Join millions of players worldwide in this third campaign in the award-winning Guild Wars¢ç universe. Create your own band of Heroes and lead them against a mad ruler and an outcast god who desire to bring darkness to Elona. When night falls you must fight ? but you won''t fight alone.', SYSDATE ,-1, '' );
	INSERT INTO MAP_APP_CATEGORY VALUES( 29580, 1 );
	INSERT INTO MAP_APP_CATEGORY VALUES( 29580, 24 );

	INSERT INTO MAP_APP_DEVELOPER VALUES( 29580, 272 );

	INSERT INTO MAP_APP_GENRE VALUES( 29580, 6 );
	INSERT INTO MAP_APP_GENRE VALUES( 29580, 10 );

	INSERT INTO MAP_APP_LANG VALUES ( 29580, 2,  'Y', 'Y', 'N' );
	INSERT INTO MAP_APP_LANG VALUES ( 29580, 3,  'Y', 'Y', 'N' );
	INSERT INTO MAP_APP_LANG VALUES ( 29580, 4,  'Y', 'Y', 'N' );
	INSERT INTO MAP_APP_LANG VALUES ( 29580, 9,  'Y', 'N', 'N' );
	INSERT INTO MAP_APP_LANG VALUES ( 29580, 10,  'Y', 'N', 'N' );
	INSERT INTO MAP_APP_LANG VALUES ( 29580, 5,  'Y', 'Y', 'N' );
	INSERT INTO MAP_APP_LANG VALUES ( 29580, 6,  'Y', 'Y', 'N' );
	INSERT INTO MAP_APP_LANG VALUES ( 29580, 7,  'Y', 'Y', 'N' );
	INSERT INTO MAP_APP_LANG VALUES ( 29580, 11,  'Y', 'N', 'N' );


	INSERT INTO MAP_APP_TAG VALUES( 29580, 122 );
	INSERT INTO MAP_APP_TAG VALUES( 29580, 128 );

INSERT INTO APP_TABLE	 VALUES( 29700, 'Guild_Wars:_Eye_of_the_North¢ç', 'Tyria... now the danger runs deep. Guild Wars: Eye of the North is the first true expansion for the Guild Wars franchise, providing new content geared exclusively for level 20 characters. Return to the battle-scarred continent of Tyria, home of the original Guild Wars campaign.', SYSDATE ,-1, '' );
	INSERT INTO MAP_APP_CATEGORY VALUES( 29700, 3 );
	INSERT INTO MAP_APP_CATEGORY VALUES( 29700, 1 );
	INSERT INTO MAP_APP_CATEGORY VALUES( 29700, 24 );
	INSERT INTO MAP_APP_CATEGORY VALUES( 29700, 16 );

	INSERT INTO MAP_APP_DEVELOPER VALUES( 29700, 272 );

	INSERT INTO MAP_APP_GENRE VALUES( 29700, 1 );
	INSERT INTO MAP_APP_GENRE VALUES( 29700, 6 );
	INSERT INTO MAP_APP_GENRE VALUES( 29700, 10 );

	INSERT INTO MAP_APP_LANG VALUES ( 29700, 2,  'Y', 'N', 'N' );
	INSERT INTO MAP_APP_LANG VALUES ( 29700, 3,  'Y', 'N', 'N' );
	INSERT INTO MAP_APP_LANG VALUES ( 29700, 4,  'Y', 'N', 'N' );
	INSERT INTO MAP_APP_LANG VALUES ( 29700, 10,  'Y', 'N', 'N' );
	INSERT INTO MAP_APP_LANG VALUES ( 29700, 9,  'Y', 'N', 'N' );
	INSERT INTO MAP_APP_LANG VALUES ( 29700, 5,  'Y', 'N', 'N' );
	INSERT INTO MAP_APP_LANG VALUES ( 29700, 6,  'Y', 'N', 'N' );
	INSERT INTO MAP_APP_LANG VALUES ( 29700, 7,  'Y', 'N', 'N' );
	INSERT INTO MAP_APP_LANG VALUES ( 29700, 11,  'Y', 'N', 'N' );


	INSERT INTO MAP_APP_TAG VALUES( 29700, 128 );
	INSERT INTO MAP_APP_TAG VALUES( 29700, 122 );
	INSERT INTO MAP_APP_TAG VALUES( 29700, 19 );

INSERT INTO APP_TABLE	 VALUES( 29800, 'Caster', 'Dash across Scenic Locations destroying bug like creatures called the Flanx using 6 Unique Attacks that include Massive Terrain Deformation and High Speed Barrages of Energy Blasts!', SYSDATE ,-1, '' );
	INSERT INTO MAP_APP_CATEGORY VALUES( 29800, 3 );
	INSERT INTO MAP_APP_CATEGORY VALUES( 29800, 5 );
	INSERT INTO MAP_APP_CATEGORY VALUES( 29800, 7 );

	INSERT INTO MAP_APP_DEVELOPER VALUES( 29800, 273 );

	INSERT INTO MAP_APP_GENRE VALUES( 29800, 1 );
	INSERT INTO MAP_APP_GENRE VALUES( 29800, 3 );
	INSERT INTO MAP_APP_GENRE VALUES( 29800, 7 );
	INSERT INTO MAP_APP_GENRE VALUES( 29800, 4 );
	INSERT INTO MAP_APP_GENRE VALUES( 29800, 6 );
	INSERT INTO MAP_APP_GENRE VALUES( 29800, 5 );

	INSERT INTO MAP_APP_LANG VALUES ( 29800, 2,  'Y', 'N', 'Y' );

	INSERT INTO MAP_APP_PUBLISHER VALUES( 29800, 273 );

	INSERT INTO MAP_APP_TAG VALUES( 29800, 19 );
	INSERT INTO MAP_APP_TAG VALUES( 29800, 492 );
	INSERT INTO MAP_APP_TAG VALUES( 29800, 21 );
	INSERT INTO MAP_APP_TAG VALUES( 29800, 3814 );
	INSERT INTO MAP_APP_TAG VALUES( 29800, 597 );
	INSERT INTO MAP_APP_TAG VALUES( 29800, 122 );
	INSERT INTO MAP_APP_TAG VALUES( 29800, 9 );
	INSERT INTO MAP_APP_TAG VALUES( 29800, 4182 );
	INSERT INTO MAP_APP_TAG VALUES( 29800, 1697 );
	INSERT INTO MAP_APP_TAG VALUES( 29800, 1734 );
	INSERT INTO MAP_APP_TAG VALUES( 29800, 1756 );

INSERT INTO APP_TABLE	 VALUES( 29900, 'Dark_Sector', 'Dark Sector thrusts players into the role of Hayden Tenno, a covert operative sent on a dangerous mission into Lasria, an Eastern European city on the brink of ruin that hides a deadly Cold War secret. In the midst of this mission, Hayden is attacked by an unknown enemy and infected by the Technocyte Virus, a brutal bio-weapon that...', SYSDATE ,-1, '' );
	INSERT INTO MAP_APP_CATEGORY VALUES( 29900, 3 );
	INSERT INTO MAP_APP_CATEGORY VALUES( 29900, 1 );
	INSERT INTO MAP_APP_CATEGORY VALUES( 29900, 7 );

	INSERT INTO MAP_APP_DEVELOPER VALUES( 29900, 274 );

	INSERT INTO MAP_APP_GENRE VALUES( 29900, 1 );

	INSERT INTO MAP_APP_LANG VALUES ( 29900, 2,  'Y', 'N', 'N' );
	INSERT INTO MAP_APP_LANG VALUES ( 29900, 4,  'Y', 'N', 'N' );


	INSERT INTO MAP_APP_TAG VALUES( 29900, 19 );
	INSERT INTO MAP_APP_TAG VALUES( 29900, 3814 );
	INSERT INTO MAP_APP_TAG VALUES( 29900, 4182 );
	INSERT INTO MAP_APP_TAG VALUES( 29900, 1697 );
	INSERT INTO MAP_APP_TAG VALUES( 29900, 1774 );
	INSERT INTO MAP_APP_TAG VALUES( 29900, 4345 );
	INSERT INTO MAP_APP_TAG VALUES( 29900, 1667 );

INSERT INTO APP_TABLE	 VALUES( 63000, 'HOARD', 'Dynamite Roll! adds in 9 New Maps, New Items, and 11 New Steam Achievements!', SYSDATE ,-1, '' );
	INSERT INTO MAP_APP_CATEGORY VALUES( 63000, 3 );
	INSERT INTO MAP_APP_CATEGORY VALUES( 63000, 1 );
	INSERT INTO MAP_APP_CATEGORY VALUES( 63000, 16 );
	INSERT INTO MAP_APP_CATEGORY VALUES( 63000, 4 );
	INSERT INTO MAP_APP_CATEGORY VALUES( 63000, 17 );
	INSERT INTO MAP_APP_CATEGORY VALUES( 63000, 8 );
	INSERT INTO MAP_APP_CATEGORY VALUES( 63000, 2 );
	INSERT INTO MAP_APP_CATEGORY VALUES( 63000, 11 );
	INSERT INTO MAP_APP_CATEGORY VALUES( 63000, 18 );

	INSERT INTO MAP_APP_DEVELOPER VALUES( 63000, 457 );

	INSERT INTO MAP_APP_GENRE VALUES( 63000, 1 );
	INSERT INTO MAP_APP_GENRE VALUES( 63000, 7 );
	INSERT INTO MAP_APP_GENRE VALUES( 63000, 4 );
	INSERT INTO MAP_APP_GENRE VALUES( 63000, 5 );

	INSERT INTO MAP_APP_LANG VALUES ( 63000, 2,  'Y', 'N', 'N' );
	INSERT INTO MAP_APP_LANG VALUES ( 63000, 3,  'Y', 'N', 'N' );
	INSERT INTO MAP_APP_LANG VALUES ( 63000, 4,  'Y', 'N', 'N' );
	INSERT INTO MAP_APP_LANG VALUES ( 63000, 6,  'Y', 'N', 'N' );
	INSERT INTO MAP_APP_LANG VALUES ( 63000, 7,  'Y', 'N', 'N' );

	INSERT INTO MAP_APP_PUBLISHER VALUES( 63000, 457 );

	INSERT INTO MAP_APP_TAG VALUES( 63000, 597 );
	INSERT INTO MAP_APP_TAG VALUES( 63000, 492 );
	INSERT INTO MAP_APP_TAG VALUES( 63000, 9 );
	INSERT INTO MAP_APP_TAG VALUES( 63000, 19 );
	INSERT INTO MAP_APP_TAG VALUES( 63000, 4046 );
	INSERT INTO MAP_APP_TAG VALUES( 63000, 1684 );
	INSERT INTO MAP_APP_TAG VALUES( 63000, 3859 );
	INSERT INTO MAP_APP_TAG VALUES( 63000, 1773 );
	INSERT INTO MAP_APP_TAG VALUES( 63000, 4182 );
	INSERT INTO MAP_APP_TAG VALUES( 63000, 1685 );

INSERT INTO APP_TABLE	 VALUES( 63110, 'Alter_Ego', 'When a series of gruesome murders shake a small town after a strange aristocrat dies and his body goes missing, rumors of a supernatural monster abound. In life Sir William was known to be a cruel and evil man, rumored to be the murderer behind many unsolved crimes.', SYSDATE ,10500, '' );
	INSERT INTO MAP_APP_CATEGORY VALUES( 63110, 3 );

	INSERT INTO MAP_APP_DEVELOPER VALUES( 63110, 458 );

	INSERT INTO MAP_APP_GENRE VALUES( 63110, 3 );

	INSERT INTO MAP_APP_LANG VALUES ( 63110, 2,  'Y', 'N', 'N' );


	INSERT INTO MAP_APP_TAG VALUES( 63110, 21 );
	INSERT INTO MAP_APP_TAG VALUES( 63110, 1698 );
	INSERT INTO MAP_APP_TAG VALUES( 63110, 5716 );
	INSERT INTO MAP_APP_TAG VALUES( 63110, 5613 );

INSERT INTO APP_TABLE	 VALUES( 63200, 'Monday_Night_Combat', 'Monday Night Combat is a class-based, third-person shooter¡¦ and the most popular lethal sport of the future!', SYSDATE ,5500, '' );
	INSERT INTO MAP_APP_CATEGORY VALUES( 63200, 3 );
	INSERT INTO MAP_APP_CATEGORY VALUES( 63200, 1 );
	INSERT INTO MAP_APP_CATEGORY VALUES( 63200, 16 );
	INSERT INTO MAP_APP_CATEGORY VALUES( 63200, 4 );
	INSERT INTO MAP_APP_CATEGORY VALUES( 63200, 7 );
	INSERT INTO MAP_APP_CATEGORY VALUES( 63200, 2 );
	INSERT INTO MAP_APP_CATEGORY VALUES( 63200, 11 );
	INSERT INTO MAP_APP_CATEGORY VALUES( 63200, 18 );

	INSERT INTO MAP_APP_DEVELOPER VALUES( 63200, 459 );

	INSERT INTO MAP_APP_GENRE VALUES( 63200, 1 );
	INSERT INTO MAP_APP_GENRE VALUES( 63200, 5 );
	INSERT INTO MAP_APP_GENRE VALUES( 63200, 4 );
	INSERT INTO MAP_APP_GENRE VALUES( 63200, 11 );

	INSERT INTO MAP_APP_LANG VALUES ( 63200, 2,  'Y', 'N', 'N' );
	INSERT INTO MAP_APP_LANG VALUES ( 63200, 3,  'Y', 'N', 'N' );
	INSERT INTO MAP_APP_LANG VALUES ( 63200, 4,  'Y', 'N', 'N' );
	INSERT INTO MAP_APP_LANG VALUES ( 63200, 5,  'Y', 'N', 'N' );
	INSERT INTO MAP_APP_LANG VALUES ( 63200, 6,  'Y', 'N', 'N' );
	INSERT INTO MAP_APP_LANG VALUES ( 63200, 7,  'Y', 'N', 'N' );
	INSERT INTO MAP_APP_LANG VALUES ( 63200, 11,  'Y', 'N', 'N' );
	INSERT INTO MAP_APP_LANG VALUES ( 63200, 8,  'Y', 'N', 'N' );

	INSERT INTO MAP_APP_PUBLISHER VALUES( 63200, 459 );

	INSERT INTO MAP_APP_TAG VALUES( 63200, 19 );
	INSERT INTO MAP_APP_TAG VALUES( 63200, 492 );
	INSERT INTO MAP_APP_TAG VALUES( 63200, 701 );
	INSERT INTO MAP_APP_TAG VALUES( 63200, 9 );
	INSERT INTO MAP_APP_TAG VALUES( 63200, 1718 );
	INSERT INTO MAP_APP_TAG VALUES( 63200, 3814 );
	INSERT INTO MAP_APP_TAG VALUES( 63200, 3859 );
	INSERT INTO MAP_APP_TAG VALUES( 63200, 5547 );
	INSERT INTO MAP_APP_TAG VALUES( 63200, 1719 );
	INSERT INTO MAP_APP_TAG VALUES( 63200, 1645 );
	INSERT INTO MAP_APP_TAG VALUES( 63200, 1685 );
	INSERT INTO MAP_APP_TAG VALUES( 63200, 4562 );

INSERT INTO APP_TABLE	 VALUES( 63380, 'Sniper_Elite_V2', 'In the dark days of the end of World War Two amidst the ruins of Berlin, one bullet can change history¡¦', SYSDATE ,21000, '' );
	INSERT INTO MAP_APP_CATEGORY VALUES( 63380, 3 );
	INSERT INTO MAP_APP_CATEGORY VALUES( 63380, 1 );
	INSERT INTO MAP_APP_CATEGORY VALUES( 63380, 16 );
	INSERT INTO MAP_APP_CATEGORY VALUES( 63380, 4 );
	INSERT INTO MAP_APP_CATEGORY VALUES( 63380, 5 );
	INSERT INTO MAP_APP_CATEGORY VALUES( 63380, 7 );
	INSERT INTO MAP_APP_CATEGORY VALUES( 63380, 8 );
	INSERT INTO MAP_APP_CATEGORY VALUES( 63380, 18 );

	INSERT INTO MAP_APP_DEVELOPER VALUES( 63380, 40 );

	INSERT INTO MAP_APP_GENRE VALUES( 63380, 1 );

	INSERT INTO MAP_APP_LANG VALUES ( 63380, 2,  'Y', 'N', 'N' );
	INSERT INTO MAP_APP_LANG VALUES ( 63380, 3,  'Y', 'N', 'N' );
	INSERT INTO MAP_APP_LANG VALUES ( 63380, 4,  'Y', 'N', 'N' );
	INSERT INTO MAP_APP_LANG VALUES ( 63380, 10,  'Y', 'N', 'N' );
	INSERT INTO MAP_APP_LANG VALUES ( 63380, 9,  'Y', 'N', 'N' );
	INSERT INTO MAP_APP_LANG VALUES ( 63380, 6,  'Y', 'N', 'N' );
	INSERT INTO MAP_APP_LANG VALUES ( 63380, 7,  'Y', 'N', 'N' );

	INSERT INTO MAP_APP_PUBLISHER VALUES( 63380, 40 );

	INSERT INTO MAP_APP_TAG VALUES( 63380, 7423 );
	INSERT INTO MAP_APP_TAG VALUES( 63380, 19 );
	INSERT INTO MAP_APP_TAG VALUES( 63380, 1687 );
	INSERT INTO MAP_APP_TAG VALUES( 63380, 4150 );
	INSERT INTO MAP_APP_TAG VALUES( 63380, 1685 );
	INSERT INTO MAP_APP_TAG VALUES( 63380, 1774 );
	INSERT INTO MAP_APP_TAG VALUES( 63380, 3814 );
	INSERT INTO MAP_APP_TAG VALUES( 63380, 3859 );
	INSERT INTO MAP_APP_TAG VALUES( 63380, 1697 );
	INSERT INTO MAP_APP_TAG VALUES( 63380, 4182 );
	INSERT INTO MAP_APP_TAG VALUES( 63380, 5796 );
	INSERT INTO MAP_APP_TAG VALUES( 63380, 1678 );
	INSERT INTO MAP_APP_TAG VALUES( 63380, 1663 );
	INSERT INTO MAP_APP_TAG VALUES( 63380, 3843 );
	INSERT INTO MAP_APP_TAG VALUES( 63380, 1708 );
	INSERT INTO MAP_APP_TAG VALUES( 63380, 3987 );
	INSERT INTO MAP_APP_TAG VALUES( 63380, 4345 );
	INSERT INTO MAP_APP_TAG VALUES( 63380, 9 );
	INSERT INTO MAP_APP_TAG VALUES( 63380, 599 );
	INSERT INTO MAP_APP_TAG VALUES( 63380, 21 );

INSERT INTO APP_TABLE	 VALUES( 63500, 'Swords_and_Soldiers_HD', 'Rewrite history as you take control of the brutal Vikings, the devious Aztecs or the crafty Chinese in their global quest to win the favour of the Gods! Swords & Soldiers is a side-scrolling strategy game that lets you control an entire army and lets you wield devastating magical abilities.', SYSDATE ,10500, '' );
	INSERT INTO MAP_APP_CATEGORY VALUES( 63500, 3 );
	INSERT INTO MAP_APP_CATEGORY VALUES( 63500, 1 );
	INSERT INTO MAP_APP_CATEGORY VALUES( 63500, 4 );
	INSERT INTO MAP_APP_CATEGORY VALUES( 63500, 2 );
	INSERT INTO MAP_APP_CATEGORY VALUES( 63500, 18 );

	INSERT INTO MAP_APP_DEVELOPER VALUES( 63500, 460 );

	INSERT INTO MAP_APP_GENRE VALUES( 63500, 1 );
	INSERT INTO MAP_APP_GENRE VALUES( 63500, 5 );
	INSERT INTO MAP_APP_GENRE VALUES( 63500, 4 );
	INSERT INTO MAP_APP_GENRE VALUES( 63500, 7 );

	INSERT INTO MAP_APP_LANG VALUES ( 63500, 2,  'Y', 'N', 'N' );
	INSERT INTO MAP_APP_LANG VALUES ( 63500, 3,  'Y', 'N', 'N' );
	INSERT INTO MAP_APP_LANG VALUES ( 63500, 4,  'Y', 'N', 'N' );
	INSERT INTO MAP_APP_LANG VALUES ( 63500, 6,  'Y', 'N', 'N' );
	INSERT INTO MAP_APP_LANG VALUES ( 63500, 7,  'Y', 'N', 'N' );
	INSERT INTO MAP_APP_LANG VALUES ( 63500, 17,  'Y', 'N', 'N' );

	INSERT INTO MAP_APP_PUBLISHER VALUES( 63500, 460 );

	INSERT INTO MAP_APP_TAG VALUES( 63500, 9 );
	INSERT INTO MAP_APP_TAG VALUES( 63500, 492 );
	INSERT INTO MAP_APP_TAG VALUES( 63500, 597 );
	INSERT INTO MAP_APP_TAG VALUES( 63500, 19 );
	INSERT INTO MAP_APP_TAG VALUES( 63500, 3871 );
	INSERT INTO MAP_APP_TAG VALUES( 63500, 1645 );
	INSERT INTO MAP_APP_TAG VALUES( 63500, 4195 );
	INSERT INTO MAP_APP_TAG VALUES( 63500, 3798 );
	INSERT INTO MAP_APP_TAG VALUES( 63500, 3859 );

INSERT INTO APP_TABLE	 VALUES( 63600, 'realMYST', 'Inviting you to explore a vast deserted island, Myst slowly reveals a haunting storyline involving a series of books that unlock alternate planes of reality. With only your wits as your guide, you must decode the hidden clues placed throughout the game''s gorgeous 3D environments.', SYSDATE ,6500, '' );
	INSERT INTO MAP_APP_CATEGORY VALUES( 63600, 3 );

	INSERT INTO MAP_APP_DEVELOPER VALUES( 63600, 461 );

	INSERT INTO MAP_APP_GENRE VALUES( 63600, 3 );
	INSERT INTO MAP_APP_GENRE VALUES( 63600, 7 );

	INSERT INTO MAP_APP_LANG VALUES ( 63600, 2,  'Y', 'N', 'N' );

	INSERT INTO MAP_APP_PUBLISHER VALUES( 63600, 461 );

	INSERT INTO MAP_APP_TAG VALUES( 63600, 21 );
	INSERT INTO MAP_APP_TAG VALUES( 63600, 1664 );
	INSERT INTO MAP_APP_TAG VALUES( 63600, 1698 );
	INSERT INTO MAP_APP_TAG VALUES( 63600, 597 );
	INSERT INTO MAP_APP_TAG VALUES( 63600, 1742 );
	INSERT INTO MAP_APP_TAG VALUES( 63600, 1693 );
	INSERT INTO MAP_APP_TAG VALUES( 63600, 3839 );
	INSERT INTO MAP_APP_TAG VALUES( 63600, 4182 );
	INSERT INTO MAP_APP_TAG VALUES( 63600, 18594 );
	INSERT INTO MAP_APP_TAG VALUES( 63600, 3834 );
	INSERT INTO MAP_APP_TAG VALUES( 63600, 1710 );
	INSERT INTO MAP_APP_TAG VALUES( 63600, 1777 );
	INSERT INTO MAP_APP_TAG VALUES( 63600, 5708 );
	INSERT INTO MAP_APP_TAG VALUES( 63600, 4166 );

INSERT INTO APP_TABLE	 VALUES( 63610, 'Riven:_The_Sequel_to_MYST', 'Prepare to enter a world "torn asunder" by timeless, unresolved conflicts--a world of incomparable beauty, intrigue, and betrayal. Prepare to go to Riven. Journey through vast, awe-inspiring landscapes, where clouds sit nestled in a deep blue sky and the rolling sea waters shimmer from bright morning sunlight.', SYSDATE ,6500, '' );
	INSERT INTO MAP_APP_CATEGORY VALUES( 63610, 3 );

	INSERT INTO MAP_APP_DEVELOPER VALUES( 63610, 461 );

	INSERT INTO MAP_APP_GENRE VALUES( 63610, 3 );
	INSERT INTO MAP_APP_GENRE VALUES( 63610, 7 );

	INSERT INTO MAP_APP_LANG VALUES ( 63610, 2,  'Y', 'N', 'N' );

	INSERT INTO MAP_APP_PUBLISHER VALUES( 63610, 461 );

	INSERT INTO MAP_APP_TAG VALUES( 63610, 21 );
	INSERT INTO MAP_APP_TAG VALUES( 63610, 1664 );
	INSERT INTO MAP_APP_TAG VALUES( 63610, 1698 );
	INSERT INTO MAP_APP_TAG VALUES( 63610, 1693 );
	INSERT INTO MAP_APP_TAG VALUES( 63610, 3834 );
	INSERT INTO MAP_APP_TAG VALUES( 63610, 1742 );
	INSERT INTO MAP_APP_TAG VALUES( 63610, 4026 );
	INSERT INTO MAP_APP_TAG VALUES( 63610, 3839 );
	INSERT INTO MAP_APP_TAG VALUES( 63610, 597 );
	INSERT INTO MAP_APP_TAG VALUES( 63610, 4166 );
	INSERT INTO MAP_APP_TAG VALUES( 63610, 18594 );
	INSERT INTO MAP_APP_TAG VALUES( 63610, 1777 );
	INSERT INTO MAP_APP_TAG VALUES( 63610, 6691 );

INSERT INTO APP_TABLE	 VALUES( 31170, 'Tales_of_Monkey_Island_Complete_Pack', 'While explosively stripping the evil pirate LeChuck of his demonic mojo, Guybrush Threepwood inadvertently infects the entire Caribbean with the arch-fiend''s expelled voodoo, which threatens to transform buccaneers into unruly pirate monsters.', SYSDATE ,21000, '' );
	INSERT INTO MAP_APP_CATEGORY VALUES( 31170, 3 );

	INSERT INTO MAP_APP_DEVELOPER VALUES( 31170, 91 );

	INSERT INTO MAP_APP_GENRE VALUES( 31170, 3 );

	INSERT INTO MAP_APP_LANG VALUES ( 31170, 2,  'Y', 'N', 'N' );

	INSERT INTO MAP_APP_PUBLISHER VALUES( 31170, 91 );

	INSERT INTO MAP_APP_TAG VALUES( 31170, 21 );
	INSERT INTO MAP_APP_TAG VALUES( 31170, 1698 );
	INSERT INTO MAP_APP_TAG VALUES( 31170, 1681 );
	INSERT INTO MAP_APP_TAG VALUES( 31170, 1719 );
	INSERT INTO MAP_APP_TAG VALUES( 31170, 4242 );
	INSERT INTO MAP_APP_TAG VALUES( 31170, 1664 );

INSERT INTO APP_TABLE	 VALUES( 31180, 'Tales_of_Monkey_Island_Complete_Pack:_Chapter_2_-_The_Siege_of_Spinner_Cay', 'About Chapter Two Guybrush''s adventures continue on the high seas as pox-plagued pirates lay siege to the innocent Mer-People. In between defending the Mer-People and dodging the persistent pirate hunter hot on his trail, Guybrush manages to catch up to his beloved wife and despised arch-nemesis ? but their reunion is short-lived.', SYSDATE ,21000, '' );
	INSERT INTO MAP_APP_CATEGORY VALUES( 31180, 3 );

	INSERT INTO MAP_APP_DEVELOPER VALUES( 31180, 91 );

	INSERT INTO MAP_APP_GENRE VALUES( 31180, 3 );

	INSERT INTO MAP_APP_LANG VALUES ( 31180, 2,  'Y', 'N', 'N' );

	INSERT INTO MAP_APP_PUBLISHER VALUES( 31180, 91 );

	INSERT INTO MAP_APP_TAG VALUES( 31180, 21 );

INSERT INTO APP_TABLE	 VALUES( 31190, 'Tales_of_Monkey_Island_Complete_Pack:_Chapter_3_-_Lair_of_the_Leviathan', 'About Chapter One The saga begins with a heated battle involving the brave but often bumbling Mighty Pirate¢â Guybrush, his beloved wife Elaine, and their nemesis, the demon pirate LeChuck. When the showdown goes up in flames, Guybrush finds himself marooned on a strange island with winds that always blow inward.', SYSDATE ,21000, '' );
	INSERT INTO MAP_APP_CATEGORY VALUES( 31190, 3 );

	INSERT INTO MAP_APP_DEVELOPER VALUES( 31190, 91 );

	INSERT INTO MAP_APP_GENRE VALUES( 31190, 3 );

	INSERT INTO MAP_APP_LANG VALUES ( 31190, 2,  'Y', 'N', 'N' );

	INSERT INTO MAP_APP_PUBLISHER VALUES( 31190, 91 );

	INSERT INTO MAP_APP_TAG VALUES( 31190, 21 );

INSERT INTO APP_TABLE	 VALUES( 31200, 'Tales_of_Monkey_Island_Complete_Pack:_Chapter_4_-_The_Trial_and_Execution_of_Guybrush_Threepwood', 'About Chapter One The saga begins with a heated battle involving the brave but often bumbling Mighty Pirate¢â Guybrush, his beloved wife Elaine, and their nemesis, the demon pirate LeChuck. When the showdown goes up in flames, Guybrush finds himself marooned on a strange island with winds that always blow inward.', SYSDATE ,21000, '' );
	INSERT INTO MAP_APP_CATEGORY VALUES( 31200, 3 );

	INSERT INTO MAP_APP_DEVELOPER VALUES( 31200, 91 );

	INSERT INTO MAP_APP_GENRE VALUES( 31200, 3 );

	INSERT INTO MAP_APP_LANG VALUES ( 31200, 2,  'Y', 'N', 'N' );

	INSERT INTO MAP_APP_PUBLISHER VALUES( 31200, 91 );

	INSERT INTO MAP_APP_TAG VALUES( 31200, 21 );

INSERT INTO APP_TABLE	 VALUES( 31210, 'Tales_of_Monkey_Island_Complete_Pack:_Chapter_5_-_Rise_of_the_Pirate_God', 'About Chapter One The saga begins with a heated battle involving the brave but often bumbling Mighty Pirate¢â Guybrush, his beloved wife Elaine, and their nemesis, the demon pirate LeChuck. When the showdown goes up in flames, Guybrush finds himself marooned on a strange island with winds that always blow inward.', SYSDATE ,21000, '' );
	INSERT INTO MAP_APP_CATEGORY VALUES( 31210, 3 );

	INSERT INTO MAP_APP_DEVELOPER VALUES( 31210, 91 );

	INSERT INTO MAP_APP_GENRE VALUES( 31210, 3 );

	INSERT INTO MAP_APP_LANG VALUES ( 31210, 2,  'Y', 'N', 'N' );

	INSERT INTO MAP_APP_PUBLISHER VALUES( 31210, 91 );

	INSERT INTO MAP_APP_TAG VALUES( 31210, 21 );

INSERT INTO APP_TABLE	 VALUES( 31220, 'Sam_&_Max:_The_Devil¡¯s_Playhouse', '5 Games, 1 Price! Delivered monthly Wield psychic powers against fearsome foes in epic comedy saga over 5 monthly episodes An otherworldy power for controlling matter and space calls to the strongest and strangest who might wield it -- intergalactic warlords and eldritch gods, under-dwellers and scholars of the arcane.', SYSDATE ,32000, '' );
	INSERT INTO MAP_APP_CATEGORY VALUES( 31220, 3 );

	INSERT INTO MAP_APP_DEVELOPER VALUES( 31220, 91 );

	INSERT INTO MAP_APP_GENRE VALUES( 31220, 3 );

	INSERT INTO MAP_APP_LANG VALUES ( 31220, 2,  'Y', 'N', 'N' );

	INSERT INTO MAP_APP_PUBLISHER VALUES( 31220, 91 );

	INSERT INTO MAP_APP_TAG VALUES( 31220, 21 );
	INSERT INTO MAP_APP_TAG VALUES( 31220, 1698 );
	INSERT INTO MAP_APP_TAG VALUES( 31220, 1719 );
	INSERT INTO MAP_APP_TAG VALUES( 31220, 5613 );
	INSERT INTO MAP_APP_TAG VALUES( 31220, 5716 );
	INSERT INTO MAP_APP_TAG VALUES( 31220, 4242 );
	INSERT INTO MAP_APP_TAG VALUES( 31220, 4136 );
	INSERT INTO MAP_APP_TAG VALUES( 31220, 4182 );

INSERT INTO APP_TABLE	 VALUES( 31230, 'Sam_&_Max_302:_The_Tomb_of_Sammun-Mak', 'Wield psychic powers against fearsome foes in this epic comedy saga. In The Devil¡¯s Playhouse, an otherworldly power for controlling matter and space calls to the strongest and strangest who might wield it -- intergalactic warlords and eldritch gods, under-dwellers and scholars of the arcane.', SYSDATE ,32000, '' );

	INSERT INTO MAP_APP_DEVELOPER VALUES( 31230, 91 );

	INSERT INTO MAP_APP_GENRE VALUES( 31230, 3 );

	INSERT INTO MAP_APP_LANG VALUES ( 31230, 2,  'N', 'N', 'N' );

	INSERT INTO MAP_APP_PUBLISHER VALUES( 31230, 91 );

	INSERT INTO MAP_APP_TAG VALUES( 31230, 21 );

INSERT INTO APP_TABLE	 VALUES( 31240, 'Sam_&_Max_303:_They_Stole_Max''s_Brain!', 'Wield psychic powers against fearsome foes in this epic comedy saga. In The Devil¡¯s Playhouse, an otherworldly power for controlling matter and space calls to the strongest and strangest who might wield it -- intergalactic warlords and eldritch gods, under-dwellers and scholars of the arcane.', SYSDATE ,32000, '' );

	INSERT INTO MAP_APP_DEVELOPER VALUES( 31240, 91 );

	INSERT INTO MAP_APP_GENRE VALUES( 31240, 3 );

	INSERT INTO MAP_APP_LANG VALUES ( 31240, 2,  'N', 'N', 'N' );

	INSERT INTO MAP_APP_PUBLISHER VALUES( 31240, 91 );

	INSERT INTO MAP_APP_TAG VALUES( 31240, 21 );

INSERT INTO APP_TABLE	 VALUES( 31250, 'Sam_&_Max_304:_Beyond_the_Alley_of_the_Dolls', 'Wield psychic powers against fearsome foes in this epic comedy saga. In The Devil¡¯s Playhouse, an otherworldly power for controlling matter and space calls to the strongest and strangest who might wield it -- intergalactic warlords and eldritch gods, under-dwellers and scholars of the arcane.', SYSDATE ,32000, '' );

	INSERT INTO MAP_APP_DEVELOPER VALUES( 31250, 91 );

	INSERT INTO MAP_APP_GENRE VALUES( 31250, 3 );

	INSERT INTO MAP_APP_LANG VALUES ( 31250, 2,  'N', 'N', 'N' );

	INSERT INTO MAP_APP_PUBLISHER VALUES( 31250, 91 );

	INSERT INTO MAP_APP_TAG VALUES( 31250, 21 );

INSERT INTO APP_TABLE	 VALUES( 31260, 'Sam_&_Max_305:_The_City_That_Dares_Not_Sleep', 'Wield psychic powers against fearsome foes in this epic comedy saga. In The Devil¡¯s Playhouse, an otherworldly power for controlling matter and space calls to the strongest and strangest who might wield it -- intergalactic warlords and eldritch gods, under-dwellers and scholars of the arcane.', SYSDATE ,32000, '' );

	INSERT INTO MAP_APP_DEVELOPER VALUES( 31260, 91 );

	INSERT INTO MAP_APP_GENRE VALUES( 31260, 3 );

	INSERT INTO MAP_APP_LANG VALUES ( 31260, 2,  'N', 'N', 'N' );

	INSERT INTO MAP_APP_PUBLISHER VALUES( 31260, 91 );

	INSERT INTO MAP_APP_TAG VALUES( 31260, 21 );

INSERT INTO APP_TABLE	 VALUES( 31270, 'Puzzle_Agent', 'When White House inquiries to the Scoggins Eraser Co. are answered only with curious puzzles, Nelson Tethers from the U.S. Department of Puzzle Research is sent on the case. The strange events in Scoggins will challenge every ounce of Tethers¡¯ expertise, and possibly his very wits too, with brainteasers at every turn: mazes, logic...', SYSDATE ,5500, '' );
	INSERT INTO MAP_APP_CATEGORY VALUES( 31270, 3 );

	INSERT INTO MAP_APP_DEVELOPER VALUES( 31270, 91 );

	INSERT INTO MAP_APP_GENRE VALUES( 31270, 3 );
	INSERT INTO MAP_APP_GENRE VALUES( 31270, 7 );

	INSERT INTO MAP_APP_LANG VALUES ( 31270, 2,  'Y', 'N', 'N' );

	INSERT INTO MAP_APP_PUBLISHER VALUES( 31270, 91 );

	INSERT INTO MAP_APP_TAG VALUES( 31270, 1664 );
	INSERT INTO MAP_APP_TAG VALUES( 31270, 21 );
	INSERT INTO MAP_APP_TAG VALUES( 31270, 1698 );
	INSERT INTO MAP_APP_TAG VALUES( 31270, 5613 );
	INSERT INTO MAP_APP_TAG VALUES( 31270, 597 );
	INSERT INTO MAP_APP_TAG VALUES( 31270, 4182 );
	INSERT INTO MAP_APP_TAG VALUES( 31270, 5716 );
	INSERT INTO MAP_APP_TAG VALUES( 31270, 1719 );
	INSERT INTO MAP_APP_TAG VALUES( 31270, 1710 );
	INSERT INTO MAP_APP_TAG VALUES( 31270, 4234 );
	INSERT INTO MAP_APP_TAG VALUES( 31270, 4136 );
	INSERT INTO MAP_APP_TAG VALUES( 31270, 1667 );
	INSERT INTO MAP_APP_TAG VALUES( 31270, 4166 );
	INSERT INTO MAP_APP_TAG VALUES( 31270, 25085 );

INSERT INTO APP_TABLE	 VALUES( 31280, 'Poker_Night_at_the_Inventory', 'Prepare for a different kind of poker night in a very different kind of club and play against familiar faces!', SYSDATE ,5500, '' );
	INSERT INTO MAP_APP_CATEGORY VALUES( 31280, 3 );
	INSERT INTO MAP_APP_CATEGORY VALUES( 31280, 4 );

	INSERT INTO MAP_APP_DEVELOPER VALUES( 31280, 91 );

	INSERT INTO MAP_APP_GENRE VALUES( 31280, 7 );
	INSERT INTO MAP_APP_GENRE VALUES( 31280, 11 );

	INSERT INTO MAP_APP_LANG VALUES ( 31280, 2,  'Y', 'N', 'N' );


	INSERT INTO MAP_APP_TAG VALUES( 31280, 1666 );
	INSERT INTO MAP_APP_TAG VALUES( 31280, 597 );
	INSERT INTO MAP_APP_TAG VALUES( 31280, 1719 );
	INSERT INTO MAP_APP_TAG VALUES( 31280, 4182 );
	INSERT INTO MAP_APP_TAG VALUES( 31280, 4136 );
	INSERT INTO MAP_APP_TAG VALUES( 31280, 9 );
	INSERT INTO MAP_APP_TAG VALUES( 31280, 701 );
	INSERT INTO MAP_APP_TAG VALUES( 31280, 16250 );
	INSERT INTO MAP_APP_TAG VALUES( 31280, 599 );
	INSERT INTO MAP_APP_TAG VALUES( 31280, 15172 );
	INSERT INTO MAP_APP_TAG VALUES( 31280, 25085 );
	INSERT INTO MAP_APP_TAG VALUES( 31280, 492 );
	INSERT INTO MAP_APP_TAG VALUES( 31280, 3859 );
	INSERT INTO MAP_APP_TAG VALUES( 31280, 3839 );
	INSERT INTO MAP_APP_TAG VALUES( 31280, 1698 );
	INSERT INTO MAP_APP_TAG VALUES( 31280, 10397 );
	INSERT INTO MAP_APP_TAG VALUES( 31280, 19 );

INSERT INTO APP_TABLE	 VALUES( 31290, 'Back_to_the_Future:_The_Game', 'Featuring a special appearance by Michael J. Fox!', SYSDATE ,21000, '' );
	INSERT INTO MAP_APP_CATEGORY VALUES( 31290, 3 );

	INSERT INTO MAP_APP_DEVELOPER VALUES( 31290, 91 );

	INSERT INTO MAP_APP_GENRE VALUES( 31290, 3 );

	INSERT INTO MAP_APP_LANG VALUES ( 31290, 2,  'Y', 'Y', 'N' );
	INSERT INTO MAP_APP_LANG VALUES ( 31290, 6,  'Y', 'Y', 'N' );

	INSERT INTO MAP_APP_PUBLISHER VALUES( 31290, 91 );

	INSERT INTO MAP_APP_TAG VALUES( 31290, 21 );
	INSERT INTO MAP_APP_TAG VALUES( 31290, 1698 );
	INSERT INTO MAP_APP_TAG VALUES( 31290, 10679 );
	INSERT INTO MAP_APP_TAG VALUES( 31290, 4242 );
	INSERT INTO MAP_APP_TAG VALUES( 31290, 3942 );
	INSERT INTO MAP_APP_TAG VALUES( 31290, 4182 );
	INSERT INTO MAP_APP_TAG VALUES( 31290, 1719 );
	INSERT INTO MAP_APP_TAG VALUES( 31290, 4136 );
	INSERT INTO MAP_APP_TAG VALUES( 31290, 1664 );
	INSERT INTO MAP_APP_TAG VALUES( 31290, 4700 );
	INSERT INTO MAP_APP_TAG VALUES( 31290, 4295 );

INSERT INTO APP_TABLE	 VALUES( 31300, 'Tunnel_Rats', 'Tunnel Rats is a dark and intense single-player shooter for PC that depicts the horrific realities of the Vietnam War as seen through the eyes of a young US soldier. As member of a ?Tunnel Rats? squad, the player is trained to clearing out the huge tunnel systems underneath the jungle of Vietnam.', SYSDATE ,-1, '' );
	INSERT INTO MAP_APP_CATEGORY VALUES( 31300, 3 );

	INSERT INTO MAP_APP_DEVELOPER VALUES( 31300, 275 );

	INSERT INTO MAP_APP_GENRE VALUES( 31300, 1 );

	INSERT INTO MAP_APP_LANG VALUES ( 31300, 2,  'Y', 'Y', 'N' );
	INSERT INTO MAP_APP_LANG VALUES ( 31300, 29,  'Y', 'N', 'N' );


	INSERT INTO MAP_APP_TAG VALUES( 31300, 19 );
	INSERT INTO MAP_APP_TAG VALUES( 31300, 9551 );
	INSERT INTO MAP_APP_TAG VALUES( 31300, 1663 );
	INSERT INTO MAP_APP_TAG VALUES( 31300, 4085 );

INSERT INTO APP_TABLE	 VALUES( 31800, 'Nancy_Drew¢ç:_Danger_by_Design', 'Go Undercover in Paris and Unravel a Case in Style!', SYSDATE ,7500, '' );
	INSERT INTO MAP_APP_CATEGORY VALUES( 31800, 3 );

	INSERT INTO MAP_APP_DEVELOPER VALUES( 31800, 276 );

	INSERT INTO MAP_APP_GENRE VALUES( 31800, 3 );

	INSERT INTO MAP_APP_LANG VALUES ( 31800, 2,  'Y', 'N', 'N' );

	INSERT INTO MAP_APP_PUBLISHER VALUES( 31800, 276 );

	INSERT INTO MAP_APP_TAG VALUES( 31800, 21 );
	INSERT INTO MAP_APP_TAG VALUES( 31800, 1698 );
	INSERT INTO MAP_APP_TAG VALUES( 31800, 7208 );
	INSERT INTO MAP_APP_TAG VALUES( 31800, 5716 );
	INSERT INTO MAP_APP_TAG VALUES( 31800, 1664 );

INSERT INTO APP_TABLE	 VALUES( 31810, 'Nancy_Drew¢ç:_Last_Train_to_Blue_Moon_Canyon', 'Catch this train ? it¡¯s your ticket to solving a century-old mystery!', SYSDATE ,7500, '' );
	INSERT INTO MAP_APP_CATEGORY VALUES( 31810, 3 );

	INSERT INTO MAP_APP_DEVELOPER VALUES( 31810, 276 );

	INSERT INTO MAP_APP_GENRE VALUES( 31810, 3 );

	INSERT INTO MAP_APP_LANG VALUES ( 31810, 2,  'Y', 'N', 'N' );

	INSERT INTO MAP_APP_PUBLISHER VALUES( 31810, 276 );

	INSERT INTO MAP_APP_TAG VALUES( 31810, 21 );
	INSERT INTO MAP_APP_TAG VALUES( 31810, 1698 );
	INSERT INTO MAP_APP_TAG VALUES( 31810, 5716 );
	INSERT INTO MAP_APP_TAG VALUES( 31810, 7208 );
	INSERT INTO MAP_APP_TAG VALUES( 31810, 1664 );
	INSERT INTO MAP_APP_TAG VALUES( 31810, 5613 );

INSERT INTO APP_TABLE	 VALUES( 31820, 'Nancy_Drew¢ç:_The_Haunted_Carousel', 'Take a Spin with Danger to Unravel the Mystery of a Ghostly Merry-go-Round!', SYSDATE ,7500, '' );
	INSERT INTO MAP_APP_CATEGORY VALUES( 31820, 3 );

	INSERT INTO MAP_APP_DEVELOPER VALUES( 31820, 276 );

	INSERT INTO MAP_APP_GENRE VALUES( 31820, 3 );

	INSERT INTO MAP_APP_LANG VALUES ( 31820, 2,  'Y', 'N', 'N' );

	INSERT INTO MAP_APP_PUBLISHER VALUES( 31820, 276 );

	INSERT INTO MAP_APP_TAG VALUES( 31820, 21 );
	INSERT INTO MAP_APP_TAG VALUES( 31820, 1698 );
	INSERT INTO MAP_APP_TAG VALUES( 31820, 5716 );
	INSERT INTO MAP_APP_TAG VALUES( 31820, 7208 );
	INSERT INTO MAP_APP_TAG VALUES( 31820, 1664 );
	INSERT INTO MAP_APP_TAG VALUES( 31820, 5613 );

INSERT INTO APP_TABLE	 VALUES( 31830, 'Nancy_Drew¢ç:_Curse_of_Blackmoor_Manor', 'Delve into Dark Legends Lurking in the Shadow of an Old English Mansion!', SYSDATE ,7500, '' );
	INSERT INTO MAP_APP_CATEGORY VALUES( 31830, 3 );

	INSERT INTO MAP_APP_DEVELOPER VALUES( 31830, 276 );

	INSERT INTO MAP_APP_GENRE VALUES( 31830, 3 );

	INSERT INTO MAP_APP_LANG VALUES ( 31830, 2,  'Y', 'N', 'N' );

	INSERT INTO MAP_APP_PUBLISHER VALUES( 31830, 276 );

	INSERT INTO MAP_APP_TAG VALUES( 31830, 21 );
	INSERT INTO MAP_APP_TAG VALUES( 31830, 1698 );
	INSERT INTO MAP_APP_TAG VALUES( 31830, 5716 );
	INSERT INTO MAP_APP_TAG VALUES( 31830, 7208 );
	INSERT INTO MAP_APP_TAG VALUES( 31830, 1664 );
	INSERT INTO MAP_APP_TAG VALUES( 31830, 5613 );

INSERT INTO APP_TABLE	 VALUES( 31840, 'Nancy_Drew¢ç:_Danger_on_Deception_Island', 'Plunge into Danger to Bring a Mysterious Island¡¯s Secrets to the Surface!', SYSDATE ,7500, '' );
	INSERT INTO MAP_APP_CATEGORY VALUES( 31840, 3 );

	INSERT INTO MAP_APP_DEVELOPER VALUES( 31840, 276 );

	INSERT INTO MAP_APP_GENRE VALUES( 31840, 3 );

	INSERT INTO MAP_APP_LANG VALUES ( 31840, 2,  'Y', 'N', 'N' );

	INSERT INTO MAP_APP_PUBLISHER VALUES( 31840, 276 );

	INSERT INTO MAP_APP_TAG VALUES( 31840, 21 );
	INSERT INTO MAP_APP_TAG VALUES( 31840, 1698 );
	INSERT INTO MAP_APP_TAG VALUES( 31840, 5716 );
	INSERT INTO MAP_APP_TAG VALUES( 31840, 7208 );
	INSERT INTO MAP_APP_TAG VALUES( 31840, 5613 );
	INSERT INTO MAP_APP_TAG VALUES( 31840, 1664 );

INSERT INTO APP_TABLE	 VALUES( 31850, 'Nancy_Drew¢ç:_Ghost_Dogs_of_Moon_Lake', 'Hunt for Clues on the Trail of a Pack of Phantom Hounds!', SYSDATE ,7500, '' );
	INSERT INTO MAP_APP_CATEGORY VALUES( 31850, 3 );

	INSERT INTO MAP_APP_DEVELOPER VALUES( 31850, 276 );

	INSERT INTO MAP_APP_GENRE VALUES( 31850, 3 );

	INSERT INTO MAP_APP_LANG VALUES ( 31850, 2,  'Y', 'N', 'N' );

	INSERT INTO MAP_APP_PUBLISHER VALUES( 31850, 276 );

	INSERT INTO MAP_APP_TAG VALUES( 31850, 21 );
	INSERT INTO MAP_APP_TAG VALUES( 31850, 1698 );
	INSERT INTO MAP_APP_TAG VALUES( 31850, 5716 );
	INSERT INTO MAP_APP_TAG VALUES( 31850, 7208 );
	INSERT INTO MAP_APP_TAG VALUES( 31850, 1664 );

INSERT INTO APP_TABLE	 VALUES( 31860, 'Nancy_Drew¢ç:_Legend_of_the_Crystal_Skull', 'The Search is on for an Unearthly Artifact in New Orleans!', SYSDATE ,7500, '' );
	INSERT INTO MAP_APP_CATEGORY VALUES( 31860, 3 );

	INSERT INTO MAP_APP_DEVELOPER VALUES( 31860, 276 );

	INSERT INTO MAP_APP_GENRE VALUES( 31860, 3 );

	INSERT INTO MAP_APP_LANG VALUES ( 31860, 2,  'Y', 'N', 'N' );

	INSERT INTO MAP_APP_PUBLISHER VALUES( 31860, 276 );

	INSERT INTO MAP_APP_TAG VALUES( 31860, 21 );
	INSERT INTO MAP_APP_TAG VALUES( 31860, 1698 );
	INSERT INTO MAP_APP_TAG VALUES( 31860, 5716 );
	INSERT INTO MAP_APP_TAG VALUES( 31860, 7208 );
	INSERT INTO MAP_APP_TAG VALUES( 31860, 1664 );
	INSERT INTO MAP_APP_TAG VALUES( 31860, 5613 );

INSERT INTO APP_TABLE	 VALUES( 31870, 'Nancy_Drew¢ç_Dossier:_Lights,_Camera,_Curses!', 'Seek the source of sabotage on a Hollywood set!', SYSDATE ,7500, '' );
	INSERT INTO MAP_APP_CATEGORY VALUES( 31870, 3 );

	INSERT INTO MAP_APP_DEVELOPER VALUES( 31870, 276 );

	INSERT INTO MAP_APP_GENRE VALUES( 31870, 3 );
	INSERT INTO MAP_APP_GENRE VALUES( 31870, 7 );

	INSERT INTO MAP_APP_LANG VALUES ( 31870, 2,  'Y', 'N', 'N' );

	INSERT INTO MAP_APP_PUBLISHER VALUES( 31870, 276 );

	INSERT INTO MAP_APP_TAG VALUES( 31870, 21 );
	INSERT INTO MAP_APP_TAG VALUES( 31870, 597 );
	INSERT INTO MAP_APP_TAG VALUES( 31870, 1738 );
	INSERT INTO MAP_APP_TAG VALUES( 31870, 7208 );
	INSERT INTO MAP_APP_TAG VALUES( 31870, 1698 );

INSERT INTO APP_TABLE	 VALUES( 31880, 'Nancy_Drew¢ç:_Secret_of_the_Old_Clock', 'Venture into the Past and Outwit a Criminal Before Time Runs Out!', SYSDATE ,7500, '' );
	INSERT INTO MAP_APP_CATEGORY VALUES( 31880, 3 );

	INSERT INTO MAP_APP_DEVELOPER VALUES( 31880, 276 );

	INSERT INTO MAP_APP_GENRE VALUES( 31880, 3 );

	INSERT INTO MAP_APP_LANG VALUES ( 31880, 2,  'Y', 'N', 'N' );

	INSERT INTO MAP_APP_PUBLISHER VALUES( 31880, 276 );

	INSERT INTO MAP_APP_TAG VALUES( 31880, 21 );
	INSERT INTO MAP_APP_TAG VALUES( 31880, 1698 );
	INSERT INTO MAP_APP_TAG VALUES( 31880, 5716 );
	INSERT INTO MAP_APP_TAG VALUES( 31880, 7208 );
	INSERT INTO MAP_APP_TAG VALUES( 31880, 1664 );
	INSERT INTO MAP_APP_TAG VALUES( 31880, 5613 );

INSERT INTO APP_TABLE	 VALUES( 31890, 'Nancy_Drew¢ç:_Secret_of_the_Scarlet_Hand', 'Expose Buried Secrets and Catch a Thief Red-handed!', SYSDATE ,7500, '' );
	INSERT INTO MAP_APP_CATEGORY VALUES( 31890, 3 );

	INSERT INTO MAP_APP_DEVELOPER VALUES( 31890, 276 );

	INSERT INTO MAP_APP_GENRE VALUES( 31890, 1 );

	INSERT INTO MAP_APP_LANG VALUES ( 31890, 2,  'Y', 'N', 'N' );

	INSERT INTO MAP_APP_PUBLISHER VALUES( 31890, 276 );

	INSERT INTO MAP_APP_TAG VALUES( 31890, 19 );
	INSERT INTO MAP_APP_TAG VALUES( 31890, 1698 );
	INSERT INTO MAP_APP_TAG VALUES( 31890, 1664 );
	INSERT INTO MAP_APP_TAG VALUES( 31890, 7208 );
	INSERT INTO MAP_APP_TAG VALUES( 31890, 5716 );
	INSERT INTO MAP_APP_TAG VALUES( 31890, 21 );

INSERT INTO APP_TABLE	 VALUES( 31900, 'Nancy_Drew¢ç:_The_Creature_of_Kapu_Cave', 'Team up with the Hardy Boys¢ç and Track an Ancient Legend Through Hawaii!', SYSDATE ,7500, '' );
	INSERT INTO MAP_APP_CATEGORY VALUES( 31900, 3 );

	INSERT INTO MAP_APP_DEVELOPER VALUES( 31900, 276 );

	INSERT INTO MAP_APP_GENRE VALUES( 31900, 3 );

	INSERT INTO MAP_APP_LANG VALUES ( 31900, 2,  'Y', 'N', 'N' );

	INSERT INTO MAP_APP_PUBLISHER VALUES( 31900, 276 );

	INSERT INTO MAP_APP_TAG VALUES( 31900, 21 );
	INSERT INTO MAP_APP_TAG VALUES( 31900, 7208 );
	INSERT INTO MAP_APP_TAG VALUES( 31900, 1698 );
	INSERT INTO MAP_APP_TAG VALUES( 31900, 5716 );
	INSERT INTO MAP_APP_TAG VALUES( 31900, 1664 );

INSERT INTO APP_TABLE	 VALUES( 31910, 'Nancy_Drew¢ç:_The_Haunting_of_Castle_Malloy', 'Unveil a Ghostly Legend and Find a Vanished Groom!', SYSDATE ,7500, '' );
	INSERT INTO MAP_APP_CATEGORY VALUES( 31910, 3 );

	INSERT INTO MAP_APP_DEVELOPER VALUES( 31910, 276 );

	INSERT INTO MAP_APP_GENRE VALUES( 31910, 3 );

	INSERT INTO MAP_APP_LANG VALUES ( 31910, 2,  'Y', 'N', 'N' );

	INSERT INTO MAP_APP_PUBLISHER VALUES( 31910, 276 );

	INSERT INTO MAP_APP_TAG VALUES( 31910, 21 );
	INSERT INTO MAP_APP_TAG VALUES( 31910, 1698 );
	INSERT INTO MAP_APP_TAG VALUES( 31910, 1664 );
	INSERT INTO MAP_APP_TAG VALUES( 31910, 5716 );
	INSERT INTO MAP_APP_TAG VALUES( 31910, 7208 );
	INSERT INTO MAP_APP_TAG VALUES( 31910, 5613 );

INSERT INTO APP_TABLE	 VALUES( 31920, 'Nancy_Drew¢ç:_The_Phantom_of_Venice', 'Infiltrate a Carnevale of Criminals in Italy!', SYSDATE ,7500, '' );
	INSERT INTO MAP_APP_CATEGORY VALUES( 31920, 3 );

	INSERT INTO MAP_APP_DEVELOPER VALUES( 31920, 276 );

	INSERT INTO MAP_APP_GENRE VALUES( 31920, 3 );

	INSERT INTO MAP_APP_LANG VALUES ( 31920, 2,  'Y', 'N', 'N' );

	INSERT INTO MAP_APP_PUBLISHER VALUES( 31920, 276 );

	INSERT INTO MAP_APP_TAG VALUES( 31920, 21 );
	INSERT INTO MAP_APP_TAG VALUES( 31920, 1698 );
	INSERT INTO MAP_APP_TAG VALUES( 31920, 1664 );
	INSERT INTO MAP_APP_TAG VALUES( 31920, 5716 );
	INSERT INTO MAP_APP_TAG VALUES( 31920, 7208 );
	INSERT INTO MAP_APP_TAG VALUES( 31920, 5613 );

INSERT INTO APP_TABLE	 VALUES( 31930, 'Nancy_Drew¢ç:_The_White_Wolf_of_Icicle_Creek', 'Follow a Trail to Hidden Secrets and Sabotage!', SYSDATE ,7500, '' );
	INSERT INTO MAP_APP_CATEGORY VALUES( 31930, 3 );

	INSERT INTO MAP_APP_DEVELOPER VALUES( 31930, 276 );

	INSERT INTO MAP_APP_GENRE VALUES( 31930, 3 );

	INSERT INTO MAP_APP_LANG VALUES ( 31930, 2,  'Y', 'N', 'N' );

	INSERT INTO MAP_APP_PUBLISHER VALUES( 31930, 276 );

	INSERT INTO MAP_APP_TAG VALUES( 31930, 21 );
	INSERT INTO MAP_APP_TAG VALUES( 31930, 1698 );
	INSERT INTO MAP_APP_TAG VALUES( 31930, 5716 );
	INSERT INTO MAP_APP_TAG VALUES( 31930, 7208 );
	INSERT INTO MAP_APP_TAG VALUES( 31930, 1664 );
	INSERT INTO MAP_APP_TAG VALUES( 31930, 5613 );

INSERT INTO APP_TABLE	 VALUES( 31980, 'Nancy_Drew¢ç:_Ransom_of_the_Seven_Ships', 'Dive into Danger to Rescue Bess from Kidnappers!', SYSDATE ,7500, '' );
	INSERT INTO MAP_APP_CATEGORY VALUES( 31980, 3 );
	INSERT INTO MAP_APP_CATEGORY VALUES( 31980, 4 );

	INSERT INTO MAP_APP_DEVELOPER VALUES( 31980, 276 );

	INSERT INTO MAP_APP_GENRE VALUES( 31980, 3 );

	INSERT INTO MAP_APP_LANG VALUES ( 31980, 2,  'Y', 'N', 'N' );

	INSERT INTO MAP_APP_PUBLISHER VALUES( 31980, 276 );

	INSERT INTO MAP_APP_TAG VALUES( 31980, 21 );
	INSERT INTO MAP_APP_TAG VALUES( 31980, 1698 );
	INSERT INTO MAP_APP_TAG VALUES( 31980, 1664 );
	INSERT INTO MAP_APP_TAG VALUES( 31980, 5716 );
	INSERT INTO MAP_APP_TAG VALUES( 31980, 7208 );
	INSERT INTO MAP_APP_TAG VALUES( 31980, 5613 );

INSERT INTO APP_TABLE	 VALUES( 32110, 'LUXOR:_Mah_Jong', 'Embark on an epic quest to recover the stolen treasures of Ancient Egypt in LUXOR: Mah Jong. The fun and challenge is unending with 200 unique layouts available in 3 awesome play modes; Adventure, Single and Traditional.', SYSDATE ,10500, '' );
	INSERT INTO MAP_APP_CATEGORY VALUES( 32110, 3 );

	INSERT INTO MAP_APP_DEVELOPER VALUES( 32110, 178 );

	INSERT INTO MAP_APP_GENRE VALUES( 32110, 7 );

	INSERT INTO MAP_APP_LANG VALUES ( 32110, 2,  'Y', 'N', 'N' );
	INSERT INTO MAP_APP_LANG VALUES ( 32110, 3,  'Y', 'N', 'N' );
	INSERT INTO MAP_APP_LANG VALUES ( 32110, 4,  'Y', 'N', 'N' );
	INSERT INTO MAP_APP_LANG VALUES ( 32110, 6,  'Y', 'N', 'N' );
	INSERT INTO MAP_APP_LANG VALUES ( 32110, 7,  'Y', 'N', 'N' );
	INSERT INTO MAP_APP_LANG VALUES ( 32110, 12,  'Y', 'N', 'N' );

	INSERT INTO MAP_APP_PUBLISHER VALUES( 32110, 178 );

	INSERT INTO MAP_APP_TAG VALUES( 32110, 597 );
	INSERT INTO MAP_APP_TAG VALUES( 32110, 1664 );
	INSERT INTO MAP_APP_TAG VALUES( 32110, 4182 );

INSERT INTO APP_TABLE	 VALUES( 32120, 'Chainz_2:_Relinked', 'It¡¯s link-matching madness with Chainz 2: Relinked. Rotate the colored links to make matches of three or more in Classic Mode. Pit your link-matching skills against the clock in Arcade Mode. Ponder every precious move in Strategy Mode. Twist your brain and clear all the links in Puzzle Mode.', SYSDATE ,10500, '' );
	INSERT INTO MAP_APP_CATEGORY VALUES( 32120, 3 );

	INSERT INTO MAP_APP_DEVELOPER VALUES( 32120, 178 );

	INSERT INTO MAP_APP_GENRE VALUES( 32120, 7 );

	INSERT INTO MAP_APP_LANG VALUES ( 32120, 2,  'Y', 'N', 'N' );
	INSERT INTO MAP_APP_LANG VALUES ( 32120, 3,  'Y', 'N', 'N' );
	INSERT INTO MAP_APP_LANG VALUES ( 32120, 4,  'Y', 'N', 'N' );
	INSERT INTO MAP_APP_LANG VALUES ( 32120, 6,  'Y', 'N', 'N' );
	INSERT INTO MAP_APP_LANG VALUES ( 32120, 7,  'Y', 'N', 'N' );
	INSERT INTO MAP_APP_LANG VALUES ( 32120, 12,  'Y', 'N', 'N' );

	INSERT INTO MAP_APP_PUBLISHER VALUES( 32120, 178 );

	INSERT INTO MAP_APP_TAG VALUES( 32120, 597 );
	INSERT INTO MAP_APP_TAG VALUES( 32120, 1664 );
	INSERT INTO MAP_APP_TAG VALUES( 32120, 1665 );

INSERT INTO APP_TABLE	 VALUES( 32150, 'Everyday_Genius:_SquareLogic', 'The next generation of puzzle games is here! Combining simple arithmetic with colorful cages and logical problem solving, this new puzzle game makes sure you never have to guess?and you don¡¯t have to be a math wiz!', SYSDATE ,5500, '' );
	INSERT INTO MAP_APP_CATEGORY VALUES( 32150, 3 );
	INSERT INTO MAP_APP_CATEGORY VALUES( 32150, 4 );
	INSERT INTO MAP_APP_CATEGORY VALUES( 32150, 8 );
	INSERT INTO MAP_APP_CATEGORY VALUES( 32150, 11 );
	INSERT INTO MAP_APP_CATEGORY VALUES( 32150, 18 );

	INSERT INTO MAP_APP_DEVELOPER VALUES( 32150, 277 );

	INSERT INTO MAP_APP_GENRE VALUES( 32150, 7 );
	INSERT INTO MAP_APP_GENRE VALUES( 32150, 4 );
	INSERT INTO MAP_APP_GENRE VALUES( 32150, 5 );

	INSERT INTO MAP_APP_LANG VALUES ( 32150, 2,  'Y', 'N', 'N' );

	INSERT INTO MAP_APP_PUBLISHER VALUES( 32150, 277 );

	INSERT INTO MAP_APP_TAG VALUES( 32150, 597 );
	INSERT INTO MAP_APP_TAG VALUES( 32150, 1664 );
	INSERT INTO MAP_APP_TAG VALUES( 32150, 492 );
	INSERT INTO MAP_APP_TAG VALUES( 32150, 9 );
	INSERT INTO MAP_APP_TAG VALUES( 32150, 1654 );

INSERT INTO APP_TABLE	 VALUES( 32160, 'Zombie_Bowl-o-Rama', 'Bowl or Beware! From the depths of the graveyard¡¦a gruesome gang in search of brains! When Zombies show up at the town¡¯s lanes, it¡¯s up to you to put ¡®em back in the ground! The Zombies have taken over your favorite lanes, and it¡¯s up to you to send ¡®em back to the graveyard where they belong!', SYSDATE ,10500, '' );
	INSERT INTO MAP_APP_CATEGORY VALUES( 32160, 3 );
	INSERT INTO MAP_APP_CATEGORY VALUES( 32160, 1 );
	INSERT INTO MAP_APP_CATEGORY VALUES( 32160, 4 );
	INSERT INTO MAP_APP_CATEGORY VALUES( 32160, 8 );
	INSERT INTO MAP_APP_CATEGORY VALUES( 32160, 11 );
	INSERT INTO MAP_APP_CATEGORY VALUES( 32160, 18 );

	INSERT INTO MAP_APP_DEVELOPER VALUES( 32160, 178 );

	INSERT INTO MAP_APP_GENRE VALUES( 32160, 11 );
	INSERT INTO MAP_APP_GENRE VALUES( 32160, 7 );

	INSERT INTO MAP_APP_LANG VALUES ( 32160, 2,  'Y', 'N', 'N' );

	INSERT INTO MAP_APP_PUBLISHER VALUES( 32160, 178 );

	INSERT INTO MAP_APP_TAG VALUES( 32160, 7328 );
	INSERT INTO MAP_APP_TAG VALUES( 32160, 1659 );
	INSERT INTO MAP_APP_TAG VALUES( 32160, 597 );
	INSERT INTO MAP_APP_TAG VALUES( 32160, 701 );
	INSERT INTO MAP_APP_TAG VALUES( 32160, 4182 );

INSERT INTO APP_TABLE	 VALUES( 32200, 'Metal_Drift', 'Metal Drift is a vehicular sport combat game set in a distant future. As the player, you command an agile, high powered hover tank in a futuristic sports arena. Core game play centers on intense tank-on-tank multiplayer team combat seen through an immersive, first person cockpit.', SYSDATE ,10500, '' );
	INSERT INTO MAP_APP_CATEGORY VALUES( 32200, 3 );
	INSERT INTO MAP_APP_CATEGORY VALUES( 32200, 1 );
	INSERT INTO MAP_APP_CATEGORY VALUES( 32200, 4 );

	INSERT INTO MAP_APP_DEVELOPER VALUES( 32200, 278 );

	INSERT INTO MAP_APP_GENRE VALUES( 32200, 1 );
	INSERT INTO MAP_APP_GENRE VALUES( 32200, 4 );
	INSERT INTO MAP_APP_GENRE VALUES( 32200, 9 );
	INSERT INTO MAP_APP_GENRE VALUES( 32200, 11 );

	INSERT INTO MAP_APP_LANG VALUES ( 32200, 2,  'Y', 'N', 'N' );

	INSERT INTO MAP_APP_PUBLISHER VALUES( 32200, 278 );

	INSERT INTO MAP_APP_TAG VALUES( 32200, 19 );
	INSERT INTO MAP_APP_TAG VALUES( 32200, 492 );
	INSERT INTO MAP_APP_TAG VALUES( 32200, 699 );
	INSERT INTO MAP_APP_TAG VALUES( 32200, 701 );
	INSERT INTO MAP_APP_TAG VALUES( 32200, 3859 );

INSERT INTO APP_TABLE	 VALUES( 32310, 'Indiana_Jones¢ç_and_the_Last_Crusade¢â', 'Europe, 1938: The lost Ark was just a warm-up! Now Adolf Hitler is after the most powerful talisman of all - the Holy Grail. A few brave men stand in his way. Fortunately, one of them is Indiana Jones, and this time he has his dad with him.', SYSDATE ,6500, '' );
	INSERT INTO MAP_APP_CATEGORY VALUES( 32310, 3 );

	INSERT INTO MAP_APP_DEVELOPER VALUES( 32310, 61 );

	INSERT INTO MAP_APP_GENRE VALUES( 32310, 3 );

	INSERT INTO MAP_APP_LANG VALUES ( 32310, 2,  'Y', 'N', 'N' );

	INSERT INTO MAP_APP_PUBLISHER VALUES( 32310, 61 );

	INSERT INTO MAP_APP_TAG VALUES( 32310, 21 );
	INSERT INTO MAP_APP_TAG VALUES( 32310, 1698 );
	INSERT INTO MAP_APP_TAG VALUES( 32310, 1693 );
	INSERT INTO MAP_APP_TAG VALUES( 32310, 3964 );
	INSERT INTO MAP_APP_TAG VALUES( 32310, 7743 );
	INSERT INTO MAP_APP_TAG VALUES( 32310, 4026 );
	INSERT INTO MAP_APP_TAG VALUES( 32310, 1697 );

INSERT INTO APP_TABLE	 VALUES( 32330, 'LEGO¢ç_Indiana_Jones¢â:_The_Original_Adventures', 'Build, Battle and Brawl your way out of trouble! Play through all three classic Indiana Jones¢â movies and relive your favorite Indy adventures in the tongue-in-cheek worlds of LEGO¢ç. Explore and Discover - Battle enemies, solve puzzles, and seek out the world''s greatest treasures.', SYSDATE ,21000, '' );
	INSERT INTO MAP_APP_CATEGORY VALUES( 32330, 3 );
	INSERT INTO MAP_APP_CATEGORY VALUES( 32330, 23 );
	INSERT INTO MAP_APP_CATEGORY VALUES( 32330, 21 );
	INSERT INTO MAP_APP_CATEGORY VALUES( 32330, 7 );
	INSERT INTO MAP_APP_CATEGORY VALUES( 32330, 8 );

	INSERT INTO MAP_APP_DEVELOPER VALUES( 32330, 212 );

	INSERT INTO MAP_APP_GENRE VALUES( 32330, 1 );
	INSERT INTO MAP_APP_GENRE VALUES( 32330, 3 );

	INSERT INTO MAP_APP_LANG VALUES ( 32330, 2,  'Y', 'N', 'N' );
	INSERT INTO MAP_APP_LANG VALUES ( 32330, 3,  'Y', 'N', 'N' );
	INSERT INTO MAP_APP_LANG VALUES ( 32330, 4,  'Y', 'N', 'N' );
	INSERT INTO MAP_APP_LANG VALUES ( 32330, 14,  'Y', 'N', 'N' );
	INSERT INTO MAP_APP_LANG VALUES ( 32330, 6,  'Y', 'N', 'N' );
	INSERT INTO MAP_APP_LANG VALUES ( 32330, 7,  'Y', 'N', 'N' );

	INSERT INTO MAP_APP_PUBLISHER VALUES( 32330, 61 );

	INSERT INTO MAP_APP_TAG VALUES( 32330, 21 );
	INSERT INTO MAP_APP_TAG VALUES( 32330, 19 );
	INSERT INTO MAP_APP_TAG VALUES( 32330, 1736 );
	INSERT INTO MAP_APP_TAG VALUES( 32330, 5350 );
	INSERT INTO MAP_APP_TAG VALUES( 32330, 3841 );
	INSERT INTO MAP_APP_TAG VALUES( 32330, 1719 );
	INSERT INTO MAP_APP_TAG VALUES( 32330, 4136 );

INSERT INTO APP_TABLE	 VALUES( 32340, 'LOOM¢â', 'Long after the passing of the Second Shadow, when dragons ruled the twilight sky and the stars were bright and numerous, came the Age of the Great Guilds. Blacksmiths. Shepherds. Clerics. Each dedicated to the absolute control of secret knowledge. Another such Guild was the Weavers.', SYSDATE ,6500, '' );
	INSERT INTO MAP_APP_CATEGORY VALUES( 32340, 3 );
	INSERT INTO MAP_APP_CATEGORY VALUES( 32340, 8 );

	INSERT INTO MAP_APP_DEVELOPER VALUES( 32340, 61 );

	INSERT INTO MAP_APP_GENRE VALUES( 32340, 3 );

	INSERT INTO MAP_APP_LANG VALUES ( 32340, 2,  'Y', 'Y', 'Y' );

	INSERT INTO MAP_APP_PUBLISHER VALUES( 32340, 61 );

	INSERT INTO MAP_APP_TAG VALUES( 32340, 21 );
	INSERT INTO MAP_APP_TAG VALUES( 32340, 1698 );
	INSERT INTO MAP_APP_TAG VALUES( 32340, 1693 );
	INSERT INTO MAP_APP_TAG VALUES( 32340, 1684 );
	INSERT INTO MAP_APP_TAG VALUES( 32340, 1664 );
	INSERT INTO MAP_APP_TAG VALUES( 32340, 1621 );
	INSERT INTO MAP_APP_TAG VALUES( 32340, 4182 );
	INSERT INTO MAP_APP_TAG VALUES( 32340, 3964 );
	INSERT INTO MAP_APP_TAG VALUES( 32340, 4166 );
	INSERT INTO MAP_APP_TAG VALUES( 32340, 6691 );
	INSERT INTO MAP_APP_TAG VALUES( 32340, 4234 );
	INSERT INTO MAP_APP_TAG VALUES( 32340, 1697 );

INSERT INTO APP_TABLE	 VALUES( 32350, 'STAR_WARS¢â_Starfighter¢â', 'Join three heroic starfighter pilots in harrowing deep space and planetary missions to save the planet of Naboo. Rookie Naboo pilot Rhys Dallows, mercenary Vana Sage and alien pirate Nym form an unlikely alliance as they join together against an unexpected assault on the peaceful planet.', SYSDATE ,-1, '' );
	INSERT INTO MAP_APP_CATEGORY VALUES( 32350, 3 );
	INSERT INTO MAP_APP_CATEGORY VALUES( 32350, 7 );
	INSERT INTO MAP_APP_CATEGORY VALUES( 32350, 8 );

	INSERT INTO MAP_APP_DEVELOPER VALUES( 32350, 61 );

	INSERT INTO MAP_APP_GENRE VALUES( 32350, 1 );
	INSERT INTO MAP_APP_GENRE VALUES( 32350, 8 );

	INSERT INTO MAP_APP_LANG VALUES ( 32350, 2,  'Y', 'Y', 'N' );
	INSERT INTO MAP_APP_LANG VALUES ( 32350, 3,  'Y', 'Y', 'N' );
	INSERT INTO MAP_APP_LANG VALUES ( 32350, 4,  'Y', 'Y', 'N' );
	INSERT INTO MAP_APP_LANG VALUES ( 32350, 6,  'Y', 'Y', 'N' );
	INSERT INTO MAP_APP_LANG VALUES ( 32350, 7,  'Y', 'Y', 'N' );

	INSERT INTO MAP_APP_PUBLISHER VALUES( 32350, 61 );

	INSERT INTO MAP_APP_TAG VALUES( 32350, 19 );
	INSERT INTO MAP_APP_TAG VALUES( 32350, 599 );
	INSERT INTO MAP_APP_TAG VALUES( 32350, 1735 );
	INSERT INTO MAP_APP_TAG VALUES( 32350, 1755 );
	INSERT INTO MAP_APP_TAG VALUES( 32350, 3942 );
	INSERT INTO MAP_APP_TAG VALUES( 32350, 4182 );
	INSERT INTO MAP_APP_TAG VALUES( 32350, 15045 );

INSERT INTO APP_TABLE	 VALUES( 32360, 'The_Secret_of_Monkey_Island:_Special_Edition', 'Back by popular demand, The Secret of Monkey Island¢â: Special Edition faithfully re-imagines the internationally-acclaimed classic game (originally released in 1990) for original and new audiences alike.', SYSDATE ,10500, '' );
	INSERT INTO MAP_APP_CATEGORY VALUES( 32360, 3 );
	INSERT INTO MAP_APP_CATEGORY VALUES( 32360, 17 );
	INSERT INTO MAP_APP_CATEGORY VALUES( 32360, 8 );

	INSERT INTO MAP_APP_DEVELOPER VALUES( 32360, 61 );

	INSERT INTO MAP_APP_GENRE VALUES( 32360, 3 );

	INSERT INTO MAP_APP_LANG VALUES ( 32360, 2,  'Y', 'Y', 'Y' );
	INSERT INTO MAP_APP_LANG VALUES ( 32360, 3,  'Y', 'N', 'Y' );
	INSERT INTO MAP_APP_LANG VALUES ( 32360, 4,  'Y', 'N', 'Y' );
	INSERT INTO MAP_APP_LANG VALUES ( 32360, 6,  'Y', 'N', 'Y' );
	INSERT INTO MAP_APP_LANG VALUES ( 32360, 7,  'Y', 'N', 'Y' );

	INSERT INTO MAP_APP_PUBLISHER VALUES( 32360, 61 );

	INSERT INTO MAP_APP_TAG VALUES( 32360, 21 );
	INSERT INTO MAP_APP_TAG VALUES( 32360, 1698 );
	INSERT INTO MAP_APP_TAG VALUES( 32360, 1719 );
	INSERT INTO MAP_APP_TAG VALUES( 32360, 1681 );
	INSERT INTO MAP_APP_TAG VALUES( 32360, 1693 );
	INSERT INTO MAP_APP_TAG VALUES( 32360, 5708 );
	INSERT INTO MAP_APP_TAG VALUES( 32360, 4136 );
	INSERT INTO MAP_APP_TAG VALUES( 32360, 4182 );
	INSERT INTO MAP_APP_TAG VALUES( 32360, 3964 );
	INSERT INTO MAP_APP_TAG VALUES( 32360, 1664 );
	INSERT INTO MAP_APP_TAG VALUES( 32360, 3871 );
	INSERT INTO MAP_APP_TAG VALUES( 32360, 6691 );
	INSERT INTO MAP_APP_TAG VALUES( 32360, 1756 );
	INSERT INTO MAP_APP_TAG VALUES( 32360, 1742 );
	INSERT INTO MAP_APP_TAG VALUES( 32360, 1697 );
	INSERT INTO MAP_APP_TAG VALUES( 32360, 4004 );

INSERT INTO APP_TABLE	 VALUES( 32370, 'STAR_WARS¢â_-_Knights_of_the_Old_Republic¢â', 'It is four thousand years before the Galactic Empire and hundreds of Jedi Knights have fallen in battle against the ruthless Sith. You are the last hope of the Jedi Order. Can you master the awesome power of the Force on your quest to save the Republic? Or will you fall to the lure of the dark side?', SYSDATE ,-1, '' );
	INSERT INTO MAP_APP_CATEGORY VALUES( 32370, 3 );
	INSERT INTO MAP_APP_CATEGORY VALUES( 32370, 8 );

	INSERT INTO MAP_APP_DEVELOPER VALUES( 32370, 190 );
	INSERT INTO MAP_APP_DEVELOPER VALUES( 32370, 24 );

	INSERT INTO MAP_APP_GENRE VALUES( 32370, 3 );
	INSERT INTO MAP_APP_GENRE VALUES( 32370, 6 );

	INSERT INTO MAP_APP_LANG VALUES ( 32370, 2,  'Y', 'Y', 'Y' );
	INSERT INTO MAP_APP_LANG VALUES ( 32370, 3,  'Y', 'N', 'N' );
	INSERT INTO MAP_APP_LANG VALUES ( 32370, 4,  'Y', 'Y', 'Y' );
	INSERT INTO MAP_APP_LANG VALUES ( 32370, 6,  'Y', 'Y', 'Y' );
	INSERT INTO MAP_APP_LANG VALUES ( 32370, 7,  'Y', 'N', 'N' );

	INSERT INTO MAP_APP_PUBLISHER VALUES( 32370, 61 );
	INSERT INTO MAP_APP_PUBLISHER VALUES( 32370, 24 );

	INSERT INTO MAP_APP_TAG VALUES( 32370, 122 );
	INSERT INTO MAP_APP_TAG VALUES( 32370, 1735 );
	INSERT INTO MAP_APP_TAG VALUES( 32370, 3942 );
	INSERT INTO MAP_APP_TAG VALUES( 32370, 4182 );
	INSERT INTO MAP_APP_TAG VALUES( 32370, 1742 );
	INSERT INTO MAP_APP_TAG VALUES( 32370, 1693 );
	INSERT INTO MAP_APP_TAG VALUES( 32370, 10695 );
	INSERT INTO MAP_APP_TAG VALUES( 32370, 21 );
	INSERT INTO MAP_APP_TAG VALUES( 32370, 7107 );
	INSERT INTO MAP_APP_TAG VALUES( 32370, 1697 );
	INSERT INTO MAP_APP_TAG VALUES( 32370, 19 );
	INSERT INTO MAP_APP_TAG VALUES( 32370, 6426 );
	INSERT INTO MAP_APP_TAG VALUES( 32370, 3834 );
	INSERT INTO MAP_APP_TAG VALUES( 32370, 1684 );
	INSERT INTO MAP_APP_TAG VALUES( 32370, 1677 );
	INSERT INTO MAP_APP_TAG VALUES( 32370, 4166 );
	INSERT INTO MAP_APP_TAG VALUES( 32370, 1755 );
	INSERT INTO MAP_APP_TAG VALUES( 32370, 1669 );
	INSERT INTO MAP_APP_TAG VALUES( 32370, 1756 );
	INSERT INTO MAP_APP_TAG VALUES( 32370, 7208 );

INSERT INTO APP_TABLE	 VALUES( 32380, 'STAR_WARS¢â_Jedi_Knight:_Dark_Forces_II', 'Jedi Knight: Dark Forces II picks up where the award-winning Dark Forces¢â game left off...with even more features and firepower in dazzling 3D graphics. As Kyle Katarn, you must acquire a lightsaber and learn the ways of the Force to become a Jedi Knight.', SYSDATE ,-1, '' );
	INSERT INTO MAP_APP_CATEGORY VALUES( 32380, 3 );
	INSERT INTO MAP_APP_CATEGORY VALUES( 32380, 1 );
	INSERT INTO MAP_APP_CATEGORY VALUES( 32380, 22 );
	INSERT INTO MAP_APP_CATEGORY VALUES( 32380, 7 );
	INSERT INTO MAP_APP_CATEGORY VALUES( 32380, 8 );

	INSERT INTO MAP_APP_DEVELOPER VALUES( 32380, 61 );

	INSERT INTO MAP_APP_GENRE VALUES( 32380, 1 );

	INSERT INTO MAP_APP_LANG VALUES ( 32380, 2,  'Y', 'Y', 'Y' );
	INSERT INTO MAP_APP_LANG VALUES ( 32380, 3,  'Y', 'Y', 'Y' );
	INSERT INTO MAP_APP_LANG VALUES ( 32380, 4,  'Y', 'Y', 'Y' );
	INSERT INTO MAP_APP_LANG VALUES ( 32380, 7,  'Y', 'Y', 'Y' );

	INSERT INTO MAP_APP_PUBLISHER VALUES( 32380, 61 );

	INSERT INTO MAP_APP_TAG VALUES( 32380, 19 );
	INSERT INTO MAP_APP_TAG VALUES( 32380, 1735 );
	INSERT INTO MAP_APP_TAG VALUES( 32380, 1663 );
	INSERT INTO MAP_APP_TAG VALUES( 32380, 3942 );
	INSERT INTO MAP_APP_TAG VALUES( 32380, 1693 );
	INSERT INTO MAP_APP_TAG VALUES( 32380, 1697 );
	INSERT INTO MAP_APP_TAG VALUES( 32380, 4182 );
	INSERT INTO MAP_APP_TAG VALUES( 32380, 3859 );
	INSERT INTO MAP_APP_TAG VALUES( 32380, 3839 );
	INSERT INTO MAP_APP_TAG VALUES( 32380, 1774 );
	INSERT INTO MAP_APP_TAG VALUES( 32380, 1755 );
	INSERT INTO MAP_APP_TAG VALUES( 32380, 18594 );
	INSERT INTO MAP_APP_TAG VALUES( 32380, 1756 );
	INSERT INTO MAP_APP_TAG VALUES( 32380, 21 );
	INSERT INTO MAP_APP_TAG VALUES( 32380, 4004 );

INSERT INTO APP_TABLE	 VALUES( 32390, 'STAR_WARS¢â_Jedi_Knight_-_Mysteries_of_the_Sith¢â', 'It is five years after Kyle''s victory over the seven dark Jedi. Invading Imperial forces advance upon a quiet Rebel outpost, interrupting Kyle''s training of a brave new Jedi, Mara Jade. First introduced in Timothy Zahn''s award-winning Star Wars novel, Heir to the Empire, Mara Jade blends her past experiences as a one time smuggler and...', SYSDATE ,-1, '' );
	INSERT INTO MAP_APP_CATEGORY VALUES( 32390, 3 );
	INSERT INTO MAP_APP_CATEGORY VALUES( 32390, 1 );
	INSERT INTO MAP_APP_CATEGORY VALUES( 32390, 7 );
	INSERT INTO MAP_APP_CATEGORY VALUES( 32390, 8 );

	INSERT INTO MAP_APP_DEVELOPER VALUES( 32390, 61 );

	INSERT INTO MAP_APP_GENRE VALUES( 32390, 1 );

	INSERT INTO MAP_APP_LANG VALUES ( 32390, 2,  'Y', 'Y', 'Y' );
	INSERT INTO MAP_APP_LANG VALUES ( 32390, 3,  'Y', 'Y', 'Y' );
	INSERT INTO MAP_APP_LANG VALUES ( 32390, 4,  'Y', 'Y', 'Y' );
	INSERT INTO MAP_APP_LANG VALUES ( 32390, 7,  'Y', 'Y', 'Y' );

	INSERT INTO MAP_APP_PUBLISHER VALUES( 32390, 61 );

	INSERT INTO MAP_APP_TAG VALUES( 32390, 19 );
	INSERT INTO MAP_APP_TAG VALUES( 32390, 1735 );
	INSERT INTO MAP_APP_TAG VALUES( 32390, 3942 );
	INSERT INTO MAP_APP_TAG VALUES( 32390, 1663 );
	INSERT INTO MAP_APP_TAG VALUES( 32390, 1774 );
	INSERT INTO MAP_APP_TAG VALUES( 32390, 4182 );
	INSERT INTO MAP_APP_TAG VALUES( 32390, 1697 );
	INSERT INTO MAP_APP_TAG VALUES( 32390, 1693 );
	INSERT INTO MAP_APP_TAG VALUES( 32390, 7208 );
	INSERT INTO MAP_APP_TAG VALUES( 32390, 3839 );
	INSERT INTO MAP_APP_TAG VALUES( 32390, 3859 );
	INSERT INTO MAP_APP_TAG VALUES( 32390, 21 );
	INSERT INTO MAP_APP_TAG VALUES( 32390, 4004 );

INSERT INTO APP_TABLE	 VALUES( 32400, 'STAR_WARS¢â_-_Dark_Forces', 'Behind a veil of secrecy the evil Empire is creating a doomsday army - one that, if finished, will become the final cog in the Empire''s arsenal of terror and domination. Your Mission? Join the Rebel Alliance''s covert operations division, infiltrate the Empire.', SYSDATE ,-1, '' );
	INSERT INTO MAP_APP_CATEGORY VALUES( 32400, 3 );
	INSERT INTO MAP_APP_CATEGORY VALUES( 32400, 8 );

	INSERT INTO MAP_APP_DEVELOPER VALUES( 32400, 61 );

	INSERT INTO MAP_APP_GENRE VALUES( 32400, 1 );

	INSERT INTO MAP_APP_LANG VALUES ( 32400, 2,  'Y', 'Y', 'N' );
	INSERT INTO MAP_APP_LANG VALUES ( 32400, 3,  'Y', 'Y', 'N' );
	INSERT INTO MAP_APP_LANG VALUES ( 32400, 4,  'Y', 'Y', 'N' );
	INSERT INTO MAP_APP_LANG VALUES ( 32400, 6,  'Y', 'Y', 'N' );
	INSERT INTO MAP_APP_LANG VALUES ( 32400, 7,  'Y', 'N', 'N' );

	INSERT INTO MAP_APP_PUBLISHER VALUES( 32400, 61 );

	INSERT INTO MAP_APP_TAG VALUES( 32400, 1663 );
	INSERT INTO MAP_APP_TAG VALUES( 32400, 1735 );
	INSERT INTO MAP_APP_TAG VALUES( 32400, 19 );
	INSERT INTO MAP_APP_TAG VALUES( 32400, 1693 );
	INSERT INTO MAP_APP_TAG VALUES( 32400, 3942 );
	INSERT INTO MAP_APP_TAG VALUES( 32400, 1774 );
	INSERT INTO MAP_APP_TAG VALUES( 32400, 4004 );
	INSERT INTO MAP_APP_TAG VALUES( 32400, 3839 );
	INSERT INTO MAP_APP_TAG VALUES( 32400, 4182 );
	INSERT INTO MAP_APP_TAG VALUES( 32400, 21 );
	INSERT INTO MAP_APP_TAG VALUES( 32400, 6691 );
	INSERT INTO MAP_APP_TAG VALUES( 32400, 3964 );

INSERT INTO APP_TABLE	 VALUES( 32410, 'Lucidity¢â', 'From the team that re-imagined The Secret of Monkey Island¢â, comes Lucidity, an addictive puzzle platformer set in the surreal childlike dreamscapes of the little girl Sofi. In this challenging puzzler, it¡¯s your task to keep Sofi safe as she drifts deeper into the strange new world of her dreams.', SYSDATE ,6500, '' );
	INSERT INTO MAP_APP_CATEGORY VALUES( 32410, 3 );
	INSERT INTO MAP_APP_CATEGORY VALUES( 32410, 4 );
	INSERT INTO MAP_APP_CATEGORY VALUES( 32410, 7 );
	INSERT INTO MAP_APP_CATEGORY VALUES( 32410, 18 );

	INSERT INTO MAP_APP_DEVELOPER VALUES( 32410, 61 );

	INSERT INTO MAP_APP_GENRE VALUES( 32410, 7 );

	INSERT INTO MAP_APP_LANG VALUES ( 32410, 2,  'Y', 'N', 'N' );
	INSERT INTO MAP_APP_LANG VALUES ( 32410, 4,  'Y', 'N', 'N' );
	INSERT INTO MAP_APP_LANG VALUES ( 32410, 6,  'Y', 'N', 'N' );

	INSERT INTO MAP_APP_PUBLISHER VALUES( 32410, 61 );

	INSERT INTO MAP_APP_TAG VALUES( 32410, 597 );
	INSERT INTO MAP_APP_TAG VALUES( 32410, 1625 );
	INSERT INTO MAP_APP_TAG VALUES( 32410, 1664 );
	INSERT INTO MAP_APP_TAG VALUES( 32410, 492 );
	INSERT INTO MAP_APP_TAG VALUES( 32410, 7208 );

INSERT INTO APP_TABLE	 VALUES( 32420, 'STAR_WARS¢â:_The_Clone_Wars_-_Republic_Heroes¢â', 'Star Wars The Clone Wars: Republic Heroes lets Star Wars fans young and old live out the sweeping galactic adventures of the Clone Wars. For the first time ever, players can fight as their favorite Jedi and Clone Troopers from the preeminent animated television...', SYSDATE ,-1, '' );
	INSERT INTO MAP_APP_CATEGORY VALUES( 32420, 3 );
	INSERT INTO MAP_APP_CATEGORY VALUES( 32420, 21 );
	INSERT INTO MAP_APP_CATEGORY VALUES( 32420, 7 );

	INSERT INTO MAP_APP_DEVELOPER VALUES( 32420, 108 );

	INSERT INTO MAP_APP_GENRE VALUES( 32420, 1 );

	INSERT INTO MAP_APP_LANG VALUES ( 32420, 2,  'Y', 'Y', 'Y' );

	INSERT INTO MAP_APP_PUBLISHER VALUES( 32420, 61 );

	INSERT INTO MAP_APP_TAG VALUES( 32420, 19 );
	INSERT INTO MAP_APP_TAG VALUES( 32420, 1735 );
	INSERT INTO MAP_APP_TAG VALUES( 32420, 3942 );
	INSERT INTO MAP_APP_TAG VALUES( 32420, 4182 );
	INSERT INTO MAP_APP_TAG VALUES( 32420, 3859 );
	INSERT INTO MAP_APP_TAG VALUES( 32420, 1685 );
	INSERT INTO MAP_APP_TAG VALUES( 32420, 5395 );
	INSERT INTO MAP_APP_TAG VALUES( 32420, 3841 );
	INSERT INTO MAP_APP_TAG VALUES( 32420, 1755 );

INSERT INTO APP_TABLE	 VALUES( 32430, 'STAR_WARS¢â_-_The_Force_Unleashed¢â_Ultimate_Sith_Edition', 'A game that will show gamers the deepest, darkest side of the Force in a story that puts them on a collision course with Luke Skywalker himself.', SYSDATE ,-1, '' );
	INSERT INTO MAP_APP_CATEGORY VALUES( 32430, 3 );
	INSERT INTO MAP_APP_CATEGORY VALUES( 32430, 7 );
	INSERT INTO MAP_APP_CATEGORY VALUES( 32430, 8 );

	INSERT INTO MAP_APP_DEVELOPER VALUES( 32430, 61 );
	INSERT INTO MAP_APP_DEVELOPER VALUES( 32430, 279 );

	INSERT INTO MAP_APP_GENRE VALUES( 32430, 1 );

	INSERT INTO MAP_APP_LANG VALUES ( 32430, 2,  'Y', 'Y', 'Y' );
	INSERT INTO MAP_APP_LANG VALUES ( 32430, 3,  'Y', 'Y', 'Y' );
	INSERT INTO MAP_APP_LANG VALUES ( 32430, 4,  'Y', 'Y', 'Y' );
	INSERT INTO MAP_APP_LANG VALUES ( 32430, 6,  'Y', 'Y', 'Y' );
	INSERT INTO MAP_APP_LANG VALUES ( 32430, 7,  'Y', 'Y', 'Y' );

	INSERT INTO MAP_APP_PUBLISHER VALUES( 32430, 61 );
	INSERT INTO MAP_APP_PUBLISHER VALUES( 32430, 24 );

	INSERT INTO MAP_APP_TAG VALUES( 32430, 19 );
	INSERT INTO MAP_APP_TAG VALUES( 32430, 1735 );
	INSERT INTO MAP_APP_TAG VALUES( 32430, 1697 );
	INSERT INTO MAP_APP_TAG VALUES( 32430, 3942 );
	INSERT INTO MAP_APP_TAG VALUES( 32430, 4182 );
	INSERT INTO MAP_APP_TAG VALUES( 32430, 1646 );
	INSERT INTO MAP_APP_TAG VALUES( 32430, 21 );
	INSERT INTO MAP_APP_TAG VALUES( 32430, 1742 );
	INSERT INTO MAP_APP_TAG VALUES( 32430, 7481 );
	INSERT INTO MAP_APP_TAG VALUES( 32430, 1756 );
	INSERT INTO MAP_APP_TAG VALUES( 32430, 4559 );
	INSERT INTO MAP_APP_TAG VALUES( 32430, 1625 );
	INSERT INTO MAP_APP_TAG VALUES( 32430, 122 );
	INSERT INTO MAP_APP_TAG VALUES( 32430, 4158 );

INSERT INTO APP_TABLE	 VALUES( 32440, 'LEGO¢ç_Star_Wars¢â_-_The_Complete_Saga', 'Kick Some Brick in I through VI! Play through all six Star Wars movies in one videogame! Adding new characters, new levels, new features and for the first time ever, the chance to build and battle your way through a fun Star Wars galaxy on your PC!', SYSDATE ,-1, '' );
	INSERT INTO MAP_APP_CATEGORY VALUES( 32440, 3 );
	INSERT INTO MAP_APP_CATEGORY VALUES( 32440, 21 );
	INSERT INTO MAP_APP_CATEGORY VALUES( 32440, 17 );
	INSERT INTO MAP_APP_CATEGORY VALUES( 32440, 8 );

	INSERT INTO MAP_APP_DEVELOPER VALUES( 32440, 212 );
	INSERT INTO MAP_APP_DEVELOPER VALUES( 32440, 56 );

	INSERT INTO MAP_APP_GENRE VALUES( 32440, 3 );

	INSERT INTO MAP_APP_LANG VALUES ( 32440, 2,  'Y', 'N', 'N' );
	INSERT INTO MAP_APP_LANG VALUES ( 32440, 3,  'Y', 'N', 'N' );
	INSERT INTO MAP_APP_LANG VALUES ( 32440, 4,  'Y', 'N', 'N' );
	INSERT INTO MAP_APP_LANG VALUES ( 32440, 6,  'Y', 'N', 'N' );
	INSERT INTO MAP_APP_LANG VALUES ( 32440, 7,  'Y', 'N', 'N' );

	INSERT INTO MAP_APP_PUBLISHER VALUES( 32440, 61 );
	INSERT INTO MAP_APP_PUBLISHER VALUES( 32440, 56 );

	INSERT INTO MAP_APP_TAG VALUES( 32440, 1736 );
	INSERT INTO MAP_APP_TAG VALUES( 32440, 1735 );
	INSERT INTO MAP_APP_TAG VALUES( 32440, 21 );
	INSERT INTO MAP_APP_TAG VALUES( 32440, 3841 );
	INSERT INTO MAP_APP_TAG VALUES( 32440, 1719 );
	INSERT INTO MAP_APP_TAG VALUES( 32440, 5350 );
	INSERT INTO MAP_APP_TAG VALUES( 32440, 19 );
	INSERT INTO MAP_APP_TAG VALUES( 32440, 4182 );
	INSERT INTO MAP_APP_TAG VALUES( 32440, 3942 );
	INSERT INTO MAP_APP_TAG VALUES( 32440, 1685 );
	INSERT INTO MAP_APP_TAG VALUES( 32440, 4136 );
	INSERT INTO MAP_APP_TAG VALUES( 32440, 3859 );
	INSERT INTO MAP_APP_TAG VALUES( 32440, 1695 );
	INSERT INTO MAP_APP_TAG VALUES( 32440, 7368 );
	INSERT INTO MAP_APP_TAG VALUES( 32440, 1755 );
	INSERT INTO MAP_APP_TAG VALUES( 32440, 1664 );
	INSERT INTO MAP_APP_TAG VALUES( 32440, 1756 );
	INSERT INTO MAP_APP_TAG VALUES( 32440, 597 );
	INSERT INTO MAP_APP_TAG VALUES( 32440, 7481 );
	INSERT INTO MAP_APP_TAG VALUES( 32440, 1693 );

INSERT INTO APP_TABLE	 VALUES( 32450, 'LEGO¢ç_Indiana_Jones¢â_2:_The_Adventure_Continues', 'LEGO¢ç Indy is back in his biggest adventure yet. Battle through all four movies, including all-new levels from the original adventures and your favorite new moments from The Kingdom of the Crystal Skull... or in true LEGO¢ç fashion, get creative and build your own levels to play with friends!', SYSDATE ,21000, '' );
	INSERT INTO MAP_APP_CATEGORY VALUES( 32450, 3 );
	INSERT INTO MAP_APP_CATEGORY VALUES( 32450, 21 );

	INSERT INTO MAP_APP_DEVELOPER VALUES( 32450, 212 );

	INSERT INTO MAP_APP_GENRE VALUES( 32450, 3 );

	INSERT INTO MAP_APP_LANG VALUES ( 32450, 2,  'Y', 'N', 'N' );
	INSERT INTO MAP_APP_LANG VALUES ( 32450, 3,  'Y', 'N', 'N' );
	INSERT INTO MAP_APP_LANG VALUES ( 32450, 4,  'Y', 'N', 'N' );
	INSERT INTO MAP_APP_LANG VALUES ( 32450, 6,  'Y', 'N', 'N' );
	INSERT INTO MAP_APP_LANG VALUES ( 32450, 7,  'Y', 'N', 'N' );

	INSERT INTO MAP_APP_PUBLISHER VALUES( 32450, 61 );

	INSERT INTO MAP_APP_TAG VALUES( 32450, 21 );
	INSERT INTO MAP_APP_TAG VALUES( 32450, 1736 );
	INSERT INTO MAP_APP_TAG VALUES( 32450, 3841 );
	INSERT INTO MAP_APP_TAG VALUES( 32450, 19 );
	INSERT INTO MAP_APP_TAG VALUES( 32450, 1719 );
	INSERT INTO MAP_APP_TAG VALUES( 32450, 5350 );
	INSERT INTO MAP_APP_TAG VALUES( 32450, 4182 );
	INSERT INTO MAP_APP_TAG VALUES( 32450, 1695 );
	INSERT INTO MAP_APP_TAG VALUES( 32450, 1685 );
	INSERT INTO MAP_APP_TAG VALUES( 32450, 8122 );
	INSERT INTO MAP_APP_TAG VALUES( 32450, 4136 );

INSERT INTO APP_TABLE	 VALUES( 32460, 'Monkey_Island¢â_2_Special_Edition:_LeChuck¡¯s_Revenge¢â', 'Wannabe pirate Guybrush Threepwood, and the now zombie pirate LeChuck, return in what has long been considered one of the greatest LucasArts adventure games of all time.', SYSDATE ,10500, '' );
	INSERT INTO MAP_APP_CATEGORY VALUES( 32460, 3 );
	INSERT INTO MAP_APP_CATEGORY VALUES( 32460, 4 );
	INSERT INTO MAP_APP_CATEGORY VALUES( 32460, 17 );
	INSERT INTO MAP_APP_CATEGORY VALUES( 32460, 8 );

	INSERT INTO MAP_APP_DEVELOPER VALUES( 32460, 61 );

	INSERT INTO MAP_APP_GENRE VALUES( 32460, 3 );

	INSERT INTO MAP_APP_LANG VALUES ( 32460, 2,  'Y', 'Y', 'N' );
	INSERT INTO MAP_APP_LANG VALUES ( 32460, 3,  'Y', 'N', 'N' );
	INSERT INTO MAP_APP_LANG VALUES ( 32460, 4,  'Y', 'N', 'N' );
	INSERT INTO MAP_APP_LANG VALUES ( 32460, 6,  'Y', 'N', 'N' );
	INSERT INTO MAP_APP_LANG VALUES ( 32460, 7,  'Y', 'N', 'N' );

	INSERT INTO MAP_APP_PUBLISHER VALUES( 32460, 61 );

	INSERT INTO MAP_APP_TAG VALUES( 32460, 1698 );
	INSERT INTO MAP_APP_TAG VALUES( 32460, 21 );
	INSERT INTO MAP_APP_TAG VALUES( 32460, 1719 );
	INSERT INTO MAP_APP_TAG VALUES( 32460, 1693 );
	INSERT INTO MAP_APP_TAG VALUES( 32460, 1681 );
	INSERT INTO MAP_APP_TAG VALUES( 32460, 5708 );
	INSERT INTO MAP_APP_TAG VALUES( 32460, 1664 );
	INSERT INTO MAP_APP_TAG VALUES( 32460, 3964 );
	INSERT INTO MAP_APP_TAG VALUES( 32460, 4182 );
	INSERT INTO MAP_APP_TAG VALUES( 32460, 4136 );
	INSERT INTO MAP_APP_TAG VALUES( 32460, 3871 );
	INSERT INTO MAP_APP_TAG VALUES( 32460, 6691 );
	INSERT INTO MAP_APP_TAG VALUES( 32460, 1697 );

INSERT INTO APP_TABLE	 VALUES( 32470, 'STAR_WARS¢â_Empire_at_War_-_Gold_Pack', 'Command or corrupt an entire galaxy in the definitive Star Wars strategy collection. It is a time of galactic civil war. Will you take up the reins of the Rebellion, assume control of the Empire, or rule the Star Wars Underworld?', SYSDATE ,-1, '' );
	INSERT INTO MAP_APP_CATEGORY VALUES( 32470, 3 );
	INSERT INTO MAP_APP_CATEGORY VALUES( 32470, 8 );

	INSERT INTO MAP_APP_DEVELOPER VALUES( 32470, 280 );

	INSERT INTO MAP_APP_GENRE VALUES( 32470, 5 );

	INSERT INTO MAP_APP_LANG VALUES ( 32470, 2,  'Y', 'Y', 'Y' );
	INSERT INTO MAP_APP_LANG VALUES ( 32470, 3,  'Y', 'N', 'Y' );
	INSERT INTO MAP_APP_LANG VALUES ( 32470, 4,  'Y', 'Y', 'Y' );
	INSERT INTO MAP_APP_LANG VALUES ( 32470, 6,  'Y', 'Y', 'Y' );
	INSERT INTO MAP_APP_LANG VALUES ( 32470, 7,  'Y', 'N', 'Y' );

	INSERT INTO MAP_APP_PUBLISHER VALUES( 32470, 61 );

	INSERT INTO MAP_APP_TAG VALUES( 32470, 9 );
	INSERT INTO MAP_APP_TAG VALUES( 32470, 1735 );
	INSERT INTO MAP_APP_TAG VALUES( 32470, 1676 );
	INSERT INTO MAP_APP_TAG VALUES( 32470, 3942 );
	INSERT INTO MAP_APP_TAG VALUES( 32470, 3859 );
	INSERT INTO MAP_APP_TAG VALUES( 32470, 1755 );
	INSERT INTO MAP_APP_TAG VALUES( 32470, 4182 );
	INSERT INTO MAP_APP_TAG VALUES( 32470, 1669 );
	INSERT INTO MAP_APP_TAG VALUES( 32470, 1708 );
	INSERT INTO MAP_APP_TAG VALUES( 32470, 19 );
	INSERT INTO MAP_APP_TAG VALUES( 32470, 1756 );
	INSERT INTO MAP_APP_TAG VALUES( 32470, 5348 );
	INSERT INTO MAP_APP_TAG VALUES( 32470, 1678 );
	INSERT INTO MAP_APP_TAG VALUES( 32470, 1693 );
	INSERT INTO MAP_APP_TAG VALUES( 32470, 1670 );
	INSERT INTO MAP_APP_TAG VALUES( 32470, 1685 );
	INSERT INTO MAP_APP_TAG VALUES( 32470, 21 );
	INSERT INTO MAP_APP_TAG VALUES( 32470, 599 );
	INSERT INTO MAP_APP_TAG VALUES( 32470, 4364 );
	INSERT INTO MAP_APP_TAG VALUES( 32470, 4166 );

INSERT INTO APP_TABLE	 VALUES( 32500, 'STAR_WARS¢â:_The_Force_Unleashed¢â_II', 'The Star Wars¢ç Saga continues with Star Wars¢ç: The Force Unleashed¢â II, the highly anticipated sequel to the fastest-selling Star Wars game ever created.', SYSDATE ,-1, '' );
	INSERT INTO MAP_APP_CATEGORY VALUES( 32500, 3 );
	INSERT INTO MAP_APP_CATEGORY VALUES( 32500, 7 );
	INSERT INTO MAP_APP_CATEGORY VALUES( 32500, 8 );

	INSERT INTO MAP_APP_DEVELOPER VALUES( 32500, 279 );

	INSERT INTO MAP_APP_GENRE VALUES( 32500, 1 );

	INSERT INTO MAP_APP_LANG VALUES ( 32500, 2,  'Y', 'Y', 'Y' );
	INSERT INTO MAP_APP_LANG VALUES ( 32500, 3,  'Y', 'Y', 'Y' );
	INSERT INTO MAP_APP_LANG VALUES ( 32500, 4,  'Y', 'Y', 'Y' );
	INSERT INTO MAP_APP_LANG VALUES ( 32500, 10,  'Y', 'N', 'Y' );
	INSERT INTO MAP_APP_LANG VALUES ( 32500, 9,  'Y', 'N', 'Y' );
	INSERT INTO MAP_APP_LANG VALUES ( 32500, 6,  'Y', 'Y', 'Y' );
	INSERT INTO MAP_APP_LANG VALUES ( 32500, 7,  'Y', 'Y', 'Y' );

	INSERT INTO MAP_APP_PUBLISHER VALUES( 32500, 61 );

	INSERT INTO MAP_APP_TAG VALUES( 32500, 19 );
	INSERT INTO MAP_APP_TAG VALUES( 32500, 1735 );
	INSERT INTO MAP_APP_TAG VALUES( 32500, 3942 );
	INSERT INTO MAP_APP_TAG VALUES( 32500, 1697 );
	INSERT INTO MAP_APP_TAG VALUES( 32500, 21 );
	INSERT INTO MAP_APP_TAG VALUES( 32500, 4182 );
	INSERT INTO MAP_APP_TAG VALUES( 32500, 1646 );
	INSERT INTO MAP_APP_TAG VALUES( 32500, 4234 );
	INSERT INTO MAP_APP_TAG VALUES( 32500, 7481 );
	INSERT INTO MAP_APP_TAG VALUES( 32500, 1742 );
	INSERT INTO MAP_APP_TAG VALUES( 32500, 1684 );

INSERT INTO APP_TABLE	 VALUES( 32510, 'LEGO¢ç_Star_Wars¢â_III_-_The_Clone_Wars¢â', 'LEGO Star Wars III: The Clone Wars will allow fans to explore endlessly and laugh their way through the Star Wars galaxy in the most humorous, accessible and action-packed LEGO game to date.', SYSDATE ,-1, '' );
	INSERT INTO MAP_APP_CATEGORY VALUES( 32510, 3 );
	INSERT INTO MAP_APP_CATEGORY VALUES( 32510, 23 );
	INSERT INTO MAP_APP_CATEGORY VALUES( 32510, 21 );
	INSERT INTO MAP_APP_CATEGORY VALUES( 32510, 7 );
	INSERT INTO MAP_APP_CATEGORY VALUES( 32510, 8 );

	INSERT INTO MAP_APP_DEVELOPER VALUES( 32510, 212 );

	INSERT INTO MAP_APP_GENRE VALUES( 32510, 1 );
	INSERT INTO MAP_APP_GENRE VALUES( 32510, 3 );

	INSERT INTO MAP_APP_LANG VALUES ( 32510, 2,  'Y', 'N', 'N' );
	INSERT INTO MAP_APP_LANG VALUES ( 32510, 3,  'Y', 'N', 'N' );
	INSERT INTO MAP_APP_LANG VALUES ( 32510, 4,  'Y', 'N', 'N' );
	INSERT INTO MAP_APP_LANG VALUES ( 32510, 14,  'Y', 'N', 'N' );
	INSERT INTO MAP_APP_LANG VALUES ( 32510, 6,  'Y', 'N', 'N' );
	INSERT INTO MAP_APP_LANG VALUES ( 32510, 7,  'Y', 'N', 'N' );

	INSERT INTO MAP_APP_PUBLISHER VALUES( 32510, 61 );

	INSERT INTO MAP_APP_TAG VALUES( 32510, 1736 );
	INSERT INTO MAP_APP_TAG VALUES( 32510, 1735 );
	INSERT INTO MAP_APP_TAG VALUES( 32510, 19 );
	INSERT INTO MAP_APP_TAG VALUES( 32510, 21 );
	INSERT INTO MAP_APP_TAG VALUES( 32510, 3841 );
	INSERT INTO MAP_APP_TAG VALUES( 32510, 5350 );
	INSERT INTO MAP_APP_TAG VALUES( 32510, 1719 );
	INSERT INTO MAP_APP_TAG VALUES( 32510, 1684 );
	INSERT INTO MAP_APP_TAG VALUES( 32510, 1685 );
	INSERT INTO MAP_APP_TAG VALUES( 32510, 4136 );
	INSERT INTO MAP_APP_TAG VALUES( 32510, 3859 );
	INSERT INTO MAP_APP_TAG VALUES( 32510, 3942 );
	INSERT INTO MAP_APP_TAG VALUES( 32510, 9 );
	INSERT INTO MAP_APP_TAG VALUES( 32510, 1695 );
	INSERT INTO MAP_APP_TAG VALUES( 32510, 1664 );

INSERT INTO APP_TABLE	 VALUES( 32610, 'Delta_Force_Xtreme_2', 'Enemies lurk in locations around the globe, waiting for the right opportunity to strike. As part of Delta Force, the U.S. Army''s most secretive and highly trained unit, you have the skills and the firepower to hunt them down and take them out.', SYSDATE ,21000, '' );
	INSERT INTO MAP_APP_CATEGORY VALUES( 32610, 3 );
	INSERT INTO MAP_APP_CATEGORY VALUES( 32610, 1 );

	INSERT INTO MAP_APP_DEVELOPER VALUES( 32610, 281 );

	INSERT INTO MAP_APP_GENRE VALUES( 32610, 1 );

	INSERT INTO MAP_APP_LANG VALUES ( 32610, 2,  'Y', 'N', 'N' );

	INSERT INTO MAP_APP_PUBLISHER VALUES( 32610, 281 );
	INSERT INTO MAP_APP_PUBLISHER VALUES( 32610, 72 );

	INSERT INTO MAP_APP_TAG VALUES( 32610, 19 );
	INSERT INTO MAP_APP_TAG VALUES( 32610, 1663 );

INSERT INTO APP_TABLE	 VALUES( 32620, 'Delta_Force', 'As a member of Delta Force ? The Army''s Elite, top secret special forces unit ? the word ''impossible'' is not in your vocabulary. In Delta Force, you will conduct missions swiftly and silently, in every possible terrain, under every imaginable condition and through unconventional means.', SYSDATE ,5500, '' );
	INSERT INTO MAP_APP_CATEGORY VALUES( 32620, 3 );

	INSERT INTO MAP_APP_DEVELOPER VALUES( 32620, 281 );

	INSERT INTO MAP_APP_GENRE VALUES( 32620, 1 );

	INSERT INTO MAP_APP_LANG VALUES ( 32620, 2,  'Y', 'N', 'N' );

	INSERT INTO MAP_APP_PUBLISHER VALUES( 32620, 281 );
	INSERT INTO MAP_APP_PUBLISHER VALUES( 32620, 72 );

	INSERT INTO MAP_APP_TAG VALUES( 32620, 19 );
	INSERT INTO MAP_APP_TAG VALUES( 32620, 1663 );
	INSERT INTO MAP_APP_TAG VALUES( 32620, 1693 );
	INSERT INTO MAP_APP_TAG VALUES( 32620, 4168 );

INSERT INTO APP_TABLE	 VALUES( 32630, 'Delta_Force_2', 'You''re a member of the U.S. Army''s best kept secret: the elite SPECIAL OPERATIONS unit known as Delta Force, formed to BATTLE TERRORISM throughout the world. When the best of the rest can''t handle the op, YOU are called into action. Can you handle THE JOB? Features FREE NovaWorld¢â: online gaming supporting up to 50 players.', SYSDATE ,5500, '' );
	INSERT INTO MAP_APP_CATEGORY VALUES( 32630, 3 );
	INSERT INTO MAP_APP_CATEGORY VALUES( 32630, 1 );

	INSERT INTO MAP_APP_DEVELOPER VALUES( 32630, 281 );

	INSERT INTO MAP_APP_GENRE VALUES( 32630, 1 );

	INSERT INTO MAP_APP_LANG VALUES ( 32630, 2,  'Y', 'N', 'N' );

	INSERT INTO MAP_APP_PUBLISHER VALUES( 32630, 281 );
	INSERT INTO MAP_APP_PUBLISHER VALUES( 32630, 72 );

	INSERT INTO MAP_APP_TAG VALUES( 32630, 19 );
	INSERT INTO MAP_APP_TAG VALUES( 32630, 1663 );

INSERT INTO APP_TABLE	 VALUES( 32640, 'Delta_Force_Land_Warrior', 'Engage the enemy across vast outdoor environments and expansive indoor environments as you take control of the US Army''s elite anti-terrorist unit. Delta Force Land Warrior¢â introduces new weapons and characters for both single player and intense online multiplayer via NovaWorld.', SYSDATE ,10500, '' );
	INSERT INTO MAP_APP_CATEGORY VALUES( 32640, 3 );
	INSERT INTO MAP_APP_CATEGORY VALUES( 32640, 1 );

	INSERT INTO MAP_APP_DEVELOPER VALUES( 32640, 281 );

	INSERT INTO MAP_APP_GENRE VALUES( 32640, 1 );

	INSERT INTO MAP_APP_LANG VALUES ( 32640, 2,  'Y', 'N', 'N' );

	INSERT INTO MAP_APP_PUBLISHER VALUES( 32640, 281 );
	INSERT INTO MAP_APP_PUBLISHER VALUES( 32640, 72 );

	INSERT INTO MAP_APP_TAG VALUES( 32640, 19 );
	INSERT INTO MAP_APP_TAG VALUES( 32640, 1663 );

INSERT INTO APP_TABLE	 VALUES( 32650, 'Delta_Force:_Task_Force_Dagger', 'As the US army''s elite special operations soldiers you are the most potent ''smart weapon'' known to man. You are the ''tip of the spear'' for covert operations around the world ? you are the first line of attack. Nothing stands in your way.', SYSDATE ,10500, '' );
	INSERT INTO MAP_APP_CATEGORY VALUES( 32650, 3 );
	INSERT INTO MAP_APP_CATEGORY VALUES( 32650, 1 );

	INSERT INTO MAP_APP_DEVELOPER VALUES( 32650, 281 );

	INSERT INTO MAP_APP_GENRE VALUES( 32650, 1 );

	INSERT INTO MAP_APP_LANG VALUES ( 32650, 2,  'Y', 'N', 'N' );

	INSERT INTO MAP_APP_PUBLISHER VALUES( 32650, 281 );
	INSERT INTO MAP_APP_PUBLISHER VALUES( 32650, 72 );

	INSERT INTO MAP_APP_TAG VALUES( 32650, 19 );

INSERT INTO APP_TABLE	 VALUES( 32660, 'Delta_Force:_Xtreme', 'Powered by today''s gaming technology, Delta Force¢ç: Xtreme¢â brings the classic Delta Force game back to life to face the enemy once more. As a member of the elite Delta Force, prepare yourself to take on over 60 levels of frantic single and multiplayer FPS action, including graphically enhanced missions from the original game, new maps,...', SYSDATE ,21000, '' );
	INSERT INTO MAP_APP_CATEGORY VALUES( 32660, 3 );
	INSERT INTO MAP_APP_CATEGORY VALUES( 32660, 1 );

	INSERT INTO MAP_APP_DEVELOPER VALUES( 32660, 281 );

	INSERT INTO MAP_APP_GENRE VALUES( 32660, 1 );

	INSERT INTO MAP_APP_LANG VALUES ( 32660, 2,  'Y', 'N', 'N' );

	INSERT INTO MAP_APP_PUBLISHER VALUES( 32660, 281 );
	INSERT INTO MAP_APP_PUBLISHER VALUES( 32660, 72 );

	INSERT INTO MAP_APP_TAG VALUES( 32660, 19 );
	INSERT INTO MAP_APP_TAG VALUES( 32660, 1663 );

INSERT INTO APP_TABLE	 VALUES( 32670, 'Delta_Force:_Black_Hawk_Down', 'In late 1993, the United States launched dual military operations in Mogadishu Somalia. Delta Force Operatives and Army Rangers were sent in to capture Somali warlords and restore order. Experience the intense combat of Operation Restore Hope in this ground breaking first person shooter.', SYSDATE ,16000, '' );
	INSERT INTO MAP_APP_CATEGORY VALUES( 32670, 3 );
	INSERT INTO MAP_APP_CATEGORY VALUES( 32670, 1 );

	INSERT INTO MAP_APP_DEVELOPER VALUES( 32670, 281 );

	INSERT INTO MAP_APP_GENRE VALUES( 32670, 1 );

	INSERT INTO MAP_APP_LANG VALUES ( 32670, 2,  'Y', 'N', 'N' );

	INSERT INTO MAP_APP_PUBLISHER VALUES( 32670, 281 );
	INSERT INTO MAP_APP_PUBLISHER VALUES( 32670, 72 );

	INSERT INTO MAP_APP_TAG VALUES( 32670, 19 );
	INSERT INTO MAP_APP_TAG VALUES( 32670, 1663 );
	INSERT INTO MAP_APP_TAG VALUES( 32670, 4168 );

INSERT INTO APP_TABLE	 VALUES( 32680, 'Delta_Force_?_Black_Hawk_Down:_Team_Sabre', 'Delta Force ? Black Hawk Down: Team Sabre is the official expansion pack to the #1 best selling PC game in North America. Team Sabre was developed using the Delta Force ? Black Hawk Down engine and it requires the mother product to run.', SYSDATE ,10500, '' );
	INSERT INTO MAP_APP_CATEGORY VALUES( 32680, 3 );
	INSERT INTO MAP_APP_CATEGORY VALUES( 32680, 1 );

	INSERT INTO MAP_APP_DEVELOPER VALUES( 32680, 5 );

	INSERT INTO MAP_APP_GENRE VALUES( 32680, 1 );

	INSERT INTO MAP_APP_LANG VALUES ( 32680, 2,  'Y', 'N', 'N' );

	INSERT INTO MAP_APP_PUBLISHER VALUES( 32680, 281 );
	INSERT INTO MAP_APP_PUBLISHER VALUES( 32680, 72 );

	INSERT INTO MAP_APP_TAG VALUES( 32680, 19 );
	INSERT INTO MAP_APP_TAG VALUES( 32680, 1663 );

INSERT INTO APP_TABLE	 VALUES( 32710, 'Armored_Fist_3', 'Command an entire fleet of M1A2 Abrams tanks in this brutal third installment in the Armored Fist series. Using the latest Abrams technology, the game presents the esteemed tank in its up-to-date form which is designed to survive biological, nuclear, and chemical warfare.', SYSDATE ,10500, '' );
	INSERT INTO MAP_APP_CATEGORY VALUES( 32710, 3 );
	INSERT INTO MAP_APP_CATEGORY VALUES( 32710, 1 );
	INSERT INTO MAP_APP_CATEGORY VALUES( 32710, 16 );

	INSERT INTO MAP_APP_DEVELOPER VALUES( 32710, 281 );

	INSERT INTO MAP_APP_GENRE VALUES( 32710, 8 );

	INSERT INTO MAP_APP_LANG VALUES ( 32710, 2,  'Y', 'N', 'N' );

	INSERT INTO MAP_APP_PUBLISHER VALUES( 32710, 281 );
	INSERT INTO MAP_APP_PUBLISHER VALUES( 32710, 72 );

	INSERT INTO MAP_APP_TAG VALUES( 32710, 599 );
	INSERT INTO MAP_APP_TAG VALUES( 32710, 13276 );

INSERT INTO APP_TABLE	 VALUES( 32720, 'F-16_Multirole_Fighter', 'With innovative technologies such as fly-by-wire controls, sophisticated systems for night and all-weather operations and the ability to carry a variety of weapons, the F-16 continually proves to be the workhorse of the USAF. Victorious in all of its air-to-air engagements, the awesome reputation of the F-16 is undisputed.', SYSDATE ,10500, '' );
	INSERT INTO MAP_APP_CATEGORY VALUES( 32720, 3 );
	INSERT INTO MAP_APP_CATEGORY VALUES( 32720, 1 );

	INSERT INTO MAP_APP_DEVELOPER VALUES( 32720, 281 );

	INSERT INTO MAP_APP_GENRE VALUES( 32720, 8 );

	INSERT INTO MAP_APP_LANG VALUES ( 32720, 2,  'Y', 'N', 'N' );

	INSERT INTO MAP_APP_PUBLISHER VALUES( 32720, 281 );
	INSERT INTO MAP_APP_PUBLISHER VALUES( 32720, 72 );

	INSERT INTO MAP_APP_TAG VALUES( 32720, 599 );
	INSERT INTO MAP_APP_TAG VALUES( 32720, 15045 );

INSERT INTO APP_TABLE	 VALUES( 32730, 'F-22_Lightning_3', 'Mass Destruction! Use tactical nuclear weapons to level entire city regions. The most realistic weather environments ever created. Changing weather effects including: rain, snow, hail, and wind. Extreme temperatures affect flight performance. Fly it yourself or let the world''s most advanced fighter do it for you!', SYSDATE ,10500, '' );
	INSERT INTO MAP_APP_CATEGORY VALUES( 32730, 3 );
	INSERT INTO MAP_APP_CATEGORY VALUES( 32730, 1 );

	INSERT INTO MAP_APP_DEVELOPER VALUES( 32730, 281 );

	INSERT INTO MAP_APP_GENRE VALUES( 32730, 8 );

	INSERT INTO MAP_APP_LANG VALUES ( 32730, 2,  'Y', 'N', 'N' );

	INSERT INTO MAP_APP_PUBLISHER VALUES( 32730, 281 );
	INSERT INTO MAP_APP_PUBLISHER VALUES( 32730, 72 );

	INSERT INTO MAP_APP_TAG VALUES( 32730, 599 );
	INSERT INTO MAP_APP_TAG VALUES( 32730, 15045 );

INSERT INTO APP_TABLE	 VALUES( 32740, 'MiG-29_Fulcrum', 'The Mikoyan-Gurevich MiG-29 Fulcrum is one of the world''s most maneuverable and toughest fighter jets and has often been compared to its closest Western counterpart, the F-16. Innovations unique to the aircraft allow MiG pilots to perform remarkable moves like the Tailslide and Cobra maneuvers.', SYSDATE ,10500, '' );
	INSERT INTO MAP_APP_CATEGORY VALUES( 32740, 3 );
	INSERT INTO MAP_APP_CATEGORY VALUES( 32740, 1 );

	INSERT INTO MAP_APP_DEVELOPER VALUES( 32740, 281 );

	INSERT INTO MAP_APP_GENRE VALUES( 32740, 8 );

	INSERT INTO MAP_APP_LANG VALUES ( 32740, 2,  'Y', 'N', 'N' );

	INSERT INTO MAP_APP_PUBLISHER VALUES( 32740, 281 );
	INSERT INTO MAP_APP_PUBLISHER VALUES( 32740, 72 );

	INSERT INTO MAP_APP_TAG VALUES( 32740, 599 );
	INSERT INTO MAP_APP_TAG VALUES( 32740, 15045 );

INSERT INTO APP_TABLE	 VALUES( 32750, 'Comanche_4', 'The best-selling Comanche series returns with this fast-paced action game that places you at the controls of a Comanche RAH-66 helicopter. In 6 single player campaigns and multiplayer, the game combines serious firepower with effortless controls and stunning, interactive terrain.', SYSDATE ,10500, '' );
	INSERT INTO MAP_APP_CATEGORY VALUES( 32750, 3 );
	INSERT INTO MAP_APP_CATEGORY VALUES( 32750, 1 );

	INSERT INTO MAP_APP_DEVELOPER VALUES( 32750, 281 );

	INSERT INTO MAP_APP_GENRE VALUES( 32750, 1 );
	INSERT INTO MAP_APP_GENRE VALUES( 32750, 8 );

	INSERT INTO MAP_APP_LANG VALUES ( 32750, 2,  'Y', 'N', 'N' );

	INSERT INTO MAP_APP_PUBLISHER VALUES( 32750, 281 );
	INSERT INTO MAP_APP_PUBLISHER VALUES( 32750, 72 );

	INSERT INTO MAP_APP_TAG VALUES( 32750, 19 );
	INSERT INTO MAP_APP_TAG VALUES( 32750, 599 );
	INSERT INTO MAP_APP_TAG VALUES( 32750, 1693 );
	INSERT INTO MAP_APP_TAG VALUES( 32750, 15045 );

INSERT INTO APP_TABLE	 VALUES( 32760, 'Tachyon:_The_Fringe', 'Caught in the middle of a violent conflict on the fringe of the galaxy ? your ability to survive will depend on your piloting skills and combat savvy as a mercenary space fighter. But, as you explore the vastly detailed world of Tachyon: The Fringe, you will often find that the most powerful weapon on your ship is in your head.', SYSDATE ,10500, '' );
	INSERT INTO MAP_APP_CATEGORY VALUES( 32760, 3 );
	INSERT INTO MAP_APP_CATEGORY VALUES( 32760, 1 );

	INSERT INTO MAP_APP_DEVELOPER VALUES( 32760, 281 );

	INSERT INTO MAP_APP_GENRE VALUES( 32760, 8 );

	INSERT INTO MAP_APP_LANG VALUES ( 32760, 2,  'Y', 'N', 'N' );

	INSERT INTO MAP_APP_PUBLISHER VALUES( 32760, 281 );
	INSERT INTO MAP_APP_PUBLISHER VALUES( 32760, 72 );

	INSERT INTO MAP_APP_TAG VALUES( 32760, 599 );
	INSERT INTO MAP_APP_TAG VALUES( 32760, 16598 );
	INSERT INTO MAP_APP_TAG VALUES( 32760, 1755 );
	INSERT INTO MAP_APP_TAG VALUES( 32760, 3942 );

SET DEFINE ON;
